ProductName,Date,Sales
Baggy Fit Jeans,2015-01-31 00:00:00,580
Baggy Fit Jeans,2015-02-28 00:00:00,769
Baggy Fit Jeans,2015-03-31 00:00:00,677
Baggy Fit Jeans,2015-04-30 00:00:00,1015
Baggy Fit Jeans,2015-05-31 00:00:00,781
Baggy Fit Jeans,2015-06-30 00:00:00,652
Baggy Fit Jeans,2015-07-31 00:00:00,829
Baggy Fit Jeans,2015-08-31 00:00:00,776
Baggy Fit Jeans,2015-09-30 00:00:00,948
Baggy Fit Jeans,2015-10-31 00:00:00,650
Baggy Fit Jeans,2015-11-30 00:00:00,938
Baggy Fit Jeans,2015-12-31 00:00:00,617
Baggy Fit Jeans,2016-01-31 00:00:00,892
Baggy Fit Jeans,2016-02-29 00:00:00,1010
Baggy Fit Jeans,2016-03-31 00:00:00,703
Baggy Fit Jeans,2016-04-30 00:00:00,747
Baggy Fit Jeans,2016-05-31 00:00:00,877
Baggy Fit Jeans,2016-06-30 00:00:00,777
Baggy Fit Jeans,2016-07-31 00:00:00,910
Baggy Fit Jeans,2016-08-31 00:00:00,985
Baggy Fit Jeans,2016-09-30 00:00:00,683
Baggy Fit Jeans,2016-10-31 00:00:00,784
Baggy Fit Jeans,2016-11-30 00:00:00,805
Baggy Fit Jeans,2016-12-31 00:00:00,927
Baggy Fit Jeans,2017-01-31 00:00:00,809
Baggy Fit Jeans,2017-02-28 00:00:00,663
Baggy Fit Jeans,2017-03-31 00:00:00,917
Baggy Fit Jeans,2017-04-30 00:00:00,634
Baggy Fit Jeans,2017-05-31 00:00:00,1043
Baggy Fit Jeans,2017-06-30 00:00:00,755
Baggy Fit Jeans,2017-07-31 00:00:00,821
Baggy Fit Jeans,2017-08-31 00:00:00,822
Baggy Fit Jeans,2017-09-30 00:00:00,885
Baggy Fit Jeans,2017-10-31 00:00:00,809
Baggy Fit Jeans,2017-11-30 00:00:00,731
Baggy Fit Jeans,2017-12-31 00:00:00,797
Baggy Fit Jeans,2018-01-31 00:00:00,863
Baggy Fit Jeans,2018-02-28 00:00:00,752
Baggy Fit Jeans,2018-03-31 00:00:00,899
Baggy Fit Jeans,2018-04-30 00:00:00,744
Baggy Fit Jeans,2018-05-31 00:00:00,752
Baggy Fit Jeans,2018-06-30 00:00:00,833
Baggy Fit Jeans,2018-07-31 00:00:00,758
Baggy Fit Jeans,2018-08-31 00:00:00,1010
Baggy Fit Jeans,2018-09-30 00:00:00,851
Baggy Fit Jeans,2018-10-31 00:00:00,867
Baggy Fit Jeans,2018-11-30 00:00:00,907
Baggy Fit Jeans,2018-12-31 00:00:00,732
Baggy Fit Jeans,2019-01-31 00:00:00,858
Baggy Fit Jeans,2019-02-28 00:00:00,636
Baggy Fit Jeans,2019-03-31 00:00:00,592
Baggy Fit Jeans,2019-04-30 00:00:00,725
Baggy Fit Jeans,2019-05-31 00:00:00,795
Baggy Fit Jeans,2019-06-30 00:00:00,672
Baggy Fit Jeans,2019-07-31 00:00:00,716
Baggy Fit Jeans,2019-08-31 00:00:00,776
Baggy Fit Jeans,2019-09-30 00:00:00,621
Baggy Fit Jeans,2019-10-31 00:00:00,954
Baggy Fit Jeans,2019-11-30 00:00:00,825
Baggy Fit Jeans,2019-12-31 00:00:00,869
Baggy Fit Jeans,2020-01-31 00:00:00,767
Baggy Fit Jeans,2020-02-29 00:00:00,663
Baggy Fit Jeans,2020-03-31 00:00:00,703
Baggy Fit Jeans,2020-04-30 00:00:00,667
Baggy Fit Jeans,2020-05-31 00:00:00,715
Baggy Fit Jeans,2020-06-30 00:00:00,657
Baggy Fit Jeans,2020-07-31 00:00:00,781
Baggy Fit Jeans,2020-08-31 00:00:00,880
Baggy Fit Jeans,2020-09-30 00:00:00,796
Baggy Fit Jeans,2020-10-31 00:00:00,828
Baggy Fit Jeans,2020-11-30 00:00:00,870
Baggy Fit Jeans,2020-12-31 00:00:00,895
Baggy Fit Jeans,2021-01-31 00:00:00,725
Baggy Fit Jeans,2021-02-28 00:00:00,746
Baggy Fit Jeans,2021-03-31 00:00:00,794
Baggy Fit Jeans,2021-04-30 00:00:00,741
Baggy Fit Jeans,2021-05-31 00:00:00,759
Baggy Fit Jeans,2021-06-30 00:00:00,1038
Baggy Fit Jeans,2021-07-31 00:00:00,861
Baggy Fit Jeans,2021-08-31 00:00:00,727
Baggy Fit Jeans,2021-09-30 00:00:00,714
Baggy Fit Jeans,2021-10-31 00:00:00,889
Baggy Fit Jeans,2021-11-30 00:00:00,864
Baggy Fit Jeans,2021-12-31 00:00:00,748
Baggy Fit Jeans,2022-01-31 00:00:00,920
Baggy Fit Jeans,2022-02-28 00:00:00,705
Baggy Fit Jeans,2022-03-31 00:00:00,818
Baggy Fit Jeans,2022-04-30 00:00:00,888
Baggy Fit Jeans,2022-05-31 00:00:00,823
Baggy Fit Jeans,2022-06-30 00:00:00,983
Baggy Fit Jeans,2022-07-31 00:00:00,796
Baggy Fit Jeans,2022-08-31 00:00:00,774
Baggy Fit Jeans,2022-09-30 00:00:00,869
Baggy Fit Jeans,2022-10-31 00:00:00,822
Baggy Fit Jeans,2022-11-30 00:00:00,588
Baggy Fit Jeans,2022-12-31 00:00:00,851
Baggy Fit Jeans,2023-01-31 00:00:00,783
Baggy Fit Jeans,2023-02-28 00:00:00,645
Baggy Fit Jeans,2023-03-31 00:00:00,871
Baggy Fit Jeans,2023-04-30 00:00:00,815
Baggy Fit Jeans,2023-05-31 00:00:00,743
Baggy Fit Jeans,2023-06-30 00:00:00,637
Baggy Fit Jeans,2023-07-31 00:00:00,941
Baggy Fit Jeans,2023-08-31 00:00:00,746
Baggy Fit Jeans,2023-09-30 00:00:00,750
Baggy Fit Jeans,2023-10-31 00:00:00,824
Baggy Fit Jeans,2023-11-30 00:00:00,927
Baggy Fit Jeans,2023-12-31 00:00:00,853
Baggy Fit Jeans,2024-01-31 00:00:00,828
Baggy Fit Jeans,2024-02-29 00:00:00,726
Baggy Fit Jeans,2024-03-31 00:00:00,805
Baggy Fit Jeans,2024-04-30 00:00:00,785
Baggy Fit Jeans,2024-05-31 00:00:00,808
Baggy Fit Jeans,2024-06-30 00:00:00,797
Baggy Fit Jeans,2024-07-31 00:00:00,837
Baggy Fit Jeans,2024-08-31 00:00:00,824
Baggy Fit Jeans,2024-09-30 00:00:00,795
Baggy Fit Jeans,2024-10-31 00:00:00,841
Baggy Fit Jeans,2024-11-30 00:00:00,827
Baggy Fit Jeans,2024-12-31 00:00:00,825
Baggy Fit Jeans,2025-01-31 00:00:00,837
Baggy Fit Jeans,2025-02-28 00:00:00,755
Baggy Fit Jeans,2025-03-31 00:00:00,818
Baggy Fit Jeans,2025-04-30 00:00:00,811
Baggy Fit Jeans,2025-05-31 00:00:00,831
Baggy Fit Jeans,2025-06-30 00:00:00,822
Baggy Fit Jeans,2025-07-31 00:00:00,857
Baggy Fit Jeans,2025-08-31 00:00:00,845
Baggy Fit Jeans,2025-09-30 00:00:00,816
Baggy Fit Jeans,2025-10-31 00:00:00,859
Baggy Fit Jeans,2025-11-30 00:00:00,849
Baggy Fit Jeans,2025-12-31 00:00:00,849
Baggy Fit Jeans,2026-01-31 00:00:00,863
Baggy Fit Jeans,2026-02-28 00:00:00,776
Baggy Fit Jeans,2026-03-31 00:00:00,839
Baggy Fit Jeans,2026-04-30 00:00:00,834
Baggy Fit Jeans,2026-05-31 00:00:00,855
Baggy Fit Jeans,2026-06-30 00:00:00,847
Baggy Fit Jeans,2026-07-31 00:00:00,880
Baggy Fit Jeans,2026-08-31 00:00:00,872
Baggy Fit Jeans,2026-09-30 00:00:00,842
Baggy Fit Jeans,2026-10-31 00:00:00,881
Baggy Fit Jeans,2026-11-30 00:00:00,872
Baggy Fit Jeans,2026-12-31 00:00:00,874
Baggy Fit Jeans,2027-01-31 00:00:00,880
Baggy Fit Jeans,2027-02-28 00:00:00,800
Baggy Fit Jeans,2027-03-31 00:00:00,860
Baggy Fit Jeans,2027-04-30 00:00:00,856
Baggy Fit Jeans,2027-05-31 00:00:00,874
Baggy Fit Jeans,2027-06-30 00:00:00,862
Baggy Fit Jeans,2027-07-31 00:00:00,904
Baggy Fit Jeans,2027-08-31 00:00:00,894
Baggy Fit Jeans,2027-09-30 00:00:00,860
Baggy Fit Jeans,2027-10-31 00:00:00,909
Baggy Fit Jeans,2027-11-30 00:00:00,907
Baggy Fit Jeans,2027-12-31 00:00:00,893
Baggy Fit Jeans,2028-01-31 00:00:00,907
Baggy Fit Jeans,2028-02-29 00:00:00,827
Baggy Fit Jeans,2028-03-31 00:00:00,883
Baggy Fit Jeans,2028-04-30 00:00:00,876
Baggy Fit Jeans,2028-05-31 00:00:00,902
Baggy Fit Jeans,2028-06-30 00:00:00,894
Baggy Fit Jeans,2028-07-31 00:00:00,924
Baggy Fit Jeans,2028-08-31 00:00:00,915
Baggy Fit Jeans,2028-09-30 00:00:00,887
Bags,2015-01-31 00:00:00,738
Bags,2015-02-28 00:00:00,771
Bags,2015-03-31 00:00:00,737
Bags,2015-04-30 00:00:00,764
Bags,2015-05-31 00:00:00,795
Bags,2015-06-30 00:00:00,614
Bags,2015-07-31 00:00:00,1021
Bags,2015-08-31 00:00:00,659
Bags,2015-09-30 00:00:00,763
Bags,2015-10-31 00:00:00,760
Bags,2015-11-30 00:00:00,706
Bags,2015-12-31 00:00:00,997
Bags,2016-01-31 00:00:00,757
Bags,2016-02-29 00:00:00,737
Bags,2016-03-31 00:00:00,761
Bags,2016-04-30 00:00:00,770
Bags,2016-05-31 00:00:00,873
Bags,2016-06-30 00:00:00,937
Bags,2016-07-31 00:00:00,741
Bags,2016-08-31 00:00:00,855
Bags,2016-09-30 00:00:00,772
Bags,2016-10-31 00:00:00,935
Bags,2016-11-30 00:00:00,673
Bags,2016-12-31 00:00:00,688
Bags,2017-01-31 00:00:00,871
Bags,2017-02-28 00:00:00,790
Bags,2017-03-31 00:00:00,1031
Bags,2017-04-30 00:00:00,925
Bags,2017-05-31 00:00:00,824
Bags,2017-06-30 00:00:00,830
Bags,2017-07-31 00:00:00,995
Bags,2017-08-31 00:00:00,930
Bags,2017-09-30 00:00:00,734
Bags,2017-10-31 00:00:00,713
Bags,2017-11-30 00:00:00,921
Bags,2017-12-31 00:00:00,850
Bags,2018-01-31 00:00:00,803
Bags,2018-02-28 00:00:00,571
Bags,2018-03-31 00:00:00,759
Bags,2018-04-30 00:00:00,860
Bags,2018-05-31 00:00:00,854
Bags,2018-06-30 00:00:00,925
Bags,2018-07-31 00:00:00,863
Bags,2018-08-31 00:00:00,703
Bags,2018-09-30 00:00:00,775
Bags,2018-10-31 00:00:00,864
Bags,2018-11-30 00:00:00,840
Bags,2018-12-31 00:00:00,621
Bags,2019-01-31 00:00:00,733
Bags,2019-02-28 00:00:00,838
Bags,2019-03-31 00:00:00,858
Bags,2019-04-30 00:00:00,858
Bags,2019-05-31 00:00:00,879
Bags,2019-06-30 00:00:00,967
Bags,2019-07-31 00:00:00,816
Bags,2019-08-31 00:00:00,831
Bags,2019-09-30 00:00:00,924
Bags,2019-10-31 00:00:00,835
Bags,2019-11-30 00:00:00,510
Bags,2019-12-31 00:00:00,830
Bags,2020-01-31 00:00:00,1072
Bags,2020-02-29 00:00:00,909
Bags,2020-03-31 00:00:00,863
Bags,2020-04-30 00:00:00,691
Bags,2020-05-31 00:00:00,794
Bags,2020-06-30 00:00:00,740
Bags,2020-07-31 00:00:00,749
Bags,2020-08-31 00:00:00,791
Bags,2020-09-30 00:00:00,656
Bags,2020-10-31 00:00:00,854
Bags,2020-11-30 00:00:00,722
Bags,2020-12-31 00:00:00,706
Bags,2021-01-31 00:00:00,688
Bags,2021-02-28 00:00:00,579
Bags,2021-03-31 00:00:00,928
Bags,2021-04-30 00:00:00,825
Bags,2021-05-31 00:00:00,795
Bags,2021-06-30 00:00:00,609
Bags,2021-07-31 00:00:00,808
Bags,2021-08-31 00:00:00,807
Bags,2021-09-30 00:00:00,852
Bags,2021-10-31 00:00:00,861
Bags,2021-11-30 00:00:00,680
Bags,2021-12-31 00:00:00,885
Bags,2022-01-31 00:00:00,906
Bags,2022-02-28 00:00:00,587
Bags,2022-03-31 00:00:00,675
Bags,2022-04-30 00:00:00,775
Bags,2022-05-31 00:00:00,836
Bags,2022-06-30 00:00:00,629
Bags,2022-07-31 00:00:00,609
Bags,2022-08-31 00:00:00,852
Bags,2022-09-30 00:00:00,645
Bags,2022-10-31 00:00:00,697
Bags,2022-11-30 00:00:00,673
Bags,2022-12-31 00:00:00,829
Bags,2023-01-31 00:00:00,817
Bags,2023-02-28 00:00:00,664
Bags,2023-03-31 00:00:00,874
Bags,2023-04-30 00:00:00,945
Bags,2023-05-31 00:00:00,902
Bags,2023-06-30 00:00:00,848
Bags,2023-07-31 00:00:00,567
Bags,2023-08-31 00:00:00,931
Bags,2023-09-30 00:00:00,675
Bags,2023-10-31 00:00:00,667
Bags,2023-11-30 00:00:00,669
Bags,2023-12-31 00:00:00,918
Bags,2024-01-31 00:00:00,755
Bags,2024-02-29 00:00:00,594
Bags,2024-03-31 00:00:00,717
Bags,2024-04-30 00:00:00,734
Bags,2024-05-31 00:00:00,758
Bags,2024-06-30 00:00:00,688
Bags,2024-07-31 00:00:00,668
Bags,2024-08-31 00:00:00,737
Bags,2024-09-30 00:00:00,666
Bags,2024-10-31 00:00:00,695
Bags,2024-11-30 00:00:00,605
Bags,2024-12-31 00:00:00,727
Bags,2025-01-31 00:00:00,747
Bags,2025-02-28 00:00:00,621
Bags,2025-03-31 00:00:00,735
Bags,2025-04-30 00:00:00,738
Bags,2025-05-31 00:00:00,750
Bags,2025-06-30 00:00:00,692
Bags,2025-07-31 00:00:00,677
Bags,2025-08-31 00:00:00,735
Bags,2025-09-30 00:00:00,662
Bags,2025-10-31 00:00:00,700
Bags,2025-11-30 00:00:00,623
Bags,2025-12-31 00:00:00,730
Bags,2026-01-31 00:00:00,734
Bags,2026-02-28 00:00:00,622
Bags,2026-03-31 00:00:00,736
Bags,2026-04-30 00:00:00,739
Bags,2026-05-31 00:00:00,748
Bags,2026-06-30 00:00:00,694
Bags,2026-07-31 00:00:00,673
Bags,2026-08-31 00:00:00,735
Bags,2026-09-30 00:00:00,663
Bags,2026-10-31 00:00:00,695
Bags,2026-11-30 00:00:00,620
Bags,2026-12-31 00:00:00,732
Bags,2027-01-31 00:00:00,740
Bags,2027-02-28 00:00:00,620
Bags,2027-03-31 00:00:00,736
Bags,2027-04-30 00:00:00,740
Bags,2027-05-31 00:00:00,751
Bags,2027-06-30 00:00:00,691
Bags,2027-07-31 00:00:00,681
Bags,2027-08-31 00:00:00,738
Bags,2027-09-30 00:00:00,662
Bags,2027-10-31 00:00:00,698
Bags,2027-11-30 00:00:00,622
Bags,2027-12-31 00:00:00,730
Bags,2028-01-31 00:00:00,737
Bags,2028-02-29 00:00:00,617
Bags,2028-03-31 00:00:00,736
Bags,2028-04-30 00:00:00,735
Bags,2028-05-31 00:00:00,754
Bags,2028-06-30 00:00:00,686
Bags,2028-07-31 00:00:00,685
Bags,2028-08-31 00:00:00,739
Bags,2028-09-30 00:00:00,663
Belts,2015-01-31 00:00:00,729
Belts,2015-02-28 00:00:00,891
Belts,2015-03-31 00:00:00,862
Belts,2015-04-30 00:00:00,892
Belts,2015-05-31 00:00:00,596
Belts,2015-06-30 00:00:00,878
Belts,2015-07-31 00:00:00,825
Belts,2015-08-31 00:00:00,714
Belts,2015-09-30 00:00:00,540
Belts,2015-10-31 00:00:00,892
Belts,2015-11-30 00:00:00,849
Belts,2015-12-31 00:00:00,846
Belts,2016-01-31 00:00:00,933
Belts,2016-02-29 00:00:00,832
Belts,2016-03-31 00:00:00,913
Belts,2016-04-30 00:00:00,937
Belts,2016-05-31 00:00:00,765
Belts,2016-06-30 00:00:00,973
Belts,2016-07-31 00:00:00,670
Belts,2016-08-31 00:00:00,743
Belts,2016-09-30 00:00:00,744
Belts,2016-10-31 00:00:00,837
Belts,2016-11-30 00:00:00,922
Belts,2016-12-31 00:00:00,1035
Belts,2017-01-31 00:00:00,815
Belts,2017-02-28 00:00:00,665
Belts,2017-03-31 00:00:00,643
Belts,2017-04-30 00:00:00,609
Belts,2017-05-31 00:00:00,657
Belts,2017-06-30 00:00:00,734
Belts,2017-07-31 00:00:00,650
Belts,2017-08-31 00:00:00,759
Belts,2017-09-30 00:00:00,669
Belts,2017-10-31 00:00:00,891
Belts,2017-11-30 00:00:00,959
Belts,2017-12-31 00:00:00,880
Belts,2018-01-31 00:00:00,825
Belts,2018-02-28 00:00:00,747
Belts,2018-03-31 00:00:00,833
Belts,2018-04-30 00:00:00,779
Belts,2018-05-31 00:00:00,898
Belts,2018-06-30 00:00:00,830
Belts,2018-07-31 00:00:00,678
Belts,2018-08-31 00:00:00,848
Belts,2018-09-30 00:00:00,989
Belts,2018-10-31 00:00:00,773
Belts,2018-11-30 00:00:00,828
Belts,2018-12-31 00:00:00,974
Belts,2019-01-31 00:00:00,826
Belts,2019-02-28 00:00:00,834
Belts,2019-03-31 00:00:00,797
Belts,2019-04-30 00:00:00,846
Belts,2019-05-31 00:00:00,728
Belts,2019-06-30 00:00:00,636
Belts,2019-07-31 00:00:00,646
Belts,2019-08-31 00:00:00,1103
Belts,2019-09-30 00:00:00,877
Belts,2019-10-31 00:00:00,808
Belts,2019-11-30 00:00:00,775
Belts,2019-12-31 00:00:00,878
Belts,2020-01-31 00:00:00,858
Belts,2020-02-29 00:00:00,866
Belts,2020-03-31 00:00:00,844
Belts,2020-04-30 00:00:00,775
Belts,2020-05-31 00:00:00,874
Belts,2020-06-30 00:00:00,636
Belts,2020-07-31 00:00:00,635
Belts,2020-08-31 00:00:00,789
Belts,2020-09-30 00:00:00,743
Belts,2020-10-31 00:00:00,823
Belts,2020-11-30 00:00:00,856
Belts,2020-12-31 00:00:00,763
Belts,2021-01-31 00:00:00,825
Belts,2021-02-28 00:00:00,979
Belts,2021-03-31 00:00:00,863
Belts,2021-04-30 00:00:00,739
Belts,2021-05-31 00:00:00,788
Belts,2021-06-30 00:00:00,815
Belts,2021-07-31 00:00:00,858
Belts,2021-08-31 00:00:00,695
Belts,2021-09-30 00:00:00,776
Belts,2021-10-31 00:00:00,1029
Belts,2021-11-30 00:00:00,818
Belts,2021-12-31 00:00:00,778
Belts,2022-01-31 00:00:00,692
Belts,2022-02-28 00:00:00,1014
Belts,2022-03-31 00:00:00,785
Belts,2022-04-30 00:00:00,759
Belts,2022-05-31 00:00:00,868
Belts,2022-06-30 00:00:00,776
Belts,2022-07-31 00:00:00,823
Belts,2022-08-31 00:00:00,784
Belts,2022-09-30 00:00:00,811
Belts,2022-10-31 00:00:00,891
Belts,2022-11-30 00:00:00,920
Belts,2022-12-31 00:00:00,756
Belts,2023-01-31 00:00:00,497
Belts,2023-02-28 00:00:00,742
Belts,2023-03-31 00:00:00,810
Belts,2023-04-30 00:00:00,966
Belts,2023-05-31 00:00:00,675
Belts,2023-06-30 00:00:00,973
Belts,2023-07-31 00:00:00,819
Belts,2023-08-31 00:00:00,767
Belts,2023-09-30 00:00:00,646
Belts,2023-10-31 00:00:00,704
Belts,2023-11-30 00:00:00,664
Belts,2023-12-31 00:00:00,800
Belts,2024-01-31 00:00:00,477
Belts,2024-02-29 00:00:00,626
Belts,2024-03-31 00:00:00,603
Belts,2024-04-30 00:00:00,693
Belts,2024-05-31 00:00:00,560
Belts,2024-06-30 00:00:00,633
Belts,2024-07-31 00:00:00,605
Belts,2024-08-31 00:00:00,593
Belts,2024-09-30 00:00:00,543
Belts,2024-10-31 00:00:00,613
Belts,2024-11-30 00:00:00,577
Belts,2024-12-31 00:00:00,593
Belts,2025-01-31 00:00:00,426
Belts,2025-02-28 00:00:00,594
Belts,2025-03-31 00:00:00,560
Belts,2025-04-30 00:00:00,638
Belts,2025-05-31 00:00:00,529
Belts,2025-06-30 00:00:00,602
Belts,2025-07-31 00:00:00,557
Belts,2025-08-31 00:00:00,539
Belts,2025-09-30 00:00:00,491
Belts,2025-10-31 00:00:00,568
Belts,2025-11-30 00:00:00,534
Belts,2025-12-31 00:00:00,549
Belts,2026-01-31 00:00:00,384
Belts,2026-02-28 00:00:00,553
Belts,2026-03-31 00:00:00,517
Belts,2026-04-30 00:00:00,575
Belts,2026-05-31 00:00:00,475
Belts,2026-06-30 00:00:00,556
Belts,2026-07-31 00:00:00,506
Belts,2026-08-31 00:00:00,493
Belts,2026-09-30 00:00:00,450
Belts,2026-10-31 00:00:00,527
Belts,2026-11-30 00:00:00,488
Belts,2026-12-31 00:00:00,503
Belts,2027-01-31 00:00:00,340
Belts,2027-02-28 00:00:00,509
Belts,2027-03-31 00:00:00,468
Belts,2027-04-30 00:00:00,529
Belts,2027-05-31 00:00:00,435
Belts,2027-06-30 00:00:00,508
Belts,2027-07-31 00:00:00,459
Belts,2027-08-31 00:00:00,450
Belts,2027-09-30 00:00:00,407
Belts,2027-10-31 00:00:00,484
Belts,2027-11-30 00:00:00,454
Belts,2027-12-31 00:00:00,463
Belts,2028-01-31 00:00:00,292
Belts,2028-02-29 00:00:00,457
Belts,2028-03-31 00:00:00,431
Belts,2028-04-30 00:00:00,484
Belts,2028-05-31 00:00:00,391
Belts,2028-06-30 00:00:00,472
Belts,2028-07-31 00:00:00,420
Belts,2028-08-31 00:00:00,407
Belts,2028-09-30 00:00:00,361
Books,2015-01-31 00:00:00,676
Books,2015-02-28 00:00:00,896
Books,2015-03-31 00:00:00,1031
Books,2015-04-30 00:00:00,760
Books,2015-05-31 00:00:00,846
Books,2015-06-30 00:00:00,788
Books,2015-07-31 00:00:00,810
Books,2015-08-31 00:00:00,828
Books,2015-09-30 00:00:00,679
Books,2015-10-31 00:00:00,907
Books,2015-11-30 00:00:00,928
Books,2015-12-31 00:00:00,991
Books,2016-01-31 00:00:00,735
Books,2016-02-29 00:00:00,869
Books,2016-03-31 00:00:00,884
Books,2016-04-30 00:00:00,698
Books,2016-05-31 00:00:00,717
Books,2016-06-30 00:00:00,800
Books,2016-07-31 00:00:00,887
Books,2016-08-31 00:00:00,747
Books,2016-09-30 00:00:00,633
Books,2016-10-31 00:00:00,814
Books,2016-11-30 00:00:00,786
Books,2016-12-31 00:00:00,897
Books,2017-01-31 00:00:00,956
Books,2017-02-28 00:00:00,858
Books,2017-03-31 00:00:00,739
Books,2017-04-30 00:00:00,643
Books,2017-05-31 00:00:00,611
Books,2017-06-30 00:00:00,734
Books,2017-07-31 00:00:00,714
Books,2017-08-31 00:00:00,1035
Books,2017-09-30 00:00:00,899
Books,2017-10-31 00:00:00,882
Books,2017-11-30 00:00:00,641
Books,2017-12-31 00:00:00,848
Books,2018-01-31 00:00:00,791
Books,2018-02-28 00:00:00,656
Books,2018-03-31 00:00:00,901
Books,2018-04-30 00:00:00,725
Books,2018-05-31 00:00:00,921
Books,2018-06-30 00:00:00,654
Books,2018-07-31 00:00:00,698
Books,2018-08-31 00:00:00,929
Books,2018-09-30 00:00:00,834
Books,2018-10-31 00:00:00,736
Books,2018-11-30 00:00:00,655
Books,2018-12-31 00:00:00,659
Books,2019-01-31 00:00:00,545
Books,2019-02-28 00:00:00,762
Books,2019-03-31 00:00:00,896
Books,2019-04-30 00:00:00,703
Books,2019-05-31 00:00:00,848
Books,2019-06-30 00:00:00,737
Books,2019-07-31 00:00:00,831
Books,2019-08-31 00:00:00,1017
Books,2019-09-30 00:00:00,870
Books,2019-10-31 00:00:00,875
Books,2019-11-30 00:00:00,687
Books,2019-12-31 00:00:00,723
Books,2020-01-31 00:00:00,926
Books,2020-02-29 00:00:00,557
Books,2020-03-31 00:00:00,956
Books,2020-04-30 00:00:00,677
Books,2020-05-31 00:00:00,1097
Books,2020-06-30 00:00:00,788
Books,2020-07-31 00:00:00,831
Books,2020-08-31 00:00:00,589
Books,2020-09-30 00:00:00,811
Books,2020-10-31 00:00:00,793
Books,2020-11-30 00:00:00,855
Books,2020-12-31 00:00:00,836
Books,2021-01-31 00:00:00,754
Books,2021-02-28 00:00:00,757
Books,2021-03-31 00:00:00,989
Books,2021-04-30 00:00:00,722
Books,2021-05-31 00:00:00,568
Books,2021-06-30 00:00:00,787
Books,2021-07-31 00:00:00,717
Books,2021-08-31 00:00:00,854
Books,2021-09-30 00:00:00,967
Books,2021-10-31 00:00:00,813
Books,2021-11-30 00:00:00,825
Books,2021-12-31 00:00:00,896
Books,2022-01-31 00:00:00,873
Books,2022-02-28 00:00:00,719
Books,2022-03-31 00:00:00,842
Books,2022-04-30 00:00:00,699
Books,2022-05-31 00:00:00,828
Books,2022-06-30 00:00:00,791
Books,2022-07-31 00:00:00,661
Books,2022-08-31 00:00:00,695
Books,2022-09-30 00:00:00,646
Books,2022-10-31 00:00:00,829
Books,2022-11-30 00:00:00,751
Books,2022-12-31 00:00:00,788
Books,2023-01-31 00:00:00,791
Books,2023-02-28 00:00:00,536
Books,2023-03-31 00:00:00,946
Books,2023-04-30 00:00:00,675
Books,2023-05-31 00:00:00,829
Books,2023-06-30 00:00:00,848
Books,2023-07-31 00:00:00,809
Books,2023-08-31 00:00:00,766
Books,2023-09-30 00:00:00,784
Books,2023-10-31 00:00:00,774
Books,2023-11-30 00:00:00,705
Books,2023-12-31 00:00:00,821
Books,2024-01-31 00:00:00,676
Books,2024-02-29 00:00:00,548
Books,2024-03-31 00:00:00,765
Books,2024-04-30 00:00:00,573
Books,2024-05-31 00:00:00,638
Books,2024-06-30 00:00:00,674
Books,2024-07-31 00:00:00,600
Books,2024-08-31 00:00:00,637
Books,2024-09-30 00:00:00,641
Books,2024-10-31 00:00:00,674
Books,2024-11-30 00:00:00,623
Books,2024-12-31 00:00:00,688
Books,2025-01-31 00:00:00,669
Books,2025-02-28 00:00:00,492
Books,2025-03-31 00:00:00,749
Books,2025-04-30 00:00:00,553
Books,2025-05-31 00:00:00,677
Books,2025-06-30 00:00:00,671
Books,2025-07-31 00:00:00,606
Books,2025-08-31 00:00:00,602
Books,2025-09-30 00:00:00,604
Books,2025-10-31 00:00:00,650
Books,2025-11-30 00:00:00,594
Books,2025-12-31 00:00:00,664
Books,2026-01-31 00:00:00,634
Books,2026-02-28 00:00:00,472
Books,2026-03-31 00:00:00,741
Books,2026-04-30 00:00:00,532
Books,2026-05-31 00:00:00,626
Books,2026-06-30 00:00:00,649
Books,2026-07-31 00:00:00,584
Books,2026-08-31 00:00:00,590
Books,2026-09-30 00:00:00,604
Books,2026-10-31 00:00:00,625
Books,2026-11-30 00:00:00,570
Books,2026-12-31 00:00:00,647
Books,2027-01-31 00:00:00,617
Books,2027-02-28 00:00:00,459
Books,2027-03-31 00:00:00,706
Books,2027-04-30 00:00:00,507
Books,2027-05-31 00:00:00,602
Books,2027-06-30 00:00:00,622
Books,2027-07-31 00:00:00,554
Books,2027-08-31 00:00:00,561
Books,2027-09-30 00:00:00,567
Books,2027-10-31 00:00:00,606
Books,2027-11-30 00:00:00,550
Books,2027-12-31 00:00:00,622
Books,2028-01-31 00:00:00,593
Books,2028-02-29 00:00:00,428
Books,2028-03-31 00:00:00,688
Books,2028-04-30 00:00:00,484
Books,2028-05-31 00:00:00,583
Books,2028-06-30 00:00:00,604
Books,2028-07-31 00:00:00,539
Books,2028-08-31 00:00:00,542
Books,2028-09-30 00:00:00,548
Bowties,2015-01-31 00:00:00,1544
Bowties,2015-02-28 00:00:00,1305
Bowties,2015-03-31 00:00:00,1460
Bowties,2015-04-30 00:00:00,1418
Bowties,2015-05-31 00:00:00,1233
Bowties,2015-06-30 00:00:00,1664
Bowties,2015-07-31 00:00:00,1557
Bowties,2015-08-31 00:00:00,1998
Bowties,2015-09-30 00:00:00,1200
Bowties,2015-10-31 00:00:00,1638
Bowties,2015-11-30 00:00:00,1378
Bowties,2015-12-31 00:00:00,1569
Bowties,2016-01-31 00:00:00,1471
Bowties,2016-02-29 00:00:00,1941
Bowties,2016-03-31 00:00:00,1715
Bowties,2016-04-30 00:00:00,1440
Bowties,2016-05-31 00:00:00,1647
Bowties,2016-06-30 00:00:00,1672
Bowties,2016-07-31 00:00:00,1500
Bowties,2016-08-31 00:00:00,1456
Bowties,2016-09-30 00:00:00,1720
Bowties,2016-10-31 00:00:00,1686
Bowties,2016-11-30 00:00:00,1726
Bowties,2016-12-31 00:00:00,1712
Bowties,2017-01-31 00:00:00,1539
Bowties,2017-02-28 00:00:00,1289
Bowties,2017-03-31 00:00:00,1725
Bowties,2017-04-30 00:00:00,1477
Bowties,2017-05-31 00:00:00,1436
Bowties,2017-06-30 00:00:00,1516
Bowties,2017-07-31 00:00:00,1574
Bowties,2017-08-31 00:00:00,1577
Bowties,2017-09-30 00:00:00,1689
Bowties,2017-10-31 00:00:00,1855
Bowties,2017-11-30 00:00:00,1631
Bowties,2017-12-31 00:00:00,1589
Bowties,2018-01-31 00:00:00,1727
Bowties,2018-02-28 00:00:00,1559
Bowties,2018-03-31 00:00:00,1892
Bowties,2018-04-30 00:00:00,1760
Bowties,2018-05-31 00:00:00,1497
Bowties,2018-06-30 00:00:00,1600
Bowties,2018-07-31 00:00:00,1674
Bowties,2018-08-31 00:00:00,1537
Bowties,2018-09-30 00:00:00,1373
Bowties,2018-10-31 00:00:00,1516
Bowties,2018-11-30 00:00:00,1491
Bowties,2018-12-31 00:00:00,1685
Bowties,2019-01-31 00:00:00,1419
Bowties,2019-02-28 00:00:00,1442
Bowties,2019-03-31 00:00:00,1446
Bowties,2019-04-30 00:00:00,1673
Bowties,2019-05-31 00:00:00,1598
Bowties,2019-06-30 00:00:00,1802
Bowties,2019-07-31 00:00:00,1652
Bowties,2019-08-31 00:00:00,1713
Bowties,2019-09-30 00:00:00,1528
Bowties,2019-10-31 00:00:00,1506
Bowties,2019-11-30 00:00:00,1229
Bowties,2019-12-31 00:00:00,1624
Bowties,2020-01-31 00:00:00,1507
Bowties,2020-02-29 00:00:00,1510
Bowties,2020-03-31 00:00:00,1760
Bowties,2020-04-30 00:00:00,1519
Bowties,2020-05-31 00:00:00,1855
Bowties,2020-06-30 00:00:00,1341
Bowties,2020-07-31 00:00:00,1588
Bowties,2020-08-31 00:00:00,1874
Bowties,2020-09-30 00:00:00,1603
Bowties,2020-10-31 00:00:00,1875
Bowties,2020-11-30 00:00:00,1683
Bowties,2020-12-31 00:00:00,1570
Bowties,2021-01-31 00:00:00,1452
Bowties,2021-02-28 00:00:00,1731
Bowties,2021-03-31 00:00:00,1566
Bowties,2021-04-30 00:00:00,1412
Bowties,2021-05-31 00:00:00,1807
Bowties,2021-06-30 00:00:00,1417
Bowties,2021-07-31 00:00:00,1663
Bowties,2021-08-31 00:00:00,1707
Bowties,2021-09-30 00:00:00,1469
Bowties,2021-10-31 00:00:00,1636
Bowties,2021-11-30 00:00:00,1511
Bowties,2021-12-31 00:00:00,1437
Bowties,2022-01-31 00:00:00,1740
Bowties,2022-02-28 00:00:00,1602
Bowties,2022-03-31 00:00:00,1580
Bowties,2022-04-30 00:00:00,1399
Bowties,2022-05-31 00:00:00,1724
Bowties,2022-06-30 00:00:00,1555
Bowties,2022-07-31 00:00:00,1513
Bowties,2022-08-31 00:00:00,1524
Bowties,2022-09-30 00:00:00,1357
Bowties,2022-10-31 00:00:00,1644
Bowties,2022-11-30 00:00:00,1481
Bowties,2022-12-31 00:00:00,1650
Bowties,2023-01-31 00:00:00,1540
Bowties,2023-02-28 00:00:00,1568
Bowties,2023-03-31 00:00:00,1377
Bowties,2023-04-30 00:00:00,1375
Bowties,2023-05-31 00:00:00,1496
Bowties,2023-06-30 00:00:00,1604
Bowties,2023-07-31 00:00:00,1621
Bowties,2023-08-31 00:00:00,1566
Bowties,2023-09-30 00:00:00,1147
Bowties,2023-10-31 00:00:00,1579
Bowties,2023-11-30 00:00:00,1599
Bowties,2023-12-31 00:00:00,1595
Bowties,2024-01-31 00:00:00,1389
Bowties,2024-02-29 00:00:00,1442
Bowties,2024-03-31 00:00:00,1272
Bowties,2024-04-30 00:00:00,1167
Bowties,2024-05-31 00:00:00,1398
Bowties,2024-06-30 00:00:00,1313
Bowties,2024-07-31 00:00:00,1373
Bowties,2024-08-31 00:00:00,1383
Bowties,2024-09-30 00:00:00,1112
Bowties,2024-10-31 00:00:00,1398
Bowties,2024-11-30 00:00:00,1327
Bowties,2024-12-31 00:00:00,1340
Bowties,2025-01-31 00:00:00,1376
Bowties,2025-02-28 00:00:00,1359
Bowties,2025-03-31 00:00:00,1268
Bowties,2025-04-30 00:00:00,1168
Bowties,2025-05-31 00:00:00,1363
Bowties,2025-06-30 00:00:00,1311
Bowties,2025-07-31 00:00:00,1324
Bowties,2025-08-31 00:00:00,1329
Bowties,2025-09-30 00:00:00,1076
Bowties,2025-10-31 00:00:00,1385
Bowties,2025-11-30 00:00:00,1302
Bowties,2025-12-31 00:00:00,1353
Bowties,2026-01-31 00:00:00,1326
Bowties,2026-02-28 00:00:00,1364
Bowties,2026-03-31 00:00:00,1215
Bowties,2026-04-30 00:00:00,1135
Bowties,2026-05-31 00:00:00,1318
Bowties,2026-06-30 00:00:00,1295
Bowties,2026-07-31 00:00:00,1341
Bowties,2026-08-31 00:00:00,1324
Bowties,2026-09-30 00:00:00,1028
Bowties,2026-10-31 00:00:00,1337
Bowties,2026-11-30 00:00:00,1293
Bowties,2026-12-31 00:00:00,1316
Bowties,2027-01-31 00:00:00,1322
Bowties,2027-02-28 00:00:00,1340
Bowties,2027-03-31 00:00:00,1207
Bowties,2027-04-30 00:00:00,1112
Bowties,2027-05-31 00:00:00,1326
Bowties,2027-06-30 00:00:00,1257
Bowties,2027-07-31 00:00:00,1294
Bowties,2027-08-31 00:00:00,1287
Bowties,2027-09-30 00:00:00,1024
Bowties,2027-10-31 00:00:00,1322
Bowties,2027-11-30 00:00:00,1255
Bowties,2027-12-31 00:00:00,1297
Bowties,2028-01-31 00:00:00,1289
Bowties,2028-02-29 00:00:00,1303
Bowties,2028-03-31 00:00:00,1166
Bowties,2028-04-30 00:00:00,1082
Bowties,2028-05-31 00:00:00,1287
Bowties,2028-06-30 00:00:00,1250
Bowties,2028-07-31 00:00:00,1279
Bowties,2028-08-31 00:00:00,1258
Bowties,2028-09-30 00:00:00,981
Boxers,2015-01-31 00:00:00,662
Boxers,2015-02-28 00:00:00,844
Boxers,2015-03-31 00:00:00,718
Boxers,2015-04-30 00:00:00,828
Boxers,2015-05-31 00:00:00,716
Boxers,2015-06-30 00:00:00,724
Boxers,2015-07-31 00:00:00,688
Boxers,2015-08-31 00:00:00,915
Boxers,2015-09-30 00:00:00,984
Boxers,2015-10-31 00:00:00,775
Boxers,2015-11-30 00:00:00,754
Boxers,2015-12-31 00:00:00,892
Boxers,2016-01-31 00:00:00,928
Boxers,2016-02-29 00:00:00,808
Boxers,2016-03-31 00:00:00,823
Boxers,2016-04-30 00:00:00,837
Boxers,2016-05-31 00:00:00,697
Boxers,2016-06-30 00:00:00,693
Boxers,2016-07-31 00:00:00,767
Boxers,2016-08-31 00:00:00,837
Boxers,2016-09-30 00:00:00,861
Boxers,2016-10-31 00:00:00,828
Boxers,2016-11-30 00:00:00,910
Boxers,2016-12-31 00:00:00,592
Boxers,2017-01-31 00:00:00,873
Boxers,2017-02-28 00:00:00,762
Boxers,2017-03-31 00:00:00,809
Boxers,2017-04-30 00:00:00,865
Boxers,2017-05-31 00:00:00,750
Boxers,2017-06-30 00:00:00,588
Boxers,2017-07-31 00:00:00,759
Boxers,2017-08-31 00:00:00,598
Boxers,2017-09-30 00:00:00,1108
Boxers,2017-10-31 00:00:00,983
Boxers,2017-11-30 00:00:00,727
Boxers,2017-12-31 00:00:00,727
Boxers,2018-01-31 00:00:00,582
Boxers,2018-02-28 00:00:00,697
Boxers,2018-03-31 00:00:00,752
Boxers,2018-04-30 00:00:00,743
Boxers,2018-05-31 00:00:00,570
Boxers,2018-06-30 00:00:00,944
Boxers,2018-07-31 00:00:00,610
Boxers,2018-08-31 00:00:00,1057
Boxers,2018-09-30 00:00:00,817
Boxers,2018-10-31 00:00:00,950
Boxers,2018-11-30 00:00:00,1031
Boxers,2018-12-31 00:00:00,907
Boxers,2019-01-31 00:00:00,754
Boxers,2019-02-28 00:00:00,803
Boxers,2019-03-31 00:00:00,672
Boxers,2019-04-30 00:00:00,773
Boxers,2019-05-31 00:00:00,803
Boxers,2019-06-30 00:00:00,740
Boxers,2019-07-31 00:00:00,733
Boxers,2019-08-31 00:00:00,866
Boxers,2019-09-30 00:00:00,963
Boxers,2019-10-31 00:00:00,635
Boxers,2019-11-30 00:00:00,858
Boxers,2019-12-31 00:00:00,757
Boxers,2020-01-31 00:00:00,973
Boxers,2020-02-29 00:00:00,645
Boxers,2020-03-31 00:00:00,1070
Boxers,2020-04-30 00:00:00,825
Boxers,2020-05-31 00:00:00,915
Boxers,2020-06-30 00:00:00,553
Boxers,2020-07-31 00:00:00,860
Boxers,2020-08-31 00:00:00,702
Boxers,2020-09-30 00:00:00,716
Boxers,2020-10-31 00:00:00,687
Boxers,2020-11-30 00:00:00,779
Boxers,2020-12-31 00:00:00,885
Boxers,2021-01-31 00:00:00,567
Boxers,2021-02-28 00:00:00,679
Boxers,2021-03-31 00:00:00,974
Boxers,2021-04-30 00:00:00,527
Boxers,2021-05-31 00:00:00,869
Boxers,2021-06-30 00:00:00,901
Boxers,2021-07-31 00:00:00,716
Boxers,2021-08-31 00:00:00,647
Boxers,2021-09-30 00:00:00,684
Boxers,2021-10-31 00:00:00,640
Boxers,2021-11-30 00:00:00,936
Boxers,2021-12-31 00:00:00,696
Boxers,2022-01-31 00:00:00,677
Boxers,2022-02-28 00:00:00,771
Boxers,2022-03-31 00:00:00,655
Boxers,2022-04-30 00:00:00,741
Boxers,2022-05-31 00:00:00,866
Boxers,2022-06-30 00:00:00,931
Boxers,2022-07-31 00:00:00,916
Boxers,2022-08-31 00:00:00,931
Boxers,2022-09-30 00:00:00,826
Boxers,2022-10-31 00:00:00,898
Boxers,2022-11-30 00:00:00,917
Boxers,2022-12-31 00:00:00,1045
Boxers,2023-01-31 00:00:00,805
Boxers,2023-02-28 00:00:00,698
Boxers,2023-03-31 00:00:00,1108
Boxers,2023-04-30 00:00:00,616
Boxers,2023-05-31 00:00:00,740
Boxers,2023-06-30 00:00:00,793
Boxers,2023-07-31 00:00:00,860
Boxers,2023-08-31 00:00:00,864
Boxers,2023-09-30 00:00:00,912
Boxers,2023-10-31 00:00:00,782
Boxers,2023-11-30 00:00:00,678
Boxers,2023-12-31 00:00:00,890
Boxers,2024-01-31 00:00:00,581
Boxers,2024-02-29 00:00:00,602
Boxers,2024-03-31 00:00:00,807
Boxers,2024-04-30 00:00:00,513
Boxers,2024-05-31 00:00:00,713
Boxers,2024-06-30 00:00:00,754
Boxers,2024-07-31 00:00:00,679
Boxers,2024-08-31 00:00:00,657
Boxers,2024-09-30 00:00:00,668
Boxers,2024-10-31 00:00:00,628
Boxers,2024-11-30 00:00:00,730
Boxers,2024-12-31 00:00:00,706
Boxers,2025-01-31 00:00:00,586
Boxers,2025-02-28 00:00:00,613
Boxers,2025-03-31 00:00:00,698
Boxers,2025-04-30 00:00:00,565
Boxers,2025-05-31 00:00:00,711
Boxers,2025-06-30 00:00:00,767
Boxers,2025-07-31 00:00:00,740
Boxers,2025-08-31 00:00:00,744
Boxers,2025-09-30 00:00:00,706
Boxers,2025-10-31 00:00:00,701
Boxers,2025-11-30 00:00:00,720
Boxers,2025-12-31 00:00:00,811
Boxers,2026-01-31 00:00:00,625
Boxers,2026-02-28 00:00:00,584
Boxers,2026-03-31 00:00:00,833
Boxers,2026-04-30 00:00:00,513
Boxers,2026-05-31 00:00:00,651
Boxers,2026-06-30 00:00:00,703
Boxers,2026-07-31 00:00:00,717
Boxers,2026-08-31 00:00:00,716
Boxers,2026-09-30 00:00:00,725
Boxers,2026-10-31 00:00:00,654
Boxers,2026-11-30 00:00:00,638
Boxers,2026-12-31 00:00:00,755
Boxers,2027-01-31 00:00:00,563
Boxers,2027-02-28 00:00:00,570
Boxers,2027-03-31 00:00:00,764
Boxers,2027-04-30 00:00:00,488
Boxers,2027-05-31 00:00:00,656
Boxers,2027-06-30 00:00:00,700
Boxers,2027-07-31 00:00:00,667
Boxers,2027-08-31 00:00:00,655
Boxers,2027-09-30 00:00:00,654
Boxers,2027-10-31 00:00:00,612
Boxers,2027-11-30 00:00:00,664
Boxers,2027-12-31 00:00:00,707
Boxers,2028-01-31 00:00:00,552
Boxers,2028-02-29 00:00:00,561
Boxers,2028-03-31 00:00:00,716
Boxers,2028-04-30 00:00:00,499
Boxers,2028-05-31 00:00:00,645
Boxers,2028-06-30 00:00:00,692
Boxers,2028-07-31 00:00:00,677
Boxers,2028-08-31 00:00:00,673
Boxers,2028-09-30 00:00:00,661
Bras,2015-01-31 00:00:00,940
Bras,2015-02-28 00:00:00,689
Bras,2015-03-31 00:00:00,917
Bras,2015-04-30 00:00:00,805
Bras,2015-05-31 00:00:00,693
Bras,2015-06-30 00:00:00,865
Bras,2015-07-31 00:00:00,990
Bras,2015-08-31 00:00:00,865
Bras,2015-09-30 00:00:00,781
Bras,2015-10-31 00:00:00,696
Bras,2015-11-30 00:00:00,828
Bras,2015-12-31 00:00:00,869
Bras,2016-01-31 00:00:00,727
Bras,2016-02-29 00:00:00,807
Bras,2016-03-31 00:00:00,748
Bras,2016-04-30 00:00:00,665
Bras,2016-05-31 00:00:00,865
Bras,2016-06-30 00:00:00,706
Bras,2016-07-31 00:00:00,803
Bras,2016-08-31 00:00:00,704
Bras,2016-09-30 00:00:00,793
Bras,2016-10-31 00:00:00,744
Bras,2016-11-30 00:00:00,835
Bras,2016-12-31 00:00:00,918
Bras,2017-01-31 00:00:00,771
Bras,2017-02-28 00:00:00,743
Bras,2017-03-31 00:00:00,925
Bras,2017-04-30 00:00:00,764
Bras,2017-05-31 00:00:00,687
Bras,2017-06-30 00:00:00,833
Bras,2017-07-31 00:00:00,802
Bras,2017-08-31 00:00:00,900
Bras,2017-09-30 00:00:00,927
Bras,2017-10-31 00:00:00,849
Bras,2017-11-30 00:00:00,659
Bras,2017-12-31 00:00:00,915
Bras,2018-01-31 00:00:00,652
Bras,2018-02-28 00:00:00,689
Bras,2018-03-31 00:00:00,810
Bras,2018-04-30 00:00:00,685
Bras,2018-05-31 00:00:00,705
Bras,2018-06-30 00:00:00,787
Bras,2018-07-31 00:00:00,800
Bras,2018-08-31 00:00:00,974
Bras,2018-09-30 00:00:00,902
Bras,2018-10-31 00:00:00,822
Bras,2018-11-30 00:00:00,879
Bras,2018-12-31 00:00:00,859
Bras,2019-01-31 00:00:00,910
Bras,2019-02-28 00:00:00,803
Bras,2019-03-31 00:00:00,750
Bras,2019-04-30 00:00:00,751
Bras,2019-05-31 00:00:00,814
Bras,2019-06-30 00:00:00,762
Bras,2019-07-31 00:00:00,692
Bras,2019-08-31 00:00:00,1045
Bras,2019-09-30 00:00:00,742
Bras,2019-10-31 00:00:00,999
Bras,2019-11-30 00:00:00,839
Bras,2019-12-31 00:00:00,768
Bras,2020-01-31 00:00:00,660
Bras,2020-02-29 00:00:00,643
Bras,2020-03-31 00:00:00,1020
Bras,2020-04-30 00:00:00,962
Bras,2020-05-31 00:00:00,903
Bras,2020-06-30 00:00:00,915
Bras,2020-07-31 00:00:00,704
Bras,2020-08-31 00:00:00,1001
Bras,2020-09-30 00:00:00,836
Bras,2020-10-31 00:00:00,789
Bras,2020-11-30 00:00:00,722
Bras,2020-12-31 00:00:00,804
Bras,2021-01-31 00:00:00,710
Bras,2021-02-28 00:00:00,799
Bras,2021-03-31 00:00:00,918
Bras,2021-04-30 00:00:00,865
Bras,2021-05-31 00:00:00,786
Bras,2021-06-30 00:00:00,668
Bras,2021-07-31 00:00:00,774
Bras,2021-08-31 00:00:00,636
Bras,2021-09-30 00:00:00,963
Bras,2021-10-31 00:00:00,746
Bras,2021-11-30 00:00:00,783
Bras,2021-12-31 00:00:00,836
Bras,2022-01-31 00:00:00,828
Bras,2022-02-28 00:00:00,749
Bras,2022-03-31 00:00:00,878
Bras,2022-04-30 00:00:00,741
Bras,2022-05-31 00:00:00,718
Bras,2022-06-30 00:00:00,756
Bras,2022-07-31 00:00:00,904
Bras,2022-08-31 00:00:00,836
Bras,2022-09-30 00:00:00,855
Bras,2022-10-31 00:00:00,886
Bras,2022-11-30 00:00:00,814
Bras,2022-12-31 00:00:00,873
Bras,2023-01-31 00:00:00,756
Bras,2023-02-28 00:00:00,727
Bras,2023-03-31 00:00:00,842
Bras,2023-04-30 00:00:00,588
Bras,2023-05-31 00:00:00,902
Bras,2023-06-30 00:00:00,858
Bras,2023-07-31 00:00:00,813
Bras,2023-08-31 00:00:00,811
Bras,2023-09-30 00:00:00,825
Bras,2023-10-31 00:00:00,768
Bras,2023-11-30 00:00:00,590
Bras,2023-12-31 00:00:00,728
Bras,2024-01-31 00:00:00,533
Bras,2024-02-29 00:00:00,542
Bras,2024-03-31 00:00:00,654
Bras,2024-04-30 00:00:00,509
Bras,2024-05-31 00:00:00,610
Bras,2024-06-30 00:00:00,552
Bras,2024-07-31 00:00:00,588
Bras,2024-08-31 00:00:00,531
Bras,2024-09-30 00:00:00,656
Bras,2024-10-31 00:00:00,556
Bras,2024-11-30 00:00:00,489
Bras,2024-12-31 00:00:00,573
Bras,2025-01-31 00:00:00,510
Bras,2025-02-28 00:00:00,474
Bras,2025-03-31 00:00:00,583
Bras,2025-04-30 00:00:00,440
Bras,2025-05-31 00:00:00,518
Bras,2025-06-30 00:00:00,501
Bras,2025-07-31 00:00:00,568
Bras,2025-08-31 00:00:00,518
Bras,2025-09-30 00:00:00,585
Bras,2025-10-31 00:00:00,543
Bras,2025-11-30 00:00:00,464
Bras,2025-12-31 00:00:00,538
Bras,2026-01-31 00:00:00,450
Bras,2026-02-28 00:00:00,421
Bras,2026-03-31 00:00:00,537
Bras,2026-04-30 00:00:00,366
Bras,2026-05-31 00:00:00,525
Bras,2026-06-30 00:00:00,494
Bras,2026-07-31 00:00:00,511
Bras,2026-08-31 00:00:00,478
Bras,2026-09-30 00:00:00,527
Bras,2026-10-31 00:00:00,472
Bras,2026-11-30 00:00:00,358
Bras,2026-12-31 00:00:00,455
Bras,2027-01-31 00:00:00,368
Bras,2027-02-28 00:00:00,354
Bras,2027-03-31 00:00:00,471
Bras,2027-04-30 00:00:00,312
Bras,2027-05-31 00:00:00,433
Bras,2027-06-30 00:00:00,388
Bras,2027-07-31 00:00:00,422
Bras,2027-08-31 00:00:00,375
Bras,2027-09-30 00:00:00,458
Bras,2027-10-31 00:00:00,385
Bras,2027-11-30 00:00:00,298
Bras,2027-12-31 00:00:00,388
Bras,2028-01-31 00:00:00,311
Bras,2028-02-29 00:00:00,295
Bras,2028-03-31 00:00:00,404
Bras,2028-04-30 00:00:00,243
Bras,2028-05-31 00:00:00,351
Bras,2028-06-30 00:00:00,323
Bras,2028-07-31 00:00:00,369
Bras,2028-08-31 00:00:00,324
Bras,2028-09-30 00:00:00,401
Candle,2015-01-31 00:00:00,834
Candle,2015-02-28 00:00:00,872
Candle,2015-03-31 00:00:00,635
Candle,2015-04-30 00:00:00,911
Candle,2015-05-31 00:00:00,806
Candle,2015-06-30 00:00:00,817
Candle,2015-07-31 00:00:00,975
Candle,2015-08-31 00:00:00,815
Candle,2015-09-30 00:00:00,677
Candle,2015-10-31 00:00:00,958
Candle,2015-11-30 00:00:00,829
Candle,2015-12-31 00:00:00,937
Candle,2016-01-31 00:00:00,777
Candle,2016-02-29 00:00:00,797
Candle,2016-03-31 00:00:00,851
Candle,2016-04-30 00:00:00,822
Candle,2016-05-31 00:00:00,895
Candle,2016-06-30 00:00:00,850
Candle,2016-07-31 00:00:00,881
Candle,2016-08-31 00:00:00,824
Candle,2016-09-30 00:00:00,838
Candle,2016-10-31 00:00:00,871
Candle,2016-11-30 00:00:00,872
Candle,2016-12-31 00:00:00,564
Candle,2017-01-31 00:00:00,950
Candle,2017-02-28 00:00:00,654
Candle,2017-03-31 00:00:00,781
Candle,2017-04-30 00:00:00,608
Candle,2017-05-31 00:00:00,757
Candle,2017-06-30 00:00:00,960
Candle,2017-07-31 00:00:00,684
Candle,2017-08-31 00:00:00,901
Candle,2017-09-30 00:00:00,805
Candle,2017-10-31 00:00:00,860
Candle,2017-11-30 00:00:00,807
Candle,2017-12-31 00:00:00,818
Candle,2018-01-31 00:00:00,729
Candle,2018-02-28 00:00:00,821
Candle,2018-03-31 00:00:00,662
Candle,2018-04-30 00:00:00,713
Candle,2018-05-31 00:00:00,721
Candle,2018-06-30 00:00:00,816
Candle,2018-07-31 00:00:00,668
Candle,2018-08-31 00:00:00,806
Candle,2018-09-30 00:00:00,854
Candle,2018-10-31 00:00:00,863
Candle,2018-11-30 00:00:00,555
Candle,2018-12-31 00:00:00,833
Candle,2019-01-31 00:00:00,898
Candle,2019-02-28 00:00:00,880
Candle,2019-03-31 00:00:00,864
Candle,2019-04-30 00:00:00,861
Candle,2019-05-31 00:00:00,779
Candle,2019-06-30 00:00:00,675
Candle,2019-07-31 00:00:00,899
Candle,2019-08-31 00:00:00,851
Candle,2019-09-30 00:00:00,768
Candle,2019-10-31 00:00:00,1009
Candle,2019-11-30 00:00:00,921
Candle,2019-12-31 00:00:00,689
Candle,2020-01-31 00:00:00,809
Candle,2020-02-29 00:00:00,807
Candle,2020-03-31 00:00:00,856
Candle,2020-04-30 00:00:00,815
Candle,2020-05-31 00:00:00,812
Candle,2020-06-30 00:00:00,793
Candle,2020-07-31 00:00:00,681
Candle,2020-08-31 00:00:00,814
Candle,2020-09-30 00:00:00,629
Candle,2020-10-31 00:00:00,788
Candle,2020-11-30 00:00:00,914
Candle,2020-12-31 00:00:00,670
Candle,2021-01-31 00:00:00,981
Candle,2021-02-28 00:00:00,812
Candle,2021-03-31 00:00:00,820
Candle,2021-04-30 00:00:00,724
Candle,2021-05-31 00:00:00,702
Candle,2021-06-30 00:00:00,997
Candle,2021-07-31 00:00:00,493
Candle,2021-08-31 00:00:00,843
Candle,2021-09-30 00:00:00,862
Candle,2021-10-31 00:00:00,857
Candle,2021-11-30 00:00:00,764
Candle,2021-12-31 00:00:00,697
Candle,2022-01-31 00:00:00,777
Candle,2022-02-28 00:00:00,612
Candle,2022-03-31 00:00:00,703
Candle,2022-04-30 00:00:00,832
Candle,2022-05-31 00:00:00,858
Candle,2022-06-30 00:00:00,843
Candle,2022-07-31 00:00:00,961
Candle,2022-08-31 00:00:00,859
Candle,2022-09-30 00:00:00,873
Candle,2022-10-31 00:00:00,814
Candle,2022-11-30 00:00:00,811
Candle,2022-12-31 00:00:00,858
Candle,2023-01-31 00:00:00,787
Candle,2023-02-28 00:00:00,670
Candle,2023-03-31 00:00:00,819
Candle,2023-04-30 00:00:00,737
Candle,2023-05-31 00:00:00,709
Candle,2023-06-30 00:00:00,593
Candle,2023-07-31 00:00:00,597
Candle,2023-08-31 00:00:00,782
Candle,2023-09-30 00:00:00,729
Candle,2023-10-31 00:00:00,896
Candle,2023-11-30 00:00:00,753
Candle,2023-12-31 00:00:00,851
Candle,2024-01-31 00:00:00,796
Candle,2024-02-29 00:00:00,672
Candle,2024-03-31 00:00:00,750
Candle,2024-04-30 00:00:00,674
Candle,2024-05-31 00:00:00,689
Candle,2024-06-30 00:00:00,779
Candle,2024-07-31 00:00:00,568
Candle,2024-08-31 00:00:00,767
Candle,2024-09-30 00:00:00,762
Candle,2024-10-31 00:00:00,795
Candle,2024-11-30 00:00:00,707
Candle,2024-12-31 00:00:00,724
Candle,2025-01-31 00:00:00,756
Candle,2025-02-28 00:00:00,619
Candle,2025-03-31 00:00:00,710
Candle,2025-04-30 00:00:00,734
Candle,2025-05-31 00:00:00,745
Candle,2025-06-30 00:00:00,751
Candle,2025-07-31 00:00:00,740
Candle,2025-08-31 00:00:00,787
Candle,2025-09-30 00:00:00,783
Candle,2025-10-31 00:00:00,785
Candle,2025-11-30 00:00:00,729
Candle,2025-12-31 00:00:00,778
Candle,2026-01-31 00:00:00,760
Candle,2026-02-28 00:00:00,639
Candle,2026-03-31 00:00:00,756
Candle,2026-04-30 00:00:00,717
Candle,2026-05-31 00:00:00,700
Candle,2026-06-30 00:00:00,656
Candle,2026-07-31 00:00:00,630
Candle,2026-08-31 00:00:00,760
Candle,2026-09-30 00:00:00,732
Candle,2026-10-31 00:00:00,827
Candle,2026-11-30 00:00:00,731
Candle,2026-12-31 00:00:00,791
Candle,2027-01-31 00:00:00,807
Candle,2027-02-28 00:00:00,682
Candle,2027-03-31 00:00:00,767
Candle,2027-04-30 00:00:00,720
Candle,2027-05-31 00:00:00,726
Candle,2027-06-30 00:00:00,755
Candle,2027-07-31 00:00:00,640
Candle,2027-08-31 00:00:00,789
Candle,2027-09-30 00:00:00,774
Candle,2027-10-31 00:00:00,829
Candle,2027-11-30 00:00:00,743
Candle,2027-12-31 00:00:00,770
Candle,2028-01-31 00:00:00,797
Candle,2028-02-29 00:00:00,668
Candle,2028-03-31 00:00:00,761
Candle,2028-04-30 00:00:00,754
Candle,2028-05-31 00:00:00,760
Candle,2028-06-30 00:00:00,765
Candle,2028-07-31 00:00:00,714
Candle,2028-08-31 00:00:00,808
Candle,2028-09-30 00:00:00,794
Cap,2015-01-31 00:00:00,736
Cap,2015-02-28 00:00:00,879
Cap,2015-03-31 00:00:00,689
Cap,2015-04-30 00:00:00,857
Cap,2015-05-31 00:00:00,771
Cap,2015-06-30 00:00:00,800
Cap,2015-07-31 00:00:00,699
Cap,2015-08-31 00:00:00,709
Cap,2015-09-30 00:00:00,867
Cap,2015-10-31 00:00:00,920
Cap,2015-11-30 00:00:00,839
Cap,2015-12-31 00:00:00,787
Cap,2016-01-31 00:00:00,837
Cap,2016-02-29 00:00:00,656
Cap,2016-03-31 00:00:00,1003
Cap,2016-04-30 00:00:00,762
Cap,2016-05-31 00:00:00,718
Cap,2016-06-30 00:00:00,778
Cap,2016-07-31 00:00:00,857
Cap,2016-08-31 00:00:00,886
Cap,2016-09-30 00:00:00,751
Cap,2016-10-31 00:00:00,778
Cap,2016-11-30 00:00:00,791
Cap,2016-12-31 00:00:00,880
Cap,2017-01-31 00:00:00,765
Cap,2017-02-28 00:00:00,758
Cap,2017-03-31 00:00:00,915
Cap,2017-04-30 00:00:00,918
Cap,2017-05-31 00:00:00,844
Cap,2017-06-30 00:00:00,825
Cap,2017-07-31 00:00:00,1002
Cap,2017-08-31 00:00:00,611
Cap,2017-09-30 00:00:00,906
Cap,2017-10-31 00:00:00,719
Cap,2017-11-30 00:00:00,839
Cap,2017-12-31 00:00:00,705
Cap,2018-01-31 00:00:00,810
Cap,2018-02-28 00:00:00,779
Cap,2018-03-31 00:00:00,897
Cap,2018-04-30 00:00:00,813
Cap,2018-05-31 00:00:00,852
Cap,2018-06-30 00:00:00,785
Cap,2018-07-31 00:00:00,607
Cap,2018-08-31 00:00:00,866
Cap,2018-09-30 00:00:00,818
Cap,2018-10-31 00:00:00,822
Cap,2018-11-30 00:00:00,888
Cap,2018-12-31 00:00:00,756
Cap,2019-01-31 00:00:00,853
Cap,2019-02-28 00:00:00,682
Cap,2019-03-31 00:00:00,578
Cap,2019-04-30 00:00:00,662
Cap,2019-05-31 00:00:00,890
Cap,2019-06-30 00:00:00,743
Cap,2019-07-31 00:00:00,837
Cap,2019-08-31 00:00:00,819
Cap,2019-09-30 00:00:00,757
Cap,2019-10-31 00:00:00,808
Cap,2019-11-30 00:00:00,980
Cap,2019-12-31 00:00:00,872
Cap,2020-01-31 00:00:00,704
Cap,2020-02-29 00:00:00,1032
Cap,2020-03-31 00:00:00,808
Cap,2020-04-30 00:00:00,850
Cap,2020-05-31 00:00:00,680
Cap,2020-06-30 00:00:00,630
Cap,2020-07-31 00:00:00,923
Cap,2020-08-31 00:00:00,724
Cap,2020-09-30 00:00:00,811
Cap,2020-10-31 00:00:00,796
Cap,2020-11-30 00:00:00,951
Cap,2020-12-31 00:00:00,807
Cap,2021-01-31 00:00:00,982
Cap,2021-02-28 00:00:00,804
Cap,2021-03-31 00:00:00,582
Cap,2021-04-30 00:00:00,922
Cap,2021-05-31 00:00:00,895
Cap,2021-06-30 00:00:00,763
Cap,2021-07-31 00:00:00,697
Cap,2021-08-31 00:00:00,906
Cap,2021-09-30 00:00:00,749
Cap,2021-10-31 00:00:00,815
Cap,2021-11-30 00:00:00,910
Cap,2021-12-31 00:00:00,1027
Cap,2022-01-31 00:00:00,785
Cap,2022-02-28 00:00:00,767
Cap,2022-03-31 00:00:00,840
Cap,2022-04-30 00:00:00,845
Cap,2022-05-31 00:00:00,665
Cap,2022-06-30 00:00:00,1031
Cap,2022-07-31 00:00:00,897
Cap,2022-08-31 00:00:00,945
Cap,2022-09-30 00:00:00,814
Cap,2022-10-31 00:00:00,850
Cap,2022-11-30 00:00:00,687
Cap,2022-12-31 00:00:00,769
Cap,2023-01-31 00:00:00,910
Cap,2023-02-28 00:00:00,645
Cap,2023-03-31 00:00:00,925
Cap,2023-04-30 00:00:00,1029
Cap,2023-05-31 00:00:00,821
Cap,2023-06-30 00:00:00,640
Cap,2023-07-31 00:00:00,666
Cap,2023-08-31 00:00:00,957
Cap,2023-09-30 00:00:00,864
Cap,2023-10-31 00:00:00,644
Cap,2023-11-30 00:00:00,692
Cap,2023-12-31 00:00:00,837
Cap,2024-01-31 00:00:00,592
Cap,2024-02-29 00:00:00,596
Cap,2024-03-31 00:00:00,611
Cap,2024-04-30 00:00:00,624
Cap,2024-05-31 00:00:00,587
Cap,2024-06-30 00:00:00,627
Cap,2024-07-31 00:00:00,631
Cap,2024-08-31 00:00:00,631
Cap,2024-09-30 00:00:00,612
Cap,2024-10-31 00:00:00,629
Cap,2024-11-30 00:00:00,661
Cap,2024-12-31 00:00:00,637
Cap,2025-01-31 00:00:00,651
Cap,2025-02-28 00:00:00,595
Cap,2025-03-31 00:00:00,620
Cap,2025-04-30 00:00:00,680
Cap,2025-05-31 00:00:00,611
Cap,2025-06-30 00:00:00,590
Cap,2025-07-31 00:00:00,599
Cap,2025-08-31 00:00:00,666
Cap,2025-09-30 00:00:00,630
Cap,2025-10-31 00:00:00,595
Cap,2025-11-30 00:00:00,632
Cap,2025-12-31 00:00:00,649
Cap,2026-01-31 00:00:00,612
Cap,2026-02-28 00:00:00,569
Cap,2026-03-31 00:00:00,603
Cap,2026-04-30 00:00:00,654
Cap,2026-05-31 00:00:00,581
Cap,2026-06-30 00:00:00,582
Cap,2026-07-31 00:00:00,593
Cap,2026-08-31 00:00:00,637
Cap,2026-09-30 00:00:00,608
Cap,2026-10-31 00:00:00,588
Cap,2026-11-30 00:00:00,629
Cap,2026-12-31 00:00:00,632
Cap,2027-01-31 00:00:00,609
Cap,2027-02-28 00:00:00,559
Cap,2027-03-31 00:00:00,583
Cap,2027-04-30 00:00:00,640
Cap,2027-05-31 00:00:00,572
Cap,2027-06-30 00:00:00,568
Cap,2027-07-31 00:00:00,585
Cap,2027-08-31 00:00:00,632
Cap,2027-09-30 00:00:00,592
Cap,2027-10-31 00:00:00,566
Cap,2027-11-30 00:00:00,612
Cap,2027-12-31 00:00:00,612
Cap,2028-01-31 00:00:00,588
Cap,2028-02-29 00:00:00,543
Cap,2028-03-31 00:00:00,577
Cap,2028-04-30 00:00:00,634
Cap,2028-05-31 00:00:00,555
Cap,2028-06-30 00:00:00,556
Cap,2028-07-31 00:00:00,567
Cap,2028-08-31 00:00:00,617
Cap,2028-09-30 00:00:00,576
Cardigans,2015-01-31 00:00:00,1014
Cardigans,2015-02-28 00:00:00,655
Cardigans,2015-03-31 00:00:00,974
Cardigans,2015-04-30 00:00:00,844
Cardigans,2015-05-31 00:00:00,813
Cardigans,2015-06-30 00:00:00,862
Cardigans,2015-07-31 00:00:00,965
Cardigans,2015-08-31 00:00:00,1021
Cardigans,2015-09-30 00:00:00,546
Cardigans,2015-10-31 00:00:00,864
Cardigans,2015-11-30 00:00:00,849
Cardigans,2015-12-31 00:00:00,824
Cardigans,2016-01-31 00:00:00,840
Cardigans,2016-02-29 00:00:00,823
Cardigans,2016-03-31 00:00:00,710
Cardigans,2016-04-30 00:00:00,739
Cardigans,2016-05-31 00:00:00,952
Cardigans,2016-06-30 00:00:00,966
Cardigans,2016-07-31 00:00:00,954
Cardigans,2016-08-31 00:00:00,890
Cardigans,2016-09-30 00:00:00,780
Cardigans,2016-10-31 00:00:00,953
Cardigans,2016-11-30 00:00:00,921
Cardigans,2016-12-31 00:00:00,760
Cardigans,2017-01-31 00:00:00,802
Cardigans,2017-02-28 00:00:00,827
Cardigans,2017-03-31 00:00:00,952
Cardigans,2017-04-30 00:00:00,768
Cardigans,2017-05-31 00:00:00,773
Cardigans,2017-06-30 00:00:00,776
Cardigans,2017-07-31 00:00:00,719
Cardigans,2017-08-31 00:00:00,692
Cardigans,2017-09-30 00:00:00,969
Cardigans,2017-10-31 00:00:00,947
Cardigans,2017-11-30 00:00:00,914
Cardigans,2017-12-31 00:00:00,836
Cardigans,2018-01-31 00:00:00,674
Cardigans,2018-02-28 00:00:00,759
Cardigans,2018-03-31 00:00:00,594
Cardigans,2018-04-30 00:00:00,823
Cardigans,2018-05-31 00:00:00,840
Cardigans,2018-06-30 00:00:00,839
Cardigans,2018-07-31 00:00:00,795
Cardigans,2018-08-31 00:00:00,855
Cardigans,2018-09-30 00:00:00,630
Cardigans,2018-10-31 00:00:00,942
Cardigans,2018-11-30 00:00:00,772
Cardigans,2018-12-31 00:00:00,745
Cardigans,2019-01-31 00:00:00,898
Cardigans,2019-02-28 00:00:00,787
Cardigans,2019-03-31 00:00:00,896
Cardigans,2019-04-30 00:00:00,667
Cardigans,2019-05-31 00:00:00,814
Cardigans,2019-06-30 00:00:00,850
Cardigans,2019-07-31 00:00:00,910
Cardigans,2019-08-31 00:00:00,959
Cardigans,2019-09-30 00:00:00,653
Cardigans,2019-10-31 00:00:00,895
Cardigans,2019-11-30 00:00:00,851
Cardigans,2019-12-31 00:00:00,973
Cardigans,2020-01-31 00:00:00,873
Cardigans,2020-02-29 00:00:00,614
Cardigans,2020-03-31 00:00:00,907
Cardigans,2020-04-30 00:00:00,778
Cardigans,2020-05-31 00:00:00,730
Cardigans,2020-06-30 00:00:00,811
Cardigans,2020-07-31 00:00:00,609
Cardigans,2020-08-31 00:00:00,810
Cardigans,2020-09-30 00:00:00,887
Cardigans,2020-10-31 00:00:00,846
Cardigans,2020-11-30 00:00:00,793
Cardigans,2020-12-31 00:00:00,834
Cardigans,2021-01-31 00:00:00,707
Cardigans,2021-02-28 00:00:00,816
Cardigans,2021-03-31 00:00:00,946
Cardigans,2021-04-30 00:00:00,747
Cardigans,2021-05-31 00:00:00,760
Cardigans,2021-06-30 00:00:00,780
Cardigans,2021-07-31 00:00:00,871
Cardigans,2021-08-31 00:00:00,999
Cardigans,2021-09-30 00:00:00,875
Cardigans,2021-10-31 00:00:00,808
Cardigans,2021-11-30 00:00:00,896
Cardigans,2021-12-31 00:00:00,794
Cardigans,2022-01-31 00:00:00,660
Cardigans,2022-02-28 00:00:00,886
Cardigans,2022-03-31 00:00:00,992
Cardigans,2022-04-30 00:00:00,894
Cardigans,2022-05-31 00:00:00,695
Cardigans,2022-06-30 00:00:00,835
Cardigans,2022-07-31 00:00:00,801
Cardigans,2022-08-31 00:00:00,750
Cardigans,2022-09-30 00:00:00,793
Cardigans,2022-10-31 00:00:00,1219
Cardigans,2022-11-30 00:00:00,819
Cardigans,2022-12-31 00:00:00,903
Cardigans,2023-01-31 00:00:00,723
Cardigans,2023-02-28 00:00:00,739
Cardigans,2023-03-31 00:00:00,526
Cardigans,2023-04-30 00:00:00,786
Cardigans,2023-05-31 00:00:00,771
Cardigans,2023-06-30 00:00:00,652
Cardigans,2023-07-31 00:00:00,665
Cardigans,2023-08-31 00:00:00,831
Cardigans,2023-09-30 00:00:00,756
Cardigans,2023-10-31 00:00:00,645
Cardigans,2023-11-30 00:00:00,804
Cardigans,2023-12-31 00:00:00,849
Cardigans,2024-01-31 00:00:00,659
Cardigans,2024-02-29 00:00:00,608
Cardigans,2024-03-31 00:00:00,757
Cardigans,2024-04-30 00:00:00,581
Cardigans,2024-05-31 00:00:00,653
Cardigans,2024-06-30 00:00:00,719
Cardigans,2024-07-31 00:00:00,679
Cardigans,2024-08-31 00:00:00,734
Cardigans,2024-09-30 00:00:00,655
Cardigans,2024-10-31 00:00:00,742
Cardigans,2024-11-30 00:00:00,708
Cardigans,2024-12-31 00:00:00,677
Cardigans,2025-01-31 00:00:00,630
Cardigans,2025-02-28 00:00:00,651
Cardigans,2025-03-31 00:00:00,732
Cardigans,2025-04-30 00:00:00,650
Cardigans,2025-05-31 00:00:00,626
Cardigans,2025-06-30 00:00:00,675
Cardigans,2025-07-31 00:00:00,672
Cardigans,2025-08-31 00:00:00,703
Cardigans,2025-09-30 00:00:00,648
Cardigans,2025-10-31 00:00:00,806
Cardigans,2025-11-30 00:00:00,693
Cardigans,2025-12-31 00:00:00,692
Cardigans,2026-01-31 00:00:00,617
Cardigans,2026-02-28 00:00:00,628
Cardigans,2026-03-31 00:00:00,657
Cardigans,2026-04-30 00:00:00,639
Cardigans,2026-05-31 00:00:00,623
Cardigans,2026-06-30 00:00:00,638
Cardigans,2026-07-31 00:00:00,636
Cardigans,2026-08-31 00:00:00,698
Cardigans,2026-09-30 00:00:00,638
Cardigans,2026-10-31 00:00:00,723
Cardigans,2026-11-30 00:00:00,682
Cardigans,2026-12-31 00:00:00,686
Cardigans,2027-01-31 00:00:00,606
Cardigans,2027-02-28 00:00:00,612
Cardigans,2027-03-31 00:00:00,665
Cardigans,2027-04-30 00:00:00,612
Cardigans,2027-05-31 00:00:00,619
Cardigans,2027-06-30 00:00:00,644
Cardigans,2027-07-31 00:00:00,621
Cardigans,2027-08-31 00:00:00,684
Cardigans,2027-09-30 00:00:00,611
Cardigans,2027-10-31 00:00:00,718
Cardigans,2027-11-30 00:00:00,672
Cardigans,2027-12-31 00:00:00,677
Cardigans,2028-01-31 00:00:00,592
Cardigans,2028-02-29 00:00:00,594
Cardigans,2028-03-31 00:00:00,680
Cardigans,2028-04-30 00:00:00,602
Cardigans,2028-05-31 00:00:00,598
Cardigans,2028-06-30 00:00:00,636
Cardigans,2028-07-31 00:00:00,621
Cardigans,2028-08-31 00:00:00,670
Cardigans,2028-09-30 00:00:00,606
Cargo Trousers,2015-01-31 00:00:00,741
Cargo Trousers,2015-02-28 00:00:00,680
Cargo Trousers,2015-03-31 00:00:00,875
Cargo Trousers,2015-04-30 00:00:00,757
Cargo Trousers,2015-05-31 00:00:00,903
Cargo Trousers,2015-06-30 00:00:00,999
Cargo Trousers,2015-07-31 00:00:00,642
Cargo Trousers,2015-08-31 00:00:00,894
Cargo Trousers,2015-09-30 00:00:00,903
Cargo Trousers,2015-10-31 00:00:00,916
Cargo Trousers,2015-11-30 00:00:00,680
Cargo Trousers,2015-12-31 00:00:00,803
Cargo Trousers,2016-01-31 00:00:00,727
Cargo Trousers,2016-02-29 00:00:00,812
Cargo Trousers,2016-03-31 00:00:00,706
Cargo Trousers,2016-04-30 00:00:00,787
Cargo Trousers,2016-05-31 00:00:00,700
Cargo Trousers,2016-06-30 00:00:00,757
Cargo Trousers,2016-07-31 00:00:00,791
Cargo Trousers,2016-08-31 00:00:00,622
Cargo Trousers,2016-09-30 00:00:00,715
Cargo Trousers,2016-10-31 00:00:00,835
Cargo Trousers,2016-11-30 00:00:00,738
Cargo Trousers,2016-12-31 00:00:00,724
Cargo Trousers,2017-01-31 00:00:00,685
Cargo Trousers,2017-02-28 00:00:00,939
Cargo Trousers,2017-03-31 00:00:00,740
Cargo Trousers,2017-04-30 00:00:00,515
Cargo Trousers,2017-05-31 00:00:00,926
Cargo Trousers,2017-06-30 00:00:00,836
Cargo Trousers,2017-07-31 00:00:00,937
Cargo Trousers,2017-08-31 00:00:00,1026
Cargo Trousers,2017-09-30 00:00:00,770
Cargo Trousers,2017-10-31 00:00:00,963
Cargo Trousers,2017-11-30 00:00:00,766
Cargo Trousers,2017-12-31 00:00:00,730
Cargo Trousers,2018-01-31 00:00:00,693
Cargo Trousers,2018-02-28 00:00:00,657
Cargo Trousers,2018-03-31 00:00:00,868
Cargo Trousers,2018-04-30 00:00:00,805
Cargo Trousers,2018-05-31 00:00:00,568
Cargo Trousers,2018-06-30 00:00:00,753
Cargo Trousers,2018-07-31 00:00:00,828
Cargo Trousers,2018-08-31 00:00:00,638
Cargo Trousers,2018-09-30 00:00:00,887
Cargo Trousers,2018-10-31 00:00:00,847
Cargo Trousers,2018-11-30 00:00:00,799
Cargo Trousers,2018-12-31 00:00:00,702
Cargo Trousers,2019-01-31 00:00:00,724
Cargo Trousers,2019-02-28 00:00:00,649
Cargo Trousers,2019-03-31 00:00:00,928
Cargo Trousers,2019-04-30 00:00:00,785
Cargo Trousers,2019-05-31 00:00:00,743
Cargo Trousers,2019-06-30 00:00:00,732
Cargo Trousers,2019-07-31 00:00:00,866
Cargo Trousers,2019-08-31 00:00:00,725
Cargo Trousers,2019-09-30 00:00:00,920
Cargo Trousers,2019-10-31 00:00:00,620
Cargo Trousers,2019-11-30 00:00:00,1075
Cargo Trousers,2019-12-31 00:00:00,807
Cargo Trousers,2020-01-31 00:00:00,701
Cargo Trousers,2020-02-29 00:00:00,760
Cargo Trousers,2020-03-31 00:00:00,680
Cargo Trousers,2020-04-30 00:00:00,651
Cargo Trousers,2020-05-31 00:00:00,764
Cargo Trousers,2020-06-30 00:00:00,853
Cargo Trousers,2020-07-31 00:00:00,842
Cargo Trousers,2020-08-31 00:00:00,724
Cargo Trousers,2020-09-30 00:00:00,836
Cargo Trousers,2020-10-31 00:00:00,768
Cargo Trousers,2020-11-30 00:00:00,808
Cargo Trousers,2020-12-31 00:00:00,936
Cargo Trousers,2021-01-31 00:00:00,749
Cargo Trousers,2021-02-28 00:00:00,794
Cargo Trousers,2021-03-31 00:00:00,710
Cargo Trousers,2021-04-30 00:00:00,616
Cargo Trousers,2021-05-31 00:00:00,755
Cargo Trousers,2021-06-30 00:00:00,667
Cargo Trousers,2021-07-31 00:00:00,1161
Cargo Trousers,2021-08-31 00:00:00,646
Cargo Trousers,2021-09-30 00:00:00,844
Cargo Trousers,2021-10-31 00:00:00,725
Cargo Trousers,2021-11-30 00:00:00,770
Cargo Trousers,2021-12-31 00:00:00,986
Cargo Trousers,2022-01-31 00:00:00,993
Cargo Trousers,2022-02-28 00:00:00,650
Cargo Trousers,2022-03-31 00:00:00,625
Cargo Trousers,2022-04-30 00:00:00,849
Cargo Trousers,2022-05-31 00:00:00,853
Cargo Trousers,2022-06-30 00:00:00,640
Cargo Trousers,2022-07-31 00:00:00,860
Cargo Trousers,2022-08-31 00:00:00,810
Cargo Trousers,2022-09-30 00:00:00,893
Cargo Trousers,2022-10-31 00:00:00,824
Cargo Trousers,2022-11-30 00:00:00,684
Cargo Trousers,2022-12-31 00:00:00,682
Cargo Trousers,2023-01-31 00:00:00,911
Cargo Trousers,2023-02-28 00:00:00,851
Cargo Trousers,2023-03-31 00:00:00,748
Cargo Trousers,2023-04-30 00:00:00,666
Cargo Trousers,2023-05-31 00:00:00,825
Cargo Trousers,2023-06-30 00:00:00,979
Cargo Trousers,2023-07-31 00:00:00,742
Cargo Trousers,2023-08-31 00:00:00,887
Cargo Trousers,2023-09-30 00:00:00,773
Cargo Trousers,2023-10-31 00:00:00,902
Cargo Trousers,2023-11-30 00:00:00,601
Cargo Trousers,2023-12-31 00:00:00,767
Cargo Trousers,2024-01-31 00:00:00,787
Cargo Trousers,2024-02-29 00:00:00,701
Cargo Trousers,2024-03-31 00:00:00,617
Cargo Trousers,2024-04-30 00:00:00,567
Cargo Trousers,2024-05-31 00:00:00,667
Cargo Trousers,2024-06-30 00:00:00,682
Cargo Trousers,2024-07-31 00:00:00,805
Cargo Trousers,2024-08-31 00:00:00,648
Cargo Trousers,2024-09-30 00:00:00,712
Cargo Trousers,2024-10-31 00:00:00,728
Cargo Trousers,2024-11-30 00:00:00,586
Cargo Trousers,2024-12-31 00:00:00,715
Cargo Trousers,2025-01-31 00:00:00,808
Cargo Trousers,2025-02-28 00:00:00,632
Cargo Trousers,2025-03-31 00:00:00,571
Cargo Trousers,2025-04-30 00:00:00,618
Cargo Trousers,2025-05-31 00:00:00,689
Cargo Trousers,2025-06-30 00:00:00,651
Cargo Trousers,2025-07-31 00:00:00,730
Cargo Trousers,2025-08-31 00:00:00,683
Cargo Trousers,2025-09-30 00:00:00,707
Cargo Trousers,2025-10-31 00:00:00,713
Cargo Trousers,2025-11-30 00:00:00,551
Cargo Trousers,2025-12-31 00:00:00,637
Cargo Trousers,2026-01-31 00:00:00,775
Cargo Trousers,2026-02-28 00:00:00,663
Cargo Trousers,2026-03-31 00:00:00,586
Cargo Trousers,2026-04-30 00:00:00,556
Cargo Trousers,2026-05-31 00:00:00,682
Cargo Trousers,2026-06-30 00:00:00,713
Cargo Trousers,2026-07-31 00:00:00,706
Cargo Trousers,2026-08-31 00:00:00,682
Cargo Trousers,2026-09-30 00:00:00,669
Cargo Trousers,2026-10-31 00:00:00,721
Cargo Trousers,2026-11-30 00:00:00,536
Cargo Trousers,2026-12-31 00:00:00,650
Cargo Trousers,2027-01-31 00:00:00,748
Cargo Trousers,2027-02-28 00:00:00,639
Cargo Trousers,2027-03-31 00:00:00,569
Cargo Trousers,2027-04-30 00:00:00,552
Cargo Trousers,2027-05-31 00:00:00,644
Cargo Trousers,2027-06-30 00:00:00,664
Cargo Trousers,2027-07-31 00:00:00,715
Cargo Trousers,2027-08-31 00:00:00,654
Cargo Trousers,2027-09-30 00:00:00,663
Cargo Trousers,2027-10-31 00:00:00,675
Cargo Trousers,2027-11-30 00:00:00,520
Cargo Trousers,2027-12-31 00:00:00,641
Cargo Trousers,2028-01-31 00:00:00,748
Cargo Trousers,2028-02-29 00:00:00,616
Cargo Trousers,2028-03-31 00:00:00,543
Cargo Trousers,2028-04-30 00:00:00,555
Cargo Trousers,2028-05-31 00:00:00,641
Cargo Trousers,2028-06-30 00:00:00,647
Cargo Trousers,2028-07-31 00:00:00,686
Cargo Trousers,2028-08-31 00:00:00,647
Cargo Trousers,2028-09-30 00:00:00,652
Chelsea Boots,2015-01-31 00:00:00,685
Chelsea Boots,2015-02-28 00:00:00,791
Chelsea Boots,2015-03-31 00:00:00,812
Chelsea Boots,2015-04-30 00:00:00,715
Chelsea Boots,2015-05-31 00:00:00,741
Chelsea Boots,2015-06-30 00:00:00,663
Chelsea Boots,2015-07-31 00:00:00,568
Chelsea Boots,2015-08-31 00:00:00,761
Chelsea Boots,2015-09-30 00:00:00,1061
Chelsea Boots,2015-10-31 00:00:00,862
Chelsea Boots,2015-11-30 00:00:00,643
Chelsea Boots,2015-12-31 00:00:00,846
Chelsea Boots,2016-01-31 00:00:00,738
Chelsea Boots,2016-02-29 00:00:00,728
Chelsea Boots,2016-03-31 00:00:00,927
Chelsea Boots,2016-04-30 00:00:00,555
Chelsea Boots,2016-05-31 00:00:00,869
Chelsea Boots,2016-06-30 00:00:00,992
Chelsea Boots,2016-07-31 00:00:00,920
Chelsea Boots,2016-08-31 00:00:00,721
Chelsea Boots,2016-09-30 00:00:00,1003
Chelsea Boots,2016-10-31 00:00:00,844
Chelsea Boots,2016-11-30 00:00:00,882
Chelsea Boots,2016-12-31 00:00:00,754
Chelsea Boots,2017-01-31 00:00:00,815
Chelsea Boots,2017-02-28 00:00:00,990
Chelsea Boots,2017-03-31 00:00:00,836
Chelsea Boots,2017-04-30 00:00:00,888
Chelsea Boots,2017-05-31 00:00:00,837
Chelsea Boots,2017-06-30 00:00:00,815
Chelsea Boots,2017-07-31 00:00:00,830
Chelsea Boots,2017-08-31 00:00:00,885
Chelsea Boots,2017-09-30 00:00:00,820
Chelsea Boots,2017-10-31 00:00:00,981
Chelsea Boots,2017-11-30 00:00:00,716
Chelsea Boots,2017-12-31 00:00:00,716
Chelsea Boots,2018-01-31 00:00:00,883
Chelsea Boots,2018-02-28 00:00:00,618
Chelsea Boots,2018-03-31 00:00:00,746
Chelsea Boots,2018-04-30 00:00:00,739
Chelsea Boots,2018-05-31 00:00:00,851
Chelsea Boots,2018-06-30 00:00:00,662
Chelsea Boots,2018-07-31 00:00:00,653
Chelsea Boots,2018-08-31 00:00:00,942
Chelsea Boots,2018-09-30 00:00:00,894
Chelsea Boots,2018-10-31 00:00:00,984
Chelsea Boots,2018-11-30 00:00:00,856
Chelsea Boots,2018-12-31 00:00:00,778
Chelsea Boots,2019-01-31 00:00:00,981
Chelsea Boots,2019-02-28 00:00:00,747
Chelsea Boots,2019-03-31 00:00:00,780
Chelsea Boots,2019-04-30 00:00:00,862
Chelsea Boots,2019-05-31 00:00:00,889
Chelsea Boots,2019-06-30 00:00:00,592
Chelsea Boots,2019-07-31 00:00:00,848
Chelsea Boots,2019-08-31 00:00:00,780
Chelsea Boots,2019-09-30 00:00:00,956
Chelsea Boots,2019-10-31 00:00:00,704
Chelsea Boots,2019-11-30 00:00:00,648
Chelsea Boots,2019-12-31 00:00:00,924
Chelsea Boots,2020-01-31 00:00:00,570
Chelsea Boots,2020-02-29 00:00:00,674
Chelsea Boots,2020-03-31 00:00:00,821
Chelsea Boots,2020-04-30 00:00:00,867
Chelsea Boots,2020-05-31 00:00:00,916
Chelsea Boots,2020-06-30 00:00:00,834
Chelsea Boots,2020-07-31 00:00:00,1033
Chelsea Boots,2020-08-31 00:00:00,700
Chelsea Boots,2020-09-30 00:00:00,668
Chelsea Boots,2020-10-31 00:00:00,951
Chelsea Boots,2020-11-30 00:00:00,760
Chelsea Boots,2020-12-31 00:00:00,970
Chelsea Boots,2021-01-31 00:00:00,913
Chelsea Boots,2021-02-28 00:00:00,632
Chelsea Boots,2021-03-31 00:00:00,1008
Chelsea Boots,2021-04-30 00:00:00,747
Chelsea Boots,2021-05-31 00:00:00,907
Chelsea Boots,2021-06-30 00:00:00,824
Chelsea Boots,2021-07-31 00:00:00,726
Chelsea Boots,2021-08-31 00:00:00,846
Chelsea Boots,2021-09-30 00:00:00,876
Chelsea Boots,2021-10-31 00:00:00,866
Chelsea Boots,2021-11-30 00:00:00,762
Chelsea Boots,2021-12-31 00:00:00,789
Chelsea Boots,2022-01-31 00:00:00,796
Chelsea Boots,2022-02-28 00:00:00,689
Chelsea Boots,2022-03-31 00:00:00,917
Chelsea Boots,2022-04-30 00:00:00,924
Chelsea Boots,2022-05-31 00:00:00,684
Chelsea Boots,2022-06-30 00:00:00,816
Chelsea Boots,2022-07-31 00:00:00,664
Chelsea Boots,2022-08-31 00:00:00,739
Chelsea Boots,2022-09-30 00:00:00,739
Chelsea Boots,2022-10-31 00:00:00,943
Chelsea Boots,2022-11-30 00:00:00,876
Chelsea Boots,2022-12-31 00:00:00,949
Chelsea Boots,2023-01-31 00:00:00,808
Chelsea Boots,2023-02-28 00:00:00,697
Chelsea Boots,2023-03-31 00:00:00,928
Chelsea Boots,2023-04-30 00:00:00,897
Chelsea Boots,2023-05-31 00:00:00,539
Chelsea Boots,2023-06-30 00:00:00,870
Chelsea Boots,2023-07-31 00:00:00,782
Chelsea Boots,2023-08-31 00:00:00,729
Chelsea Boots,2023-09-30 00:00:00,574
Chelsea Boots,2023-10-31 00:00:00,727
Chelsea Boots,2023-11-30 00:00:00,848
Chelsea Boots,2023-12-31 00:00:00,700
Chelsea Boots,2024-01-31 00:00:00,595
Chelsea Boots,2024-02-29 00:00:00,513
Chelsea Boots,2024-03-31 00:00:00,698
Chelsea Boots,2024-04-30 00:00:00,671
Chelsea Boots,2024-05-31 00:00:00,542
Chelsea Boots,2024-06-30 00:00:00,601
Chelsea Boots,2024-07-31 00:00:00,587
Chelsea Boots,2024-08-31 00:00:00,577
Chelsea Boots,2024-09-30 00:00:00,569
Chelsea Boots,2024-10-31 00:00:00,680
Chelsea Boots,2024-11-30 00:00:00,609
Chelsea Boots,2024-12-31 00:00:00,627
Chelsea Boots,2025-01-31 00:00:00,580
Chelsea Boots,2025-02-28 00:00:00,486
Chelsea Boots,2025-03-31 00:00:00,668
Chelsea Boots,2025-04-30 00:00:00,625
Chelsea Boots,2025-05-31 00:00:00,530
Chelsea Boots,2025-06-30 00:00:00,588
Chelsea Boots,2025-07-31 00:00:00,549
Chelsea Boots,2025-08-31 00:00:00,558
Chelsea Boots,2025-09-30 00:00:00,538
Chelsea Boots,2025-10-31 00:00:00,622
Chelsea Boots,2025-11-30 00:00:00,582
Chelsea Boots,2025-12-31 00:00:00,596
Chelsea Boots,2026-01-31 00:00:00,553
Chelsea Boots,2026-02-28 00:00:00,462
Chelsea Boots,2026-03-31 00:00:00,639
Chelsea Boots,2026-04-30 00:00:00,600
Chelsea Boots,2026-05-31 00:00:00,493
Chelsea Boots,2026-06-30 00:00:00,557
Chelsea Boots,2026-07-31 00:00:00,530
Chelsea Boots,2026-08-31 00:00:00,522
Chelsea Boots,2026-09-30 00:00:00,511
Chelsea Boots,2026-10-31 00:00:00,592
Chelsea Boots,2026-11-30 00:00:00,552
Chelsea Boots,2026-12-31 00:00:00,568
Chelsea Boots,2027-01-31 00:00:00,524
Chelsea Boots,2027-02-28 00:00:00,434
Chelsea Boots,2027-03-31 00:00:00,606
Chelsea Boots,2027-04-30 00:00:00,569
Chelsea Boots,2027-05-31 00:00:00,467
Chelsea Boots,2027-06-30 00:00:00,528
Chelsea Boots,2027-07-31 00:00:00,499
Chelsea Boots,2027-08-31 00:00:00,497
Chelsea Boots,2027-09-30 00:00:00,486
Chelsea Boots,2027-10-31 00:00:00,568
Chelsea Boots,2027-11-30 00:00:00,528
Chelsea Boots,2027-12-31 00:00:00,542
Chelsea Boots,2028-01-31 00:00:00,499
Chelsea Boots,2028-02-29 00:00:00,408
Chelsea Boots,2028-03-31 00:00:00,580
Chelsea Boots,2028-04-30 00:00:00,548
Chelsea Boots,2028-05-31 00:00:00,444
Chelsea Boots,2028-06-30 00:00:00,503
Chelsea Boots,2028-07-31 00:00:00,474
Chelsea Boots,2028-08-31 00:00:00,467
Chelsea Boots,2028-09-30 00:00:00,470
Corduroy Trousers,2015-01-31 00:00:00,942
Corduroy Trousers,2015-02-28 00:00:00,777
Corduroy Trousers,2015-03-31 00:00:00,729
Corduroy Trousers,2015-04-30 00:00:00,608
Corduroy Trousers,2015-05-31 00:00:00,1042
Corduroy Trousers,2015-06-30 00:00:00,884
Corduroy Trousers,2015-07-31 00:00:00,874
Corduroy Trousers,2015-08-31 00:00:00,768
Corduroy Trousers,2015-09-30 00:00:00,816
Corduroy Trousers,2015-10-31 00:00:00,856
Corduroy Trousers,2015-11-30 00:00:00,845
Corduroy Trousers,2015-12-31 00:00:00,733
Corduroy Trousers,2016-01-31 00:00:00,902
Corduroy Trousers,2016-02-29 00:00:00,568
Corduroy Trousers,2016-03-31 00:00:00,818
Corduroy Trousers,2016-04-30 00:00:00,904
Corduroy Trousers,2016-05-31 00:00:00,788
Corduroy Trousers,2016-06-30 00:00:00,973
Corduroy Trousers,2016-07-31 00:00:00,830
Corduroy Trousers,2016-08-31 00:00:00,863
Corduroy Trousers,2016-09-30 00:00:00,799
Corduroy Trousers,2016-10-31 00:00:00,868
Corduroy Trousers,2016-11-30 00:00:00,792
Corduroy Trousers,2016-12-31 00:00:00,715
Corduroy Trousers,2017-01-31 00:00:00,723
Corduroy Trousers,2017-02-28 00:00:00,838
Corduroy Trousers,2017-03-31 00:00:00,977
Corduroy Trousers,2017-04-30 00:00:00,612
Corduroy Trousers,2017-05-31 00:00:00,839
Corduroy Trousers,2017-06-30 00:00:00,579
Corduroy Trousers,2017-07-31 00:00:00,941
Corduroy Trousers,2017-08-31 00:00:00,871
Corduroy Trousers,2017-09-30 00:00:00,851
Corduroy Trousers,2017-10-31 00:00:00,800
Corduroy Trousers,2017-11-30 00:00:00,795
Corduroy Trousers,2017-12-31 00:00:00,740
Corduroy Trousers,2018-01-31 00:00:00,895
Corduroy Trousers,2018-02-28 00:00:00,751
Corduroy Trousers,2018-03-31 00:00:00,856
Corduroy Trousers,2018-04-30 00:00:00,732
Corduroy Trousers,2018-05-31 00:00:00,925
Corduroy Trousers,2018-06-30 00:00:00,858
Corduroy Trousers,2018-07-31 00:00:00,817
Corduroy Trousers,2018-08-31 00:00:00,840
Corduroy Trousers,2018-09-30 00:00:00,714
Corduroy Trousers,2018-10-31 00:00:00,908
Corduroy Trousers,2018-11-30 00:00:00,992
Corduroy Trousers,2018-12-31 00:00:00,874
Corduroy Trousers,2019-01-31 00:00:00,805
Corduroy Trousers,2019-02-28 00:00:00,601
Corduroy Trousers,2019-03-31 00:00:00,537
Corduroy Trousers,2019-04-30 00:00:00,723
Corduroy Trousers,2019-05-31 00:00:00,839
Corduroy Trousers,2019-06-30 00:00:00,802
Corduroy Trousers,2019-07-31 00:00:00,821
Corduroy Trousers,2019-08-31 00:00:00,573
Corduroy Trousers,2019-09-30 00:00:00,647
Corduroy Trousers,2019-10-31 00:00:00,836
Corduroy Trousers,2019-11-30 00:00:00,701
Corduroy Trousers,2019-12-31 00:00:00,605
Corduroy Trousers,2020-01-31 00:00:00,863
Corduroy Trousers,2020-02-29 00:00:00,885
Corduroy Trousers,2020-03-31 00:00:00,788
Corduroy Trousers,2020-04-30 00:00:00,728
Corduroy Trousers,2020-05-31 00:00:00,686
Corduroy Trousers,2020-06-30 00:00:00,846
Corduroy Trousers,2020-07-31 00:00:00,963
Corduroy Trousers,2020-08-31 00:00:00,698
Corduroy Trousers,2020-09-30 00:00:00,747
Corduroy Trousers,2020-10-31 00:00:00,885
Corduroy Trousers,2020-11-30 00:00:00,933
Corduroy Trousers,2020-12-31 00:00:00,1034
Corduroy Trousers,2021-01-31 00:00:00,891
Corduroy Trousers,2021-02-28 00:00:00,721
Corduroy Trousers,2021-03-31 00:00:00,991
Corduroy Trousers,2021-04-30 00:00:00,799
Corduroy Trousers,2021-05-31 00:00:00,798
Corduroy Trousers,2021-06-30 00:00:00,875
Corduroy Trousers,2021-07-31 00:00:00,722
Corduroy Trousers,2021-08-31 00:00:00,1005
Corduroy Trousers,2021-09-30 00:00:00,684
Corduroy Trousers,2021-10-31 00:00:00,876
Corduroy Trousers,2021-11-30 00:00:00,882
Corduroy Trousers,2021-12-31 00:00:00,832
Corduroy Trousers,2022-01-31 00:00:00,714
Corduroy Trousers,2022-02-28 00:00:00,845
Corduroy Trousers,2022-03-31 00:00:00,1003
Corduroy Trousers,2022-04-30 00:00:00,969
Corduroy Trousers,2022-05-31 00:00:00,773
Corduroy Trousers,2022-06-30 00:00:00,638
Corduroy Trousers,2022-07-31 00:00:00,889
Corduroy Trousers,2022-08-31 00:00:00,694
Corduroy Trousers,2022-09-30 00:00:00,627
Corduroy Trousers,2022-10-31 00:00:00,946
Corduroy Trousers,2022-11-30 00:00:00,746
Corduroy Trousers,2022-12-31 00:00:00,724
Corduroy Trousers,2023-01-31 00:00:00,809
Corduroy Trousers,2023-02-28 00:00:00,847
Corduroy Trousers,2023-03-31 00:00:00,759
Corduroy Trousers,2023-04-30 00:00:00,697
Corduroy Trousers,2023-05-31 00:00:00,928
Corduroy Trousers,2023-06-30 00:00:00,838
Corduroy Trousers,2023-07-31 00:00:00,867
Corduroy Trousers,2023-08-31 00:00:00,759
Corduroy Trousers,2023-09-30 00:00:00,869
Corduroy Trousers,2023-10-31 00:00:00,881
Corduroy Trousers,2023-11-30 00:00:00,745
Corduroy Trousers,2023-12-31 00:00:00,976
Corduroy Trousers,2024-01-31 00:00:00,805
Corduroy Trousers,2024-02-29 00:00:00,729
Corduroy Trousers,2024-03-31 00:00:00,830
Corduroy Trousers,2024-04-30 00:00:00,723
Corduroy Trousers,2024-05-31 00:00:00,739
Corduroy Trousers,2024-06-30 00:00:00,790
Corduroy Trousers,2024-07-31 00:00:00,791
Corduroy Trousers,2024-08-31 00:00:00,780
Corduroy Trousers,2024-09-30 00:00:00,663
Corduroy Trousers,2024-10-31 00:00:00,825
Corduroy Trousers,2024-11-30 00:00:00,804
Corduroy Trousers,2024-12-31 00:00:00,789
Corduroy Trousers,2025-01-31 00:00:00,759
Corduroy Trousers,2025-02-28 00:00:00,752
Corduroy Trousers,2025-03-31 00:00:00,843
Corduroy Trousers,2025-04-30 00:00:00,781
Corduroy Trousers,2025-05-31 00:00:00,761
Corduroy Trousers,2025-06-30 00:00:00,729
Corduroy Trousers,2025-07-31 00:00:00,803
Corduroy Trousers,2025-08-31 00:00:00,734
Corduroy Trousers,2025-09-30 00:00:00,668
Corduroy Trousers,2025-10-31 00:00:00,849
Corduroy Trousers,2025-11-30 00:00:00,770
Corduroy Trousers,2025-12-31 00:00:00,765
Corduroy Trousers,2026-01-31 00:00:00,770
Corduroy Trousers,2026-02-28 00:00:00,769
Corduroy Trousers,2026-03-31 00:00:00,807
Corduroy Trousers,2026-04-30 00:00:00,744
Corduroy Trousers,2026-05-31 00:00:00,794
Corduroy Trousers,2026-06-30 00:00:00,757
Corduroy Trousers,2026-07-31 00:00:00,809
Corduroy Trousers,2026-08-31 00:00:00,730
Corduroy Trousers,2026-09-30 00:00:00,717
Corduroy Trousers,2026-10-31 00:00:00,844
Corduroy Trousers,2026-11-30 00:00:00,755
Corduroy Trousers,2026-12-31 00:00:00,821
Corduroy Trousers,2027-01-31 00:00:00,794
Corduroy Trousers,2027-02-28 00:00:00,773
Corduroy Trousers,2027-03-31 00:00:00,834
Corduroy Trousers,2027-04-30 00:00:00,749
Corduroy Trousers,2027-05-31 00:00:00,788
Corduroy Trousers,2027-06-30 00:00:00,779
Corduroy Trousers,2027-07-31 00:00:00,815
Corduroy Trousers,2027-08-31 00:00:00,763
Corduroy Trousers,2027-09-30 00:00:00,708
Corduroy Trousers,2027-10-31 00:00:00,851
Corduroy Trousers,2027-11-30 00:00:00,785
Corduroy Trousers,2027-12-31 00:00:00,819
Corduroy Trousers,2028-01-31 00:00:00,794
Corduroy Trousers,2028-02-29 00:00:00,778
Corduroy Trousers,2028-03-31 00:00:00,845
Corduroy Trousers,2028-04-30 00:00:00,776
Corduroy Trousers,2028-05-31 00:00:00,794
Corduroy Trousers,2028-06-30 00:00:00,774
Corduroy Trousers,2028-07-31 00:00:00,826
Corduroy Trousers,2028-08-31 00:00:00,765
Corduroy Trousers,2028-09-30 00:00:00,708
Cotton Blazer,2015-01-31 00:00:00,928
Cotton Blazer,2015-02-28 00:00:00,839
Cotton Blazer,2015-03-31 00:00:00,766
Cotton Blazer,2015-04-30 00:00:00,938
Cotton Blazer,2015-05-31 00:00:00,903
Cotton Blazer,2015-06-30 00:00:00,796
Cotton Blazer,2015-07-31 00:00:00,883
Cotton Blazer,2015-08-31 00:00:00,497
Cotton Blazer,2015-09-30 00:00:00,709
Cotton Blazer,2015-10-31 00:00:00,853
Cotton Blazer,2015-11-30 00:00:00,864
Cotton Blazer,2015-12-31 00:00:00,952
Cotton Blazer,2016-01-31 00:00:00,877
Cotton Blazer,2016-02-29 00:00:00,890
Cotton Blazer,2016-03-31 00:00:00,753
Cotton Blazer,2016-04-30 00:00:00,647
Cotton Blazer,2016-05-31 00:00:00,721
Cotton Blazer,2016-06-30 00:00:00,767
Cotton Blazer,2016-07-31 00:00:00,767
Cotton Blazer,2016-08-31 00:00:00,903
Cotton Blazer,2016-09-30 00:00:00,696
Cotton Blazer,2016-10-31 00:00:00,949
Cotton Blazer,2016-11-30 00:00:00,567
Cotton Blazer,2016-12-31 00:00:00,822
Cotton Blazer,2017-01-31 00:00:00,741
Cotton Blazer,2017-02-28 00:00:00,811
Cotton Blazer,2017-03-31 00:00:00,807
Cotton Blazer,2017-04-30 00:00:00,699
Cotton Blazer,2017-05-31 00:00:00,604
Cotton Blazer,2017-06-30 00:00:00,744
Cotton Blazer,2017-07-31 00:00:00,841
Cotton Blazer,2017-08-31 00:00:00,810
Cotton Blazer,2017-09-30 00:00:00,549
Cotton Blazer,2017-10-31 00:00:00,709
Cotton Blazer,2017-11-30 00:00:00,941
Cotton Blazer,2017-12-31 00:00:00,837
Cotton Blazer,2018-01-31 00:00:00,770
Cotton Blazer,2018-02-28 00:00:00,699
Cotton Blazer,2018-03-31 00:00:00,843
Cotton Blazer,2018-04-30 00:00:00,655
Cotton Blazer,2018-05-31 00:00:00,742
Cotton Blazer,2018-06-30 00:00:00,526
Cotton Blazer,2018-07-31 00:00:00,812
Cotton Blazer,2018-08-31 00:00:00,889
Cotton Blazer,2018-09-30 00:00:00,860
Cotton Blazer,2018-10-31 00:00:00,874
Cotton Blazer,2018-11-30 00:00:00,712
Cotton Blazer,2018-12-31 00:00:00,770
Cotton Blazer,2019-01-31 00:00:00,779
Cotton Blazer,2019-02-28 00:00:00,849
Cotton Blazer,2019-03-31 00:00:00,836
Cotton Blazer,2019-04-30 00:00:00,816
Cotton Blazer,2019-05-31 00:00:00,916
Cotton Blazer,2019-06-30 00:00:00,593
Cotton Blazer,2019-07-31 00:00:00,793
Cotton Blazer,2019-08-31 00:00:00,883
Cotton Blazer,2019-09-30 00:00:00,765
Cotton Blazer,2019-10-31 00:00:00,736
Cotton Blazer,2019-11-30 00:00:00,617
Cotton Blazer,2019-12-31 00:00:00,605
Cotton Blazer,2020-01-31 00:00:00,858
Cotton Blazer,2020-02-29 00:00:00,605
Cotton Blazer,2020-03-31 00:00:00,589
Cotton Blazer,2020-04-30 00:00:00,692
Cotton Blazer,2020-05-31 00:00:00,650
Cotton Blazer,2020-06-30 00:00:00,633
Cotton Blazer,2020-07-31 00:00:00,786
Cotton Blazer,2020-08-31 00:00:00,823
Cotton Blazer,2020-09-30 00:00:00,670
Cotton Blazer,2020-10-31 00:00:00,775
Cotton Blazer,2020-11-30 00:00:00,708
Cotton Blazer,2020-12-31 00:00:00,883
Cotton Blazer,2021-01-31 00:00:00,899
Cotton Blazer,2021-02-28 00:00:00,705
Cotton Blazer,2021-03-31 00:00:00,642
Cotton Blazer,2021-04-30 00:00:00,827
Cotton Blazer,2021-05-31 00:00:00,801
Cotton Blazer,2021-06-30 00:00:00,839
Cotton Blazer,2021-07-31 00:00:00,842
Cotton Blazer,2021-08-31 00:00:00,538
Cotton Blazer,2021-09-30 00:00:00,860
Cotton Blazer,2021-10-31 00:00:00,656
Cotton Blazer,2021-11-30 00:00:00,771
Cotton Blazer,2021-12-31 00:00:00,804
Cotton Blazer,2022-01-31 00:00:00,779
Cotton Blazer,2022-02-28 00:00:00,864
Cotton Blazer,2022-03-31 00:00:00,888
Cotton Blazer,2022-04-30 00:00:00,808
Cotton Blazer,2022-05-31 00:00:00,809
Cotton Blazer,2022-06-30 00:00:00,770
Cotton Blazer,2022-07-31 00:00:00,674
Cotton Blazer,2022-08-31 00:00:00,856
Cotton Blazer,2022-09-30 00:00:00,698
Cotton Blazer,2022-10-31 00:00:00,874
Cotton Blazer,2022-11-30 00:00:00,754
Cotton Blazer,2022-12-31 00:00:00,713
Cotton Blazer,2023-01-31 00:00:00,787
Cotton Blazer,2023-02-28 00:00:00,718
Cotton Blazer,2023-03-31 00:00:00,915
Cotton Blazer,2023-04-30 00:00:00,857
Cotton Blazer,2023-05-31 00:00:00,813
Cotton Blazer,2023-06-30 00:00:00,883
Cotton Blazer,2023-07-31 00:00:00,1047
Cotton Blazer,2023-08-31 00:00:00,930
Cotton Blazer,2023-09-30 00:00:00,803
Cotton Blazer,2023-10-31 00:00:00,638
Cotton Blazer,2023-11-30 00:00:00,917
Cotton Blazer,2023-12-31 00:00:00,926
Cotton Blazer,2024-01-31 00:00:00,870
Cotton Blazer,2024-02-29 00:00:00,766
Cotton Blazer,2024-03-31 00:00:00,819
Cotton Blazer,2024-04-30 00:00:00,834
Cotton Blazer,2024-05-31 00:00:00,808
Cotton Blazer,2024-06-30 00:00:00,843
Cotton Blazer,2024-07-31 00:00:00,857
Cotton Blazer,2024-08-31 00:00:00,783
Cotton Blazer,2024-09-30 00:00:00,807
Cotton Blazer,2024-10-31 00:00:00,752
Cotton Blazer,2024-11-30 00:00:00,828
Cotton Blazer,2024-12-31 00:00:00,829
Cotton Blazer,2025-01-31 00:00:00,847
Cotton Blazer,2025-02-28 00:00:00,828
Cotton Blazer,2025-03-31 00:00:00,911
Cotton Blazer,2025-04-30 00:00:00,870
Cotton Blazer,2025-05-31 00:00:00,853
Cotton Blazer,2025-06-30 00:00:00,866
Cotton Blazer,2025-07-31 00:00:00,892
Cotton Blazer,2025-08-31 00:00:00,893
Cotton Blazer,2025-09-30 00:00:00,807
Cotton Blazer,2025-10-31 00:00:00,795
Cotton Blazer,2025-11-30 00:00:00,866
Cotton Blazer,2025-12-31 00:00:00,858
Cotton Blazer,2026-01-31 00:00:00,892
Cotton Blazer,2026-02-28 00:00:00,825
Cotton Blazer,2026-03-31 00:00:00,930
Cotton Blazer,2026-04-30 00:00:00,912
Cotton Blazer,2026-05-31 00:00:00,889
Cotton Blazer,2026-06-30 00:00:00,918
Cotton Blazer,2026-07-31 00:00:00,981
Cotton Blazer,2026-08-31 00:00:00,921
Cotton Blazer,2026-09-30 00:00:00,864
Cotton Blazer,2026-10-31 00:00:00,788
Cotton Blazer,2026-11-30 00:00:00,924
Cotton Blazer,2026-12-31 00:00:00,924
Cotton Blazer,2027-01-31 00:00:00,949
Cotton Blazer,2027-02-28 00:00:00,886
Cotton Blazer,2027-03-31 00:00:00,963
Cotton Blazer,2027-04-30 00:00:00,950
Cotton Blazer,2027-05-31 00:00:00,933
Cotton Blazer,2027-06-30 00:00:00,956
Cotton Blazer,2027-07-31 00:00:00,986
Cotton Blazer,2027-08-31 00:00:00,942
Cotton Blazer,2027-09-30 00:00:00,905
Cotton Blazer,2027-10-31 00:00:00,856
Cotton Blazer,2027-11-30 00:00:00,951
Cotton Blazer,2027-12-31 00:00:00,947
Cotton Blazer,2028-01-31 00:00:00,972
Cotton Blazer,2028-02-29 00:00:00,921
Cotton Blazer,2028-03-31 00:00:00,1011
Cotton Blazer,2028-04-30 00:00:00,986
Cotton Blazer,2028-05-31 00:00:00,967
Cotton Blazer,2028-06-30 00:00:00,991
Cotton Blazer,2028-07-31 00:00:00,1033
Cotton Blazer,2028-08-31 00:00:00,996
Cotton Blazer,2028-09-30 00:00:00,932
Curtains,2015-01-31 00:00:00,721
Curtains,2015-02-28 00:00:00,804
Curtains,2015-03-31 00:00:00,845
Curtains,2015-04-30 00:00:00,790
Curtains,2015-05-31 00:00:00,753
Curtains,2015-06-30 00:00:00,814
Curtains,2015-07-31 00:00:00,985
Curtains,2015-08-31 00:00:00,988
Curtains,2015-09-30 00:00:00,870
Curtains,2015-10-31 00:00:00,886
Curtains,2015-11-30 00:00:00,878
Curtains,2015-12-31 00:00:00,855
Curtains,2016-01-31 00:00:00,735
Curtains,2016-02-29 00:00:00,578
Curtains,2016-03-31 00:00:00,713
Curtains,2016-04-30 00:00:00,660
Curtains,2016-05-31 00:00:00,876
Curtains,2016-06-30 00:00:00,674
Curtains,2016-07-31 00:00:00,644
Curtains,2016-08-31 00:00:00,778
Curtains,2016-09-30 00:00:00,896
Curtains,2016-10-31 00:00:00,717
Curtains,2016-11-30 00:00:00,806
Curtains,2016-12-31 00:00:00,866
Curtains,2017-01-31 00:00:00,1030
Curtains,2017-02-28 00:00:00,564
Curtains,2017-03-31 00:00:00,777
Curtains,2017-04-30 00:00:00,682
Curtains,2017-05-31 00:00:00,786
Curtains,2017-06-30 00:00:00,769
Curtains,2017-07-31 00:00:00,737
Curtains,2017-08-31 00:00:00,739
Curtains,2017-09-30 00:00:00,874
Curtains,2017-10-31 00:00:00,847
Curtains,2017-11-30 00:00:00,704
Curtains,2017-12-31 00:00:00,890
Curtains,2018-01-31 00:00:00,1013
Curtains,2018-02-28 00:00:00,846
Curtains,2018-03-31 00:00:00,886
Curtains,2018-04-30 00:00:00,685
Curtains,2018-05-31 00:00:00,565
Curtains,2018-06-30 00:00:00,689
Curtains,2018-07-31 00:00:00,921
Curtains,2018-08-31 00:00:00,765
Curtains,2018-09-30 00:00:00,715
Curtains,2018-10-31 00:00:00,769
Curtains,2018-11-30 00:00:00,787
Curtains,2018-12-31 00:00:00,700
Curtains,2019-01-31 00:00:00,837
Curtains,2019-02-28 00:00:00,751
Curtains,2019-03-31 00:00:00,650
Curtains,2019-04-30 00:00:00,813
Curtains,2019-05-31 00:00:00,773
Curtains,2019-06-30 00:00:00,713
Curtains,2019-07-31 00:00:00,915
Curtains,2019-08-31 00:00:00,848
Curtains,2019-09-30 00:00:00,644
Curtains,2019-10-31 00:00:00,574
Curtains,2019-11-30 00:00:00,649
Curtains,2019-12-31 00:00:00,974
Curtains,2020-01-31 00:00:00,826
Curtains,2020-02-29 00:00:00,885
Curtains,2020-03-31 00:00:00,800
Curtains,2020-04-30 00:00:00,662
Curtains,2020-05-31 00:00:00,714
Curtains,2020-06-30 00:00:00,803
Curtains,2020-07-31 00:00:00,937
Curtains,2020-08-31 00:00:00,697
Curtains,2020-09-30 00:00:00,710
Curtains,2020-10-31 00:00:00,758
Curtains,2020-11-30 00:00:00,811
Curtains,2020-12-31 00:00:00,935
Curtains,2021-01-31 00:00:00,888
Curtains,2021-02-28 00:00:00,577
Curtains,2021-03-31 00:00:00,760
Curtains,2021-04-30 00:00:00,728
Curtains,2021-05-31 00:00:00,703
Curtains,2021-06-30 00:00:00,899
Curtains,2021-07-31 00:00:00,804
Curtains,2021-08-31 00:00:00,719
Curtains,2021-09-30 00:00:00,594
Curtains,2021-10-31 00:00:00,782
Curtains,2021-11-30 00:00:00,774
Curtains,2021-12-31 00:00:00,676
Curtains,2022-01-31 00:00:00,818
Curtains,2022-02-28 00:00:00,644
Curtains,2022-03-31 00:00:00,857
Curtains,2022-04-30 00:00:00,812
Curtains,2022-05-31 00:00:00,967
Curtains,2022-06-30 00:00:00,624
Curtains,2022-07-31 00:00:00,846
Curtains,2022-08-31 00:00:00,782
Curtains,2022-09-30 00:00:00,822
Curtains,2022-10-31 00:00:00,995
Curtains,2022-11-30 00:00:00,624
Curtains,2022-12-31 00:00:00,822
Curtains,2023-01-31 00:00:00,794
Curtains,2023-02-28 00:00:00,778
Curtains,2023-03-31 00:00:00,784
Curtains,2023-04-30 00:00:00,819
Curtains,2023-05-31 00:00:00,964
Curtains,2023-06-30 00:00:00,650
Curtains,2023-07-31 00:00:00,868
Curtains,2023-08-31 00:00:00,781
Curtains,2023-09-30 00:00:00,845
Curtains,2023-10-31 00:00:00,888
Curtains,2023-11-30 00:00:00,577
Curtains,2023-12-31 00:00:00,856
Curtains,2024-01-31 00:00:00,755
Curtains,2024-02-29 00:00:00,633
Curtains,2024-03-31 00:00:00,682
Curtains,2024-04-30 00:00:00,666
Curtains,2024-05-31 00:00:00,753
Curtains,2024-06-30 00:00:00,672
Curtains,2024-07-31 00:00:00,755
Curtains,2024-08-31 00:00:00,669
Curtains,2024-09-30 00:00:00,631
Curtains,2024-10-31 00:00:00,761
Curtains,2024-11-30 00:00:00,588
Curtains,2024-12-31 00:00:00,698
Curtains,2025-01-31 00:00:00,734
Curtains,2025-02-28 00:00:00,619
Curtains,2025-03-31 00:00:00,698
Curtains,2025-04-30 00:00:00,685
Curtains,2025-05-31 00:00:00,805
Curtains,2025-06-30 00:00:00,614
Curtains,2025-07-31 00:00:00,750
Curtains,2025-08-31 00:00:00,665
Curtains,2025-09-30 00:00:00,680
Curtains,2025-10-31 00:00:00,808
Curtains,2025-11-30 00:00:00,570
Curtains,2025-12-31 00:00:00,715
Curtains,2026-01-31 00:00:00,721
Curtains,2026-02-28 00:00:00,636
Curtains,2026-03-31 00:00:00,684
Curtains,2026-04-30 00:00:00,691
Curtains,2026-05-31 00:00:00,821
Curtains,2026-06-30 00:00:00,610
Curtains,2026-07-31 00:00:00,741
Curtains,2026-08-31 00:00:00,660
Curtains,2026-09-30 00:00:00,704
Curtains,2026-10-31 00:00:00,790
Curtains,2026-11-30 00:00:00,546
Curtains,2026-12-31 00:00:00,721
Curtains,2027-01-31 00:00:00,722
Curtains,2027-02-28 00:00:00,621
Curtains,2027-03-31 00:00:00,682
Curtains,2027-04-30 00:00:00,674
Curtains,2027-05-31 00:00:00,782
Curtains,2027-06-30 00:00:00,615
Curtains,2027-07-31 00:00:00,738
Curtains,2027-08-31 00:00:00,659
Curtains,2027-09-30 00:00:00,670
Curtains,2027-10-31 00:00:00,770
Curtains,2027-11-30 00:00:00,545
Curtains,2027-12-31 00:00:00,695
Curtains,2028-01-31 00:00:00,716
Curtains,2028-02-29 00:00:00,608
Curtains,2028-03-31 00:00:00,682
Curtains,2028-04-30 00:00:00,673
Curtains,2028-05-31 00:00:00,783
Curtains,2028-06-30 00:00:00,598
Curtains,2028-07-31 00:00:00,733
Curtains,2028-08-31 00:00:00,656
Curtains,2028-09-30 00:00:00,669
Cushion Covers,2015-01-31 00:00:00,856
Cushion Covers,2015-02-28 00:00:00,658
Cushion Covers,2015-03-31 00:00:00,904
Cushion Covers,2015-04-30 00:00:00,749
Cushion Covers,2015-05-31 00:00:00,808
Cushion Covers,2015-06-30 00:00:00,796
Cushion Covers,2015-07-31 00:00:00,828
Cushion Covers,2015-08-31 00:00:00,726
Cushion Covers,2015-09-30 00:00:00,710
Cushion Covers,2015-10-31 00:00:00,701
Cushion Covers,2015-11-30 00:00:00,819
Cushion Covers,2015-12-31 00:00:00,687
Cushion Covers,2016-01-31 00:00:00,668
Cushion Covers,2016-02-29 00:00:00,743
Cushion Covers,2016-03-31 00:00:00,1061
Cushion Covers,2016-04-30 00:00:00,864
Cushion Covers,2016-05-31 00:00:00,747
Cushion Covers,2016-06-30 00:00:00,902
Cushion Covers,2016-07-31 00:00:00,773
Cushion Covers,2016-08-31 00:00:00,920
Cushion Covers,2016-09-30 00:00:00,883
Cushion Covers,2016-10-31 00:00:00,718
Cushion Covers,2016-11-30 00:00:00,838
Cushion Covers,2016-12-31 00:00:00,916
Cushion Covers,2017-01-31 00:00:00,801
Cushion Covers,2017-02-28 00:00:00,682
Cushion Covers,2017-03-31 00:00:00,821
Cushion Covers,2017-04-30 00:00:00,759
Cushion Covers,2017-05-31 00:00:00,825
Cushion Covers,2017-06-30 00:00:00,847
Cushion Covers,2017-07-31 00:00:00,982
Cushion Covers,2017-08-31 00:00:00,887
Cushion Covers,2017-09-30 00:00:00,875
Cushion Covers,2017-10-31 00:00:00,825
Cushion Covers,2017-11-30 00:00:00,801
Cushion Covers,2017-12-31 00:00:00,1122
Cushion Covers,2018-01-31 00:00:00,822
Cushion Covers,2018-02-28 00:00:00,616
Cushion Covers,2018-03-31 00:00:00,763
Cushion Covers,2018-04-30 00:00:00,682
Cushion Covers,2018-05-31 00:00:00,763
Cushion Covers,2018-06-30 00:00:00,891
Cushion Covers,2018-07-31 00:00:00,822
Cushion Covers,2018-08-31 00:00:00,654
Cushion Covers,2018-09-30 00:00:00,720
Cushion Covers,2018-10-31 00:00:00,815
Cushion Covers,2018-11-30 00:00:00,767
Cushion Covers,2018-12-31 00:00:00,921
Cushion Covers,2019-01-31 00:00:00,914
Cushion Covers,2019-02-28 00:00:00,625
Cushion Covers,2019-03-31 00:00:00,928
Cushion Covers,2019-04-30 00:00:00,913
Cushion Covers,2019-05-31 00:00:00,959
Cushion Covers,2019-06-30 00:00:00,898
Cushion Covers,2019-07-31 00:00:00,984
Cushion Covers,2019-08-31 00:00:00,748
Cushion Covers,2019-09-30 00:00:00,628
Cushion Covers,2019-10-31 00:00:00,985
Cushion Covers,2019-11-30 00:00:00,836
Cushion Covers,2019-12-31 00:00:00,721
Cushion Covers,2020-01-31 00:00:00,761
Cushion Covers,2020-02-29 00:00:00,685
Cushion Covers,2020-03-31 00:00:00,657
Cushion Covers,2020-04-30 00:00:00,975
Cushion Covers,2020-05-31 00:00:00,753
Cushion Covers,2020-06-30 00:00:00,1003
Cushion Covers,2020-07-31 00:00:00,978
Cushion Covers,2020-08-31 00:00:00,939
Cushion Covers,2020-09-30 00:00:00,840
Cushion Covers,2020-10-31 00:00:00,668
Cushion Covers,2020-11-30 00:00:00,858
Cushion Covers,2020-12-31 00:00:00,1029
Cushion Covers,2021-01-31 00:00:00,861
Cushion Covers,2021-02-28 00:00:00,766
Cushion Covers,2021-03-31 00:00:00,872
Cushion Covers,2021-04-30 00:00:00,751
Cushion Covers,2021-05-31 00:00:00,625
Cushion Covers,2021-06-30 00:00:00,746
Cushion Covers,2021-07-31 00:00:00,913
Cushion Covers,2021-08-31 00:00:00,711
Cushion Covers,2021-09-30 00:00:00,930
Cushion Covers,2021-10-31 00:00:00,861
Cushion Covers,2021-11-30 00:00:00,659
Cushion Covers,2021-12-31 00:00:00,1010
Cushion Covers,2022-01-31 00:00:00,714
Cushion Covers,2022-02-28 00:00:00,745
Cushion Covers,2022-03-31 00:00:00,659
Cushion Covers,2022-04-30 00:00:00,656
Cushion Covers,2022-05-31 00:00:00,755
Cushion Covers,2022-06-30 00:00:00,755
Cushion Covers,2022-07-31 00:00:00,775
Cushion Covers,2022-08-31 00:00:00,754
Cushion Covers,2022-09-30 00:00:00,657
Cushion Covers,2022-10-31 00:00:00,673
Cushion Covers,2022-11-30 00:00:00,850
Cushion Covers,2022-12-31 00:00:00,560
Cushion Covers,2023-01-31 00:00:00,654
Cushion Covers,2023-02-28 00:00:00,748
Cushion Covers,2023-03-31 00:00:00,782
Cushion Covers,2023-04-30 00:00:00,908
Cushion Covers,2023-05-31 00:00:00,856
Cushion Covers,2023-06-30 00:00:00,1010
Cushion Covers,2023-07-31 00:00:00,800
Cushion Covers,2023-08-31 00:00:00,717
Cushion Covers,2023-09-30 00:00:00,722
Cushion Covers,2023-10-31 00:00:00,769
Cushion Covers,2023-11-30 00:00:00,627
Cushion Covers,2023-12-31 00:00:00,775
Cushion Covers,2024-01-31 00:00:00,614
Cushion Covers,2024-02-29 00:00:00,558
Cushion Covers,2024-03-31 00:00:00,621
Cushion Covers,2024-04-30 00:00:00,611
Cushion Covers,2024-05-31 00:00:00,545
Cushion Covers,2024-06-30 00:00:00,655
Cushion Covers,2024-07-31 00:00:00,663
Cushion Covers,2024-08-31 00:00:00,546
Cushion Covers,2024-09-30 00:00:00,628
Cushion Covers,2024-10-31 00:00:00,612
Cushion Covers,2024-11-30 00:00:00,509
Cushion Covers,2024-12-31 00:00:00,665
Cushion Covers,2025-01-31 00:00:00,528
Cushion Covers,2025-02-28 00:00:00,536
Cushion Covers,2025-03-31 00:00:00,526
Cushion Covers,2025-04-30 00:00:00,537
Cushion Covers,2025-05-31 00:00:00,550
Cushion Covers,2025-06-30 00:00:00,607
Cushion Covers,2025-07-31 00:00:00,588
Cushion Covers,2025-08-31 00:00:00,526
Cushion Covers,2025-09-30 00:00:00,516
Cushion Covers,2025-10-31 00:00:00,525
Cushion Covers,2025-11-30 00:00:00,538
Cushion Covers,2025-12-31 00:00:00,491
Cushion Covers,2026-01-31 00:00:00,476
Cushion Covers,2026-02-28 00:00:00,512
Cushion Covers,2026-03-31 00:00:00,535
Cushion Covers,2026-04-30 00:00:00,594
Cushion Covers,2026-05-31 00:00:00,564
Cushion Covers,2026-06-30 00:00:00,670
Cushion Covers,2026-07-31 00:00:00,569
Cushion Covers,2026-08-31 00:00:00,492
Cushion Covers,2026-09-30 00:00:00,503
Cushion Covers,2026-10-31 00:00:00,524
Cushion Covers,2026-11-30 00:00:00,453
Cushion Covers,2026-12-31 00:00:00,525
Cushion Covers,2027-01-31 00:00:00,468
Cushion Covers,2027-02-28 00:00:00,454
Cushion Covers,2027-03-31 00:00:00,494
Cushion Covers,2027-04-30 00:00:00,511
Cushion Covers,2027-05-31 00:00:00,470
Cushion Covers,2027-06-30 00:00:00,570
Cushion Covers,2027-07-31 00:00:00,536
Cushion Covers,2027-08-31 00:00:00,440
Cushion Covers,2027-09-30 00:00:00,483
Cushion Covers,2027-10-31 00:00:00,484
Cushion Covers,2027-11-30 00:00:00,409
Cushion Covers,2027-12-31 00:00:00,505
Cushion Covers,2028-01-31 00:00:00,412
Cushion Covers,2028-02-29 00:00:00,412
Cushion Covers,2028-03-31 00:00:00,424
Cushion Covers,2028-04-30 00:00:00,446
Cushion Covers,2028-05-31 00:00:00,435
Cushion Covers,2028-06-30 00:00:00,519
Cushion Covers,2028-07-31 00:00:00,482
Cushion Covers,2028-08-31 00:00:00,405
Cushion Covers,2028-09-30 00:00:00,416
Denim Jacket,2015-01-31 00:00:00,1097
Denim Jacket,2015-02-28 00:00:00,675
Denim Jacket,2015-03-31 00:00:00,836
Denim Jacket,2015-04-30 00:00:00,760
Denim Jacket,2015-05-31 00:00:00,645
Denim Jacket,2015-06-30 00:00:00,1113
Denim Jacket,2015-07-31 00:00:00,1024
Denim Jacket,2015-08-31 00:00:00,1043
Denim Jacket,2015-09-30 00:00:00,805
Denim Jacket,2015-10-31 00:00:00,845
Denim Jacket,2015-11-30 00:00:00,878
Denim Jacket,2015-12-31 00:00:00,953
Denim Jacket,2016-01-31 00:00:00,738
Denim Jacket,2016-02-29 00:00:00,732
Denim Jacket,2016-03-31 00:00:00,907
Denim Jacket,2016-04-30 00:00:00,844
Denim Jacket,2016-05-31 00:00:00,949
Denim Jacket,2016-06-30 00:00:00,744
Denim Jacket,2016-07-31 00:00:00,652
Denim Jacket,2016-08-31 00:00:00,890
Denim Jacket,2016-09-30 00:00:00,496
Denim Jacket,2016-10-31 00:00:00,719
Denim Jacket,2016-11-30 00:00:00,889
Denim Jacket,2016-12-31 00:00:00,854
Denim Jacket,2017-01-31 00:00:00,903
Denim Jacket,2017-02-28 00:00:00,709
Denim Jacket,2017-03-31 00:00:00,662
Denim Jacket,2017-04-30 00:00:00,844
Denim Jacket,2017-05-31 00:00:00,899
Denim Jacket,2017-06-30 00:00:00,869
Denim Jacket,2017-07-31 00:00:00,997
Denim Jacket,2017-08-31 00:00:00,862
Denim Jacket,2017-09-30 00:00:00,755
Denim Jacket,2017-10-31 00:00:00,845
Denim Jacket,2017-11-30 00:00:00,913
Denim Jacket,2017-12-31 00:00:00,771
Denim Jacket,2018-01-31 00:00:00,1016
Denim Jacket,2018-02-28 00:00:00,874
Denim Jacket,2018-03-31 00:00:00,838
Denim Jacket,2018-04-30 00:00:00,827
Denim Jacket,2018-05-31 00:00:00,612
Denim Jacket,2018-06-30 00:00:00,694
Denim Jacket,2018-07-31 00:00:00,818
Denim Jacket,2018-08-31 00:00:00,740
Denim Jacket,2018-09-30 00:00:00,748
Denim Jacket,2018-10-31 00:00:00,642
Denim Jacket,2018-11-30 00:00:00,1063
Denim Jacket,2018-12-31 00:00:00,693
Denim Jacket,2019-01-31 00:00:00,846
Denim Jacket,2019-02-28 00:00:00,604
Denim Jacket,2019-03-31 00:00:00,830
Denim Jacket,2019-04-30 00:00:00,872
Denim Jacket,2019-05-31 00:00:00,664
Denim Jacket,2019-06-30 00:00:00,622
Denim Jacket,2019-07-31 00:00:00,805
Denim Jacket,2019-08-31 00:00:00,1115
Denim Jacket,2019-09-30 00:00:00,854
Denim Jacket,2019-10-31 00:00:00,737
Denim Jacket,2019-11-30 00:00:00,715
Denim Jacket,2019-12-31 00:00:00,616
Denim Jacket,2020-01-31 00:00:00,781
Denim Jacket,2020-02-29 00:00:00,814
Denim Jacket,2020-03-31 00:00:00,800
Denim Jacket,2020-04-30 00:00:00,1060
Denim Jacket,2020-05-31 00:00:00,657
Denim Jacket,2020-06-30 00:00:00,836
Denim Jacket,2020-07-31 00:00:00,773
Denim Jacket,2020-08-31 00:00:00,703
Denim Jacket,2020-09-30 00:00:00,879
Denim Jacket,2020-10-31 00:00:00,847
Denim Jacket,2020-11-30 00:00:00,797
Denim Jacket,2020-12-31 00:00:00,761
Denim Jacket,2021-01-31 00:00:00,858
Denim Jacket,2021-02-28 00:00:00,725
Denim Jacket,2021-03-31 00:00:00,823
Denim Jacket,2021-04-30 00:00:00,673
Denim Jacket,2021-05-31 00:00:00,790
Denim Jacket,2021-06-30 00:00:00,836
Denim Jacket,2021-07-31 00:00:00,952
Denim Jacket,2021-08-31 00:00:00,823
Denim Jacket,2021-09-30 00:00:00,770
Denim Jacket,2021-10-31 00:00:00,648
Denim Jacket,2021-11-30 00:00:00,610
Denim Jacket,2021-12-31 00:00:00,828
Denim Jacket,2022-01-31 00:00:00,780
Denim Jacket,2022-02-28 00:00:00,903
Denim Jacket,2022-03-31 00:00:00,683
Denim Jacket,2022-04-30 00:00:00,510
Denim Jacket,2022-05-31 00:00:00,717
Denim Jacket,2022-06-30 00:00:00,827
Denim Jacket,2022-07-31 00:00:00,792
Denim Jacket,2022-08-31 00:00:00,646
Denim Jacket,2022-09-30 00:00:00,759
Denim Jacket,2022-10-31 00:00:00,816
Denim Jacket,2022-11-30 00:00:00,781
Denim Jacket,2022-12-31 00:00:00,752
Denim Jacket,2023-01-31 00:00:00,960
Denim Jacket,2023-02-28 00:00:00,1038
Denim Jacket,2023-03-31 00:00:00,808
Denim Jacket,2023-04-30 00:00:00,721
Denim Jacket,2023-05-31 00:00:00,735
Denim Jacket,2023-06-30 00:00:00,692
Denim Jacket,2023-07-31 00:00:00,943
Denim Jacket,2023-08-31 00:00:00,685
Denim Jacket,2023-09-30 00:00:00,703
Denim Jacket,2023-10-31 00:00:00,849
Denim Jacket,2023-11-30 00:00:00,911
Denim Jacket,2023-12-31 00:00:00,1074
Denim Jacket,2024-01-31 00:00:00,806
Denim Jacket,2024-02-29 00:00:00,747
Denim Jacket,2024-03-31 00:00:00,700
Denim Jacket,2024-04-30 00:00:00,668
Denim Jacket,2024-05-31 00:00:00,637
Denim Jacket,2024-06-30 00:00:00,680
Denim Jacket,2024-07-31 00:00:00,771
Denim Jacket,2024-08-31 00:00:00,696
Denim Jacket,2024-09-30 00:00:00,674
Denim Jacket,2024-10-31 00:00:00,688
Denim Jacket,2024-11-30 00:00:00,723
Denim Jacket,2024-12-31 00:00:00,742
Denim Jacket,2025-01-31 00:00:00,772
Denim Jacket,2025-02-28 00:00:00,739
Denim Jacket,2025-03-31 00:00:00,698
Denim Jacket,2025-04-30 00:00:00,666
Denim Jacket,2025-05-31 00:00:00,641
Denim Jacket,2025-06-30 00:00:00,689
Denim Jacket,2025-07-31 00:00:00,756
Denim Jacket,2025-08-31 00:00:00,682
Denim Jacket,2025-09-30 00:00:00,670
Denim Jacket,2025-10-31 00:00:00,693
Denim Jacket,2025-11-30 00:00:00,717
Denim Jacket,2025-12-31 00:00:00,736
Denim Jacket,2026-01-31 00:00:00,773
Denim Jacket,2026-02-28 00:00:00,737
Denim Jacket,2026-03-31 00:00:00,691
Denim Jacket,2026-04-30 00:00:00,649
Denim Jacket,2026-05-31 00:00:00,642
Denim Jacket,2026-06-30 00:00:00,686
Denim Jacket,2026-07-31 00:00:00,766
Denim Jacket,2026-08-31 00:00:00,685
Denim Jacket,2026-09-30 00:00:00,665
Denim Jacket,2026-10-31 00:00:00,679
Denim Jacket,2026-11-30 00:00:00,720
Denim Jacket,2026-12-31 00:00:00,737
Denim Jacket,2027-01-31 00:00:00,775
Denim Jacket,2027-02-28 00:00:00,742
Denim Jacket,2027-03-31 00:00:00,680
Denim Jacket,2027-04-30 00:00:00,649
Denim Jacket,2027-05-31 00:00:00,637
Denim Jacket,2027-06-30 00:00:00,683
Denim Jacket,2027-07-31 00:00:00,748
Denim Jacket,2027-08-31 00:00:00,671
Denim Jacket,2027-09-30 00:00:00,660
Denim Jacket,2027-10-31 00:00:00,684
Denim Jacket,2027-11-30 00:00:00,709
Denim Jacket,2027-12-31 00:00:00,733
Denim Jacket,2028-01-31 00:00:00,776
Denim Jacket,2028-02-29 00:00:00,738
Denim Jacket,2028-03-31 00:00:00,684
Denim Jacket,2028-04-30 00:00:00,645
Denim Jacket,2028-05-31 00:00:00,632
Denim Jacket,2028-06-30 00:00:00,675
Denim Jacket,2028-07-31 00:00:00,760
Denim Jacket,2028-08-31 00:00:00,662
Denim Jacket,2028-09-30 00:00:00,652
Denim Shirts,2015-01-31 00:00:00,863
Denim Shirts,2015-02-28 00:00:00,641
Denim Shirts,2015-03-31 00:00:00,715
Denim Shirts,2015-04-30 00:00:00,697
Denim Shirts,2015-05-31 00:00:00,716
Denim Shirts,2015-06-30 00:00:00,562
Denim Shirts,2015-07-31 00:00:00,788
Denim Shirts,2015-08-31 00:00:00,961
Denim Shirts,2015-09-30 00:00:00,649
Denim Shirts,2015-10-31 00:00:00,645
Denim Shirts,2015-11-30 00:00:00,887
Denim Shirts,2015-12-31 00:00:00,874
Denim Shirts,2016-01-31 00:00:00,852
Denim Shirts,2016-02-29 00:00:00,764
Denim Shirts,2016-03-31 00:00:00,891
Denim Shirts,2016-04-30 00:00:00,742
Denim Shirts,2016-05-31 00:00:00,773
Denim Shirts,2016-06-30 00:00:00,922
Denim Shirts,2016-07-31 00:00:00,631
Denim Shirts,2016-08-31 00:00:00,662
Denim Shirts,2016-09-30 00:00:00,933
Denim Shirts,2016-10-31 00:00:00,892
Denim Shirts,2016-11-30 00:00:00,924
Denim Shirts,2016-12-31 00:00:00,967
Denim Shirts,2017-01-31 00:00:00,647
Denim Shirts,2017-02-28 00:00:00,799
Denim Shirts,2017-03-31 00:00:00,950
Denim Shirts,2017-04-30 00:00:00,575
Denim Shirts,2017-05-31 00:00:00,656
Denim Shirts,2017-06-30 00:00:00,850
Denim Shirts,2017-07-31 00:00:00,916
Denim Shirts,2017-08-31 00:00:00,958
Denim Shirts,2017-09-30 00:00:00,964
Denim Shirts,2017-10-31 00:00:00,997
Denim Shirts,2017-11-30 00:00:00,674
Denim Shirts,2017-12-31 00:00:00,736
Denim Shirts,2018-01-31 00:00:00,791
Denim Shirts,2018-02-28 00:00:00,696
Denim Shirts,2018-03-31 00:00:00,920
Denim Shirts,2018-04-30 00:00:00,801
Denim Shirts,2018-05-31 00:00:00,754
Denim Shirts,2018-06-30 00:00:00,777
Denim Shirts,2018-07-31 00:00:00,842
Denim Shirts,2018-08-31 00:00:00,717
Denim Shirts,2018-09-30 00:00:00,612
Denim Shirts,2018-10-31 00:00:00,799
Denim Shirts,2018-11-30 00:00:00,607
Denim Shirts,2018-12-31 00:00:00,952
Denim Shirts,2019-01-31 00:00:00,896
Denim Shirts,2019-02-28 00:00:00,700
Denim Shirts,2019-03-31 00:00:00,663
Denim Shirts,2019-04-30 00:00:00,811
Denim Shirts,2019-05-31 00:00:00,890
Denim Shirts,2019-06-30 00:00:00,900
Denim Shirts,2019-07-31 00:00:00,842
Denim Shirts,2019-08-31 00:00:00,837
Denim Shirts,2019-09-30 00:00:00,912
Denim Shirts,2019-10-31 00:00:00,878
Denim Shirts,2019-11-30 00:00:00,674
Denim Shirts,2019-12-31 00:00:00,828
Denim Shirts,2020-01-31 00:00:00,834
Denim Shirts,2020-02-29 00:00:00,591
Denim Shirts,2020-03-31 00:00:00,711
Denim Shirts,2020-04-30 00:00:00,1039
Denim Shirts,2020-05-31 00:00:00,828
Denim Shirts,2020-06-30 00:00:00,808
Denim Shirts,2020-07-31 00:00:00,634
Denim Shirts,2020-08-31 00:00:00,759
Denim Shirts,2020-09-30 00:00:00,743
Denim Shirts,2020-10-31 00:00:00,849
Denim Shirts,2020-11-30 00:00:00,1112
Denim Shirts,2020-12-31 00:00:00,724
Denim Shirts,2021-01-31 00:00:00,740
Denim Shirts,2021-02-28 00:00:00,664
Denim Shirts,2021-03-31 00:00:00,856
Denim Shirts,2021-04-30 00:00:00,868
Denim Shirts,2021-05-31 00:00:00,744
Denim Shirts,2021-06-30 00:00:00,778
Denim Shirts,2021-07-31 00:00:00,903
Denim Shirts,2021-08-31 00:00:00,994
Denim Shirts,2021-09-30 00:00:00,849
Denim Shirts,2021-10-31 00:00:00,895
Denim Shirts,2021-11-30 00:00:00,1029
Denim Shirts,2021-12-31 00:00:00,673
Denim Shirts,2022-01-31 00:00:00,914
Denim Shirts,2022-02-28 00:00:00,798
Denim Shirts,2022-03-31 00:00:00,962
Denim Shirts,2022-04-30 00:00:00,761
Denim Shirts,2022-05-31 00:00:00,805
Denim Shirts,2022-06-30 00:00:00,740
Denim Shirts,2022-07-31 00:00:00,702
Denim Shirts,2022-08-31 00:00:00,1016
Denim Shirts,2022-09-30 00:00:00,879
Denim Shirts,2022-10-31 00:00:00,798
Denim Shirts,2022-11-30 00:00:00,692
Denim Shirts,2022-12-31 00:00:00,757
Denim Shirts,2023-01-31 00:00:00,669
Denim Shirts,2023-02-28 00:00:00,771
Denim Shirts,2023-03-31 00:00:00,1034
Denim Shirts,2023-04-30 00:00:00,672
Denim Shirts,2023-05-31 00:00:00,537
Denim Shirts,2023-06-30 00:00:00,742
Denim Shirts,2023-07-31 00:00:00,848
Denim Shirts,2023-08-31 00:00:00,875
Denim Shirts,2023-09-30 00:00:00,875
Denim Shirts,2023-10-31 00:00:00,764
Denim Shirts,2023-11-30 00:00:00,611
Denim Shirts,2023-12-31 00:00:00,874
Denim Shirts,2024-01-31 00:00:00,718
Denim Shirts,2024-02-29 00:00:00,618
Denim Shirts,2024-03-31 00:00:00,869
Denim Shirts,2024-04-30 00:00:00,663
Denim Shirts,2024-05-31 00:00:00,556
Denim Shirts,2024-06-30 00:00:00,665
Denim Shirts,2024-07-31 00:00:00,748
Denim Shirts,2024-08-31 00:00:00,828
Denim Shirts,2024-09-30 00:00:00,776
Denim Shirts,2024-10-31 00:00:00,715
Denim Shirts,2024-11-30 00:00:00,644
Denim Shirts,2024-12-31 00:00:00,718
Denim Shirts,2025-01-31 00:00:00,710
Denim Shirts,2025-02-28 00:00:00,634
Denim Shirts,2025-03-31 00:00:00,879
Denim Shirts,2025-04-30 00:00:00,672
Denim Shirts,2025-05-31 00:00:00,568
Denim Shirts,2025-06-30 00:00:00,654
Denim Shirts,2025-07-31 00:00:00,696
Denim Shirts,2025-08-31 00:00:00,817
Denim Shirts,2025-09-30 00:00:00,780
Denim Shirts,2025-10-31 00:00:00,709
Denim Shirts,2025-11-30 00:00:00,622
Denim Shirts,2025-12-31 00:00:00,713
Denim Shirts,2026-01-31 00:00:00,683
Denim Shirts,2026-02-28 00:00:00,651
Denim Shirts,2026-03-31 00:00:00,888
Denim Shirts,2026-04-30 00:00:00,635
Denim Shirts,2026-05-31 00:00:00,539
Denim Shirts,2026-06-30 00:00:00,658
Denim Shirts,2026-07-31 00:00:00,727
Denim Shirts,2026-08-31 00:00:00,816
Denim Shirts,2026-09-30 00:00:00,777
Denim Shirts,2026-10-31 00:00:00,696
Denim Shirts,2026-11-30 00:00:00,597
Denim Shirts,2026-12-31 00:00:00,725
Denim Shirts,2027-01-31 00:00:00,694
Denim Shirts,2027-02-28 00:00:00,648
Denim Shirts,2027-03-31 00:00:00,883
Denim Shirts,2027-04-30 00:00:00,637
Denim Shirts,2027-05-31 00:00:00,539
Denim Shirts,2027-06-30 00:00:00,654
Denim Shirts,2027-07-31 00:00:00,724
Denim Shirts,2027-08-31 00:00:00,816
Denim Shirts,2027-09-30 00:00:00,770
Denim Shirts,2027-10-31 00:00:00,698
Denim Shirts,2027-11-30 00:00:00,606
Denim Shirts,2027-12-31 00:00:00,714
Denim Shirts,2028-01-31 00:00:00,693
Denim Shirts,2028-02-29 00:00:00,647
Denim Shirts,2028-03-31 00:00:00,878
Denim Shirts,2028-04-30 00:00:00,631
Denim Shirts,2028-05-31 00:00:00,542
Denim Shirts,2028-06-30 00:00:00,652
Denim Shirts,2028-07-31 00:00:00,719
Denim Shirts,2028-08-31 00:00:00,816
Denim Shirts,2028-09-30 00:00:00,766
Derby Shoes,2015-01-31 00:00:00,828
Derby Shoes,2015-02-28 00:00:00,694
Derby Shoes,2015-03-31 00:00:00,854
Derby Shoes,2015-04-30 00:00:00,588
Derby Shoes,2015-05-31 00:00:00,973
Derby Shoes,2015-06-30 00:00:00,822
Derby Shoes,2015-07-31 00:00:00,848
Derby Shoes,2015-08-31 00:00:00,841
Derby Shoes,2015-09-30 00:00:00,705
Derby Shoes,2015-10-31 00:00:00,898
Derby Shoes,2015-11-30 00:00:00,838
Derby Shoes,2015-12-31 00:00:00,533
Derby Shoes,2016-01-31 00:00:00,1077
Derby Shoes,2016-02-29 00:00:00,951
Derby Shoes,2016-03-31 00:00:00,831
Derby Shoes,2016-04-30 00:00:00,659
Derby Shoes,2016-05-31 00:00:00,622
Derby Shoes,2016-06-30 00:00:00,722
Derby Shoes,2016-07-31 00:00:00,749
Derby Shoes,2016-08-31 00:00:00,751
Derby Shoes,2016-09-30 00:00:00,717
Derby Shoes,2016-10-31 00:00:00,734
Derby Shoes,2016-11-30 00:00:00,602
Derby Shoes,2016-12-31 00:00:00,737
Derby Shoes,2017-01-31 00:00:00,870
Derby Shoes,2017-02-28 00:00:00,789
Derby Shoes,2017-03-31 00:00:00,836
Derby Shoes,2017-04-30 00:00:00,946
Derby Shoes,2017-05-31 00:00:00,818
Derby Shoes,2017-06-30 00:00:00,820
Derby Shoes,2017-07-31 00:00:00,855
Derby Shoes,2017-08-31 00:00:00,1032
Derby Shoes,2017-09-30 00:00:00,890
Derby Shoes,2017-10-31 00:00:00,841
Derby Shoes,2017-11-30 00:00:00,633
Derby Shoes,2017-12-31 00:00:00,880
Derby Shoes,2018-01-31 00:00:00,815
Derby Shoes,2018-02-28 00:00:00,572
Derby Shoes,2018-03-31 00:00:00,974
Derby Shoes,2018-04-30 00:00:00,818
Derby Shoes,2018-05-31 00:00:00,653
Derby Shoes,2018-06-30 00:00:00,739
Derby Shoes,2018-07-31 00:00:00,810
Derby Shoes,2018-08-31 00:00:00,708
Derby Shoes,2018-09-30 00:00:00,683
Derby Shoes,2018-10-31 00:00:00,993
Derby Shoes,2018-11-30 00:00:00,662
Derby Shoes,2018-12-31 00:00:00,824
Derby Shoes,2019-01-31 00:00:00,828
Derby Shoes,2019-02-28 00:00:00,700
Derby Shoes,2019-03-31 00:00:00,496
Derby Shoes,2019-04-30 00:00:00,811
Derby Shoes,2019-05-31 00:00:00,909
Derby Shoes,2019-06-30 00:00:00,725
Derby Shoes,2019-07-31 00:00:00,937
Derby Shoes,2019-08-31 00:00:00,815
Derby Shoes,2019-09-30 00:00:00,974
Derby Shoes,2019-10-31 00:00:00,634
Derby Shoes,2019-11-30 00:00:00,790
Derby Shoes,2019-12-31 00:00:00,907
Derby Shoes,2020-01-31 00:00:00,917
Derby Shoes,2020-02-29 00:00:00,641
Derby Shoes,2020-03-31 00:00:00,816
Derby Shoes,2020-04-30 00:00:00,913
Derby Shoes,2020-05-31 00:00:00,625
Derby Shoes,2020-06-30 00:00:00,641
Derby Shoes,2020-07-31 00:00:00,999
Derby Shoes,2020-08-31 00:00:00,752
Derby Shoes,2020-09-30 00:00:00,560
Derby Shoes,2020-10-31 00:00:00,881
Derby Shoes,2020-11-30 00:00:00,689
Derby Shoes,2020-12-31 00:00:00,783
Derby Shoes,2021-01-31 00:00:00,807
Derby Shoes,2021-02-28 00:00:00,809
Derby Shoes,2021-03-31 00:00:00,706
Derby Shoes,2021-04-30 00:00:00,881
Derby Shoes,2021-05-31 00:00:00,914
Derby Shoes,2021-06-30 00:00:00,902
Derby Shoes,2021-07-31 00:00:00,1018
Derby Shoes,2021-08-31 00:00:00,988
Derby Shoes,2021-09-30 00:00:00,667
Derby Shoes,2021-10-31 00:00:00,678
Derby Shoes,2021-11-30 00:00:00,802
Derby Shoes,2021-12-31 00:00:00,622
Derby Shoes,2022-01-31 00:00:00,1067
Derby Shoes,2022-02-28 00:00:00,770
Derby Shoes,2022-03-31 00:00:00,810
Derby Shoes,2022-04-30 00:00:00,794
Derby Shoes,2022-05-31 00:00:00,875
Derby Shoes,2022-06-30 00:00:00,892
Derby Shoes,2022-07-31 00:00:00,642
Derby Shoes,2022-08-31 00:00:00,821
Derby Shoes,2022-09-30 00:00:00,562
Derby Shoes,2022-10-31 00:00:00,905
Derby Shoes,2022-11-30 00:00:00,612
Derby Shoes,2022-12-31 00:00:00,884
Derby Shoes,2023-01-31 00:00:00,898
Derby Shoes,2023-02-28 00:00:00,645
Derby Shoes,2023-03-31 00:00:00,867
Derby Shoes,2023-04-30 00:00:00,808
Derby Shoes,2023-05-31 00:00:00,855
Derby Shoes,2023-06-30 00:00:00,822
Derby Shoes,2023-07-31 00:00:00,656
Derby Shoes,2023-08-31 00:00:00,732
Derby Shoes,2023-09-30 00:00:00,867
Derby Shoes,2023-10-31 00:00:00,659
Derby Shoes,2023-11-30 00:00:00,735
Derby Shoes,2023-12-31 00:00:00,637
Derby Shoes,2024-01-31 00:00:00,915
Derby Shoes,2024-02-29 00:00:00,594
Derby Shoes,2024-03-31 00:00:00,732
Derby Shoes,2024-04-30 00:00:00,676
Derby Shoes,2024-05-31 00:00:00,760
Derby Shoes,2024-06-30 00:00:00,739
Derby Shoes,2024-07-31 00:00:00,563
Derby Shoes,2024-08-31 00:00:00,665
Derby Shoes,2024-09-30 00:00:00,588
Derby Shoes,2024-10-31 00:00:00,693
Derby Shoes,2024-11-30 00:00:00,560
Derby Shoes,2024-12-31 00:00:00,665
Derby Shoes,2025-01-31 00:00:00,823
Derby Shoes,2025-02-28 00:00:00,557
Derby Shoes,2025-03-31 00:00:00,719
Derby Shoes,2025-04-30 00:00:00,661
Derby Shoes,2025-05-31 00:00:00,747
Derby Shoes,2025-06-30 00:00:00,712
Derby Shoes,2025-07-31 00:00:00,524
Derby Shoes,2025-08-31 00:00:00,638
Derby Shoes,2025-09-30 00:00:00,673
Derby Shoes,2025-10-31 00:00:00,603
Derby Shoes,2025-11-30 00:00:00,586
Derby Shoes,2025-12-31 00:00:00,584
Derby Shoes,2026-01-31 00:00:00,851
Derby Shoes,2026-02-28 00:00:00,551
Derby Shoes,2026-03-31 00:00:00,698
Derby Shoes,2026-04-30 00:00:00,654
Derby Shoes,2026-05-31 00:00:00,723
Derby Shoes,2026-06-30 00:00:00,707
Derby Shoes,2026-07-31 00:00:00,530
Derby Shoes,2026-08-31 00:00:00,623
Derby Shoes,2026-09-30 00:00:00,600
Derby Shoes,2026-10-31 00:00:00,624
Derby Shoes,2026-11-30 00:00:00,550
Derby Shoes,2026-12-31 00:00:00,613
Derby Shoes,2027-01-31 00:00:00,809
Derby Shoes,2027-02-28 00:00:00,527
Derby Shoes,2027-03-31 00:00:00,685
Derby Shoes,2027-04-30 00:00:00,642
Derby Shoes,2027-05-31 00:00:00,701
Derby Shoes,2027-06-30 00:00:00,679
Derby Shoes,2027-07-31 00:00:00,503
Derby Shoes,2027-08-31 00:00:00,611
Derby Shoes,2027-09-30 00:00:00,614
Derby Shoes,2027-10-31 00:00:00,593
Derby Shoes,2027-11-30 00:00:00,547
Derby Shoes,2027-12-31 00:00:00,565
Derby Shoes,2028-01-31 00:00:00,812
Derby Shoes,2028-02-29 00:00:00,515
Derby Shoes,2028-03-31 00:00:00,664
Derby Shoes,2028-04-30 00:00:00,622
Derby Shoes,2028-05-31 00:00:00,687
Derby Shoes,2028-06-30 00:00:00,663
Derby Shoes,2028-07-31 00:00:00,491
Derby Shoes,2028-08-31 00:00:00,593
Derby Shoes,2028-09-30 00:00:00,580
Double-Breasted Coat,2015-01-31 00:00:00,798
Double-Breasted Coat,2015-02-28 00:00:00,771
Double-Breasted Coat,2015-03-31 00:00:00,1010
Double-Breasted Coat,2015-04-30 00:00:00,499
Double-Breasted Coat,2015-05-31 00:00:00,787
Double-Breasted Coat,2015-06-30 00:00:00,743
Double-Breasted Coat,2015-07-31 00:00:00,811
Double-Breasted Coat,2015-08-31 00:00:00,741
Double-Breasted Coat,2015-09-30 00:00:00,885
Double-Breasted Coat,2015-10-31 00:00:00,992
Double-Breasted Coat,2015-11-30 00:00:00,581
Double-Breasted Coat,2015-12-31 00:00:00,758
Double-Breasted Coat,2016-01-31 00:00:00,1021
Double-Breasted Coat,2016-02-29 00:00:00,904
Double-Breasted Coat,2016-03-31 00:00:00,642
Double-Breasted Coat,2016-04-30 00:00:00,782
Double-Breasted Coat,2016-05-31 00:00:00,797
Double-Breasted Coat,2016-06-30 00:00:00,767
Double-Breasted Coat,2016-07-31 00:00:00,1007
Double-Breasted Coat,2016-08-31 00:00:00,943
Double-Breasted Coat,2016-09-30 00:00:00,756
Double-Breasted Coat,2016-10-31 00:00:00,716
Double-Breasted Coat,2016-11-30 00:00:00,817
Double-Breasted Coat,2016-12-31 00:00:00,873
Double-Breasted Coat,2017-01-31 00:00:00,772
Double-Breasted Coat,2017-02-28 00:00:00,949
Double-Breasted Coat,2017-03-31 00:00:00,681
Double-Breasted Coat,2017-04-30 00:00:00,903
Double-Breasted Coat,2017-05-31 00:00:00,891
Double-Breasted Coat,2017-06-30 00:00:00,635
Double-Breasted Coat,2017-07-31 00:00:00,564
Double-Breasted Coat,2017-08-31 00:00:00,625
Double-Breasted Coat,2017-09-30 00:00:00,725
Double-Breasted Coat,2017-10-31 00:00:00,793
Double-Breasted Coat,2017-11-30 00:00:00,722
Double-Breasted Coat,2017-12-31 00:00:00,899
Double-Breasted Coat,2018-01-31 00:00:00,648
Double-Breasted Coat,2018-02-28 00:00:00,673
Double-Breasted Coat,2018-03-31 00:00:00,875
Double-Breasted Coat,2018-04-30 00:00:00,639
Double-Breasted Coat,2018-05-31 00:00:00,645
Double-Breasted Coat,2018-06-30 00:00:00,641
Double-Breasted Coat,2018-07-31 00:00:00,658
Double-Breasted Coat,2018-08-31 00:00:00,1010
Double-Breasted Coat,2018-09-30 00:00:00,697
Double-Breasted Coat,2018-10-31 00:00:00,861
Double-Breasted Coat,2018-11-30 00:00:00,1010
Double-Breasted Coat,2018-12-31 00:00:00,723
Double-Breasted Coat,2019-01-31 00:00:00,1000
Double-Breasted Coat,2019-02-28 00:00:00,747
Double-Breasted Coat,2019-03-31 00:00:00,696
Double-Breasted Coat,2019-04-30 00:00:00,955
Double-Breasted Coat,2019-05-31 00:00:00,769
Double-Breasted Coat,2019-06-30 00:00:00,869
Double-Breasted Coat,2019-07-31 00:00:00,972
Double-Breasted Coat,2019-08-31 00:00:00,933
Double-Breasted Coat,2019-09-30 00:00:00,588
Double-Breasted Coat,2019-10-31 00:00:00,905
Double-Breasted Coat,2019-11-30 00:00:00,979
Double-Breasted Coat,2019-12-31 00:00:00,763
Double-Breasted Coat,2020-01-31 00:00:00,776
Double-Breasted Coat,2020-02-29 00:00:00,902
Double-Breasted Coat,2020-03-31 00:00:00,862
Double-Breasted Coat,2020-04-30 00:00:00,871
Double-Breasted Coat,2020-05-31 00:00:00,773
Double-Breasted Coat,2020-06-30 00:00:00,822
Double-Breasted Coat,2020-07-31 00:00:00,948
Double-Breasted Coat,2020-08-31 00:00:00,809
Double-Breasted Coat,2020-09-30 00:00:00,913
Double-Breasted Coat,2020-10-31 00:00:00,959
Double-Breasted Coat,2020-11-30 00:00:00,782
Double-Breasted Coat,2020-12-31 00:00:00,835
Double-Breasted Coat,2021-01-31 00:00:00,905
Double-Breasted Coat,2021-02-28 00:00:00,840
Double-Breasted Coat,2021-03-31 00:00:00,865
Double-Breasted Coat,2021-04-30 00:00:00,766
Double-Breasted Coat,2021-05-31 00:00:00,772
Double-Breasted Coat,2021-06-30 00:00:00,1010
Double-Breasted Coat,2021-07-31 00:00:00,715
Double-Breasted Coat,2021-08-31 00:00:00,725
Double-Breasted Coat,2021-09-30 00:00:00,669
Double-Breasted Coat,2021-10-31 00:00:00,810
Double-Breasted Coat,2021-11-30 00:00:00,622
Double-Breasted Coat,2021-12-31 00:00:00,881
Double-Breasted Coat,2022-01-31 00:00:00,948
Double-Breasted Coat,2022-02-28 00:00:00,693
Double-Breasted Coat,2022-03-31 00:00:00,797
Double-Breasted Coat,2022-04-30 00:00:00,734
Double-Breasted Coat,2022-05-31 00:00:00,781
Double-Breasted Coat,2022-06-30 00:00:00,734
Double-Breasted Coat,2022-07-31 00:00:00,785
Double-Breasted Coat,2022-08-31 00:00:00,874
Double-Breasted Coat,2022-09-30 00:00:00,790
Double-Breasted Coat,2022-10-31 00:00:00,816
Double-Breasted Coat,2022-11-30 00:00:00,791
Double-Breasted Coat,2022-12-31 00:00:00,700
Double-Breasted Coat,2023-01-31 00:00:00,998
Double-Breasted Coat,2023-02-28 00:00:00,769
Double-Breasted Coat,2023-03-31 00:00:00,827
Double-Breasted Coat,2023-04-30 00:00:00,882
Double-Breasted Coat,2023-05-31 00:00:00,973
Double-Breasted Coat,2023-06-30 00:00:00,721
Double-Breasted Coat,2023-07-31 00:00:00,970
Double-Breasted Coat,2023-08-31 00:00:00,606
Double-Breasted Coat,2023-09-30 00:00:00,676
Double-Breasted Coat,2023-10-31 00:00:00,740
Double-Breasted Coat,2023-11-30 00:00:00,766
Double-Breasted Coat,2023-12-31 00:00:00,806
Double-Breasted Coat,2024-01-31 00:00:00,720
Double-Breasted Coat,2024-02-29 00:00:00,635
Double-Breasted Coat,2024-03-31 00:00:00,702
Double-Breasted Coat,2024-04-30 00:00:00,650
Double-Breasted Coat,2024-05-31 00:00:00,680
Double-Breasted Coat,2024-06-30 00:00:00,704
Double-Breasted Coat,2024-07-31 00:00:00,662
Double-Breasted Coat,2024-08-31 00:00:00,599
Double-Breasted Coat,2024-09-30 00:00:00,578
Double-Breasted Coat,2024-10-31 00:00:00,651
Double-Breasted Coat,2024-11-30 00:00:00,566
Double-Breasted Coat,2024-12-31 00:00:00,672
Double-Breasted Coat,2025-01-31 00:00:00,775
Double-Breasted Coat,2025-02-28 00:00:00,586
Double-Breasted Coat,2025-03-31 00:00:00,659
Double-Breasted Coat,2025-04-30 00:00:00,633
Double-Breasted Coat,2025-05-31 00:00:00,685
Double-Breasted Coat,2025-06-30 00:00:00,605
Double-Breasted Coat,2025-07-31 00:00:00,680
Double-Breasted Coat,2025-08-31 00:00:00,609
Double-Breasted Coat,2025-09-30 00:00:00,583
Double-Breasted Coat,2025-10-31 00:00:00,634
Double-Breasted Coat,2025-11-30 00:00:00,607
Double-Breasted Coat,2025-12-31 00:00:00,606
Double-Breasted Coat,2026-01-31 00:00:00,761
Double-Breasted Coat,2026-02-28 00:00:00,588
Double-Breasted Coat,2026-03-31 00:00:00,646
Double-Breasted Coat,2026-04-30 00:00:00,664
Double-Breasted Coat,2026-05-31 00:00:00,714
Double-Breasted Coat,2026-06-30 00:00:00,596
Double-Breasted Coat,2026-07-31 00:00:00,702
Double-Breasted Coat,2026-08-31 00:00:00,520
Double-Breasted Coat,2026-09-30 00:00:00,530
Double-Breasted Coat,2026-10-31 00:00:00,594
Double-Breasted Coat,2026-11-30 00:00:00,580
Double-Breasted Coat,2026-12-31 00:00:00,618
Double-Breasted Coat,2027-01-31 00:00:00,698
Double-Breasted Coat,2027-02-28 00:00:00,554
Double-Breasted Coat,2027-03-31 00:00:00,624
Double-Breasted Coat,2027-04-30 00:00:00,593
Double-Breasted Coat,2027-05-31 00:00:00,635
Double-Breasted Coat,2027-06-30 00:00:00,598
Double-Breasted Coat,2027-07-31 00:00:00,633
Double-Breasted Coat,2027-08-31 00:00:00,528
Double-Breasted Coat,2027-09-30 00:00:00,510
Double-Breasted Coat,2027-10-31 00:00:00,577
Double-Breasted Coat,2027-11-30 00:00:00,535
Double-Breasted Coat,2027-12-31 00:00:00,589
Double-Breasted Coat,2028-01-31 00:00:00,695
Double-Breasted Coat,2028-02-29 00:00:00,525
Double-Breasted Coat,2028-03-31 00:00:00,596
Double-Breasted Coat,2028-04-30 00:00:00,578
Double-Breasted Coat,2028-05-31 00:00:00,632
Double-Breasted Coat,2028-06-30 00:00:00,552
Double-Breasted Coat,2028-07-31 00:00:00,623
Double-Breasted Coat,2028-08-31 00:00:00,510
Double-Breasted Coat,2028-09-30 00:00:00,500
Fluffy Jacket,2015-01-31 00:00:00,676
Fluffy Jacket,2015-02-28 00:00:00,801
Fluffy Jacket,2015-03-31 00:00:00,834
Fluffy Jacket,2015-04-30 00:00:00,834
Fluffy Jacket,2015-05-31 00:00:00,820
Fluffy Jacket,2015-06-30 00:00:00,817
Fluffy Jacket,2015-07-31 00:00:00,824
Fluffy Jacket,2015-08-31 00:00:00,836
Fluffy Jacket,2015-09-30 00:00:00,818
Fluffy Jacket,2015-10-31 00:00:00,1024
Fluffy Jacket,2015-11-30 00:00:00,865
Fluffy Jacket,2015-12-31 00:00:00,897
Fluffy Jacket,2016-01-31 00:00:00,940
Fluffy Jacket,2016-02-29 00:00:00,747
Fluffy Jacket,2016-03-31 00:00:00,717
Fluffy Jacket,2016-04-30 00:00:00,784
Fluffy Jacket,2016-05-31 00:00:00,771
Fluffy Jacket,2016-06-30 00:00:00,571
Fluffy Jacket,2016-07-31 00:00:00,727
Fluffy Jacket,2016-08-31 00:00:00,778
Fluffy Jacket,2016-09-30 00:00:00,805
Fluffy Jacket,2016-10-31 00:00:00,891
Fluffy Jacket,2016-11-30 00:00:00,797
Fluffy Jacket,2016-12-31 00:00:00,897
Fluffy Jacket,2017-01-31 00:00:00,844
Fluffy Jacket,2017-02-28 00:00:00,835
Fluffy Jacket,2017-03-31 00:00:00,810
Fluffy Jacket,2017-04-30 00:00:00,870
Fluffy Jacket,2017-05-31 00:00:00,707
Fluffy Jacket,2017-06-30 00:00:00,790
Fluffy Jacket,2017-07-31 00:00:00,841
Fluffy Jacket,2017-08-31 00:00:00,697
Fluffy Jacket,2017-09-30 00:00:00,736
Fluffy Jacket,2017-10-31 00:00:00,923
Fluffy Jacket,2017-11-30 00:00:00,715
Fluffy Jacket,2017-12-31 00:00:00,870
Fluffy Jacket,2018-01-31 00:00:00,801
Fluffy Jacket,2018-02-28 00:00:00,756
Fluffy Jacket,2018-03-31 00:00:00,707
Fluffy Jacket,2018-04-30 00:00:00,703
Fluffy Jacket,2018-05-31 00:00:00,819
Fluffy Jacket,2018-06-30 00:00:00,669
Fluffy Jacket,2018-07-31 00:00:00,747
Fluffy Jacket,2018-08-31 00:00:00,1052
Fluffy Jacket,2018-09-30 00:00:00,621
Fluffy Jacket,2018-10-31 00:00:00,792
Fluffy Jacket,2018-11-30 00:00:00,759
Fluffy Jacket,2018-12-31 00:00:00,854
Fluffy Jacket,2019-01-31 00:00:00,900
Fluffy Jacket,2019-02-28 00:00:00,605
Fluffy Jacket,2019-03-31 00:00:00,692
Fluffy Jacket,2019-04-30 00:00:00,695
Fluffy Jacket,2019-05-31 00:00:00,743
Fluffy Jacket,2019-06-30 00:00:00,784
Fluffy Jacket,2019-07-31 00:00:00,696
Fluffy Jacket,2019-08-31 00:00:00,842
Fluffy Jacket,2019-09-30 00:00:00,742
Fluffy Jacket,2019-10-31 00:00:00,1131
Fluffy Jacket,2019-11-30 00:00:00,916
Fluffy Jacket,2019-12-31 00:00:00,748
Fluffy Jacket,2020-01-31 00:00:00,948
Fluffy Jacket,2020-02-29 00:00:00,689
Fluffy Jacket,2020-03-31 00:00:00,675
Fluffy Jacket,2020-04-30 00:00:00,768
Fluffy Jacket,2020-05-31 00:00:00,877
Fluffy Jacket,2020-06-30 00:00:00,626
Fluffy Jacket,2020-07-31 00:00:00,896
Fluffy Jacket,2020-08-31 00:00:00,777
Fluffy Jacket,2020-09-30 00:00:00,466
Fluffy Jacket,2020-10-31 00:00:00,872
Fluffy Jacket,2020-11-30 00:00:00,794
Fluffy Jacket,2020-12-31 00:00:00,887
Fluffy Jacket,2021-01-31 00:00:00,901
Fluffy Jacket,2021-02-28 00:00:00,658
Fluffy Jacket,2021-03-31 00:00:00,859
Fluffy Jacket,2021-04-30 00:00:00,779
Fluffy Jacket,2021-05-31 00:00:00,647
Fluffy Jacket,2021-06-30 00:00:00,994
Fluffy Jacket,2021-07-31 00:00:00,1002
Fluffy Jacket,2021-08-31 00:00:00,697
Fluffy Jacket,2021-09-30 00:00:00,741
Fluffy Jacket,2021-10-31 00:00:00,767
Fluffy Jacket,2021-11-30 00:00:00,690
Fluffy Jacket,2021-12-31 00:00:00,915
Fluffy Jacket,2022-01-31 00:00:00,817
Fluffy Jacket,2022-02-28 00:00:00,770
Fluffy Jacket,2022-03-31 00:00:00,990
Fluffy Jacket,2022-04-30 00:00:00,731
Fluffy Jacket,2022-05-31 00:00:00,916
Fluffy Jacket,2022-06-30 00:00:00,628
Fluffy Jacket,2022-07-31 00:00:00,907
Fluffy Jacket,2022-08-31 00:00:00,670
Fluffy Jacket,2022-09-30 00:00:00,814
Fluffy Jacket,2022-10-31 00:00:00,803
Fluffy Jacket,2022-11-30 00:00:00,780
Fluffy Jacket,2022-12-31 00:00:00,712
Fluffy Jacket,2023-01-31 00:00:00,731
Fluffy Jacket,2023-02-28 00:00:00,759
Fluffy Jacket,2023-03-31 00:00:00,794
Fluffy Jacket,2023-04-30 00:00:00,903
Fluffy Jacket,2023-05-31 00:00:00,836
Fluffy Jacket,2023-06-30 00:00:00,914
Fluffy Jacket,2023-07-31 00:00:00,876
Fluffy Jacket,2023-08-31 00:00:00,839
Fluffy Jacket,2023-09-30 00:00:00,859
Fluffy Jacket,2023-10-31 00:00:00,836
Fluffy Jacket,2023-11-30 00:00:00,693
Fluffy Jacket,2023-12-31 00:00:00,728
Fluffy Jacket,2024-01-31 00:00:00,688
Fluffy Jacket,2024-02-29 00:00:00,608
Fluffy Jacket,2024-03-31 00:00:00,739
Fluffy Jacket,2024-04-30 00:00:00,673
Fluffy Jacket,2024-05-31 00:00:00,679
Fluffy Jacket,2024-06-30 00:00:00,666
Fluffy Jacket,2024-07-31 00:00:00,759
Fluffy Jacket,2024-08-31 00:00:00,594
Fluffy Jacket,2024-09-30 00:00:00,669
Fluffy Jacket,2024-10-31 00:00:00,653
Fluffy Jacket,2024-11-30 00:00:00,592
Fluffy Jacket,2024-12-31 00:00:00,625
Fluffy Jacket,2025-01-31 00:00:00,631
Fluffy Jacket,2025-02-28 00:00:00,598
Fluffy Jacket,2025-03-31 00:00:00,705
Fluffy Jacket,2025-04-30 00:00:00,662
Fluffy Jacket,2025-05-31 00:00:00,678
Fluffy Jacket,2025-06-30 00:00:00,649
Fluffy Jacket,2025-07-31 00:00:00,717
Fluffy Jacket,2025-08-31 00:00:00,593
Fluffy Jacket,2025-09-30 00:00:00,652
Fluffy Jacket,2025-10-31 00:00:00,643
Fluffy Jacket,2025-11-30 00:00:00,559
Fluffy Jacket,2025-12-31 00:00:00,573
Fluffy Jacket,2026-01-31 00:00:00,603
Fluffy Jacket,2026-02-28 00:00:00,556
Fluffy Jacket,2026-03-31 00:00:00,652
Fluffy Jacket,2026-04-30 00:00:00,639
Fluffy Jacket,2026-05-31 00:00:00,636
Fluffy Jacket,2026-06-30 00:00:00,631
Fluffy Jacket,2026-07-31 00:00:00,700
Fluffy Jacket,2026-08-31 00:00:00,578
Fluffy Jacket,2026-09-30 00:00:00,633
Fluffy Jacket,2026-10-31 00:00:00,616
Fluffy Jacket,2026-11-30 00:00:00,524
Fluffy Jacket,2026-12-31 00:00:00,548
Fluffy Jacket,2027-01-31 00:00:00,565
Fluffy Jacket,2027-02-28 00:00:00,518
Fluffy Jacket,2027-03-31 00:00:00,636
Fluffy Jacket,2027-04-30 00:00:00,598
Fluffy Jacket,2027-05-31 00:00:00,610
Fluffy Jacket,2027-06-30 00:00:00,590
Fluffy Jacket,2027-07-31 00:00:00,663
Fluffy Jacket,2027-08-31 00:00:00,530
Fluffy Jacket,2027-09-30 00:00:00,588
Fluffy Jacket,2027-10-31 00:00:00,578
Fluffy Jacket,2027-11-30 00:00:00,497
Fluffy Jacket,2027-12-31 00:00:00,517
Fluffy Jacket,2028-01-31 00:00:00,532
Fluffy Jacket,2028-02-29 00:00:00,490
Fluffy Jacket,2028-03-31 00:00:00,592
Fluffy Jacket,2028-04-30 00:00:00,565
Fluffy Jacket,2028-05-31 00:00:00,570
Fluffy Jacket,2028-06-30 00:00:00,557
Fluffy Jacket,2028-07-31 00:00:00,627
Fluffy Jacket,2028-08-31 00:00:00,502
Fluffy Jacket,2028-09-30 00:00:00,562
Gloves,2015-01-31 00:00:00,948
Gloves,2015-02-28 00:00:00,858
Gloves,2015-03-31 00:00:00,777
Gloves,2015-04-30 00:00:00,692
Gloves,2015-05-31 00:00:00,698
Gloves,2015-06-30 00:00:00,945
Gloves,2015-07-31 00:00:00,773
Gloves,2015-08-31 00:00:00,649
Gloves,2015-09-30 00:00:00,892
Gloves,2015-10-31 00:00:00,938
Gloves,2015-11-30 00:00:00,757
Gloves,2015-12-31 00:00:00,1060
Gloves,2016-01-31 00:00:00,740
Gloves,2016-02-29 00:00:00,802
Gloves,2016-03-31 00:00:00,861
Gloves,2016-04-30 00:00:00,681
Gloves,2016-05-31 00:00:00,812
Gloves,2016-06-30 00:00:00,913
Gloves,2016-07-31 00:00:00,762
Gloves,2016-08-31 00:00:00,749
Gloves,2016-09-30 00:00:00,620
Gloves,2016-10-31 00:00:00,934
Gloves,2016-11-30 00:00:00,937
Gloves,2016-12-31 00:00:00,1025
Gloves,2017-01-31 00:00:00,703
Gloves,2017-02-28 00:00:00,481
Gloves,2017-03-31 00:00:00,755
Gloves,2017-04-30 00:00:00,859
Gloves,2017-05-31 00:00:00,844
Gloves,2017-06-30 00:00:00,850
Gloves,2017-07-31 00:00:00,885
Gloves,2017-08-31 00:00:00,895
Gloves,2017-09-30 00:00:00,692
Gloves,2017-10-31 00:00:00,826
Gloves,2017-11-30 00:00:00,710
Gloves,2017-12-31 00:00:00,595
Gloves,2018-01-31 00:00:00,737
Gloves,2018-02-28 00:00:00,775
Gloves,2018-03-31 00:00:00,795
Gloves,2018-04-30 00:00:00,899
Gloves,2018-05-31 00:00:00,841
Gloves,2018-06-30 00:00:00,1045
Gloves,2018-07-31 00:00:00,788
Gloves,2018-08-31 00:00:00,720
Gloves,2018-09-30 00:00:00,885
Gloves,2018-10-31 00:00:00,720
Gloves,2018-11-30 00:00:00,654
Gloves,2018-12-31 00:00:00,1061
Gloves,2019-01-31 00:00:00,881
Gloves,2019-02-28 00:00:00,744
Gloves,2019-03-31 00:00:00,851
Gloves,2019-04-30 00:00:00,673
Gloves,2019-05-31 00:00:00,749
Gloves,2019-06-30 00:00:00,702
Gloves,2019-07-31 00:00:00,878
Gloves,2019-08-31 00:00:00,1013
Gloves,2019-09-30 00:00:00,807
Gloves,2019-10-31 00:00:00,830
Gloves,2019-11-30 00:00:00,890
Gloves,2019-12-31 00:00:00,671
Gloves,2020-01-31 00:00:00,976
Gloves,2020-02-29 00:00:00,513
Gloves,2020-03-31 00:00:00,960
Gloves,2020-04-30 00:00:00,774
Gloves,2020-05-31 00:00:00,1084
Gloves,2020-06-30 00:00:00,935
Gloves,2020-07-31 00:00:00,719
Gloves,2020-08-31 00:00:00,898
Gloves,2020-09-30 00:00:00,651
Gloves,2020-10-31 00:00:00,703
Gloves,2020-11-30 00:00:00,765
Gloves,2020-12-31 00:00:00,824
Gloves,2021-01-31 00:00:00,790
Gloves,2021-02-28 00:00:00,1034
Gloves,2021-03-31 00:00:00,778
Gloves,2021-04-30 00:00:00,740
Gloves,2021-05-31 00:00:00,899
Gloves,2021-06-30 00:00:00,641
Gloves,2021-07-31 00:00:00,761
Gloves,2021-08-31 00:00:00,931
Gloves,2021-09-30 00:00:00,793
Gloves,2021-10-31 00:00:00,784
Gloves,2021-11-30 00:00:00,766
Gloves,2021-12-31 00:00:00,600
Gloves,2022-01-31 00:00:00,863
Gloves,2022-02-28 00:00:00,840
Gloves,2022-03-31 00:00:00,946
Gloves,2022-04-30 00:00:00,842
Gloves,2022-05-31 00:00:00,836
Gloves,2022-06-30 00:00:00,938
Gloves,2022-07-31 00:00:00,778
Gloves,2022-08-31 00:00:00,884
Gloves,2022-09-30 00:00:00,897
Gloves,2022-10-31 00:00:00,696
Gloves,2022-11-30 00:00:00,854
Gloves,2022-12-31 00:00:00,662
Gloves,2023-01-31 00:00:00,686
Gloves,2023-02-28 00:00:00,780
Gloves,2023-03-31 00:00:00,728
Gloves,2023-04-30 00:00:00,994
Gloves,2023-05-31 00:00:00,669
Gloves,2023-06-30 00:00:00,792
Gloves,2023-07-31 00:00:00,847
Gloves,2023-08-31 00:00:00,928
Gloves,2023-09-30 00:00:00,854
Gloves,2023-10-31 00:00:00,740
Gloves,2023-11-30 00:00:00,840
Gloves,2023-12-31 00:00:00,718
Gloves,2024-01-31 00:00:00,774
Gloves,2024-02-29 00:00:00,794
Gloves,2024-03-31 00:00:00,810
Gloves,2024-04-30 00:00:00,770
Gloves,2024-05-31 00:00:00,804
Gloves,2024-06-30 00:00:00,772
Gloves,2024-07-31 00:00:00,732
Gloves,2024-08-31 00:00:00,853
Gloves,2024-09-30 00:00:00,778
Gloves,2024-10-31 00:00:00,687
Gloves,2024-11-30 00:00:00,768
Gloves,2024-12-31 00:00:00,635
Gloves,2025-01-31 00:00:00,743
Gloves,2025-02-28 00:00:00,759
Gloves,2025-03-31 00:00:00,782
Gloves,2025-04-30 00:00:00,834
Gloves,2025-05-31 00:00:00,747
Gloves,2025-06-30 00:00:00,772
Gloves,2025-07-31 00:00:00,761
Gloves,2025-08-31 00:00:00,865
Gloves,2025-09-30 00:00:00,791
Gloves,2025-10-31 00:00:00,696
Gloves,2025-11-30 00:00:00,783
Gloves,2025-12-31 00:00:00,648
Gloves,2026-01-31 00:00:00,752
Gloves,2026-02-28 00:00:00,792
Gloves,2026-03-31 00:00:00,797
Gloves,2026-04-30 00:00:00,841
Gloves,2026-05-31 00:00:00,760
Gloves,2026-06-30 00:00:00,781
Gloves,2026-07-31 00:00:00,771
Gloves,2026-08-31 00:00:00,874
Gloves,2026-09-30 00:00:00,812
Gloves,2026-10-31 00:00:00,705
Gloves,2026-11-30 00:00:00,799
Gloves,2026-12-31 00:00:00,661
Gloves,2027-01-31 00:00:00,764
Gloves,2027-02-28 00:00:00,809
Gloves,2027-03-31 00:00:00,801
Gloves,2027-04-30 00:00:00,856
Gloves,2027-05-31 00:00:00,771
Gloves,2027-06-30 00:00:00,795
Gloves,2027-07-31 00:00:00,783
Gloves,2027-08-31 00:00:00,886
Gloves,2027-09-30 00:00:00,823
Gloves,2027-10-31 00:00:00,718
Gloves,2027-11-30 00:00:00,809
Gloves,2027-12-31 00:00:00,675
Gloves,2028-01-31 00:00:00,771
Gloves,2028-02-29 00:00:00,825
Gloves,2028-03-31 00:00:00,814
Gloves,2028-04-30 00:00:00,865
Gloves,2028-05-31 00:00:00,782
Gloves,2028-06-30 00:00:00,811
Gloves,2028-07-31 00:00:00,792
Gloves,2028-08-31 00:00:00,897
Gloves,2028-09-30 00:00:00,835
Hat,2015-01-31 00:00:00,632
Hat,2015-02-28 00:00:00,618
Hat,2015-03-31 00:00:00,915
Hat,2015-04-30 00:00:00,735
Hat,2015-05-31 00:00:00,871
Hat,2015-06-30 00:00:00,619
Hat,2015-07-31 00:00:00,769
Hat,2015-08-31 00:00:00,931
Hat,2015-09-30 00:00:00,994
Hat,2015-10-31 00:00:00,756
Hat,2015-11-30 00:00:00,807
Hat,2015-12-31 00:00:00,946
Hat,2016-01-31 00:00:00,714
Hat,2016-02-29 00:00:00,788
Hat,2016-03-31 00:00:00,876
Hat,2016-04-30 00:00:00,734
Hat,2016-05-31 00:00:00,959
Hat,2016-06-30 00:00:00,899
Hat,2016-07-31 00:00:00,889
Hat,2016-08-31 00:00:00,632
Hat,2016-09-30 00:00:00,802
Hat,2016-10-31 00:00:00,751
Hat,2016-11-30 00:00:00,604
Hat,2016-12-31 00:00:00,749
Hat,2017-01-31 00:00:00,739
Hat,2017-02-28 00:00:00,656
Hat,2017-03-31 00:00:00,961
Hat,2017-04-30 00:00:00,696
Hat,2017-05-31 00:00:00,656
Hat,2017-06-30 00:00:00,835
Hat,2017-07-31 00:00:00,676
Hat,2017-08-31 00:00:00,807
Hat,2017-09-30 00:00:00,920
Hat,2017-10-31 00:00:00,717
Hat,2017-11-30 00:00:00,778
Hat,2017-12-31 00:00:00,819
Hat,2018-01-31 00:00:00,772
Hat,2018-02-28 00:00:00,709
Hat,2018-03-31 00:00:00,724
Hat,2018-04-30 00:00:00,788
Hat,2018-05-31 00:00:00,737
Hat,2018-06-30 00:00:00,725
Hat,2018-07-31 00:00:00,875
Hat,2018-08-31 00:00:00,986
Hat,2018-09-30 00:00:00,892
Hat,2018-10-31 00:00:00,829
Hat,2018-11-30 00:00:00,871
Hat,2018-12-31 00:00:00,622
Hat,2019-01-31 00:00:00,838
Hat,2019-02-28 00:00:00,648
Hat,2019-03-31 00:00:00,721
Hat,2019-04-30 00:00:00,833
Hat,2019-05-31 00:00:00,686
Hat,2019-06-30 00:00:00,561
Hat,2019-07-31 00:00:00,651
Hat,2019-08-31 00:00:00,758
Hat,2019-09-30 00:00:00,889
Hat,2019-10-31 00:00:00,830
Hat,2019-11-30 00:00:00,787
Hat,2019-12-31 00:00:00,936
Hat,2020-01-31 00:00:00,688
Hat,2020-02-29 00:00:00,762
Hat,2020-03-31 00:00:00,866
Hat,2020-04-30 00:00:00,725
Hat,2020-05-31 00:00:00,788
Hat,2020-06-30 00:00:00,774
Hat,2020-07-31 00:00:00,661
Hat,2020-08-31 00:00:00,948
Hat,2020-09-30 00:00:00,1003
Hat,2020-10-31 00:00:00,716
Hat,2020-11-30 00:00:00,708
Hat,2020-12-31 00:00:00,914
Hat,2021-01-31 00:00:00,764
Hat,2021-02-28 00:00:00,1015
Hat,2021-03-31 00:00:00,641
Hat,2021-04-30 00:00:00,894
Hat,2021-05-31 00:00:00,804
Hat,2021-06-30 00:00:00,853
Hat,2021-07-31 00:00:00,605
Hat,2021-08-31 00:00:00,875
Hat,2021-09-30 00:00:00,939
Hat,2021-10-31 00:00:00,785
Hat,2021-11-30 00:00:00,649
Hat,2021-12-31 00:00:00,940
Hat,2022-01-31 00:00:00,694
Hat,2022-02-28 00:00:00,748
Hat,2022-03-31 00:00:00,960
Hat,2022-04-30 00:00:00,916
Hat,2022-05-31 00:00:00,936
Hat,2022-06-30 00:00:00,874
Hat,2022-07-31 00:00:00,715
Hat,2022-08-31 00:00:00,1042
Hat,2022-09-30 00:00:00,929
Hat,2022-10-31 00:00:00,981
Hat,2022-11-30 00:00:00,993
Hat,2022-12-31 00:00:00,653
Hat,2023-01-31 00:00:00,838
Hat,2023-02-28 00:00:00,824
Hat,2023-03-31 00:00:00,710
Hat,2023-04-30 00:00:00,837
Hat,2023-05-31 00:00:00,857
Hat,2023-06-30 00:00:00,763
Hat,2023-07-31 00:00:00,800
Hat,2023-08-31 00:00:00,1019
Hat,2023-09-30 00:00:00,839
Hat,2023-10-31 00:00:00,811
Hat,2023-11-30 00:00:00,832
Hat,2023-12-31 00:00:00,685
Hat,2024-01-31 00:00:00,671
Hat,2024-02-29 00:00:00,677
Hat,2024-03-31 00:00:00,671
Hat,2024-04-30 00:00:00,715
Hat,2024-05-31 00:00:00,710
Hat,2024-06-30 00:00:00,666
Hat,2024-07-31 00:00:00,637
Hat,2024-08-31 00:00:00,790
Hat,2024-09-30 00:00:00,784
Hat,2024-10-31 00:00:00,695
Hat,2024-11-30 00:00:00,674
Hat,2024-12-31 00:00:00,677
Hat,2025-01-31 00:00:00,649
Hat,2025-02-28 00:00:00,658
Hat,2025-03-31 00:00:00,684
Hat,2025-04-30 00:00:00,703
Hat,2025-05-31 00:00:00,704
Hat,2025-06-30 00:00:00,662
Hat,2025-07-31 00:00:00,626
Hat,2025-08-31 00:00:00,781
Hat,2025-09-30 00:00:00,779
Hat,2025-10-31 00:00:00,697
Hat,2025-11-30 00:00:00,675
Hat,2025-12-31 00:00:00,684
Hat,2026-01-31 00:00:00,640
Hat,2026-02-28 00:00:00,654
Hat,2026-03-31 00:00:00,688
Hat,2026-04-30 00:00:00,695
Hat,2026-05-31 00:00:00,698
Hat,2026-06-30 00:00:00,656
Hat,2026-07-31 00:00:00,630
Hat,2026-08-31 00:00:00,785
Hat,2026-09-30 00:00:00,780
Hat,2026-10-31 00:00:00,695
Hat,2026-11-30 00:00:00,674
Hat,2026-12-31 00:00:00,676
Hat,2027-01-31 00:00:00,646
Hat,2027-02-28 00:00:00,658
Hat,2027-03-31 00:00:00,684
Hat,2027-04-30 00:00:00,695
Hat,2027-05-31 00:00:00,695
Hat,2027-06-30 00:00:00,658
Hat,2027-07-31 00:00:00,622
Hat,2027-08-31 00:00:00,782
Hat,2027-09-30 00:00:00,784
Hat,2027-10-31 00:00:00,683
Hat,2027-11-30 00:00:00,671
Hat,2027-12-31 00:00:00,682
Hat,2028-01-31 00:00:00,639
Hat,2028-02-29 00:00:00,655
Hat,2028-03-31 00:00:00,689
Hat,2028-04-30 00:00:00,694
Hat,2028-05-31 00:00:00,698
Hat,2028-06-30 00:00:00,659
Hat,2028-07-31 00:00:00,619
Hat,2028-08-31 00:00:00,778
Hat,2028-09-30 00:00:00,786
Inner Cushions,2015-01-31 00:00:00,845
Inner Cushions,2015-02-28 00:00:00,733
Inner Cushions,2015-03-31 00:00:00,727
Inner Cushions,2015-04-30 00:00:00,683
Inner Cushions,2015-05-31 00:00:00,812
Inner Cushions,2015-06-30 00:00:00,699
Inner Cushions,2015-07-31 00:00:00,849
Inner Cushions,2015-08-31 00:00:00,933
Inner Cushions,2015-09-30 00:00:00,774
Inner Cushions,2015-10-31 00:00:00,876
Inner Cushions,2015-11-30 00:00:00,854
Inner Cushions,2015-12-31 00:00:00,907
Inner Cushions,2016-01-31 00:00:00,817
Inner Cushions,2016-02-29 00:00:00,741
Inner Cushions,2016-03-31 00:00:00,515
Inner Cushions,2016-04-30 00:00:00,875
Inner Cushions,2016-05-31 00:00:00,653
Inner Cushions,2016-06-30 00:00:00,815
Inner Cushions,2016-07-31 00:00:00,721
Inner Cushions,2016-08-31 00:00:00,848
Inner Cushions,2016-09-30 00:00:00,671
Inner Cushions,2016-10-31 00:00:00,869
Inner Cushions,2016-11-30 00:00:00,764
Inner Cushions,2016-12-31 00:00:00,959
Inner Cushions,2017-01-31 00:00:00,731
Inner Cushions,2017-02-28 00:00:00,917
Inner Cushions,2017-03-31 00:00:00,733
Inner Cushions,2017-04-30 00:00:00,678
Inner Cushions,2017-05-31 00:00:00,873
Inner Cushions,2017-06-30 00:00:00,852
Inner Cushions,2017-07-31 00:00:00,714
Inner Cushions,2017-08-31 00:00:00,866
Inner Cushions,2017-09-30 00:00:00,706
Inner Cushions,2017-10-31 00:00:00,867
Inner Cushions,2017-11-30 00:00:00,886
Inner Cushions,2017-12-31 00:00:00,901
Inner Cushions,2018-01-31 00:00:00,641
Inner Cushions,2018-02-28 00:00:00,669
Inner Cushions,2018-03-31 00:00:00,788
Inner Cushions,2018-04-30 00:00:00,627
Inner Cushions,2018-05-31 00:00:00,961
Inner Cushions,2018-06-30 00:00:00,820
Inner Cushions,2018-07-31 00:00:00,671
Inner Cushions,2018-08-31 00:00:00,932
Inner Cushions,2018-09-30 00:00:00,890
Inner Cushions,2018-10-31 00:00:00,744
Inner Cushions,2018-11-30 00:00:00,881
Inner Cushions,2018-12-31 00:00:00,909
Inner Cushions,2019-01-31 00:00:00,692
Inner Cushions,2019-02-28 00:00:00,784
Inner Cushions,2019-03-31 00:00:00,897
Inner Cushions,2019-04-30 00:00:00,991
Inner Cushions,2019-05-31 00:00:00,1122
Inner Cushions,2019-06-30 00:00:00,896
Inner Cushions,2019-07-31 00:00:00,651
Inner Cushions,2019-08-31 00:00:00,756
Inner Cushions,2019-09-30 00:00:00,831
Inner Cushions,2019-10-31 00:00:00,1004
Inner Cushions,2019-11-30 00:00:00,851
Inner Cushions,2019-12-31 00:00:00,903
Inner Cushions,2020-01-31 00:00:00,735
Inner Cushions,2020-02-29 00:00:00,860
Inner Cushions,2020-03-31 00:00:00,948
Inner Cushions,2020-04-30 00:00:00,870
Inner Cushions,2020-05-31 00:00:00,1008
Inner Cushions,2020-06-30 00:00:00,540
Inner Cushions,2020-07-31 00:00:00,834
Inner Cushions,2020-08-31 00:00:00,814
Inner Cushions,2020-09-30 00:00:00,967
Inner Cushions,2020-10-31 00:00:00,949
Inner Cushions,2020-11-30 00:00:00,678
Inner Cushions,2020-12-31 00:00:00,793
Inner Cushions,2021-01-31 00:00:00,696
Inner Cushions,2021-02-28 00:00:00,647
Inner Cushions,2021-03-31 00:00:00,769
Inner Cushions,2021-04-30 00:00:00,770
Inner Cushions,2021-05-31 00:00:00,885
Inner Cushions,2021-06-30 00:00:00,711
Inner Cushions,2021-07-31 00:00:00,760
Inner Cushions,2021-08-31 00:00:00,854
Inner Cushions,2021-09-30 00:00:00,747
Inner Cushions,2021-10-31 00:00:00,803
Inner Cushions,2021-11-30 00:00:00,859
Inner Cushions,2021-12-31 00:00:00,853
Inner Cushions,2022-01-31 00:00:00,721
Inner Cushions,2022-02-28 00:00:00,731
Inner Cushions,2022-03-31 00:00:00,809
Inner Cushions,2022-04-30 00:00:00,881
Inner Cushions,2022-05-31 00:00:00,594
Inner Cushions,2022-06-30 00:00:00,824
Inner Cushions,2022-07-31 00:00:00,890
Inner Cushions,2022-08-31 00:00:00,842
Inner Cushions,2022-09-30 00:00:00,750
Inner Cushions,2022-10-31 00:00:00,889
Inner Cushions,2022-11-30 00:00:00,678
Inner Cushions,2022-12-31 00:00:00,731
Inner Cushions,2023-01-31 00:00:00,863
Inner Cushions,2023-02-28 00:00:00,649
Inner Cushions,2023-03-31 00:00:00,681
Inner Cushions,2023-04-30 00:00:00,842
Inner Cushions,2023-05-31 00:00:00,613
Inner Cushions,2023-06-30 00:00:00,1002
Inner Cushions,2023-07-31 00:00:00,740
Inner Cushions,2023-08-31 00:00:00,1010
Inner Cushions,2023-09-30 00:00:00,645
Inner Cushions,2023-10-31 00:00:00,906
Inner Cushions,2023-11-30 00:00:00,624
Inner Cushions,2023-12-31 00:00:00,693
Inner Cushions,2024-01-31 00:00:00,685
Inner Cushions,2024-02-29 00:00:00,586
Inner Cushions,2024-03-31 00:00:00,657
Inner Cushions,2024-04-30 00:00:00,748
Inner Cushions,2024-05-31 00:00:00,606
Inner Cushions,2024-06-30 00:00:00,776
Inner Cushions,2024-07-31 00:00:00,673
Inner Cushions,2024-08-31 00:00:00,803
Inner Cushions,2024-09-30 00:00:00,607
Inner Cushions,2024-10-31 00:00:00,769
Inner Cushions,2024-11-30 00:00:00,578
Inner Cushions,2024-12-31 00:00:00,641
Inner Cushions,2025-01-31 00:00:00,681
Inner Cushions,2025-02-28 00:00:00,572
Inner Cushions,2025-03-31 00:00:00,657
Inner Cushions,2025-04-30 00:00:00,732
Inner Cushions,2025-05-31 00:00:00,594
Inner Cushions,2025-06-30 00:00:00,746
Inner Cushions,2025-07-31 00:00:00,673
Inner Cushions,2025-08-31 00:00:00,810
Inner Cushions,2025-09-30 00:00:00,604
Inner Cushions,2025-10-31 00:00:00,769
Inner Cushions,2025-11-30 00:00:00,578
Inner Cushions,2025-12-31 00:00:00,629
Inner Cushions,2026-01-31 00:00:00,670
Inner Cushions,2026-02-28 00:00:00,575
Inner Cushions,2026-03-31 00:00:00,631
Inner Cushions,2026-04-30 00:00:00,721
Inner Cushions,2026-05-31 00:00:00,573
Inner Cushions,2026-06-30 00:00:00,755
Inner Cushions,2026-07-31 00:00:00,661
Inner Cushions,2026-08-31 00:00:00,793
Inner Cushions,2026-09-30 00:00:00,597
Inner Cushions,2026-10-31 00:00:00,762
Inner Cushions,2026-11-30 00:00:00,561
Inner Cushions,2026-12-31 00:00:00,619
Inner Cushions,2027-01-31 00:00:00,660
Inner Cushions,2027-02-28 00:00:00,562
Inner Cushions,2027-03-31 00:00:00,615
Inner Cushions,2027-04-30 00:00:00,707
Inner Cushions,2027-05-31 00:00:00,562
Inner Cushions,2027-06-30 00:00:00,750
Inner Cushions,2027-07-31 00:00:00,650
Inner Cushions,2027-08-31 00:00:00,783
Inner Cushions,2027-09-30 00:00:00,585
Inner Cushions,2027-10-31 00:00:00,751
Inner Cushions,2027-11-30 00:00:00,560
Inner Cushions,2027-12-31 00:00:00,611
Inner Cushions,2028-01-31 00:00:00,651
Inner Cushions,2028-02-29 00:00:00,557
Inner Cushions,2028-03-31 00:00:00,608
Inner Cushions,2028-04-30 00:00:00,701
Inner Cushions,2028-05-31 00:00:00,553
Inner Cushions,2028-06-30 00:00:00,739
Inner Cushions,2028-07-31 00:00:00,643
Inner Cushions,2028-08-31 00:00:00,774
Inner Cushions,2028-09-30 00:00:00,576
Joggers,2015-01-31 00:00:00,768
Joggers,2015-02-28 00:00:00,685
Joggers,2015-03-31 00:00:00,716
Joggers,2015-04-30 00:00:00,641
Joggers,2015-05-31 00:00:00,910
Joggers,2015-06-30 00:00:00,730
Joggers,2015-07-31 00:00:00,726
Joggers,2015-08-31 00:00:00,850
Joggers,2015-09-30 00:00:00,908
Joggers,2015-10-31 00:00:00,881
Joggers,2015-11-30 00:00:00,899
Joggers,2015-12-31 00:00:00,660
Joggers,2016-01-31 00:00:00,971
Joggers,2016-02-29 00:00:00,863
Joggers,2016-03-31 00:00:00,1080
Joggers,2016-04-30 00:00:00,899
Joggers,2016-05-31 00:00:00,965
Joggers,2016-06-30 00:00:00,817
Joggers,2016-07-31 00:00:00,677
Joggers,2016-08-31 00:00:00,865
Joggers,2016-09-30 00:00:00,751
Joggers,2016-10-31 00:00:00,948
Joggers,2016-11-30 00:00:00,811
Joggers,2016-12-31 00:00:00,831
Joggers,2017-01-31 00:00:00,909
Joggers,2017-02-28 00:00:00,607
Joggers,2017-03-31 00:00:00,711
Joggers,2017-04-30 00:00:00,855
Joggers,2017-05-31 00:00:00,840
Joggers,2017-06-30 00:00:00,727
Joggers,2017-07-31 00:00:00,1012
Joggers,2017-08-31 00:00:00,731
Joggers,2017-09-30 00:00:00,814
Joggers,2017-10-31 00:00:00,923
Joggers,2017-11-30 00:00:00,887
Joggers,2017-12-31 00:00:00,1070
Joggers,2018-01-31 00:00:00,889
Joggers,2018-02-28 00:00:00,825
Joggers,2018-03-31 00:00:00,894
Joggers,2018-04-30 00:00:00,740
Joggers,2018-05-31 00:00:00,879
Joggers,2018-06-30 00:00:00,807
Joggers,2018-07-31 00:00:00,857
Joggers,2018-08-31 00:00:00,892
Joggers,2018-09-30 00:00:00,725
Joggers,2018-10-31 00:00:00,808
Joggers,2018-11-30 00:00:00,1087
Joggers,2018-12-31 00:00:00,740
Joggers,2019-01-31 00:00:00,942
Joggers,2019-02-28 00:00:00,902
Joggers,2019-03-31 00:00:00,745
Joggers,2019-04-30 00:00:00,611
Joggers,2019-05-31 00:00:00,837
Joggers,2019-06-30 00:00:00,861
Joggers,2019-07-31 00:00:00,1050
Joggers,2019-08-31 00:00:00,647
Joggers,2019-09-30 00:00:00,700
Joggers,2019-10-31 00:00:00,693
Joggers,2019-11-30 00:00:00,816
Joggers,2019-12-31 00:00:00,675
Joggers,2020-01-31 00:00:00,742
Joggers,2020-02-29 00:00:00,710
Joggers,2020-03-31 00:00:00,763
Joggers,2020-04-30 00:00:00,622
Joggers,2020-05-31 00:00:00,562
Joggers,2020-06-30 00:00:00,762
Joggers,2020-07-31 00:00:00,843
Joggers,2020-08-31 00:00:00,736
Joggers,2020-09-30 00:00:00,962
Joggers,2020-10-31 00:00:00,852
Joggers,2020-11-30 00:00:00,618
Joggers,2020-12-31 00:00:00,909
Joggers,2021-01-31 00:00:00,831
Joggers,2021-02-28 00:00:00,584
Joggers,2021-03-31 00:00:00,880
Joggers,2021-04-30 00:00:00,850
Joggers,2021-05-31 00:00:00,709
Joggers,2021-06-30 00:00:00,734
Joggers,2021-07-31 00:00:00,648
Joggers,2021-08-31 00:00:00,834
Joggers,2021-09-30 00:00:00,833
Joggers,2021-10-31 00:00:00,1006
Joggers,2021-11-30 00:00:00,804
Joggers,2021-12-31 00:00:00,650
Joggers,2022-01-31 00:00:00,920
Joggers,2022-02-28 00:00:00,595
Joggers,2022-03-31 00:00:00,810
Joggers,2022-04-30 00:00:00,725
Joggers,2022-05-31 00:00:00,897
Joggers,2022-06-30 00:00:00,1034
Joggers,2022-07-31 00:00:00,694
Joggers,2022-08-31 00:00:00,818
Joggers,2022-09-30 00:00:00,891
Joggers,2022-10-31 00:00:00,654
Joggers,2022-11-30 00:00:00,862
Joggers,2022-12-31 00:00:00,897
Joggers,2023-01-31 00:00:00,865
Joggers,2023-02-28 00:00:00,753
Joggers,2023-03-31 00:00:00,873
Joggers,2023-04-30 00:00:00,732
Joggers,2023-05-31 00:00:00,652
Joggers,2023-06-30 00:00:00,651
Joggers,2023-07-31 00:00:00,1011
Joggers,2023-08-31 00:00:00,900
Joggers,2023-09-30 00:00:00,780
Joggers,2023-10-31 00:00:00,854
Joggers,2023-11-30 00:00:00,885
Joggers,2023-12-31 00:00:00,832
Joggers,2024-01-31 00:00:00,802
Joggers,2024-02-29 00:00:00,621
Joggers,2024-03-31 00:00:00,816
Joggers,2024-04-30 00:00:00,743
Joggers,2024-05-31 00:00:00,711
Joggers,2024-06-30 00:00:00,734
Joggers,2024-07-31 00:00:00,730
Joggers,2024-08-31 00:00:00,801
Joggers,2024-09-30 00:00:00,781
Joggers,2024-10-31 00:00:00,832
Joggers,2024-11-30 00:00:00,794
Joggers,2024-12-31 00:00:00,720
Joggers,2025-01-31 00:00:00,841
Joggers,2025-02-28 00:00:00,627
Joggers,2025-03-31 00:00:00,801
Joggers,2025-04-30 00:00:00,715
Joggers,2025-05-31 00:00:00,759
Joggers,2025-06-30 00:00:00,830
Joggers,2025-07-31 00:00:00,754
Joggers,2025-08-31 00:00:00,809
Joggers,2025-09-30 00:00:00,809
Joggers,2025-10-31 00:00:00,737
Joggers,2025-11-30 00:00:00,820
Joggers,2025-12-31 00:00:00,803
Joggers,2026-01-31 00:00:00,835
Joggers,2026-02-28 00:00:00,684
Joggers,2026-03-31 00:00:00,837
Joggers,2026-04-30 00:00:00,733
Joggers,2026-05-31 00:00:00,697
Joggers,2026-06-30 00:00:00,725
Joggers,2026-07-31 00:00:00,856
Joggers,2026-08-31 00:00:00,845
Joggers,2026-09-30 00:00:00,791
Joggers,2026-10-31 00:00:00,805
Joggers,2026-11-30 00:00:00,836
Joggers,2026-12-31 00:00:00,793
Joggers,2027-01-31 00:00:00,847
Joggers,2027-02-28 00:00:00,671
Joggers,2027-03-31 00:00:00,848
Joggers,2027-04-30 00:00:00,768
Joggers,2027-05-31 00:00:00,744
Joggers,2027-06-30 00:00:00,781
Joggers,2027-07-31 00:00:00,805
Joggers,2027-08-31 00:00:00,845
Joggers,2027-09-30 00:00:00,819
Joggers,2027-10-31 00:00:00,834
Joggers,2027-11-30 00:00:00,847
Joggers,2027-12-31 00:00:00,794
Joggers,2028-01-31 00:00:00,874
Joggers,2028-02-29 00:00:00,686
Joggers,2028-03-31 00:00:00,853
Joggers,2028-04-30 00:00:00,762
Joggers,2028-05-31 00:00:00,769
Joggers,2028-06-30 00:00:00,823
Joggers,2028-07-31 00:00:00,825
Joggers,2028-08-31 00:00:00,857
Joggers,2028-09-30 00:00:00,838
Jumpers,2015-01-31 00:00:00,875
Jumpers,2015-02-28 00:00:00,823
Jumpers,2015-03-31 00:00:00,671
Jumpers,2015-04-30 00:00:00,956
Jumpers,2015-05-31 00:00:00,842
Jumpers,2015-06-30 00:00:00,682
Jumpers,2015-07-31 00:00:00,700
Jumpers,2015-08-31 00:00:00,914
Jumpers,2015-09-30 00:00:00,656
Jumpers,2015-10-31 00:00:00,779
Jumpers,2015-11-30 00:00:00,815
Jumpers,2015-12-31 00:00:00,838
Jumpers,2016-01-31 00:00:00,856
Jumpers,2016-02-29 00:00:00,804
Jumpers,2016-03-31 00:00:00,915
Jumpers,2016-04-30 00:00:00,611
Jumpers,2016-05-31 00:00:00,974
Jumpers,2016-06-30 00:00:00,695
Jumpers,2016-07-31 00:00:00,919
Jumpers,2016-08-31 00:00:00,1006
Jumpers,2016-09-30 00:00:00,985
Jumpers,2016-10-31 00:00:00,666
Jumpers,2016-11-30 00:00:00,832
Jumpers,2016-12-31 00:00:00,743
Jumpers,2017-01-31 00:00:00,830
Jumpers,2017-02-28 00:00:00,620
Jumpers,2017-03-31 00:00:00,665
Jumpers,2017-04-30 00:00:00,802
Jumpers,2017-05-31 00:00:00,769
Jumpers,2017-06-30 00:00:00,589
Jumpers,2017-07-31 00:00:00,716
Jumpers,2017-08-31 00:00:00,952
Jumpers,2017-09-30 00:00:00,689
Jumpers,2017-10-31 00:00:00,760
Jumpers,2017-11-30 00:00:00,896
Jumpers,2017-12-31 00:00:00,922
Jumpers,2018-01-31 00:00:00,973
Jumpers,2018-02-28 00:00:00,783
Jumpers,2018-03-31 00:00:00,874
Jumpers,2018-04-30 00:00:00,797
Jumpers,2018-05-31 00:00:00,842
Jumpers,2018-06-30 00:00:00,781
Jumpers,2018-07-31 00:00:00,980
Jumpers,2018-08-31 00:00:00,787
Jumpers,2018-09-30 00:00:00,756
Jumpers,2018-10-31 00:00:00,827
Jumpers,2018-11-30 00:00:00,764
Jumpers,2018-12-31 00:00:00,914
Jumpers,2019-01-31 00:00:00,795
Jumpers,2019-02-28 00:00:00,739
Jumpers,2019-03-31 00:00:00,689
Jumpers,2019-04-30 00:00:00,823
Jumpers,2019-05-31 00:00:00,733
Jumpers,2019-06-30 00:00:00,634
Jumpers,2019-07-31 00:00:00,669
Jumpers,2019-08-31 00:00:00,627
Jumpers,2019-09-30 00:00:00,758
Jumpers,2019-10-31 00:00:00,813
Jumpers,2019-11-30 00:00:00,974
Jumpers,2019-12-31 00:00:00,745
Jumpers,2020-01-31 00:00:00,949
Jumpers,2020-02-29 00:00:00,716
Jumpers,2020-03-31 00:00:00,686
Jumpers,2020-04-30 00:00:00,587
Jumpers,2020-05-31 00:00:00,782
Jumpers,2020-06-30 00:00:00,830
Jumpers,2020-07-31 00:00:00,824
Jumpers,2020-08-31 00:00:00,819
Jumpers,2020-09-30 00:00:00,546
Jumpers,2020-10-31 00:00:00,853
Jumpers,2020-11-30 00:00:00,903
Jumpers,2020-12-31 00:00:00,842
Jumpers,2021-01-31 00:00:00,923
Jumpers,2021-02-28 00:00:00,769
Jumpers,2021-03-31 00:00:00,739
Jumpers,2021-04-30 00:00:00,721
Jumpers,2021-05-31 00:00:00,962
Jumpers,2021-06-30 00:00:00,753
Jumpers,2021-07-31 00:00:00,1013
Jumpers,2021-08-31 00:00:00,750
Jumpers,2021-09-30 00:00:00,854
Jumpers,2021-10-31 00:00:00,542
Jumpers,2021-11-30 00:00:00,642
Jumpers,2021-12-31 00:00:00,749
Jumpers,2022-01-31 00:00:00,870
Jumpers,2022-02-28 00:00:00,786
Jumpers,2022-03-31 00:00:00,839
Jumpers,2022-04-30 00:00:00,924
Jumpers,2022-05-31 00:00:00,884
Jumpers,2022-06-30 00:00:00,836
Jumpers,2022-07-31 00:00:00,727
Jumpers,2022-08-31 00:00:00,750
Jumpers,2022-09-30 00:00:00,695
Jumpers,2022-10-31 00:00:00,856
Jumpers,2022-11-30 00:00:00,776
Jumpers,2022-12-31 00:00:00,860
Jumpers,2023-01-31 00:00:00,815
Jumpers,2023-02-28 00:00:00,845
Jumpers,2023-03-31 00:00:00,828
Jumpers,2023-04-30 00:00:00,937
Jumpers,2023-05-31 00:00:00,941
Jumpers,2023-06-30 00:00:00,820
Jumpers,2023-07-31 00:00:00,916
Jumpers,2023-08-31 00:00:00,591
Jumpers,2023-09-30 00:00:00,880
Jumpers,2023-10-31 00:00:00,990
Jumpers,2023-11-30 00:00:00,761
Jumpers,2023-12-31 00:00:00,865
Jumpers,2024-01-31 00:00:00,838
Jumpers,2024-02-29 00:00:00,786
Jumpers,2024-03-31 00:00:00,740
Jumpers,2024-04-30 00:00:00,802
Jumpers,2024-05-31 00:00:00,847
Jumpers,2024-06-30 00:00:00,757
Jumpers,2024-07-31 00:00:00,810
Jumpers,2024-08-31 00:00:00,727
Jumpers,2024-09-30 00:00:00,742
Jumpers,2024-10-31 00:00:00,789
Jumpers,2024-11-30 00:00:00,783
Jumpers,2024-12-31 00:00:00,805
Jumpers,2025-01-31 00:00:00,864
Jumpers,2025-02-28 00:00:00,783
Jumpers,2025-03-31 00:00:00,764
Jumpers,2025-04-30 00:00:00,801
Jumpers,2025-05-31 00:00:00,849
Jumpers,2025-06-30 00:00:00,764
Jumpers,2025-07-31 00:00:00,827
Jumpers,2025-08-31 00:00:00,736
Jumpers,2025-09-30 00:00:00,751
Jumpers,2025-10-31 00:00:00,800
Jumpers,2025-11-30 00:00:00,790
Jumpers,2025-12-31 00:00:00,818
Jumpers,2026-01-31 00:00:00,869
Jumpers,2026-02-28 00:00:00,787
Jumpers,2026-03-31 00:00:00,772
Jumpers,2026-04-30 00:00:00,810
Jumpers,2026-05-31 00:00:00,867
Jumpers,2026-06-30 00:00:00,763
Jumpers,2026-07-31 00:00:00,846
Jumpers,2026-08-31 00:00:00,755
Jumpers,2026-09-30 00:00:00,776
Jumpers,2026-10-31 00:00:00,814
Jumpers,2026-11-30 00:00:00,792
Jumpers,2026-12-31 00:00:00,826
Jumpers,2027-01-31 00:00:00,868
Jumpers,2027-02-28 00:00:00,790
Jumpers,2027-03-31 00:00:00,784
Jumpers,2027-04-30 00:00:00,833
Jumpers,2027-05-31 00:00:00,875
Jumpers,2027-06-30 00:00:00,782
Jumpers,2027-07-31 00:00:00,846
Jumpers,2027-08-31 00:00:00,759
Jumpers,2027-09-30 00:00:00,775
Jumpers,2027-10-31 00:00:00,826
Jumpers,2027-11-30 00:00:00,803
Jumpers,2027-12-31 00:00:00,838
Jumpers,2028-01-31 00:00:00,877
Jumpers,2028-02-29 00:00:00,805
Jumpers,2028-03-31 00:00:00,792
Jumpers,2028-04-30 00:00:00,841
Jumpers,2028-05-31 00:00:00,887
Jumpers,2028-06-30 00:00:00,794
Jumpers,2028-07-31 00:00:00,853
Jumpers,2028-08-31 00:00:00,764
Jumpers,2028-09-30 00:00:00,787
Knickers,2015-01-31 00:00:00,742
Knickers,2015-02-28 00:00:00,838
Knickers,2015-03-31 00:00:00,835
Knickers,2015-04-30 00:00:00,691
Knickers,2015-05-31 00:00:00,821
Knickers,2015-06-30 00:00:00,922
Knickers,2015-07-31 00:00:00,749
Knickers,2015-08-31 00:00:00,630
Knickers,2015-09-30 00:00:00,847
Knickers,2015-10-31 00:00:00,829
Knickers,2015-11-30 00:00:00,623
Knickers,2015-12-31 00:00:00,797
Knickers,2016-01-31 00:00:00,646
Knickers,2016-02-29 00:00:00,612
Knickers,2016-03-31 00:00:00,1005
Knickers,2016-04-30 00:00:00,835
Knickers,2016-05-31 00:00:00,729
Knickers,2016-06-30 00:00:00,904
Knickers,2016-07-31 00:00:00,830
Knickers,2016-08-31 00:00:00,1020
Knickers,2016-09-30 00:00:00,694
Knickers,2016-10-31 00:00:00,864
Knickers,2016-11-30 00:00:00,721
Knickers,2016-12-31 00:00:00,943
Knickers,2017-01-31 00:00:00,911
Knickers,2017-02-28 00:00:00,575
Knickers,2017-03-31 00:00:00,791
Knickers,2017-04-30 00:00:00,514
Knickers,2017-05-31 00:00:00,1028
Knickers,2017-06-30 00:00:00,751
Knickers,2017-07-31 00:00:00,963
Knickers,2017-08-31 00:00:00,693
Knickers,2017-09-30 00:00:00,833
Knickers,2017-10-31 00:00:00,829
Knickers,2017-11-30 00:00:00,783
Knickers,2017-12-31 00:00:00,899
Knickers,2018-01-31 00:00:00,906
Knickers,2018-02-28 00:00:00,845
Knickers,2018-03-31 00:00:00,633
Knickers,2018-04-30 00:00:00,747
Knickers,2018-05-31 00:00:00,884
Knickers,2018-06-30 00:00:00,672
Knickers,2018-07-31 00:00:00,889
Knickers,2018-08-31 00:00:00,887
Knickers,2018-09-30 00:00:00,815
Knickers,2018-10-31 00:00:00,827
Knickers,2018-11-30 00:00:00,742
Knickers,2018-12-31 00:00:00,775
Knickers,2019-01-31 00:00:00,857
Knickers,2019-02-28 00:00:00,906
Knickers,2019-03-31 00:00:00,719
Knickers,2019-04-30 00:00:00,779
Knickers,2019-05-31 00:00:00,648
Knickers,2019-06-30 00:00:00,589
Knickers,2019-07-31 00:00:00,858
Knickers,2019-08-31 00:00:00,816
Knickers,2019-09-30 00:00:00,833
Knickers,2019-10-31 00:00:00,788
Knickers,2019-11-30 00:00:00,714
Knickers,2019-12-31 00:00:00,1032
Knickers,2020-01-31 00:00:00,919
Knickers,2020-02-29 00:00:00,760
Knickers,2020-03-31 00:00:00,732
Knickers,2020-04-30 00:00:00,813
Knickers,2020-05-31 00:00:00,849
Knickers,2020-06-30 00:00:00,688
Knickers,2020-07-31 00:00:00,825
Knickers,2020-08-31 00:00:00,809
Knickers,2020-09-30 00:00:00,653
Knickers,2020-10-31 00:00:00,874
Knickers,2020-11-30 00:00:00,791
Knickers,2020-12-31 00:00:00,862
Knickers,2021-01-31 00:00:00,709
Knickers,2021-02-28 00:00:00,634
Knickers,2021-03-31 00:00:00,694
Knickers,2021-04-30 00:00:00,684
Knickers,2021-05-31 00:00:00,848
Knickers,2021-06-30 00:00:00,733
Knickers,2021-07-31 00:00:00,892
Knickers,2021-08-31 00:00:00,859
Knickers,2021-09-30 00:00:00,991
Knickers,2021-10-31 00:00:00,594
Knickers,2021-11-30 00:00:00,809
Knickers,2021-12-31 00:00:00,806
Knickers,2022-01-31 00:00:00,780
Knickers,2022-02-28 00:00:00,572
Knickers,2022-03-31 00:00:00,764
Knickers,2022-04-30 00:00:00,713
Knickers,2022-05-31 00:00:00,745
Knickers,2022-06-30 00:00:00,742
Knickers,2022-07-31 00:00:00,784
Knickers,2022-08-31 00:00:00,809
Knickers,2022-09-30 00:00:00,780
Knickers,2022-10-31 00:00:00,657
Knickers,2022-11-30 00:00:00,998
Knickers,2022-12-31 00:00:00,629
Knickers,2023-01-31 00:00:00,691
Knickers,2023-02-28 00:00:00,656
Knickers,2023-03-31 00:00:00,665
Knickers,2023-04-30 00:00:00,582
Knickers,2023-05-31 00:00:00,927
Knickers,2023-06-30 00:00:00,962
Knickers,2023-07-31 00:00:00,901
Knickers,2023-08-31 00:00:00,751
Knickers,2023-09-30 00:00:00,883
Knickers,2023-10-31 00:00:00,886
Knickers,2023-11-30 00:00:00,613
Knickers,2023-12-31 00:00:00,1030
Knickers,2024-01-31 00:00:00,669
Knickers,2024-02-29 00:00:00,636
Knickers,2024-03-31 00:00:00,649
Knickers,2024-04-30 00:00:00,701
Knickers,2024-05-31 00:00:00,815
Knickers,2024-06-30 00:00:00,807
Knickers,2024-07-31 00:00:00,839
Knickers,2024-08-31 00:00:00,796
Knickers,2024-09-30 00:00:00,859
Knickers,2024-10-31 00:00:00,705
Knickers,2024-11-30 00:00:00,750
Knickers,2024-12-31 00:00:00,816
Knickers,2025-01-31 00:00:00,727
Knickers,2025-02-28 00:00:00,632
Knickers,2025-03-31 00:00:00,705
Knickers,2025-04-30 00:00:00,693
Knickers,2025-05-31 00:00:00,827
Knickers,2025-06-30 00:00:00,833
Knickers,2025-07-31 00:00:00,843
Knickers,2025-08-31 00:00:00,801
Knickers,2025-09-30 00:00:00,849
Knickers,2025-10-31 00:00:00,749
Knickers,2025-11-30 00:00:00,816
Knickers,2025-12-31 00:00:00,818
Knickers,2026-01-31 00:00:00,736
Knickers,2026-02-28 00:00:00,674
Knickers,2026-03-31 00:00:00,711
Knickers,2026-04-30 00:00:00,691
Knickers,2026-05-31 00:00:00,882
Knickers,2026-06-30 00:00:00,895
Knickers,2026-07-31 00:00:00,885
Knickers,2026-08-31 00:00:00,810
Knickers,2026-09-30 00:00:00,890
Knickers,2026-10-31 00:00:00,817
Knickers,2026-11-30 00:00:00,766
Knickers,2026-12-31 00:00:00,917
Knickers,2027-01-31 00:00:00,769
Knickers,2027-02-28 00:00:00,701
Knickers,2027-03-31 00:00:00,741
Knickers,2027-04-30 00:00:00,748
Knickers,2027-05-31 00:00:00,897
Knickers,2027-06-30 00:00:00,900
Knickers,2027-07-31 00:00:00,913
Knickers,2027-08-31 00:00:00,856
Knickers,2027-09-30 00:00:00,924
Knickers,2027-10-31 00:00:00,815
Knickers,2027-11-30 00:00:00,835
Knickers,2027-12-31 00:00:00,917
Knickers,2028-01-31 00:00:00,800
Knickers,2028-02-29 00:00:00,723
Knickers,2028-03-31 00:00:00,776
Knickers,2028-04-30 00:00:00,768
Knickers,2028-05-31 00:00:00,918
Knickers,2028-06-30 00:00:00,924
Knickers,2028-07-31 00:00:00,933
Knickers,2028-08-31 00:00:00,879
Knickers,2028-09-30 00:00:00,938
Lace-Up Boots,2015-01-31 00:00:00,838
Lace-Up Boots,2015-02-28 00:00:00,782
Lace-Up Boots,2015-03-31 00:00:00,749
Lace-Up Boots,2015-04-30 00:00:00,622
Lace-Up Boots,2015-05-31 00:00:00,885
Lace-Up Boots,2015-06-30 00:00:00,834
Lace-Up Boots,2015-07-31 00:00:00,758
Lace-Up Boots,2015-08-31 00:00:00,725
Lace-Up Boots,2015-09-30 00:00:00,838
Lace-Up Boots,2015-10-31 00:00:00,869
Lace-Up Boots,2015-11-30 00:00:00,725
Lace-Up Boots,2015-12-31 00:00:00,898
Lace-Up Boots,2016-01-31 00:00:00,651
Lace-Up Boots,2016-02-29 00:00:00,700
Lace-Up Boots,2016-03-31 00:00:00,530
Lace-Up Boots,2016-04-30 00:00:00,810
Lace-Up Boots,2016-05-31 00:00:00,799
Lace-Up Boots,2016-06-30 00:00:00,884
Lace-Up Boots,2016-07-31 00:00:00,849
Lace-Up Boots,2016-08-31 00:00:00,873
Lace-Up Boots,2016-09-30 00:00:00,695
Lace-Up Boots,2016-10-31 00:00:00,853
Lace-Up Boots,2016-11-30 00:00:00,770
Lace-Up Boots,2016-12-31 00:00:00,877
Lace-Up Boots,2017-01-31 00:00:00,794
Lace-Up Boots,2017-02-28 00:00:00,739
Lace-Up Boots,2017-03-31 00:00:00,707
Lace-Up Boots,2017-04-30 00:00:00,822
Lace-Up Boots,2017-05-31 00:00:00,893
Lace-Up Boots,2017-06-30 00:00:00,841
Lace-Up Boots,2017-07-31 00:00:00,682
Lace-Up Boots,2017-08-31 00:00:00,694
Lace-Up Boots,2017-09-30 00:00:00,735
Lace-Up Boots,2017-10-31 00:00:00,911
Lace-Up Boots,2017-11-30 00:00:00,766
Lace-Up Boots,2017-12-31 00:00:00,818
Lace-Up Boots,2018-01-31 00:00:00,915
Lace-Up Boots,2018-02-28 00:00:00,853
Lace-Up Boots,2018-03-31 00:00:00,892
Lace-Up Boots,2018-04-30 00:00:00,972
Lace-Up Boots,2018-05-31 00:00:00,1043
Lace-Up Boots,2018-06-30 00:00:00,779
Lace-Up Boots,2018-07-31 00:00:00,716
Lace-Up Boots,2018-08-31 00:00:00,780
Lace-Up Boots,2018-09-30 00:00:00,658
Lace-Up Boots,2018-10-31 00:00:00,523
Lace-Up Boots,2018-11-30 00:00:00,641
Lace-Up Boots,2018-12-31 00:00:00,699
Lace-Up Boots,2019-01-31 00:00:00,775
Lace-Up Boots,2019-02-28 00:00:00,627
Lace-Up Boots,2019-03-31 00:00:00,638
Lace-Up Boots,2019-04-30 00:00:00,642
Lace-Up Boots,2019-05-31 00:00:00,1137
Lace-Up Boots,2019-06-30 00:00:00,718
Lace-Up Boots,2019-07-31 00:00:00,775
Lace-Up Boots,2019-08-31 00:00:00,796
Lace-Up Boots,2019-09-30 00:00:00,777
Lace-Up Boots,2019-10-31 00:00:00,807
Lace-Up Boots,2019-11-30 00:00:00,681
Lace-Up Boots,2019-12-31 00:00:00,1023
Lace-Up Boots,2020-01-31 00:00:00,766
Lace-Up Boots,2020-02-29 00:00:00,735
Lace-Up Boots,2020-03-31 00:00:00,839
Lace-Up Boots,2020-04-30 00:00:00,731
Lace-Up Boots,2020-05-31 00:00:00,932
Lace-Up Boots,2020-06-30 00:00:00,707
Lace-Up Boots,2020-07-31 00:00:00,868
Lace-Up Boots,2020-08-31 00:00:00,757
Lace-Up Boots,2020-09-30 00:00:00,669
Lace-Up Boots,2020-10-31 00:00:00,813
Lace-Up Boots,2020-11-30 00:00:00,730
Lace-Up Boots,2020-12-31 00:00:00,925
Lace-Up Boots,2021-01-31 00:00:00,789
Lace-Up Boots,2021-02-28 00:00:00,646
Lace-Up Boots,2021-03-31 00:00:00,783
Lace-Up Boots,2021-04-30 00:00:00,764
Lace-Up Boots,2021-05-31 00:00:00,838
Lace-Up Boots,2021-06-30 00:00:00,645
Lace-Up Boots,2021-07-31 00:00:00,924
Lace-Up Boots,2021-08-31 00:00:00,696
Lace-Up Boots,2021-09-30 00:00:00,810
Lace-Up Boots,2021-10-31 00:00:00,663
Lace-Up Boots,2021-11-30 00:00:00,836
Lace-Up Boots,2021-12-31 00:00:00,845
Lace-Up Boots,2022-01-31 00:00:00,928
Lace-Up Boots,2022-02-28 00:00:00,822
Lace-Up Boots,2022-03-31 00:00:00,816
Lace-Up Boots,2022-04-30 00:00:00,797
Lace-Up Boots,2022-05-31 00:00:00,681
Lace-Up Boots,2022-06-30 00:00:00,740
Lace-Up Boots,2022-07-31 00:00:00,909
Lace-Up Boots,2022-08-31 00:00:00,826
Lace-Up Boots,2022-09-30 00:00:00,637
Lace-Up Boots,2022-10-31 00:00:00,901
Lace-Up Boots,2022-11-30 00:00:00,976
Lace-Up Boots,2022-12-31 00:00:00,894
Lace-Up Boots,2023-01-31 00:00:00,679
Lace-Up Boots,2023-02-28 00:00:00,771
Lace-Up Boots,2023-03-31 00:00:00,778
Lace-Up Boots,2023-04-30 00:00:00,807
Lace-Up Boots,2023-05-31 00:00:00,713
Lace-Up Boots,2023-06-30 00:00:00,771
Lace-Up Boots,2023-07-31 00:00:00,773
Lace-Up Boots,2023-08-31 00:00:00,729
Lace-Up Boots,2023-09-30 00:00:00,700
Lace-Up Boots,2023-10-31 00:00:00,804
Lace-Up Boots,2023-11-30 00:00:00,822
Lace-Up Boots,2023-12-31 00:00:00,825
Lace-Up Boots,2024-01-31 00:00:00,694
Lace-Up Boots,2024-02-29 00:00:00,634
Lace-Up Boots,2024-03-31 00:00:00,689
Lace-Up Boots,2024-04-30 00:00:00,680
Lace-Up Boots,2024-05-31 00:00:00,743
Lace-Up Boots,2024-06-30 00:00:00,665
Lace-Up Boots,2024-07-31 00:00:00,731
Lace-Up Boots,2024-08-31 00:00:00,672
Lace-Up Boots,2024-09-30 00:00:00,631
Lace-Up Boots,2024-10-31 00:00:00,703
Lace-Up Boots,2024-11-30 00:00:00,707
Lace-Up Boots,2024-12-31 00:00:00,762
Lace-Up Boots,2025-01-31 00:00:00,698
Lace-Up Boots,2025-02-28 00:00:00,656
Lace-Up Boots,2025-03-31 00:00:00,677
Lace-Up Boots,2025-04-30 00:00:00,683
Lace-Up Boots,2025-05-31 00:00:00,746
Lace-Up Boots,2025-06-30 00:00:00,664
Lace-Up Boots,2025-07-31 00:00:00,724
Lace-Up Boots,2025-08-31 00:00:00,669
Lace-Up Boots,2025-09-30 00:00:00,629
Lace-Up Boots,2025-10-31 00:00:00,701
Lace-Up Boots,2025-11-30 00:00:00,704
Lace-Up Boots,2025-12-31 00:00:00,761
Lace-Up Boots,2026-01-31 00:00:00,693
Lace-Up Boots,2026-02-28 00:00:00,651
Lace-Up Boots,2026-03-31 00:00:00,675
Lace-Up Boots,2026-04-30 00:00:00,680
Lace-Up Boots,2026-05-31 00:00:00,744
Lace-Up Boots,2026-06-30 00:00:00,658
Lace-Up Boots,2026-07-31 00:00:00,722
Lace-Up Boots,2026-08-31 00:00:00,664
Lace-Up Boots,2026-09-30 00:00:00,624
Lace-Up Boots,2026-10-31 00:00:00,693
Lace-Up Boots,2026-11-30 00:00:00,703
Lace-Up Boots,2026-12-31 00:00:00,762
Lace-Up Boots,2027-01-31 00:00:00,695
Lace-Up Boots,2027-02-28 00:00:00,654
Lace-Up Boots,2027-03-31 00:00:00,669
Lace-Up Boots,2027-04-30 00:00:00,674
Lace-Up Boots,2027-05-31 00:00:00,734
Lace-Up Boots,2027-06-30 00:00:00,660
Lace-Up Boots,2027-07-31 00:00:00,718
Lace-Up Boots,2027-08-31 00:00:00,664
Lace-Up Boots,2027-09-30 00:00:00,627
Lace-Up Boots,2027-10-31 00:00:00,700
Lace-Up Boots,2027-11-30 00:00:00,695
Lace-Up Boots,2027-12-31 00:00:00,755
Lace-Up Boots,2028-01-31 00:00:00,686
Lace-Up Boots,2028-02-29 00:00:00,651
Lace-Up Boots,2028-03-31 00:00:00,667
Lace-Up Boots,2028-04-30 00:00:00,673
Lace-Up Boots,2028-05-31 00:00:00,732
Lace-Up Boots,2028-06-30 00:00:00,654
Lace-Up Boots,2028-07-31 00:00:00,716
Lace-Up Boots,2028-08-31 00:00:00,662
Lace-Up Boots,2028-09-30 00:00:00,624
Leggings,2015-01-31 00:00:00,849
Leggings,2015-02-28 00:00:00,815
Leggings,2015-03-31 00:00:00,742
Leggings,2015-04-30 00:00:00,778
Leggings,2015-05-31 00:00:00,627
Leggings,2015-06-30 00:00:00,713
Leggings,2015-07-31 00:00:00,866
Leggings,2015-08-31 00:00:00,592
Leggings,2015-09-30 00:00:00,550
Leggings,2015-10-31 00:00:00,939
Leggings,2015-11-30 00:00:00,820
Leggings,2015-12-31 00:00:00,858
Leggings,2016-01-31 00:00:00,815
Leggings,2016-02-29 00:00:00,824
Leggings,2016-03-31 00:00:00,718
Leggings,2016-04-30 00:00:00,692
Leggings,2016-05-31 00:00:00,713
Leggings,2016-06-30 00:00:00,753
Leggings,2016-07-31 00:00:00,857
Leggings,2016-08-31 00:00:00,870
Leggings,2016-09-30 00:00:00,676
Leggings,2016-10-31 00:00:00,765
Leggings,2016-11-30 00:00:00,809
Leggings,2016-12-31 00:00:00,784
Leggings,2017-01-31 00:00:00,833
Leggings,2017-02-28 00:00:00,567
Leggings,2017-03-31 00:00:00,776
Leggings,2017-04-30 00:00:00,838
Leggings,2017-05-31 00:00:00,856
Leggings,2017-06-30 00:00:00,816
Leggings,2017-07-31 00:00:00,750
Leggings,2017-08-31 00:00:00,799
Leggings,2017-09-30 00:00:00,676
Leggings,2017-10-31 00:00:00,724
Leggings,2017-11-30 00:00:00,769
Leggings,2017-12-31 00:00:00,895
Leggings,2018-01-31 00:00:00,701
Leggings,2018-02-28 00:00:00,752
Leggings,2018-03-31 00:00:00,723
Leggings,2018-04-30 00:00:00,814
Leggings,2018-05-31 00:00:00,947
Leggings,2018-06-30 00:00:00,729
Leggings,2018-07-31 00:00:00,842
Leggings,2018-08-31 00:00:00,880
Leggings,2018-09-30 00:00:00,836
Leggings,2018-10-31 00:00:00,895
Leggings,2018-11-30 00:00:00,580
Leggings,2018-12-31 00:00:00,806
Leggings,2019-01-31 00:00:00,691
Leggings,2019-02-28 00:00:00,805
Leggings,2019-03-31 00:00:00,834
Leggings,2019-04-30 00:00:00,888
Leggings,2019-05-31 00:00:00,829
Leggings,2019-06-30 00:00:00,777
Leggings,2019-07-31 00:00:00,947
Leggings,2019-08-31 00:00:00,811
Leggings,2019-09-30 00:00:00,1028
Leggings,2019-10-31 00:00:00,764
Leggings,2019-11-30 00:00:00,792
Leggings,2019-12-31 00:00:00,767
Leggings,2020-01-31 00:00:00,617
Leggings,2020-02-29 00:00:00,754
Leggings,2020-03-31 00:00:00,780
Leggings,2020-04-30 00:00:00,1037
Leggings,2020-05-31 00:00:00,843
Leggings,2020-06-30 00:00:00,669
Leggings,2020-07-31 00:00:00,826
Leggings,2020-08-31 00:00:00,847
Leggings,2020-09-30 00:00:00,780
Leggings,2020-10-31 00:00:00,766
Leggings,2020-11-30 00:00:00,976
Leggings,2020-12-31 00:00:00,963
Leggings,2021-01-31 00:00:00,991
Leggings,2021-02-28 00:00:00,699
Leggings,2021-03-31 00:00:00,881
Leggings,2021-04-30 00:00:00,829
Leggings,2021-05-31 00:00:00,566
Leggings,2021-06-30 00:00:00,702
Leggings,2021-07-31 00:00:00,807
Leggings,2021-08-31 00:00:00,718
Leggings,2021-09-30 00:00:00,918
Leggings,2021-10-31 00:00:00,826
Leggings,2021-11-30 00:00:00,768
Leggings,2021-12-31 00:00:00,725
Leggings,2022-01-31 00:00:00,730
Leggings,2022-02-28 00:00:00,805
Leggings,2022-03-31 00:00:00,851
Leggings,2022-04-30 00:00:00,522
Leggings,2022-05-31 00:00:00,784
Leggings,2022-06-30 00:00:00,628
Leggings,2022-07-31 00:00:00,963
Leggings,2022-08-31 00:00:00,834
Leggings,2022-09-30 00:00:00,914
Leggings,2022-10-31 00:00:00,796
Leggings,2022-11-30 00:00:00,872
Leggings,2022-12-31 00:00:00,846
Leggings,2023-01-31 00:00:00,832
Leggings,2023-02-28 00:00:00,736
Leggings,2023-03-31 00:00:00,747
Leggings,2023-04-30 00:00:00,872
Leggings,2023-05-31 00:00:00,904
Leggings,2023-06-30 00:00:00,842
Leggings,2023-07-31 00:00:00,877
Leggings,2023-08-31 00:00:00,898
Leggings,2023-09-30 00:00:00,833
Leggings,2023-10-31 00:00:00,756
Leggings,2023-11-30 00:00:00,605
Leggings,2023-12-31 00:00:00,767
Leggings,2024-01-31 00:00:00,672
Leggings,2024-02-29 00:00:00,562
Leggings,2024-03-31 00:00:00,630
Leggings,2024-04-30 00:00:00,558
Leggings,2024-05-31 00:00:00,573
Leggings,2024-06-30 00:00:00,554
Leggings,2024-07-31 00:00:00,673
Leggings,2024-08-31 00:00:00,626
Leggings,2024-09-30 00:00:00,674
Leggings,2024-10-31 00:00:00,594
Leggings,2024-11-30 00:00:00,537
Leggings,2024-12-31 00:00:00,578
Leggings,2025-01-31 00:00:00,576
Leggings,2025-02-28 00:00:00,530
Leggings,2025-03-31 00:00:00,577
Leggings,2025-04-30 00:00:00,484
Leggings,2025-05-31 00:00:00,568
Leggings,2025-06-30 00:00:00,498
Leggings,2025-07-31 00:00:00,657
Leggings,2025-08-31 00:00:00,603
Leggings,2025-09-30 00:00:00,631
Leggings,2025-10-31 00:00:00,542
Leggings,2025-11-30 00:00:00,499
Leggings,2025-12-31 00:00:00,549
Leggings,2026-01-31 00:00:00,553
Leggings,2026-02-28 00:00:00,477
Leggings,2026-03-31 00:00:00,518
Leggings,2026-04-30 00:00:00,498
Leggings,2026-05-31 00:00:00,544
Leggings,2026-06-30 00:00:00,495
Leggings,2026-07-31 00:00:00,600
Leggings,2026-08-31 00:00:00,571
Leggings,2026-09-30 00:00:00,569
Leggings,2026-10-31 00:00:00,494
Leggings,2026-11-30 00:00:00,424
Leggings,2026-12-31 00:00:00,502
Leggings,2027-01-31 00:00:00,499
Leggings,2027-02-28 00:00:00,418
Leggings,2027-03-31 00:00:00,473
Leggings,2027-04-30 00:00:00,411
Leggings,2027-05-31 00:00:00,459
Leggings,2027-06-30 00:00:00,415
Leggings,2027-07-31 00:00:00,531
Leggings,2027-08-31 00:00:00,488
Leggings,2027-09-30 00:00:00,508
Leggings,2027-10-31 00:00:00,426
Leggings,2027-11-30 00:00:00,375
Leggings,2027-12-31 00:00:00,430
Leggings,2028-01-31 00:00:00,431
Leggings,2028-02-29 00:00:00,357
Leggings,2028-03-31 00:00:00,399
Leggings,2028-04-30 00:00:00,338
Leggings,2028-05-31 00:00:00,405
Leggings,2028-06-30 00:00:00,354
Leggings,2028-07-31 00:00:00,480
Leggings,2028-08-31 00:00:00,445
Leggings,2028-09-30 00:00:00,466
Linen Shirts,2015-01-31 00:00:00,1005
Linen Shirts,2015-02-28 00:00:00,791
Linen Shirts,2015-03-31 00:00:00,677
Linen Shirts,2015-04-30 00:00:00,721
Linen Shirts,2015-05-31 00:00:00,753
Linen Shirts,2015-06-30 00:00:00,801
Linen Shirts,2015-07-31 00:00:00,737
Linen Shirts,2015-08-31 00:00:00,768
Linen Shirts,2015-09-30 00:00:00,725
Linen Shirts,2015-10-31 00:00:00,698
Linen Shirts,2015-11-30 00:00:00,775
Linen Shirts,2015-12-31 00:00:00,929
Linen Shirts,2016-01-31 00:00:00,846
Linen Shirts,2016-02-29 00:00:00,914
Linen Shirts,2016-03-31 00:00:00,754
Linen Shirts,2016-04-30 00:00:00,1032
Linen Shirts,2016-05-31 00:00:00,899
Linen Shirts,2016-06-30 00:00:00,765
Linen Shirts,2016-07-31 00:00:00,793
Linen Shirts,2016-08-31 00:00:00,872
Linen Shirts,2016-09-30 00:00:00,611
Linen Shirts,2016-10-31 00:00:00,767
Linen Shirts,2016-11-30 00:00:00,753
Linen Shirts,2016-12-31 00:00:00,788
Linen Shirts,2017-01-31 00:00:00,820
Linen Shirts,2017-02-28 00:00:00,603
Linen Shirts,2017-03-31 00:00:00,806
Linen Shirts,2017-04-30 00:00:00,837
Linen Shirts,2017-05-31 00:00:00,1050
Linen Shirts,2017-06-30 00:00:00,716
Linen Shirts,2017-07-31 00:00:00,744
Linen Shirts,2017-08-31 00:00:00,701
Linen Shirts,2017-09-30 00:00:00,681
Linen Shirts,2017-10-31 00:00:00,862
Linen Shirts,2017-11-30 00:00:00,732
Linen Shirts,2017-12-31 00:00:00,769
Linen Shirts,2018-01-31 00:00:00,900
Linen Shirts,2018-02-28 00:00:00,676
Linen Shirts,2018-03-31 00:00:00,907
Linen Shirts,2018-04-30 00:00:00,811
Linen Shirts,2018-05-31 00:00:00,628
Linen Shirts,2018-06-30 00:00:00,968
Linen Shirts,2018-07-31 00:00:00,789
Linen Shirts,2018-08-31 00:00:00,978
Linen Shirts,2018-09-30 00:00:00,618
Linen Shirts,2018-10-31 00:00:00,970
Linen Shirts,2018-11-30 00:00:00,856
Linen Shirts,2018-12-31 00:00:00,817
Linen Shirts,2019-01-31 00:00:00,828
Linen Shirts,2019-02-28 00:00:00,671
Linen Shirts,2019-03-31 00:00:00,811
Linen Shirts,2019-04-30 00:00:00,861
Linen Shirts,2019-05-31 00:00:00,788
Linen Shirts,2019-06-30 00:00:00,703
Linen Shirts,2019-07-31 00:00:00,813
Linen Shirts,2019-08-31 00:00:00,589
Linen Shirts,2019-09-30 00:00:00,795
Linen Shirts,2019-10-31 00:00:00,673
Linen Shirts,2019-11-30 00:00:00,1027
Linen Shirts,2019-12-31 00:00:00,653
Linen Shirts,2020-01-31 00:00:00,654
Linen Shirts,2020-02-29 00:00:00,668
Linen Shirts,2020-03-31 00:00:00,969
Linen Shirts,2020-04-30 00:00:00,794
Linen Shirts,2020-05-31 00:00:00,866
Linen Shirts,2020-06-30 00:00:00,774
Linen Shirts,2020-07-31 00:00:00,837
Linen Shirts,2020-08-31 00:00:00,848
Linen Shirts,2020-09-30 00:00:00,693
Linen Shirts,2020-10-31 00:00:00,931
Linen Shirts,2020-11-30 00:00:00,679
Linen Shirts,2020-12-31 00:00:00,900
Linen Shirts,2021-01-31 00:00:00,847
Linen Shirts,2021-02-28 00:00:00,646
Linen Shirts,2021-03-31 00:00:00,843
Linen Shirts,2021-04-30 00:00:00,969
Linen Shirts,2021-05-31 00:00:00,606
Linen Shirts,2021-06-30 00:00:00,823
Linen Shirts,2021-07-31 00:00:00,671
Linen Shirts,2021-08-31 00:00:00,788
Linen Shirts,2021-09-30 00:00:00,698
Linen Shirts,2021-10-31 00:00:00,845
Linen Shirts,2021-11-30 00:00:00,751
Linen Shirts,2021-12-31 00:00:00,713
Linen Shirts,2022-01-31 00:00:00,938
Linen Shirts,2022-02-28 00:00:00,701
Linen Shirts,2022-03-31 00:00:00,773
Linen Shirts,2022-04-30 00:00:00,1027
Linen Shirts,2022-05-31 00:00:00,953
Linen Shirts,2022-06-30 00:00:00,828
Linen Shirts,2022-07-31 00:00:00,780
Linen Shirts,2022-08-31 00:00:00,694
Linen Shirts,2022-09-30 00:00:00,777
Linen Shirts,2022-10-31 00:00:00,726
Linen Shirts,2022-11-30 00:00:00,768
Linen Shirts,2022-12-31 00:00:00,1017
Linen Shirts,2023-01-31 00:00:00,804
Linen Shirts,2023-02-28 00:00:00,665
Linen Shirts,2023-03-31 00:00:00,828
Linen Shirts,2023-04-30 00:00:00,879
Linen Shirts,2023-05-31 00:00:00,1149
Linen Shirts,2023-06-30 00:00:00,879
Linen Shirts,2023-07-31 00:00:00,863
Linen Shirts,2023-08-31 00:00:00,818
Linen Shirts,2023-09-30 00:00:00,779
Linen Shirts,2023-10-31 00:00:00,996
Linen Shirts,2023-11-30 00:00:00,671
Linen Shirts,2023-12-31 00:00:00,630
Linen Shirts,2024-01-31 00:00:00,811
Linen Shirts,2024-02-29 00:00:00,618
Linen Shirts,2024-03-31 00:00:00,731
Linen Shirts,2024-04-30 00:00:00,795
Linen Shirts,2024-05-31 00:00:00,668
Linen Shirts,2024-06-30 00:00:00,746
Linen Shirts,2024-07-31 00:00:00,651
Linen Shirts,2024-08-31 00:00:00,642
Linen Shirts,2024-09-30 00:00:00,629
Linen Shirts,2024-10-31 00:00:00,740
Linen Shirts,2024-11-30 00:00:00,654
Linen Shirts,2024-12-31 00:00:00,678
Linen Shirts,2025-01-31 00:00:00,779
Linen Shirts,2025-02-28 00:00:00,591
Linen Shirts,2025-03-31 00:00:00,696
Linen Shirts,2025-04-30 00:00:00,827
Linen Shirts,2025-05-31 00:00:00,853
Linen Shirts,2025-06-30 00:00:00,734
Linen Shirts,2025-07-31 00:00:00,684
Linen Shirts,2025-08-31 00:00:00,635
Linen Shirts,2025-09-30 00:00:00,661
Linen Shirts,2025-10-31 00:00:00,706
Linen Shirts,2025-11-30 00:00:00,630
Linen Shirts,2025-12-31 00:00:00,734
Linen Shirts,2026-01-31 00:00:00,727
Linen Shirts,2026-02-28 00:00:00,575
Linen Shirts,2026-03-31 00:00:00,708
Linen Shirts,2026-04-30 00:00:00,787
Linen Shirts,2026-05-31 00:00:00,859
Linen Shirts,2026-06-30 00:00:00,740
Linen Shirts,2026-07-31 00:00:00,691
Linen Shirts,2026-08-31 00:00:00,659
Linen Shirts,2026-09-30 00:00:00,639
Linen Shirts,2026-10-31 00:00:00,787
Linen Shirts,2026-11-30 00:00:00,587
Linen Shirts,2026-12-31 00:00:00,597
Linen Shirts,2027-01-31 00:00:00,751
Linen Shirts,2027-02-28 00:00:00,571
Linen Shirts,2027-03-31 00:00:00,689
Linen Shirts,2027-04-30 00:00:00,769
Linen Shirts,2027-05-31 00:00:00,718
Linen Shirts,2027-06-30 00:00:00,711
Linen Shirts,2027-07-31 00:00:00,633
Linen Shirts,2027-08-31 00:00:00,618
Linen Shirts,2027-09-30 00:00:00,603
Linen Shirts,2027-10-31 00:00:00,709
Linen Shirts,2027-11-30 00:00:00,608
Linen Shirts,2027-12-31 00:00:00,661
Linen Shirts,2028-01-31 00:00:00,727
Linen Shirts,2028-02-29 00:00:00,547
Linen Shirts,2028-03-31 00:00:00,666
Linen Shirts,2028-04-30 00:00:00,780
Linen Shirts,2028-05-31 00:00:00,801
Linen Shirts,2028-06-30 00:00:00,697
Linen Shirts,2028-07-31 00:00:00,647
Linen Shirts,2028-08-31 00:00:00,609
Linen Shirts,2028-09-30 00:00:00,612
Linen Trousers,2015-01-31 00:00:00,790
Linen Trousers,2015-02-28 00:00:00,784
Linen Trousers,2015-03-31 00:00:00,853
Linen Trousers,2015-04-30 00:00:00,778
Linen Trousers,2015-05-31 00:00:00,726
Linen Trousers,2015-06-30 00:00:00,880
Linen Trousers,2015-07-31 00:00:00,712
Linen Trousers,2015-08-31 00:00:00,855
Linen Trousers,2015-09-30 00:00:00,677
Linen Trousers,2015-10-31 00:00:00,911
Linen Trousers,2015-11-30 00:00:00,746
Linen Trousers,2015-12-31 00:00:00,734
Linen Trousers,2016-01-31 00:00:00,857
Linen Trousers,2016-02-29 00:00:00,830
Linen Trousers,2016-03-31 00:00:00,673
Linen Trousers,2016-04-30 00:00:00,734
Linen Trousers,2016-05-31 00:00:00,643
Linen Trousers,2016-06-30 00:00:00,597
Linen Trousers,2016-07-31 00:00:00,768
Linen Trousers,2016-08-31 00:00:00,831
Linen Trousers,2016-09-30 00:00:00,770
Linen Trousers,2016-10-31 00:00:00,831
Linen Trousers,2016-11-30 00:00:00,665
Linen Trousers,2016-12-31 00:00:00,921
Linen Trousers,2017-01-31 00:00:00,968
Linen Trousers,2017-02-28 00:00:00,760
Linen Trousers,2017-03-31 00:00:00,1120
Linen Trousers,2017-04-30 00:00:00,844
Linen Trousers,2017-05-31 00:00:00,630
Linen Trousers,2017-06-30 00:00:00,711
Linen Trousers,2017-07-31 00:00:00,896
Linen Trousers,2017-08-31 00:00:00,682
Linen Trousers,2017-09-30 00:00:00,797
Linen Trousers,2017-10-31 00:00:00,667
Linen Trousers,2017-11-30 00:00:00,976
Linen Trousers,2017-12-31 00:00:00,775
Linen Trousers,2018-01-31 00:00:00,838
Linen Trousers,2018-02-28 00:00:00,555
Linen Trousers,2018-03-31 00:00:00,863
Linen Trousers,2018-04-30 00:00:00,754
Linen Trousers,2018-05-31 00:00:00,711
Linen Trousers,2018-06-30 00:00:00,793
Linen Trousers,2018-07-31 00:00:00,701
Linen Trousers,2018-08-31 00:00:00,652
Linen Trousers,2018-09-30 00:00:00,833
Linen Trousers,2018-10-31 00:00:00,935
Linen Trousers,2018-11-30 00:00:00,687
Linen Trousers,2018-12-31 00:00:00,929
Linen Trousers,2019-01-31 00:00:00,852
Linen Trousers,2019-02-28 00:00:00,781
Linen Trousers,2019-03-31 00:00:00,795
Linen Trousers,2019-04-30 00:00:00,962
Linen Trousers,2019-05-31 00:00:00,880
Linen Trousers,2019-06-30 00:00:00,794
Linen Trousers,2019-07-31 00:00:00,950
Linen Trousers,2019-08-31 00:00:00,716
Linen Trousers,2019-09-30 00:00:00,884
Linen Trousers,2019-10-31 00:00:00,908
Linen Trousers,2019-11-30 00:00:00,733
Linen Trousers,2019-12-31 00:00:00,806
Linen Trousers,2020-01-31 00:00:00,583
Linen Trousers,2020-02-29 00:00:00,738
Linen Trousers,2020-03-31 00:00:00,805
Linen Trousers,2020-04-30 00:00:00,827
Linen Trousers,2020-05-31 00:00:00,715
Linen Trousers,2020-06-30 00:00:00,922
Linen Trousers,2020-07-31 00:00:00,1008
Linen Trousers,2020-08-31 00:00:00,897
Linen Trousers,2020-09-30 00:00:00,696
Linen Trousers,2020-10-31 00:00:00,739
Linen Trousers,2020-11-30 00:00:00,933
Linen Trousers,2020-12-31 00:00:00,674
Linen Trousers,2021-01-31 00:00:00,842
Linen Trousers,2021-02-28 00:00:00,540
Linen Trousers,2021-03-31 00:00:00,908
Linen Trousers,2021-04-30 00:00:00,830
Linen Trousers,2021-05-31 00:00:00,753
Linen Trousers,2021-06-30 00:00:00,758
Linen Trousers,2021-07-31 00:00:00,775
Linen Trousers,2021-08-31 00:00:00,853
Linen Trousers,2021-09-30 00:00:00,634
Linen Trousers,2021-10-31 00:00:00,940
Linen Trousers,2021-11-30 00:00:00,945
Linen Trousers,2021-12-31 00:00:00,870
Linen Trousers,2022-01-31 00:00:00,995
Linen Trousers,2022-02-28 00:00:00,598
Linen Trousers,2022-03-31 00:00:00,914
Linen Trousers,2022-04-30 00:00:00,864
Linen Trousers,2022-05-31 00:00:00,886
Linen Trousers,2022-06-30 00:00:00,693
Linen Trousers,2022-07-31 00:00:00,683
Linen Trousers,2022-08-31 00:00:00,811
Linen Trousers,2022-09-30 00:00:00,872
Linen Trousers,2022-10-31 00:00:00,821
Linen Trousers,2022-11-30 00:00:00,789
Linen Trousers,2022-12-31 00:00:00,867
Linen Trousers,2023-01-31 00:00:00,621
Linen Trousers,2023-02-28 00:00:00,872
Linen Trousers,2023-03-31 00:00:00,879
Linen Trousers,2023-04-30 00:00:00,884
Linen Trousers,2023-05-31 00:00:00,777
Linen Trousers,2023-06-30 00:00:00,873
Linen Trousers,2023-07-31 00:00:00,838
Linen Trousers,2023-08-31 00:00:00,939
Linen Trousers,2023-09-30 00:00:00,867
Linen Trousers,2023-10-31 00:00:00,867
Linen Trousers,2023-11-30 00:00:00,578
Linen Trousers,2023-12-31 00:00:00,932
Linen Trousers,2024-01-31 00:00:00,648
Linen Trousers,2024-02-29 00:00:00,674
Linen Trousers,2024-03-31 00:00:00,743
Linen Trousers,2024-04-30 00:00:00,770
Linen Trousers,2024-05-31 00:00:00,631
Linen Trousers,2024-06-30 00:00:00,739
Linen Trousers,2024-07-31 00:00:00,784
Linen Trousers,2024-08-31 00:00:00,726
Linen Trousers,2024-09-30 00:00:00,667
Linen Trousers,2024-10-31 00:00:00,774
Linen Trousers,2024-11-30 00:00:00,714
Linen Trousers,2024-12-31 00:00:00,744
Linen Trousers,2025-01-31 00:00:00,789
Linen Trousers,2025-02-28 00:00:00,576
Linen Trousers,2025-03-31 00:00:00,779
Linen Trousers,2025-04-30 00:00:00,740
Linen Trousers,2025-05-31 00:00:00,667
Linen Trousers,2025-06-30 00:00:00,688
Linen Trousers,2025-07-31 00:00:00,743
Linen Trousers,2025-08-31 00:00:00,682
Linen Trousers,2025-09-30 00:00:00,673
Linen Trousers,2025-10-31 00:00:00,752
Linen Trousers,2025-11-30 00:00:00,787
Linen Trousers,2025-12-31 00:00:00,713
Linen Trousers,2026-01-31 00:00:00,744
Linen Trousers,2026-02-28 00:00:00,620
Linen Trousers,2026-03-31 00:00:00,790
Linen Trousers,2026-04-30 00:00:00,749
Linen Trousers,2026-05-31 00:00:00,693
Linen Trousers,2026-06-30 00:00:00,693
Linen Trousers,2026-07-31 00:00:00,714
Linen Trousers,2026-08-31 00:00:00,726
Linen Trousers,2026-09-30 00:00:00,711
Linen Trousers,2026-10-31 00:00:00,755
Linen Trousers,2026-11-30 00:00:00,707
Linen Trousers,2026-12-31 00:00:00,749
Linen Trousers,2027-01-31 00:00:00,693
Linen Trousers,2027-02-28 00:00:00,653
Linen Trousers,2027-03-31 00:00:00,773
Linen Trousers,2027-04-30 00:00:00,755
Linen Trousers,2027-05-31 00:00:00,673
Linen Trousers,2027-06-30 00:00:00,715
Linen Trousers,2027-07-31 00:00:00,739
Linen Trousers,2027-08-31 00:00:00,737
Linen Trousers,2027-09-30 00:00:00,705
Linen Trousers,2027-10-31 00:00:00,759
Linen Trousers,2027-11-30 00:00:00,674
Linen Trousers,2027-12-31 00:00:00,755
Linen Trousers,2028-01-31 00:00:00,704
Linen Trousers,2028-02-29 00:00:00,636
Linen Trousers,2028-03-31 00:00:00,768
Linen Trousers,2028-04-30 00:00:00,749
Linen Trousers,2028-05-31 00:00:00,661
Linen Trousers,2028-06-30 00:00:00,702
Linen Trousers,2028-07-31 00:00:00,736
Linen Trousers,2028-08-31 00:00:00,722
Linen Trousers,2028-09-30 00:00:00,680
Loafers,2015-01-31 00:00:00,720
Loafers,2015-02-28 00:00:00,679
Loafers,2015-03-31 00:00:00,582
Loafers,2015-04-30 00:00:00,818
Loafers,2015-05-31 00:00:00,680
Loafers,2015-06-30 00:00:00,727
Loafers,2015-07-31 00:00:00,647
Loafers,2015-08-31 00:00:00,707
Loafers,2015-09-30 00:00:00,784
Loafers,2015-10-31 00:00:00,767
Loafers,2015-11-30 00:00:00,758
Loafers,2015-12-31 00:00:00,748
Loafers,2016-01-31 00:00:00,877
Loafers,2016-02-29 00:00:00,644
Loafers,2016-03-31 00:00:00,803
Loafers,2016-04-30 00:00:00,799
Loafers,2016-05-31 00:00:00,792
Loafers,2016-06-30 00:00:00,837
Loafers,2016-07-31 00:00:00,875
Loafers,2016-08-31 00:00:00,796
Loafers,2016-09-30 00:00:00,755
Loafers,2016-10-31 00:00:00,928
Loafers,2016-11-30 00:00:00,596
Loafers,2016-12-31 00:00:00,1044
Loafers,2017-01-31 00:00:00,694
Loafers,2017-02-28 00:00:00,702
Loafers,2017-03-31 00:00:00,683
Loafers,2017-04-30 00:00:00,914
Loafers,2017-05-31 00:00:00,720
Loafers,2017-06-30 00:00:00,750
Loafers,2017-07-31 00:00:00,1027
Loafers,2017-08-31 00:00:00,845
Loafers,2017-09-30 00:00:00,914
Loafers,2017-10-31 00:00:00,857
Loafers,2017-11-30 00:00:00,827
Loafers,2017-12-31 00:00:00,874
Loafers,2018-01-31 00:00:00,803
Loafers,2018-02-28 00:00:00,768
Loafers,2018-03-31 00:00:00,608
Loafers,2018-04-30 00:00:00,761
Loafers,2018-05-31 00:00:00,824
Loafers,2018-06-30 00:00:00,723
Loafers,2018-07-31 00:00:00,754
Loafers,2018-08-31 00:00:00,695
Loafers,2018-09-30 00:00:00,809
Loafers,2018-10-31 00:00:00,823
Loafers,2018-11-30 00:00:00,809
Loafers,2018-12-31 00:00:00,863
Loafers,2019-01-31 00:00:00,699
Loafers,2019-02-28 00:00:00,852
Loafers,2019-03-31 00:00:00,994
Loafers,2019-04-30 00:00:00,532
Loafers,2019-05-31 00:00:00,700
Loafers,2019-06-30 00:00:00,924
Loafers,2019-07-31 00:00:00,951
Loafers,2019-08-31 00:00:00,881
Loafers,2019-09-30 00:00:00,782
Loafers,2019-10-31 00:00:00,961
Loafers,2019-11-30 00:00:00,560
Loafers,2019-12-31 00:00:00,915
Loafers,2020-01-31 00:00:00,794
Loafers,2020-02-29 00:00:00,622
Loafers,2020-03-31 00:00:00,941
Loafers,2020-04-30 00:00:00,556
Loafers,2020-05-31 00:00:00,842
Loafers,2020-06-30 00:00:00,923
Loafers,2020-07-31 00:00:00,867
Loafers,2020-08-31 00:00:00,728
Loafers,2020-09-30 00:00:00,732
Loafers,2020-10-31 00:00:00,745
Loafers,2020-11-30 00:00:00,895
Loafers,2020-12-31 00:00:00,1069
Loafers,2021-01-31 00:00:00,764
Loafers,2021-02-28 00:00:00,747
Loafers,2021-03-31 00:00:00,614
Loafers,2021-04-30 00:00:00,732
Loafers,2021-05-31 00:00:00,929
Loafers,2021-06-30 00:00:00,926
Loafers,2021-07-31 00:00:00,843
Loafers,2021-08-31 00:00:00,977
Loafers,2021-09-30 00:00:00,804
Loafers,2021-10-31 00:00:00,823
Loafers,2021-11-30 00:00:00,830
Loafers,2021-12-31 00:00:00,745
Loafers,2022-01-31 00:00:00,1004
Loafers,2022-02-28 00:00:00,889
Loafers,2022-03-31 00:00:00,734
Loafers,2022-04-30 00:00:00,705
Loafers,2022-05-31 00:00:00,787
Loafers,2022-06-30 00:00:00,871
Loafers,2022-07-31 00:00:00,846
Loafers,2022-08-31 00:00:00,694
Loafers,2022-09-30 00:00:00,754
Loafers,2022-10-31 00:00:00,1026
Loafers,2022-11-30 00:00:00,1023
Loafers,2022-12-31 00:00:00,594
Loafers,2023-01-31 00:00:00,998
Loafers,2023-02-28 00:00:00,879
Loafers,2023-03-31 00:00:00,845
Loafers,2023-04-30 00:00:00,722
Loafers,2023-05-31 00:00:00,761
Loafers,2023-06-30 00:00:00,824
Loafers,2023-07-31 00:00:00,842
Loafers,2023-08-31 00:00:00,776
Loafers,2023-09-30 00:00:00,673
Loafers,2023-10-31 00:00:00,829
Loafers,2023-11-30 00:00:00,958
Loafers,2023-12-31 00:00:00,908
Loafers,2024-01-31 00:00:00,747
Loafers,2024-02-29 00:00:00,703
Loafers,2024-03-31 00:00:00,698
Loafers,2024-04-30 00:00:00,642
Loafers,2024-05-31 00:00:00,762
Loafers,2024-06-30 00:00:00,797
Loafers,2024-07-31 00:00:00,780
Loafers,2024-08-31 00:00:00,764
Loafers,2024-09-30 00:00:00,690
Loafers,2024-10-31 00:00:00,784
Loafers,2024-11-30 00:00:00,793
Loafers,2024-12-31 00:00:00,766
Loafers,2025-01-31 00:00:00,804
Loafers,2025-02-28 00:00:00,736
Loafers,2025-03-31 00:00:00,702
Loafers,2025-04-30 00:00:00,638
Loafers,2025-05-31 00:00:00,757
Loafers,2025-06-30 00:00:00,805
Loafers,2025-07-31 00:00:00,786
Loafers,2025-08-31 00:00:00,726
Loafers,2025-09-30 00:00:00,692
Loafers,2025-10-31 00:00:00,828
Loafers,2025-11-30 00:00:00,835
Loafers,2025-12-31 00:00:00,737
Loafers,2026-01-31 00:00:00,815
Loafers,2026-02-28 00:00:00,745
Loafers,2026-03-31 00:00:00,717
Loafers,2026-04-30 00:00:00,658
Loafers,2026-05-31 00:00:00,745
Loafers,2026-06-30 00:00:00,805
Loafers,2026-07-31 00:00:00,794
Loafers,2026-08-31 00:00:00,735
Loafers,2026-09-30 00:00:00,684
Loafers,2026-10-31 00:00:00,802
Loafers,2026-11-30 00:00:00,835
Loafers,2026-12-31 00:00:00,756
Loafers,2027-01-31 00:00:00,815
Loafers,2027-02-28 00:00:00,750
Loafers,2027-03-31 00:00:00,725
Loafers,2027-04-30 00:00:00,662
Loafers,2027-05-31 00:00:00,757
Loafers,2027-06-30 00:00:00,801
Loafers,2027-07-31 00:00:00,786
Loafers,2027-08-31 00:00:00,741
Loafers,2027-09-30 00:00:00,705
Loafers,2027-10-31 00:00:00,800
Loafers,2027-11-30 00:00:00,834
Loafers,2027-12-31 00:00:00,768
Loafers,2028-01-31 00:00:00,819
Loafers,2028-02-29 00:00:00,755
Loafers,2028-03-31 00:00:00,728
Loafers,2028-04-30 00:00:00,661
Loafers,2028-05-31 00:00:00,756
Loafers,2028-06-30 00:00:00,806
Loafers,2028-07-31 00:00:00,794
Loafers,2028-08-31 00:00:00,742
Loafers,2028-09-30 00:00:00,696
Loose Fit Hoodie,2015-01-31 00:00:00,877
Loose Fit Hoodie,2015-02-28 00:00:00,680
Loose Fit Hoodie,2015-03-31 00:00:00,837
Loose Fit Hoodie,2015-04-30 00:00:00,852
Loose Fit Hoodie,2015-05-31 00:00:00,909
Loose Fit Hoodie,2015-06-30 00:00:00,1048
Loose Fit Hoodie,2015-07-31 00:00:00,765
Loose Fit Hoodie,2015-08-31 00:00:00,689
Loose Fit Hoodie,2015-09-30 00:00:00,829
Loose Fit Hoodie,2015-10-31 00:00:00,744
Loose Fit Hoodie,2015-11-30 00:00:00,664
Loose Fit Hoodie,2015-12-31 00:00:00,1029
Loose Fit Hoodie,2016-01-31 00:00:00,693
Loose Fit Hoodie,2016-02-29 00:00:00,991
Loose Fit Hoodie,2016-03-31 00:00:00,682
Loose Fit Hoodie,2016-04-30 00:00:00,855
Loose Fit Hoodie,2016-05-31 00:00:00,819
Loose Fit Hoodie,2016-06-30 00:00:00,947
Loose Fit Hoodie,2016-07-31 00:00:00,855
Loose Fit Hoodie,2016-08-31 00:00:00,946
Loose Fit Hoodie,2016-09-30 00:00:00,707
Loose Fit Hoodie,2016-10-31 00:00:00,927
Loose Fit Hoodie,2016-11-30 00:00:00,742
Loose Fit Hoodie,2016-12-31 00:00:00,733
Loose Fit Hoodie,2017-01-31 00:00:00,845
Loose Fit Hoodie,2017-02-28 00:00:00,841
Loose Fit Hoodie,2017-03-31 00:00:00,848
Loose Fit Hoodie,2017-04-30 00:00:00,971
Loose Fit Hoodie,2017-05-31 00:00:00,901
Loose Fit Hoodie,2017-06-30 00:00:00,669
Loose Fit Hoodie,2017-07-31 00:00:00,892
Loose Fit Hoodie,2017-08-31 00:00:00,745
Loose Fit Hoodie,2017-09-30 00:00:00,844
Loose Fit Hoodie,2017-10-31 00:00:00,826
Loose Fit Hoodie,2017-11-30 00:00:00,733
Loose Fit Hoodie,2017-12-31 00:00:00,721
Loose Fit Hoodie,2018-01-31 00:00:00,758
Loose Fit Hoodie,2018-02-28 00:00:00,902
Loose Fit Hoodie,2018-03-31 00:00:00,879
Loose Fit Hoodie,2018-04-30 00:00:00,871
Loose Fit Hoodie,2018-05-31 00:00:00,719
Loose Fit Hoodie,2018-06-30 00:00:00,707
Loose Fit Hoodie,2018-07-31 00:00:00,1104
Loose Fit Hoodie,2018-08-31 00:00:00,920
Loose Fit Hoodie,2018-09-30 00:00:00,770
Loose Fit Hoodie,2018-10-31 00:00:00,797
Loose Fit Hoodie,2018-11-30 00:00:00,715
Loose Fit Hoodie,2018-12-31 00:00:00,950
Loose Fit Hoodie,2019-01-31 00:00:00,805
Loose Fit Hoodie,2019-02-28 00:00:00,726
Loose Fit Hoodie,2019-03-31 00:00:00,743
Loose Fit Hoodie,2019-04-30 00:00:00,761
Loose Fit Hoodie,2019-05-31 00:00:00,994
Loose Fit Hoodie,2019-06-30 00:00:00,833
Loose Fit Hoodie,2019-07-31 00:00:00,705
Loose Fit Hoodie,2019-08-31 00:00:00,768
Loose Fit Hoodie,2019-09-30 00:00:00,929
Loose Fit Hoodie,2019-10-31 00:00:00,869
Loose Fit Hoodie,2019-11-30 00:00:00,754
Loose Fit Hoodie,2019-12-31 00:00:00,814
Loose Fit Hoodie,2020-01-31 00:00:00,806
Loose Fit Hoodie,2020-02-29 00:00:00,638
Loose Fit Hoodie,2020-03-31 00:00:00,724
Loose Fit Hoodie,2020-04-30 00:00:00,742
Loose Fit Hoodie,2020-05-31 00:00:00,620
Loose Fit Hoodie,2020-06-30 00:00:00,519
Loose Fit Hoodie,2020-07-31 00:00:00,753
Loose Fit Hoodie,2020-08-31 00:00:00,1157
Loose Fit Hoodie,2020-09-30 00:00:00,810
Loose Fit Hoodie,2020-10-31 00:00:00,816
Loose Fit Hoodie,2020-11-30 00:00:00,824
Loose Fit Hoodie,2020-12-31 00:00:00,735
Loose Fit Hoodie,2021-01-31 00:00:00,1070
Loose Fit Hoodie,2021-02-28 00:00:00,877
Loose Fit Hoodie,2021-03-31 00:00:00,826
Loose Fit Hoodie,2021-04-30 00:00:00,842
Loose Fit Hoodie,2021-05-31 00:00:00,775
Loose Fit Hoodie,2021-06-30 00:00:00,825
Loose Fit Hoodie,2021-07-31 00:00:00,893
Loose Fit Hoodie,2021-08-31 00:00:00,1065
Loose Fit Hoodie,2021-09-30 00:00:00,699
Loose Fit Hoodie,2021-10-31 00:00:00,553
Loose Fit Hoodie,2021-11-30 00:00:00,958
Loose Fit Hoodie,2021-12-31 00:00:00,777
Loose Fit Hoodie,2022-01-31 00:00:00,772
Loose Fit Hoodie,2022-02-28 00:00:00,717
Loose Fit Hoodie,2022-03-31 00:00:00,873
Loose Fit Hoodie,2022-04-30 00:00:00,806
Loose Fit Hoodie,2022-05-31 00:00:00,918
Loose Fit Hoodie,2022-06-30 00:00:00,772
Loose Fit Hoodie,2022-07-31 00:00:00,925
Loose Fit Hoodie,2022-08-31 00:00:00,844
Loose Fit Hoodie,2022-09-30 00:00:00,872
Loose Fit Hoodie,2022-10-31 00:00:00,717
Loose Fit Hoodie,2022-11-30 00:00:00,938
Loose Fit Hoodie,2022-12-31 00:00:00,826
Loose Fit Hoodie,2023-01-31 00:00:00,904
Loose Fit Hoodie,2023-02-28 00:00:00,731
Loose Fit Hoodie,2023-03-31 00:00:00,930
Loose Fit Hoodie,2023-04-30 00:00:00,847
Loose Fit Hoodie,2023-05-31 00:00:00,939
Loose Fit Hoodie,2023-06-30 00:00:00,815
Loose Fit Hoodie,2023-07-31 00:00:00,864
Loose Fit Hoodie,2023-08-31 00:00:00,692
Loose Fit Hoodie,2023-09-30 00:00:00,654
Loose Fit Hoodie,2023-10-31 00:00:00,751
Loose Fit Hoodie,2023-11-30 00:00:00,799
Loose Fit Hoodie,2023-12-31 00:00:00,842
Loose Fit Hoodie,2024-01-31 00:00:00,710
Loose Fit Hoodie,2024-02-29 00:00:00,559
Loose Fit Hoodie,2024-03-31 00:00:00,738
Loose Fit Hoodie,2024-04-30 00:00:00,708
Loose Fit Hoodie,2024-05-31 00:00:00,751
Loose Fit Hoodie,2024-06-30 00:00:00,666
Loose Fit Hoodie,2024-07-31 00:00:00,706
Loose Fit Hoodie,2024-08-31 00:00:00,652
Loose Fit Hoodie,2024-09-30 00:00:00,599
Loose Fit Hoodie,2024-10-31 00:00:00,569
Loose Fit Hoodie,2024-11-30 00:00:00,727
Loose Fit Hoodie,2024-12-31 00:00:00,677
Loose Fit Hoodie,2025-01-31 00:00:00,680
Loose Fit Hoodie,2025-02-28 00:00:00,552
Loose Fit Hoodie,2025-03-31 00:00:00,751
Loose Fit Hoodie,2025-04-30 00:00:00,683
Loose Fit Hoodie,2025-05-31 00:00:00,706
Loose Fit Hoodie,2025-06-30 00:00:00,621
Loose Fit Hoodie,2025-07-31 00:00:00,692
Loose Fit Hoodie,2025-08-31 00:00:00,602
Loose Fit Hoodie,2025-09-30 00:00:00,563
Loose Fit Hoodie,2025-10-31 00:00:00,553
Loose Fit Hoodie,2025-11-30 00:00:00,677
Loose Fit Hoodie,2025-12-31 00:00:00,649
Loose Fit Hoodie,2026-01-31 00:00:00,644
Loose Fit Hoodie,2026-02-28 00:00:00,508
Loose Fit Hoodie,2026-03-31 00:00:00,697
Loose Fit Hoodie,2026-04-30 00:00:00,633
Loose Fit Hoodie,2026-05-31 00:00:00,697
Loose Fit Hoodie,2026-06-30 00:00:00,593
Loose Fit Hoodie,2026-07-31 00:00:00,654
Loose Fit Hoodie,2026-08-31 00:00:00,563
Loose Fit Hoodie,2026-09-30 00:00:00,520
Loose Fit Hoodie,2026-10-31 00:00:00,525
Loose Fit Hoodie,2026-11-30 00:00:00,636
Loose Fit Hoodie,2026-12-31 00:00:00,612
Loose Fit Hoodie,2027-01-31 00:00:00,597
Loose Fit Hoodie,2027-02-28 00:00:00,462
Loose Fit Hoodie,2027-03-31 00:00:00,645
Loose Fit Hoodie,2027-04-30 00:00:00,594
Loose Fit Hoodie,2027-05-31 00:00:00,651
Loose Fit Hoodie,2027-06-30 00:00:00,553
Loose Fit Hoodie,2027-07-31 00:00:00,611
Loose Fit Hoodie,2027-08-31 00:00:00,530
Loose Fit Hoodie,2027-09-30 00:00:00,493
Loose Fit Hoodie,2027-10-31 00:00:00,476
Loose Fit Hoodie,2027-11-30 00:00:00,604
Loose Fit Hoodie,2027-12-31 00:00:00,570
Loose Fit Hoodie,2028-01-31 00:00:00,564
Loose Fit Hoodie,2028-02-29 00:00:00,431
Loose Fit Hoodie,2028-03-31 00:00:00,613
Loose Fit Hoodie,2028-04-30 00:00:00,557
Loose Fit Hoodie,2028-05-31 00:00:00,620
Loose Fit Hoodie,2028-06-30 00:00:00,522
Loose Fit Hoodie,2028-07-31 00:00:00,579
Loose Fit Hoodie,2028-08-31 00:00:00,490
Loose Fit Hoodie,2028-09-30 00:00:00,453
Loose Fit Jeans,2015-01-31 00:00:00,882
Loose Fit Jeans,2015-02-28 00:00:00,642
Loose Fit Jeans,2015-03-31 00:00:00,642
Loose Fit Jeans,2015-04-30 00:00:00,746
Loose Fit Jeans,2015-05-31 00:00:00,772
Loose Fit Jeans,2015-06-30 00:00:00,870
Loose Fit Jeans,2015-07-31 00:00:00,824
Loose Fit Jeans,2015-08-31 00:00:00,785
Loose Fit Jeans,2015-09-30 00:00:00,824
Loose Fit Jeans,2015-10-31 00:00:00,878
Loose Fit Jeans,2015-11-30 00:00:00,818
Loose Fit Jeans,2015-12-31 00:00:00,900
Loose Fit Jeans,2016-01-31 00:00:00,818
Loose Fit Jeans,2016-02-29 00:00:00,874
Loose Fit Jeans,2016-03-31 00:00:00,826
Loose Fit Jeans,2016-04-30 00:00:00,796
Loose Fit Jeans,2016-05-31 00:00:00,796
Loose Fit Jeans,2016-06-30 00:00:00,864
Loose Fit Jeans,2016-07-31 00:00:00,809
Loose Fit Jeans,2016-08-31 00:00:00,814
Loose Fit Jeans,2016-09-30 00:00:00,682
Loose Fit Jeans,2016-10-31 00:00:00,900
Loose Fit Jeans,2016-11-30 00:00:00,588
Loose Fit Jeans,2016-12-31 00:00:00,790
Loose Fit Jeans,2017-01-31 00:00:00,980
Loose Fit Jeans,2017-02-28 00:00:00,719
Loose Fit Jeans,2017-03-31 00:00:00,692
Loose Fit Jeans,2017-04-30 00:00:00,973
Loose Fit Jeans,2017-05-31 00:00:00,953
Loose Fit Jeans,2017-06-30 00:00:00,656
Loose Fit Jeans,2017-07-31 00:00:00,811
Loose Fit Jeans,2017-08-31 00:00:00,949
Loose Fit Jeans,2017-09-30 00:00:00,699
Loose Fit Jeans,2017-10-31 00:00:00,1010
Loose Fit Jeans,2017-11-30 00:00:00,850
Loose Fit Jeans,2017-12-31 00:00:00,856
Loose Fit Jeans,2018-01-31 00:00:00,720
Loose Fit Jeans,2018-02-28 00:00:00,677
Loose Fit Jeans,2018-03-31 00:00:00,682
Loose Fit Jeans,2018-04-30 00:00:00,693
Loose Fit Jeans,2018-05-31 00:00:00,783
Loose Fit Jeans,2018-06-30 00:00:00,700
Loose Fit Jeans,2018-07-31 00:00:00,829
Loose Fit Jeans,2018-08-31 00:00:00,780
Loose Fit Jeans,2018-09-30 00:00:00,656
Loose Fit Jeans,2018-10-31 00:00:00,922
Loose Fit Jeans,2018-11-30 00:00:00,787
Loose Fit Jeans,2018-12-31 00:00:00,910
Loose Fit Jeans,2019-01-31 00:00:00,768
Loose Fit Jeans,2019-02-28 00:00:00,822
Loose Fit Jeans,2019-03-31 00:00:00,898
Loose Fit Jeans,2019-04-30 00:00:00,1019
Loose Fit Jeans,2019-05-31 00:00:00,626
Loose Fit Jeans,2019-06-30 00:00:00,821
Loose Fit Jeans,2019-07-31 00:00:00,441
Loose Fit Jeans,2019-08-31 00:00:00,825
Loose Fit Jeans,2019-09-30 00:00:00,926
Loose Fit Jeans,2019-10-31 00:00:00,724
Loose Fit Jeans,2019-11-30 00:00:00,946
Loose Fit Jeans,2019-12-31 00:00:00,764
Loose Fit Jeans,2020-01-31 00:00:00,674
Loose Fit Jeans,2020-02-29 00:00:00,463
Loose Fit Jeans,2020-03-31 00:00:00,829
Loose Fit Jeans,2020-04-30 00:00:00,685
Loose Fit Jeans,2020-05-31 00:00:00,955
Loose Fit Jeans,2020-06-30 00:00:00,770
Loose Fit Jeans,2020-07-31 00:00:00,953
Loose Fit Jeans,2020-08-31 00:00:00,874
Loose Fit Jeans,2020-09-30 00:00:00,870
Loose Fit Jeans,2020-10-31 00:00:00,871
Loose Fit Jeans,2020-11-30 00:00:00,802
Loose Fit Jeans,2020-12-31 00:00:00,591
Loose Fit Jeans,2021-01-31 00:00:00,579
Loose Fit Jeans,2021-02-28 00:00:00,747
Loose Fit Jeans,2021-03-31 00:00:00,719
Loose Fit Jeans,2021-04-30 00:00:00,707
Loose Fit Jeans,2021-05-31 00:00:00,657
Loose Fit Jeans,2021-06-30 00:00:00,727
Loose Fit Jeans,2021-07-31 00:00:00,521
Loose Fit Jeans,2021-08-31 00:00:00,898
Loose Fit Jeans,2021-09-30 00:00:00,884
Loose Fit Jeans,2021-10-31 00:00:00,866
Loose Fit Jeans,2021-11-30 00:00:00,760
Loose Fit Jeans,2021-12-31 00:00:00,889
Loose Fit Jeans,2022-01-31 00:00:00,730
Loose Fit Jeans,2022-02-28 00:00:00,559
Loose Fit Jeans,2022-03-31 00:00:00,961
Loose Fit Jeans,2022-04-30 00:00:00,1045
Loose Fit Jeans,2022-05-31 00:00:00,972
Loose Fit Jeans,2022-06-30 00:00:00,675
Loose Fit Jeans,2022-07-31 00:00:00,787
Loose Fit Jeans,2022-08-31 00:00:00,805
Loose Fit Jeans,2022-09-30 00:00:00,739
Loose Fit Jeans,2022-10-31 00:00:00,659
Loose Fit Jeans,2022-11-30 00:00:00,759
Loose Fit Jeans,2022-12-31 00:00:00,718
Loose Fit Jeans,2023-01-31 00:00:00,758
Loose Fit Jeans,2023-02-28 00:00:00,873
Loose Fit Jeans,2023-03-31 00:00:00,576
Loose Fit Jeans,2023-04-30 00:00:00,750
Loose Fit Jeans,2023-05-31 00:00:00,628
Loose Fit Jeans,2023-06-30 00:00:00,756
Loose Fit Jeans,2023-07-31 00:00:00,815
Loose Fit Jeans,2023-08-31 00:00:00,785
Loose Fit Jeans,2023-09-30 00:00:00,733
Loose Fit Jeans,2023-10-31 00:00:00,697
Loose Fit Jeans,2023-11-30 00:00:00,738
Loose Fit Jeans,2023-12-31 00:00:00,805
Loose Fit Jeans,2024-01-31 00:00:00,566
Loose Fit Jeans,2024-02-29 00:00:00,512
Loose Fit Jeans,2024-03-31 00:00:00,700
Loose Fit Jeans,2024-04-30 00:00:00,737
Loose Fit Jeans,2024-05-31 00:00:00,693
Loose Fit Jeans,2024-06-30 00:00:00,602
Loose Fit Jeans,2024-07-31 00:00:00,599
Loose Fit Jeans,2024-08-31 00:00:00,701
Loose Fit Jeans,2024-09-30 00:00:00,670
Loose Fit Jeans,2024-10-31 00:00:00,662
Loose Fit Jeans,2024-11-30 00:00:00,658
Loose Fit Jeans,2024-12-31 00:00:00,633
Loose Fit Jeans,2025-01-31 00:00:00,601
Loose Fit Jeans,2025-02-28 00:00:00,591
Loose Fit Jeans,2025-03-31 00:00:00,614
Loose Fit Jeans,2025-04-30 00:00:00,676
Loose Fit Jeans,2025-05-31 00:00:00,639
Loose Fit Jeans,2025-06-30 00:00:00,607
Loose Fit Jeans,2025-07-31 00:00:00,626
Loose Fit Jeans,2025-08-31 00:00:00,685
Loose Fit Jeans,2025-09-30 00:00:00,647
Loose Fit Jeans,2025-10-31 00:00:00,639
Loose Fit Jeans,2025-11-30 00:00:00,635
Loose Fit Jeans,2025-12-31 00:00:00,657
Loose Fit Jeans,2026-01-31 00:00:00,573
Loose Fit Jeans,2026-02-28 00:00:00,551
Loose Fit Jeans,2026-03-31 00:00:00,630
Loose Fit Jeans,2026-04-30 00:00:00,690
Loose Fit Jeans,2026-05-31 00:00:00,642
Loose Fit Jeans,2026-06-30 00:00:00,586
Loose Fit Jeans,2026-07-31 00:00:00,592
Loose Fit Jeans,2026-08-31 00:00:00,677
Loose Fit Jeans,2026-09-30 00:00:00,639
Loose Fit Jeans,2026-10-31 00:00:00,634
Loose Fit Jeans,2026-11-30 00:00:00,625
Loose Fit Jeans,2026-12-31 00:00:00,633
Loose Fit Jeans,2027-01-31 00:00:00,559
Loose Fit Jeans,2027-02-28 00:00:00,531
Loose Fit Jeans,2027-03-31 00:00:00,607
Loose Fit Jeans,2027-04-30 00:00:00,671
Loose Fit Jeans,2027-05-31 00:00:00,631
Loose Fit Jeans,2027-06-30 00:00:00,581
Loose Fit Jeans,2027-07-31 00:00:00,591
Loose Fit Jeans,2027-08-31 00:00:00,662
Loose Fit Jeans,2027-09-30 00:00:00,623
Loose Fit Jeans,2027-10-31 00:00:00,618
Loose Fit Jeans,2027-11-30 00:00:00,613
Loose Fit Jeans,2027-12-31 00:00:00,615
Loose Fit Jeans,2028-01-31 00:00:00,554
Loose Fit Jeans,2028-02-29 00:00:00,548
Loose Fit Jeans,2028-03-31 00:00:00,605
Loose Fit Jeans,2028-04-30 00:00:00,660
Loose Fit Jeans,2028-05-31 00:00:00,611
Loose Fit Jeans,2028-06-30 00:00:00,569
Loose Fit Jeans,2028-07-31 00:00:00,580
Loose Fit Jeans,2028-08-31 00:00:00,652
Loose Fit Jeans,2028-09-30 00:00:00,612
Loose Fit T-Shirt,2015-01-31 00:00:00,810
Loose Fit T-Shirt,2015-02-28 00:00:00,836
Loose Fit T-Shirt,2015-03-31 00:00:00,832
Loose Fit T-Shirt,2015-04-30 00:00:00,857
Loose Fit T-Shirt,2015-05-31 00:00:00,882
Loose Fit T-Shirt,2015-06-30 00:00:00,865
Loose Fit T-Shirt,2015-07-31 00:00:00,691
Loose Fit T-Shirt,2015-08-31 00:00:00,851
Loose Fit T-Shirt,2015-09-30 00:00:00,492
Loose Fit T-Shirt,2015-10-31 00:00:00,763
Loose Fit T-Shirt,2015-11-30 00:00:00,726
Loose Fit T-Shirt,2015-12-31 00:00:00,889
Loose Fit T-Shirt,2016-01-31 00:00:00,805
Loose Fit T-Shirt,2016-02-29 00:00:00,885
Loose Fit T-Shirt,2016-03-31 00:00:00,757
Loose Fit T-Shirt,2016-04-30 00:00:00,786
Loose Fit T-Shirt,2016-05-31 00:00:00,842
Loose Fit T-Shirt,2016-06-30 00:00:00,716
Loose Fit T-Shirt,2016-07-31 00:00:00,782
Loose Fit T-Shirt,2016-08-31 00:00:00,764
Loose Fit T-Shirt,2016-09-30 00:00:00,692
Loose Fit T-Shirt,2016-10-31 00:00:00,932
Loose Fit T-Shirt,2016-11-30 00:00:00,808
Loose Fit T-Shirt,2016-12-31 00:00:00,899
Loose Fit T-Shirt,2017-01-31 00:00:00,819
Loose Fit T-Shirt,2017-02-28 00:00:00,792
Loose Fit T-Shirt,2017-03-31 00:00:00,702
Loose Fit T-Shirt,2017-04-30 00:00:00,662
Loose Fit T-Shirt,2017-05-31 00:00:00,856
Loose Fit T-Shirt,2017-06-30 00:00:00,726
Loose Fit T-Shirt,2017-07-31 00:00:00,757
Loose Fit T-Shirt,2017-08-31 00:00:00,808
Loose Fit T-Shirt,2017-09-30 00:00:00,752
Loose Fit T-Shirt,2017-10-31 00:00:00,868
Loose Fit T-Shirt,2017-11-30 00:00:00,801
Loose Fit T-Shirt,2017-12-31 00:00:00,842
Loose Fit T-Shirt,2018-01-31 00:00:00,983
Loose Fit T-Shirt,2018-02-28 00:00:00,684
Loose Fit T-Shirt,2018-03-31 00:00:00,750
Loose Fit T-Shirt,2018-04-30 00:00:00,735
Loose Fit T-Shirt,2018-05-31 00:00:00,723
Loose Fit T-Shirt,2018-06-30 00:00:00,772
Loose Fit T-Shirt,2018-07-31 00:00:00,599
Loose Fit T-Shirt,2018-08-31 00:00:00,605
Loose Fit T-Shirt,2018-09-30 00:00:00,1011
Loose Fit T-Shirt,2018-10-31 00:00:00,669
Loose Fit T-Shirt,2018-11-30 00:00:00,830
Loose Fit T-Shirt,2018-12-31 00:00:00,878
Loose Fit T-Shirt,2019-01-31 00:00:00,701
Loose Fit T-Shirt,2019-02-28 00:00:00,763
Loose Fit T-Shirt,2019-03-31 00:00:00,700
Loose Fit T-Shirt,2019-04-30 00:00:00,883
Loose Fit T-Shirt,2019-05-31 00:00:00,780
Loose Fit T-Shirt,2019-06-30 00:00:00,904
Loose Fit T-Shirt,2019-07-31 00:00:00,792
Loose Fit T-Shirt,2019-08-31 00:00:00,827
Loose Fit T-Shirt,2019-09-30 00:00:00,782
Loose Fit T-Shirt,2019-10-31 00:00:00,955
Loose Fit T-Shirt,2019-11-30 00:00:00,649
Loose Fit T-Shirt,2019-12-31 00:00:00,802
Loose Fit T-Shirt,2020-01-31 00:00:00,929
Loose Fit T-Shirt,2020-02-29 00:00:00,796
Loose Fit T-Shirt,2020-03-31 00:00:00,662
Loose Fit T-Shirt,2020-04-30 00:00:00,937
Loose Fit T-Shirt,2020-05-31 00:00:00,956
Loose Fit T-Shirt,2020-06-30 00:00:00,818
Loose Fit T-Shirt,2020-07-31 00:00:00,830
Loose Fit T-Shirt,2020-08-31 00:00:00,868
Loose Fit T-Shirt,2020-09-30 00:00:00,831
Loose Fit T-Shirt,2020-10-31 00:00:00,716
Loose Fit T-Shirt,2020-11-30 00:00:00,894
Loose Fit T-Shirt,2020-12-31 00:00:00,920
Loose Fit T-Shirt,2021-01-31 00:00:00,745
Loose Fit T-Shirt,2021-02-28 00:00:00,722
Loose Fit T-Shirt,2021-03-31 00:00:00,637
Loose Fit T-Shirt,2021-04-30 00:00:00,790
Loose Fit T-Shirt,2021-05-31 00:00:00,836
Loose Fit T-Shirt,2021-06-30 00:00:00,878
Loose Fit T-Shirt,2021-07-31 00:00:00,912
Loose Fit T-Shirt,2021-08-31 00:00:00,796
Loose Fit T-Shirt,2021-09-30 00:00:00,911
Loose Fit T-Shirt,2021-10-31 00:00:00,860
Loose Fit T-Shirt,2021-11-30 00:00:00,833
Loose Fit T-Shirt,2021-12-31 00:00:00,980
Loose Fit T-Shirt,2022-01-31 00:00:00,818
Loose Fit T-Shirt,2022-02-28 00:00:00,784
Loose Fit T-Shirt,2022-03-31 00:00:00,867
Loose Fit T-Shirt,2022-04-30 00:00:00,710
Loose Fit T-Shirt,2022-05-31 00:00:00,616
Loose Fit T-Shirt,2022-06-30 00:00:00,698
Loose Fit T-Shirt,2022-07-31 00:00:00,700
Loose Fit T-Shirt,2022-08-31 00:00:00,684
Loose Fit T-Shirt,2022-09-30 00:00:00,797
Loose Fit T-Shirt,2022-10-31 00:00:00,876
Loose Fit T-Shirt,2022-11-30 00:00:00,692
Loose Fit T-Shirt,2022-12-31 00:00:00,743
Loose Fit T-Shirt,2023-01-31 00:00:00,738
Loose Fit T-Shirt,2023-02-28 00:00:00,683
Loose Fit T-Shirt,2023-03-31 00:00:00,704
Loose Fit T-Shirt,2023-04-30 00:00:00,778
Loose Fit T-Shirt,2023-05-31 00:00:00,784
Loose Fit T-Shirt,2023-06-30 00:00:00,787
Loose Fit T-Shirt,2023-07-31 00:00:00,649
Loose Fit T-Shirt,2023-08-31 00:00:00,720
Loose Fit T-Shirt,2023-09-30 00:00:00,600
Loose Fit T-Shirt,2023-10-31 00:00:00,907
Loose Fit T-Shirt,2023-11-30 00:00:00,704
Loose Fit T-Shirt,2023-12-31 00:00:00,912
Loose Fit T-Shirt,2024-01-31 00:00:00,626
Loose Fit T-Shirt,2024-02-29 00:00:00,596
Loose Fit T-Shirt,2024-03-31 00:00:00,606
Loose Fit T-Shirt,2024-04-30 00:00:00,627
Loose Fit T-Shirt,2024-05-31 00:00:00,614
Loose Fit T-Shirt,2024-06-30 00:00:00,649
Loose Fit T-Shirt,2024-07-31 00:00:00,608
Loose Fit T-Shirt,2024-08-31 00:00:00,600
Loose Fit T-Shirt,2024-09-30 00:00:00,616
Loose Fit T-Shirt,2024-10-31 00:00:00,731
Loose Fit T-Shirt,2024-11-30 00:00:00,604
Loose Fit T-Shirt,2024-12-31 00:00:00,734
Loose Fit T-Shirt,2025-01-31 00:00:00,613
Loose Fit T-Shirt,2025-02-28 00:00:00,578
Loose Fit T-Shirt,2025-03-31 00:00:00,609
Loose Fit T-Shirt,2025-04-30 00:00:00,592
Loose Fit T-Shirt,2025-05-31 00:00:00,570
Loose Fit T-Shirt,2025-06-30 00:00:00,608
Loose Fit T-Shirt,2025-07-31 00:00:00,552
Loose Fit T-Shirt,2025-08-31 00:00:00,554
Loose Fit T-Shirt,2025-09-30 00:00:00,564
Loose Fit T-Shirt,2025-10-31 00:00:00,731
Loose Fit T-Shirt,2025-11-30 00:00:00,566
Loose Fit T-Shirt,2025-12-31 00:00:00,691
Loose Fit T-Shirt,2026-01-31 00:00:00,585
Loose Fit T-Shirt,2026-02-28 00:00:00,546
Loose Fit T-Shirt,2026-03-31 00:00:00,567
Loose Fit T-Shirt,2026-04-30 00:00:00,587
Loose Fit T-Shirt,2026-05-31 00:00:00,572
Loose Fit T-Shirt,2026-06-30 00:00:00,595
Loose Fit T-Shirt,2026-07-31 00:00:00,526
Loose Fit T-Shirt,2026-08-31 00:00:00,545
Loose Fit T-Shirt,2026-09-30 00:00:00,524
Loose Fit T-Shirt,2026-10-31 00:00:00,705
Loose Fit T-Shirt,2026-11-30 00:00:00,547
Loose Fit T-Shirt,2026-12-31 00:00:00,690
Loose Fit T-Shirt,2027-01-31 00:00:00,560
Loose Fit T-Shirt,2027-02-28 00:00:00,523
Loose Fit T-Shirt,2027-03-31 00:00:00,546
Loose Fit T-Shirt,2027-04-30 00:00:00,557
Loose Fit T-Shirt,2027-05-31 00:00:00,540
Loose Fit T-Shirt,2027-06-30 00:00:00,572
Loose Fit T-Shirt,2027-07-31 00:00:00,514
Loose Fit T-Shirt,2027-08-31 00:00:00,525
Loose Fit T-Shirt,2027-09-30 00:00:00,521
Loose Fit T-Shirt,2027-10-31 00:00:00,676
Loose Fit T-Shirt,2027-11-30 00:00:00,525
Loose Fit T-Shirt,2027-12-31 00:00:00,658
Loose Fit T-Shirt,2028-01-31 00:00:00,540
Loose Fit T-Shirt,2028-02-29 00:00:00,502
Loose Fit T-Shirt,2028-03-31 00:00:00,525
Loose Fit T-Shirt,2028-04-30 00:00:00,533
Loose Fit T-Shirt,2028-05-31 00:00:00,515
Loose Fit T-Shirt,2028-06-30 00:00:00,546
Loose Fit T-Shirt,2028-07-31 00:00:00,486
Loose Fit T-Shirt,2028-08-31 00:00:00,499
Loose Fit T-Shirt,2028-09-30 00:00:00,491
Mirror,2015-01-31 00:00:00,665
Mirror,2015-02-28 00:00:00,761
Mirror,2015-03-31 00:00:00,892
Mirror,2015-04-30 00:00:00,1072
Mirror,2015-05-31 00:00:00,943
Mirror,2015-06-30 00:00:00,723
Mirror,2015-07-31 00:00:00,832
Mirror,2015-08-31 00:00:00,795
Mirror,2015-09-30 00:00:00,808
Mirror,2015-10-31 00:00:00,873
Mirror,2015-11-30 00:00:00,729
Mirror,2015-12-31 00:00:00,813
Mirror,2016-01-31 00:00:00,862
Mirror,2016-02-29 00:00:00,942
Mirror,2016-03-31 00:00:00,690
Mirror,2016-04-30 00:00:00,688
Mirror,2016-05-31 00:00:00,836
Mirror,2016-06-30 00:00:00,919
Mirror,2016-07-31 00:00:00,814
Mirror,2016-08-31 00:00:00,795
Mirror,2016-09-30 00:00:00,707
Mirror,2016-10-31 00:00:00,946
Mirror,2016-11-30 00:00:00,820
Mirror,2016-12-31 00:00:00,905
Mirror,2017-01-31 00:00:00,774
Mirror,2017-02-28 00:00:00,613
Mirror,2017-03-31 00:00:00,979
Mirror,2017-04-30 00:00:00,824
Mirror,2017-05-31 00:00:00,777
Mirror,2017-06-30 00:00:00,769
Mirror,2017-07-31 00:00:00,817
Mirror,2017-08-31 00:00:00,591
Mirror,2017-09-30 00:00:00,797
Mirror,2017-10-31 00:00:00,820
Mirror,2017-11-30 00:00:00,783
Mirror,2017-12-31 00:00:00,955
Mirror,2018-01-31 00:00:00,735
Mirror,2018-02-28 00:00:00,808
Mirror,2018-03-31 00:00:00,960
Mirror,2018-04-30 00:00:00,914
Mirror,2018-05-31 00:00:00,727
Mirror,2018-06-30 00:00:00,1025
Mirror,2018-07-31 00:00:00,895
Mirror,2018-08-31 00:00:00,774
Mirror,2018-09-30 00:00:00,763
Mirror,2018-10-31 00:00:00,752
Mirror,2018-11-30 00:00:00,741
Mirror,2018-12-31 00:00:00,849
Mirror,2019-01-31 00:00:00,1050
Mirror,2019-02-28 00:00:00,761
Mirror,2019-03-31 00:00:00,889
Mirror,2019-04-30 00:00:00,719
Mirror,2019-05-31 00:00:00,909
Mirror,2019-06-30 00:00:00,790
Mirror,2019-07-31 00:00:00,807
Mirror,2019-08-31 00:00:00,718
Mirror,2019-09-30 00:00:00,793
Mirror,2019-10-31 00:00:00,653
Mirror,2019-11-30 00:00:00,749
Mirror,2019-12-31 00:00:00,643
Mirror,2020-01-31 00:00:00,974
Mirror,2020-02-29 00:00:00,592
Mirror,2020-03-31 00:00:00,725
Mirror,2020-04-30 00:00:00,767
Mirror,2020-05-31 00:00:00,805
Mirror,2020-06-30 00:00:00,715
Mirror,2020-07-31 00:00:00,739
Mirror,2020-08-31 00:00:00,800
Mirror,2020-09-30 00:00:00,772
Mirror,2020-10-31 00:00:00,723
Mirror,2020-11-30 00:00:00,675
Mirror,2020-12-31 00:00:00,979
Mirror,2021-01-31 00:00:00,795
Mirror,2021-02-28 00:00:00,842
Mirror,2021-03-31 00:00:00,711
Mirror,2021-04-30 00:00:00,650
Mirror,2021-05-31 00:00:00,735
Mirror,2021-06-30 00:00:00,1008
Mirror,2021-07-31 00:00:00,905
Mirror,2021-08-31 00:00:00,804
Mirror,2021-09-30 00:00:00,730
Mirror,2021-10-31 00:00:00,905
Mirror,2021-11-30 00:00:00,727
Mirror,2021-12-31 00:00:00,722
Mirror,2022-01-31 00:00:00,859
Mirror,2022-02-28 00:00:00,633
Mirror,2022-03-31 00:00:00,663
Mirror,2022-04-30 00:00:00,781
Mirror,2022-05-31 00:00:00,975
Mirror,2022-06-30 00:00:00,654
Mirror,2022-07-31 00:00:00,769
Mirror,2022-08-31 00:00:00,832
Mirror,2022-09-30 00:00:00,1040
Mirror,2022-10-31 00:00:00,929
Mirror,2022-11-30 00:00:00,782
Mirror,2022-12-31 00:00:00,729
Mirror,2023-01-31 00:00:00,634
Mirror,2023-02-28 00:00:00,712
Mirror,2023-03-31 00:00:00,680
Mirror,2023-04-30 00:00:00,909
Mirror,2023-05-31 00:00:00,761
Mirror,2023-06-30 00:00:00,1020
Mirror,2023-07-31 00:00:00,902
Mirror,2023-08-31 00:00:00,959
Mirror,2023-09-30 00:00:00,898
Mirror,2023-10-31 00:00:00,672
Mirror,2023-11-30 00:00:00,785
Mirror,2023-12-31 00:00:00,927
Mirror,2024-01-31 00:00:00,798
Mirror,2024-02-29 00:00:00,646
Mirror,2024-03-31 00:00:00,687
Mirror,2024-04-30 00:00:00,727
Mirror,2024-05-31 00:00:00,777
Mirror,2024-06-30 00:00:00,781
Mirror,2024-07-31 00:00:00,769
Mirror,2024-08-31 00:00:00,741
Mirror,2024-09-30 00:00:00,776
Mirror,2024-10-31 00:00:00,741
Mirror,2024-11-30 00:00:00,695
Mirror,2024-12-31 00:00:00,747
Mirror,2025-01-31 00:00:00,748
Mirror,2025-02-28 00:00:00,661
Mirror,2025-03-31 00:00:00,697
Mirror,2025-04-30 00:00:00,746
Mirror,2025-05-31 00:00:00,767
Mirror,2025-06-30 00:00:00,785
Mirror,2025-07-31 00:00:00,771
Mirror,2025-08-31 00:00:00,767
Mirror,2025-09-30 00:00:00,783
Mirror,2025-10-31 00:00:00,737
Mirror,2025-11-30 00:00:00,699
Mirror,2025-12-31 00:00:00,765
Mirror,2026-01-31 00:00:00,759
Mirror,2026-02-28 00:00:00,667
Mirror,2026-03-31 00:00:00,691
Mirror,2026-04-30 00:00:00,738
Mirror,2026-05-31 00:00:00,766
Mirror,2026-06-30 00:00:00,802
Mirror,2026-07-31 00:00:00,778
Mirror,2026-08-31 00:00:00,767
Mirror,2026-09-30 00:00:00,787
Mirror,2026-10-31 00:00:00,744
Mirror,2026-11-30 00:00:00,706
Mirror,2026-12-31 00:00:00,766
Mirror,2027-01-31 00:00:00,760
Mirror,2027-02-28 00:00:00,665
Mirror,2027-03-31 00:00:00,694
Mirror,2027-04-30 00:00:00,748
Mirror,2027-05-31 00:00:00,768
Mirror,2027-06-30 00:00:00,784
Mirror,2027-07-31 00:00:00,778
Mirror,2027-08-31 00:00:00,768
Mirror,2027-09-30 00:00:00,799
Mirror,2027-10-31 00:00:00,749
Mirror,2027-11-30 00:00:00,707
Mirror,2027-12-31 00:00:00,762
Mirror,2028-01-31 00:00:00,751
Mirror,2028-02-29 00:00:00,674
Mirror,2028-03-31 00:00:00,697
Mirror,2028-04-30 00:00:00,749
Mirror,2028-05-31 00:00:00,773
Mirror,2028-06-30 00:00:00,806
Mirror,2028-07-31 00:00:00,783
Mirror,2028-08-31 00:00:00,775
Mirror,2028-09-30 00:00:00,795
Overshirt,2015-01-31 00:00:00,877
Overshirt,2015-02-28 00:00:00,803
Overshirt,2015-03-31 00:00:00,568
Overshirt,2015-04-30 00:00:00,839
Overshirt,2015-05-31 00:00:00,1060
Overshirt,2015-06-30 00:00:00,846
Overshirt,2015-07-31 00:00:00,807
Overshirt,2015-08-31 00:00:00,755
Overshirt,2015-09-30 00:00:00,865
Overshirt,2015-10-31 00:00:00,667
Overshirt,2015-11-30 00:00:00,724
Overshirt,2015-12-31 00:00:00,758
Overshirt,2016-01-31 00:00:00,863
Overshirt,2016-02-29 00:00:00,709
Overshirt,2016-03-31 00:00:00,896
Overshirt,2016-04-30 00:00:00,788
Overshirt,2016-05-31 00:00:00,830
Overshirt,2016-06-30 00:00:00,765
Overshirt,2016-07-31 00:00:00,818
Overshirt,2016-08-31 00:00:00,835
Overshirt,2016-09-30 00:00:00,557
Overshirt,2016-10-31 00:00:00,948
Overshirt,2016-11-30 00:00:00,599
Overshirt,2016-12-31 00:00:00,942
Overshirt,2017-01-31 00:00:00,709
Overshirt,2017-02-28 00:00:00,664
Overshirt,2017-03-31 00:00:00,981
Overshirt,2017-04-30 00:00:00,777
Overshirt,2017-05-31 00:00:00,790
Overshirt,2017-06-30 00:00:00,791
Overshirt,2017-07-31 00:00:00,776
Overshirt,2017-08-31 00:00:00,765
Overshirt,2017-09-30 00:00:00,976
Overshirt,2017-10-31 00:00:00,661
Overshirt,2017-11-30 00:00:00,866
Overshirt,2017-12-31 00:00:00,655
Overshirt,2018-01-31 00:00:00,849
Overshirt,2018-02-28 00:00:00,826
Overshirt,2018-03-31 00:00:00,713
Overshirt,2018-04-30 00:00:00,723
Overshirt,2018-05-31 00:00:00,959
Overshirt,2018-06-30 00:00:00,680
Overshirt,2018-07-31 00:00:00,811
Overshirt,2018-08-31 00:00:00,863
Overshirt,2018-09-30 00:00:00,675
Overshirt,2018-10-31 00:00:00,791
Overshirt,2018-11-30 00:00:00,825
Overshirt,2018-12-31 00:00:00,789
Overshirt,2019-01-31 00:00:00,840
Overshirt,2019-02-28 00:00:00,701
Overshirt,2019-03-31 00:00:00,785
Overshirt,2019-04-30 00:00:00,924
Overshirt,2019-05-31 00:00:00,844
Overshirt,2019-06-30 00:00:00,710
Overshirt,2019-07-31 00:00:00,792
Overshirt,2019-08-31 00:00:00,853
Overshirt,2019-09-30 00:00:00,964
Overshirt,2019-10-31 00:00:00,756
Overshirt,2019-11-30 00:00:00,967
Overshirt,2019-12-31 00:00:00,839
Overshirt,2020-01-31 00:00:00,773
Overshirt,2020-02-29 00:00:00,727
Overshirt,2020-03-31 00:00:00,765
Overshirt,2020-04-30 00:00:00,638
Overshirt,2020-05-31 00:00:00,877
Overshirt,2020-06-30 00:00:00,748
Overshirt,2020-07-31 00:00:00,909
Overshirt,2020-08-31 00:00:00,671
Overshirt,2020-09-30 00:00:00,721
Overshirt,2020-10-31 00:00:00,1113
Overshirt,2020-11-30 00:00:00,863
Overshirt,2020-12-31 00:00:00,890
Overshirt,2021-01-31 00:00:00,778
Overshirt,2021-02-28 00:00:00,700
Overshirt,2021-03-31 00:00:00,862
Overshirt,2021-04-30 00:00:00,668
Overshirt,2021-05-31 00:00:00,817
Overshirt,2021-06-30 00:00:00,672
Overshirt,2021-07-31 00:00:00,654
Overshirt,2021-08-31 00:00:00,656
Overshirt,2021-09-30 00:00:00,750
Overshirt,2021-10-31 00:00:00,943
Overshirt,2021-11-30 00:00:00,793
Overshirt,2021-12-31 00:00:00,869
Overshirt,2022-01-31 00:00:00,848
Overshirt,2022-02-28 00:00:00,706
Overshirt,2022-03-31 00:00:00,831
Overshirt,2022-04-30 00:00:00,889
Overshirt,2022-05-31 00:00:00,673
Overshirt,2022-06-30 00:00:00,737
Overshirt,2022-07-31 00:00:00,698
Overshirt,2022-08-31 00:00:00,735
Overshirt,2022-09-30 00:00:00,663
Overshirt,2022-10-31 00:00:00,770
Overshirt,2022-11-30 00:00:00,806
Overshirt,2022-12-31 00:00:00,781
Overshirt,2023-01-31 00:00:00,860
Overshirt,2023-02-28 00:00:00,614
Overshirt,2023-03-31 00:00:00,965
Overshirt,2023-04-30 00:00:00,684
Overshirt,2023-05-31 00:00:00,942
Overshirt,2023-06-30 00:00:00,621
Overshirt,2023-07-31 00:00:00,708
Overshirt,2023-08-31 00:00:00,731
Overshirt,2023-09-30 00:00:00,722
Overshirt,2023-10-31 00:00:00,921
Overshirt,2023-11-30 00:00:00,715
Overshirt,2023-12-31 00:00:00,706
Overshirt,2024-01-31 00:00:00,731
Overshirt,2024-02-29 00:00:00,569
Overshirt,2024-03-31 00:00:00,722
Overshirt,2024-04-30 00:00:00,602
Overshirt,2024-05-31 00:00:00,707
Overshirt,2024-06-30 00:00:00,582
Overshirt,2024-07-31 00:00:00,629
Overshirt,2024-08-31 00:00:00,598
Overshirt,2024-09-30 00:00:00,611
Overshirt,2024-10-31 00:00:00,732
Overshirt,2024-11-30 00:00:00,651
Overshirt,2024-12-31 00:00:00,655
Overshirt,2025-01-31 00:00:00,689
Overshirt,2025-02-28 00:00:00,556
Overshirt,2025-03-31 00:00:00,703
Overshirt,2025-04-30 00:00:00,605
Overshirt,2025-05-31 00:00:00,703
Overshirt,2025-06-30 00:00:00,560
Overshirt,2025-07-31 00:00:00,594
Overshirt,2025-08-31 00:00:00,594
Overshirt,2025-09-30 00:00:00,596
Overshirt,2025-10-31 00:00:00,723
Overshirt,2025-11-30 00:00:00,643
Overshirt,2025-12-31 00:00:00,640
Overshirt,2026-01-31 00:00:00,675
Overshirt,2026-02-28 00:00:00,541
Overshirt,2026-03-31 00:00:00,692
Overshirt,2026-04-30 00:00:00,593
Overshirt,2026-05-31 00:00:00,683
Overshirt,2026-06-30 00:00:00,552
Overshirt,2026-07-31 00:00:00,587
Overshirt,2026-08-31 00:00:00,583
Overshirt,2026-09-30 00:00:00,587
Overshirt,2026-10-31 00:00:00,709
Overshirt,2026-11-30 00:00:00,632
Overshirt,2026-12-31 00:00:00,631
Overshirt,2027-01-31 00:00:00,662
Overshirt,2027-02-28 00:00:00,535
Overshirt,2027-03-31 00:00:00,676
Overshirt,2027-04-30 00:00:00,579
Overshirt,2027-05-31 00:00:00,669
Overshirt,2027-06-30 00:00:00,537
Overshirt,2027-07-31 00:00:00,575
Overshirt,2027-08-31 00:00:00,572
Overshirt,2027-09-30 00:00:00,573
Overshirt,2027-10-31 00:00:00,691
Overshirt,2027-11-30 00:00:00,621
Overshirt,2027-12-31 00:00:00,615
Overshirt,2028-01-31 00:00:00,653
Overshirt,2028-02-29 00:00:00,513
Overshirt,2028-03-31 00:00:00,671
Overshirt,2028-04-30 00:00:00,565
Overshirt,2028-05-31 00:00:00,653
Overshirt,2028-06-30 00:00:00,524
Overshirt,2028-07-31 00:00:00,561
Overshirt,2028-08-31 00:00:00,562
Overshirt,2028-09-30 00:00:00,560
Oversized Fit T-Shirt,2015-01-31 00:00:00,802
Oversized Fit T-Shirt,2015-02-28 00:00:00,577
Oversized Fit T-Shirt,2015-03-31 00:00:00,962
Oversized Fit T-Shirt,2015-04-30 00:00:00,657
Oversized Fit T-Shirt,2015-05-31 00:00:00,782
Oversized Fit T-Shirt,2015-06-30 00:00:00,843
Oversized Fit T-Shirt,2015-07-31 00:00:00,970
Oversized Fit T-Shirt,2015-08-31 00:00:00,826
Oversized Fit T-Shirt,2015-09-30 00:00:00,751
Oversized Fit T-Shirt,2015-10-31 00:00:00,694
Oversized Fit T-Shirt,2015-11-30 00:00:00,704
Oversized Fit T-Shirt,2015-12-31 00:00:00,836
Oversized Fit T-Shirt,2016-01-31 00:00:00,1036
Oversized Fit T-Shirt,2016-02-29 00:00:00,831
Oversized Fit T-Shirt,2016-03-31 00:00:00,788
Oversized Fit T-Shirt,2016-04-30 00:00:00,793
Oversized Fit T-Shirt,2016-05-31 00:00:00,589
Oversized Fit T-Shirt,2016-06-30 00:00:00,657
Oversized Fit T-Shirt,2016-07-31 00:00:00,790
Oversized Fit T-Shirt,2016-08-31 00:00:00,1030
Oversized Fit T-Shirt,2016-09-30 00:00:00,732
Oversized Fit T-Shirt,2016-10-31 00:00:00,803
Oversized Fit T-Shirt,2016-11-30 00:00:00,901
Oversized Fit T-Shirt,2016-12-31 00:00:00,747
Oversized Fit T-Shirt,2017-01-31 00:00:00,815
Oversized Fit T-Shirt,2017-02-28 00:00:00,763
Oversized Fit T-Shirt,2017-03-31 00:00:00,924
Oversized Fit T-Shirt,2017-04-30 00:00:00,896
Oversized Fit T-Shirt,2017-05-31 00:00:00,722
Oversized Fit T-Shirt,2017-06-30 00:00:00,890
Oversized Fit T-Shirt,2017-07-31 00:00:00,801
Oversized Fit T-Shirt,2017-08-31 00:00:00,847
Oversized Fit T-Shirt,2017-09-30 00:00:00,842
Oversized Fit T-Shirt,2017-10-31 00:00:00,965
Oversized Fit T-Shirt,2017-11-30 00:00:00,616
Oversized Fit T-Shirt,2017-12-31 00:00:00,821
Oversized Fit T-Shirt,2018-01-31 00:00:00,974
Oversized Fit T-Shirt,2018-02-28 00:00:00,746
Oversized Fit T-Shirt,2018-03-31 00:00:00,1101
Oversized Fit T-Shirt,2018-04-30 00:00:00,823
Oversized Fit T-Shirt,2018-05-31 00:00:00,727
Oversized Fit T-Shirt,2018-06-30 00:00:00,600
Oversized Fit T-Shirt,2018-07-31 00:00:00,917
Oversized Fit T-Shirt,2018-08-31 00:00:00,762
Oversized Fit T-Shirt,2018-09-30 00:00:00,737
Oversized Fit T-Shirt,2018-10-31 00:00:00,836
Oversized Fit T-Shirt,2018-11-30 00:00:00,668
Oversized Fit T-Shirt,2018-12-31 00:00:00,769
Oversized Fit T-Shirt,2019-01-31 00:00:00,1015
Oversized Fit T-Shirt,2019-02-28 00:00:00,711
Oversized Fit T-Shirt,2019-03-31 00:00:00,886
Oversized Fit T-Shirt,2019-04-30 00:00:00,627
Oversized Fit T-Shirt,2019-05-31 00:00:00,793
Oversized Fit T-Shirt,2019-06-30 00:00:00,617
Oversized Fit T-Shirt,2019-07-31 00:00:00,790
Oversized Fit T-Shirt,2019-08-31 00:00:00,821
Oversized Fit T-Shirt,2019-09-30 00:00:00,681
Oversized Fit T-Shirt,2019-10-31 00:00:00,923
Oversized Fit T-Shirt,2019-11-30 00:00:00,819
Oversized Fit T-Shirt,2019-12-31 00:00:00,833
Oversized Fit T-Shirt,2020-01-31 00:00:00,742
Oversized Fit T-Shirt,2020-02-29 00:00:00,844
Oversized Fit T-Shirt,2020-03-31 00:00:00,786
Oversized Fit T-Shirt,2020-04-30 00:00:00,890
Oversized Fit T-Shirt,2020-05-31 00:00:00,782
Oversized Fit T-Shirt,2020-06-30 00:00:00,696
Oversized Fit T-Shirt,2020-07-31 00:00:00,781
Oversized Fit T-Shirt,2020-08-31 00:00:00,769
Oversized Fit T-Shirt,2020-09-30 00:00:00,861
Oversized Fit T-Shirt,2020-10-31 00:00:00,604
Oversized Fit T-Shirt,2020-11-30 00:00:00,759
Oversized Fit T-Shirt,2020-12-31 00:00:00,793
Oversized Fit T-Shirt,2021-01-31 00:00:00,745
Oversized Fit T-Shirt,2021-02-28 00:00:00,811
Oversized Fit T-Shirt,2021-03-31 00:00:00,866
Oversized Fit T-Shirt,2021-04-30 00:00:00,876
Oversized Fit T-Shirt,2021-05-31 00:00:00,647
Oversized Fit T-Shirt,2021-06-30 00:00:00,834
Oversized Fit T-Shirt,2021-07-31 00:00:00,887
Oversized Fit T-Shirt,2021-08-31 00:00:00,635
Oversized Fit T-Shirt,2021-09-30 00:00:00,926
Oversized Fit T-Shirt,2021-10-31 00:00:00,829
Oversized Fit T-Shirt,2021-11-30 00:00:00,801
Oversized Fit T-Shirt,2021-12-31 00:00:00,812
Oversized Fit T-Shirt,2022-01-31 00:00:00,840
Oversized Fit T-Shirt,2022-02-28 00:00:00,692
Oversized Fit T-Shirt,2022-03-31 00:00:00,807
Oversized Fit T-Shirt,2022-04-30 00:00:00,557
Oversized Fit T-Shirt,2022-05-31 00:00:00,671
Oversized Fit T-Shirt,2022-06-30 00:00:00,752
Oversized Fit T-Shirt,2022-07-31 00:00:00,754
Oversized Fit T-Shirt,2022-08-31 00:00:00,803
Oversized Fit T-Shirt,2022-09-30 00:00:00,997
Oversized Fit T-Shirt,2022-10-31 00:00:00,816
Oversized Fit T-Shirt,2022-11-30 00:00:00,851
Oversized Fit T-Shirt,2022-12-31 00:00:00,924
Oversized Fit T-Shirt,2023-01-31 00:00:00,729
Oversized Fit T-Shirt,2023-02-28 00:00:00,598
Oversized Fit T-Shirt,2023-03-31 00:00:00,901
Oversized Fit T-Shirt,2023-04-30 00:00:00,1022
Oversized Fit T-Shirt,2023-05-31 00:00:00,800
Oversized Fit T-Shirt,2023-06-30 00:00:00,727
Oversized Fit T-Shirt,2023-07-31 00:00:00,920
Oversized Fit T-Shirt,2023-08-31 00:00:00,690
Oversized Fit T-Shirt,2023-09-30 00:00:00,715
Oversized Fit T-Shirt,2023-10-31 00:00:00,890
Oversized Fit T-Shirt,2023-11-30 00:00:00,944
Oversized Fit T-Shirt,2023-12-31 00:00:00,871
Oversized Fit T-Shirt,2024-01-31 00:00:00,831
Oversized Fit T-Shirt,2024-02-29 00:00:00,750
Oversized Fit T-Shirt,2024-03-31 00:00:00,887
Oversized Fit T-Shirt,2024-04-30 00:00:00,805
Oversized Fit T-Shirt,2024-05-31 00:00:00,736
Oversized Fit T-Shirt,2024-06-30 00:00:00,758
Oversized Fit T-Shirt,2024-07-31 00:00:00,847
Oversized Fit T-Shirt,2024-08-31 00:00:00,780
Oversized Fit T-Shirt,2024-09-30 00:00:00,825
Oversized Fit T-Shirt,2024-10-31 00:00:00,834
Oversized Fit T-Shirt,2024-11-30 00:00:00,815
Oversized Fit T-Shirt,2024-12-31 00:00:00,842
Oversized Fit T-Shirt,2025-01-31 00:00:00,848
Oversized Fit T-Shirt,2025-02-28 00:00:00,752
Oversized Fit T-Shirt,2025-03-31 00:00:00,906
Oversized Fit T-Shirt,2025-04-30 00:00:00,833
Oversized Fit T-Shirt,2025-05-31 00:00:00,760
Oversized Fit T-Shirt,2025-06-30 00:00:00,776
Oversized Fit T-Shirt,2025-07-31 00:00:00,877
Oversized Fit T-Shirt,2025-08-31 00:00:00,805
Oversized Fit T-Shirt,2025-09-30 00:00:00,842
Oversized Fit T-Shirt,2025-10-31 00:00:00,851
Oversized Fit T-Shirt,2025-11-30 00:00:00,840
Oversized Fit T-Shirt,2025-12-31 00:00:00,863
Oversized Fit T-Shirt,2026-01-31 00:00:00,873
Oversized Fit T-Shirt,2026-02-28 00:00:00,779
Oversized Fit T-Shirt,2026-03-31 00:00:00,921
Oversized Fit T-Shirt,2026-04-30 00:00:00,850
Oversized Fit T-Shirt,2026-05-31 00:00:00,785
Oversized Fit T-Shirt,2026-06-30 00:00:00,783
Oversized Fit T-Shirt,2026-07-31 00:00:00,887
Oversized Fit T-Shirt,2026-08-31 00:00:00,822
Oversized Fit T-Shirt,2026-09-30 00:00:00,861
Oversized Fit T-Shirt,2026-10-31 00:00:00,872
Oversized Fit T-Shirt,2026-11-30 00:00:00,861
Oversized Fit T-Shirt,2026-12-31 00:00:00,883
Oversized Fit T-Shirt,2027-01-31 00:00:00,895
Oversized Fit T-Shirt,2027-02-28 00:00:00,799
Oversized Fit T-Shirt,2027-03-31 00:00:00,938
Oversized Fit T-Shirt,2027-04-30 00:00:00,876
Oversized Fit T-Shirt,2027-05-31 00:00:00,803
Oversized Fit T-Shirt,2027-06-30 00:00:00,811
Oversized Fit T-Shirt,2027-07-31 00:00:00,909
Oversized Fit T-Shirt,2027-08-31 00:00:00,842
Oversized Fit T-Shirt,2027-09-30 00:00:00,876
Oversized Fit T-Shirt,2027-10-31 00:00:00,894
Oversized Fit T-Shirt,2027-11-30 00:00:00,874
Oversized Fit T-Shirt,2027-12-31 00:00:00,895
Oversized Fit T-Shirt,2028-01-31 00:00:00,910
Oversized Fit T-Shirt,2028-02-29 00:00:00,817
Oversized Fit T-Shirt,2028-03-31 00:00:00,962
Oversized Fit T-Shirt,2028-04-30 00:00:00,884
Oversized Fit T-Shirt,2028-05-31 00:00:00,824
Oversized Fit T-Shirt,2028-06-30 00:00:00,830
Oversized Fit T-Shirt,2028-07-31 00:00:00,927
Oversized Fit T-Shirt,2028-08-31 00:00:00,860
Oversized Fit T-Shirt,2028-09-30 00:00:00,904
Oversized Hoodie,2015-01-31 00:00:00,1029
Oversized Hoodie,2015-02-28 00:00:00,710
Oversized Hoodie,2015-03-31 00:00:00,811
Oversized Hoodie,2015-04-30 00:00:00,787
Oversized Hoodie,2015-05-31 00:00:00,846
Oversized Hoodie,2015-06-30 00:00:00,723
Oversized Hoodie,2015-07-31 00:00:00,798
Oversized Hoodie,2015-08-31 00:00:00,794
Oversized Hoodie,2015-09-30 00:00:00,826
Oversized Hoodie,2015-10-31 00:00:00,923
Oversized Hoodie,2015-11-30 00:00:00,759
Oversized Hoodie,2015-12-31 00:00:00,1003
Oversized Hoodie,2016-01-31 00:00:00,813
Oversized Hoodie,2016-02-29 00:00:00,765
Oversized Hoodie,2016-03-31 00:00:00,887
Oversized Hoodie,2016-04-30 00:00:00,693
Oversized Hoodie,2016-05-31 00:00:00,845
Oversized Hoodie,2016-06-30 00:00:00,832
Oversized Hoodie,2016-07-31 00:00:00,685
Oversized Hoodie,2016-08-31 00:00:00,1045
Oversized Hoodie,2016-09-30 00:00:00,766
Oversized Hoodie,2016-10-31 00:00:00,960
Oversized Hoodie,2016-11-30 00:00:00,822
Oversized Hoodie,2016-12-31 00:00:00,757
Oversized Hoodie,2017-01-31 00:00:00,851
Oversized Hoodie,2017-02-28 00:00:00,712
Oversized Hoodie,2017-03-31 00:00:00,781
Oversized Hoodie,2017-04-30 00:00:00,791
Oversized Hoodie,2017-05-31 00:00:00,801
Oversized Hoodie,2017-06-30 00:00:00,876
Oversized Hoodie,2017-07-31 00:00:00,786
Oversized Hoodie,2017-08-31 00:00:00,1022
Oversized Hoodie,2017-09-30 00:00:00,937
Oversized Hoodie,2017-10-31 00:00:00,788
Oversized Hoodie,2017-11-30 00:00:00,707
Oversized Hoodie,2017-12-31 00:00:00,847
Oversized Hoodie,2018-01-31 00:00:00,849
Oversized Hoodie,2018-02-28 00:00:00,876
Oversized Hoodie,2018-03-31 00:00:00,828
Oversized Hoodie,2018-04-30 00:00:00,788
Oversized Hoodie,2018-05-31 00:00:00,674
Oversized Hoodie,2018-06-30 00:00:00,550
Oversized Hoodie,2018-07-31 00:00:00,874
Oversized Hoodie,2018-08-31 00:00:00,501
Oversized Hoodie,2018-09-30 00:00:00,781
Oversized Hoodie,2018-10-31 00:00:00,837
Oversized Hoodie,2018-11-30 00:00:00,649
Oversized Hoodie,2018-12-31 00:00:00,609
Oversized Hoodie,2019-01-31 00:00:00,655
Oversized Hoodie,2019-02-28 00:00:00,612
Oversized Hoodie,2019-03-31 00:00:00,895
Oversized Hoodie,2019-04-30 00:00:00,763
Oversized Hoodie,2019-05-31 00:00:00,951
Oversized Hoodie,2019-06-30 00:00:00,706
Oversized Hoodie,2019-07-31 00:00:00,859
Oversized Hoodie,2019-08-31 00:00:00,880
Oversized Hoodie,2019-09-30 00:00:00,831
Oversized Hoodie,2019-10-31 00:00:00,807
Oversized Hoodie,2019-11-30 00:00:00,891
Oversized Hoodie,2019-12-31 00:00:00,994
Oversized Hoodie,2020-01-31 00:00:00,736
Oversized Hoodie,2020-02-29 00:00:00,650
Oversized Hoodie,2020-03-31 00:00:00,792
Oversized Hoodie,2020-04-30 00:00:00,949
Oversized Hoodie,2020-05-31 00:00:00,643
Oversized Hoodie,2020-06-30 00:00:00,691
Oversized Hoodie,2020-07-31 00:00:00,988
Oversized Hoodie,2020-08-31 00:00:00,778
Oversized Hoodie,2020-09-30 00:00:00,683
Oversized Hoodie,2020-10-31 00:00:00,750
Oversized Hoodie,2020-11-30 00:00:00,744
Oversized Hoodie,2020-12-31 00:00:00,727
Oversized Hoodie,2021-01-31 00:00:00,614
Oversized Hoodie,2021-02-28 00:00:00,646
Oversized Hoodie,2021-03-31 00:00:00,771
Oversized Hoodie,2021-04-30 00:00:00,708
Oversized Hoodie,2021-05-31 00:00:00,828
Oversized Hoodie,2021-06-30 00:00:00,931
Oversized Hoodie,2021-07-31 00:00:00,893
Oversized Hoodie,2021-08-31 00:00:00,699
Oversized Hoodie,2021-09-30 00:00:00,771
Oversized Hoodie,2021-10-31 00:00:00,714
Oversized Hoodie,2021-11-30 00:00:00,627
Oversized Hoodie,2021-12-31 00:00:00,934
Oversized Hoodie,2022-01-31 00:00:00,922
Oversized Hoodie,2022-02-28 00:00:00,389
Oversized Hoodie,2022-03-31 00:00:00,733
Oversized Hoodie,2022-04-30 00:00:00,758
Oversized Hoodie,2022-05-31 00:00:00,798
Oversized Hoodie,2022-06-30 00:00:00,902
Oversized Hoodie,2022-07-31 00:00:00,898
Oversized Hoodie,2022-08-31 00:00:00,802
Oversized Hoodie,2022-09-30 00:00:00,740
Oversized Hoodie,2022-10-31 00:00:00,816
Oversized Hoodie,2022-11-30 00:00:00,1030
Oversized Hoodie,2022-12-31 00:00:00,919
Oversized Hoodie,2023-01-31 00:00:00,853
Oversized Hoodie,2023-02-28 00:00:00,797
Oversized Hoodie,2023-03-31 00:00:00,1018
Oversized Hoodie,2023-04-30 00:00:00,671
Oversized Hoodie,2023-05-31 00:00:00,746
Oversized Hoodie,2023-06-30 00:00:00,784
Oversized Hoodie,2023-07-31 00:00:00,926
Oversized Hoodie,2023-08-31 00:00:00,830
Oversized Hoodie,2023-09-30 00:00:00,855
Oversized Hoodie,2023-10-31 00:00:00,847
Oversized Hoodie,2023-11-30 00:00:00,750
Oversized Hoodie,2023-12-31 00:00:00,776
Oversized Hoodie,2024-01-31 00:00:00,727
Oversized Hoodie,2024-02-29 00:00:00,580
Oversized Hoodie,2024-03-31 00:00:00,746
Oversized Hoodie,2024-04-30 00:00:00,713
Oversized Hoodie,2024-05-31 00:00:00,723
Oversized Hoodie,2024-06-30 00:00:00,736
Oversized Hoodie,2024-07-31 00:00:00,802
Oversized Hoodie,2024-08-31 00:00:00,729
Oversized Hoodie,2024-09-30 00:00:00,714
Oversized Hoodie,2024-10-31 00:00:00,738
Oversized Hoodie,2024-11-30 00:00:00,741
Oversized Hoodie,2024-12-31 00:00:00,783
Oversized Hoodie,2025-01-31 00:00:00,737
Oversized Hoodie,2025-02-28 00:00:00,612
Oversized Hoodie,2025-03-31 00:00:00,787
Oversized Hoodie,2025-04-30 00:00:00,688
Oversized Hoodie,2025-05-31 00:00:00,720
Oversized Hoodie,2025-06-30 00:00:00,743
Oversized Hoodie,2025-07-31 00:00:00,814
Oversized Hoodie,2025-08-31 00:00:00,736
Oversized Hoodie,2025-09-30 00:00:00,728
Oversized Hoodie,2025-10-31 00:00:00,746
Oversized Hoodie,2025-11-30 00:00:00,729
Oversized Hoodie,2025-12-31 00:00:00,772
Oversized Hoodie,2026-01-31 00:00:00,744
Oversized Hoodie,2026-02-28 00:00:00,604
Oversized Hoodie,2026-03-31 00:00:00,771
Oversized Hoodie,2026-04-30 00:00:00,699
Oversized Hoodie,2026-05-31 00:00:00,726
Oversized Hoodie,2026-06-30 00:00:00,738
Oversized Hoodie,2026-07-31 00:00:00,812
Oversized Hoodie,2026-08-31 00:00:00,739
Oversized Hoodie,2026-09-30 00:00:00,729
Oversized Hoodie,2026-10-31 00:00:00,749
Oversized Hoodie,2026-11-30 00:00:00,753
Oversized Hoodie,2026-12-31 00:00:00,788
Oversized Hoodie,2027-01-31 00:00:00,739
Oversized Hoodie,2027-02-28 00:00:00,608
Oversized Hoodie,2027-03-31 00:00:00,775
Oversized Hoodie,2027-04-30 00:00:00,696
Oversized Hoodie,2027-05-31 00:00:00,723
Oversized Hoodie,2027-06-30 00:00:00,737
Oversized Hoodie,2027-07-31 00:00:00,812
Oversized Hoodie,2027-08-31 00:00:00,736
Oversized Hoodie,2027-09-30 00:00:00,732
Oversized Hoodie,2027-10-31 00:00:00,747
Oversized Hoodie,2027-11-30 00:00:00,719
Oversized Hoodie,2027-12-31 00:00:00,774
Oversized Hoodie,2028-01-31 00:00:00,748
Oversized Hoodie,2028-02-29 00:00:00,616
Oversized Hoodie,2028-03-31 00:00:00,774
Oversized Hoodie,2028-04-30 00:00:00,701
Oversized Hoodie,2028-05-31 00:00:00,721
Oversized Hoodie,2028-06-30 00:00:00,735
Oversized Hoodie,2028-07-31 00:00:00,813
Oversized Hoodie,2028-08-31 00:00:00,739
Oversized Hoodie,2028-09-30 00:00:00,731
Oxford Shirts,2015-01-31 00:00:00,1034
Oxford Shirts,2015-02-28 00:00:00,1004
Oxford Shirts,2015-03-31 00:00:00,653
Oxford Shirts,2015-04-30 00:00:00,739
Oxford Shirts,2015-05-31 00:00:00,736
Oxford Shirts,2015-06-30 00:00:00,831
Oxford Shirts,2015-07-31 00:00:00,558
Oxford Shirts,2015-08-31 00:00:00,854
Oxford Shirts,2015-09-30 00:00:00,956
Oxford Shirts,2015-10-31 00:00:00,643
Oxford Shirts,2015-11-30 00:00:00,691
Oxford Shirts,2015-12-31 00:00:00,821
Oxford Shirts,2016-01-31 00:00:00,839
Oxford Shirts,2016-02-29 00:00:00,745
Oxford Shirts,2016-03-31 00:00:00,745
Oxford Shirts,2016-04-30 00:00:00,920
Oxford Shirts,2016-05-31 00:00:00,898
Oxford Shirts,2016-06-30 00:00:00,702
Oxford Shirts,2016-07-31 00:00:00,884
Oxford Shirts,2016-08-31 00:00:00,938
Oxford Shirts,2016-09-30 00:00:00,686
Oxford Shirts,2016-10-31 00:00:00,852
Oxford Shirts,2016-11-30 00:00:00,901
Oxford Shirts,2016-12-31 00:00:00,735
Oxford Shirts,2017-01-31 00:00:00,609
Oxford Shirts,2017-02-28 00:00:00,692
Oxford Shirts,2017-03-31 00:00:00,912
Oxford Shirts,2017-04-30 00:00:00,839
Oxford Shirts,2017-05-31 00:00:00,1002
Oxford Shirts,2017-06-30 00:00:00,707
Oxford Shirts,2017-07-31 00:00:00,818
Oxford Shirts,2017-08-31 00:00:00,974
Oxford Shirts,2017-09-30 00:00:00,699
Oxford Shirts,2017-10-31 00:00:00,777
Oxford Shirts,2017-11-30 00:00:00,747
Oxford Shirts,2017-12-31 00:00:00,781
Oxford Shirts,2018-01-31 00:00:00,756
Oxford Shirts,2018-02-28 00:00:00,593
Oxford Shirts,2018-03-31 00:00:00,713
Oxford Shirts,2018-04-30 00:00:00,874
Oxford Shirts,2018-05-31 00:00:00,775
Oxford Shirts,2018-06-30 00:00:00,911
Oxford Shirts,2018-07-31 00:00:00,863
Oxford Shirts,2018-08-31 00:00:00,1049
Oxford Shirts,2018-09-30 00:00:00,920
Oxford Shirts,2018-10-31 00:00:00,954
Oxford Shirts,2018-11-30 00:00:00,901
Oxford Shirts,2018-12-31 00:00:00,609
Oxford Shirts,2019-01-31 00:00:00,921
Oxford Shirts,2019-02-28 00:00:00,649
Oxford Shirts,2019-03-31 00:00:00,834
Oxford Shirts,2019-04-30 00:00:00,819
Oxford Shirts,2019-05-31 00:00:00,757
Oxford Shirts,2019-06-30 00:00:00,810
Oxford Shirts,2019-07-31 00:00:00,784
Oxford Shirts,2019-08-31 00:00:00,821
Oxford Shirts,2019-09-30 00:00:00,771
Oxford Shirts,2019-10-31 00:00:00,836
Oxford Shirts,2019-11-30 00:00:00,961
Oxford Shirts,2019-12-31 00:00:00,764
Oxford Shirts,2020-01-31 00:00:00,787
Oxford Shirts,2020-02-29 00:00:00,951
Oxford Shirts,2020-03-31 00:00:00,793
Oxford Shirts,2020-04-30 00:00:00,942
Oxford Shirts,2020-05-31 00:00:00,965
Oxford Shirts,2020-06-30 00:00:00,666
Oxford Shirts,2020-07-31 00:00:00,995
Oxford Shirts,2020-08-31 00:00:00,733
Oxford Shirts,2020-09-30 00:00:00,638
Oxford Shirts,2020-10-31 00:00:00,715
Oxford Shirts,2020-11-30 00:00:00,753
Oxford Shirts,2020-12-31 00:00:00,864
Oxford Shirts,2021-01-31 00:00:00,712
Oxford Shirts,2021-02-28 00:00:00,739
Oxford Shirts,2021-03-31 00:00:00,695
Oxford Shirts,2021-04-30 00:00:00,816
Oxford Shirts,2021-05-31 00:00:00,578
Oxford Shirts,2021-06-30 00:00:00,690
Oxford Shirts,2021-07-31 00:00:00,772
Oxford Shirts,2021-08-31 00:00:00,780
Oxford Shirts,2021-09-30 00:00:00,689
Oxford Shirts,2021-10-31 00:00:00,751
Oxford Shirts,2021-11-30 00:00:00,868
Oxford Shirts,2021-12-31 00:00:00,731
Oxford Shirts,2022-01-31 00:00:00,750
Oxford Shirts,2022-02-28 00:00:00,635
Oxford Shirts,2022-03-31 00:00:00,736
Oxford Shirts,2022-04-30 00:00:00,793
Oxford Shirts,2022-05-31 00:00:00,737
Oxford Shirts,2022-06-30 00:00:00,547
Oxford Shirts,2022-07-31 00:00:00,787
Oxford Shirts,2022-08-31 00:00:00,1063
Oxford Shirts,2022-09-30 00:00:00,992
Oxford Shirts,2022-10-31 00:00:00,809
Oxford Shirts,2022-11-30 00:00:00,702
Oxford Shirts,2022-12-31 00:00:00,1028
Oxford Shirts,2023-01-31 00:00:00,986
Oxford Shirts,2023-02-28 00:00:00,811
Oxford Shirts,2023-03-31 00:00:00,884
Oxford Shirts,2023-04-30 00:00:00,725
Oxford Shirts,2023-05-31 00:00:00,780
Oxford Shirts,2023-06-30 00:00:00,751
Oxford Shirts,2023-07-31 00:00:00,910
Oxford Shirts,2023-08-31 00:00:00,888
Oxford Shirts,2023-09-30 00:00:00,876
Oxford Shirts,2023-10-31 00:00:00,883
Oxford Shirts,2023-11-30 00:00:00,1146
Oxford Shirts,2023-12-31 00:00:00,846
Oxford Shirts,2024-01-31 00:00:00,813
Oxford Shirts,2024-02-29 00:00:00,855
Oxford Shirts,2024-03-31 00:00:00,842
Oxford Shirts,2024-04-30 00:00:00,907
Oxford Shirts,2024-05-31 00:00:00,830
Oxford Shirts,2024-06-30 00:00:00,816
Oxford Shirts,2024-07-31 00:00:00,894
Oxford Shirts,2024-08-31 00:00:00,914
Oxford Shirts,2024-09-30 00:00:00,820
Oxford Shirts,2024-10-31 00:00:00,844
Oxford Shirts,2024-11-30 00:00:00,906
Oxford Shirts,2024-12-31 00:00:00,811
Oxford Shirts,2025-01-31 00:00:00,835
Oxford Shirts,2025-02-28 00:00:00,802
Oxford Shirts,2025-03-31 00:00:00,817
Oxford Shirts,2025-04-30 00:00:00,892
Oxford Shirts,2025-05-31 00:00:00,849
Oxford Shirts,2025-06-30 00:00:00,795
Oxford Shirts,2025-07-31 00:00:00,878
Oxford Shirts,2025-08-31 00:00:00,940
Oxford Shirts,2025-09-30 00:00:00,854
Oxford Shirts,2025-10-31 00:00:00,847
Oxford Shirts,2025-11-30 00:00:00,872
Oxford Shirts,2025-12-31 00:00:00,847
Oxford Shirts,2026-01-31 00:00:00,870
Oxford Shirts,2026-02-28 00:00:00,807
Oxford Shirts,2026-03-31 00:00:00,836
Oxford Shirts,2026-04-30 00:00:00,872
Oxford Shirts,2026-05-31 00:00:00,850
Oxford Shirts,2026-06-30 00:00:00,788
Oxford Shirts,2026-07-31 00:00:00,874
Oxford Shirts,2026-08-31 00:00:00,937
Oxford Shirts,2026-09-30 00:00:00,856
Oxford Shirts,2026-10-31 00:00:00,859
Oxford Shirts,2026-11-30 00:00:00,904
Oxford Shirts,2026-12-31 00:00:00,853
Oxford Shirts,2027-01-31 00:00:00,869
Oxford Shirts,2027-02-28 00:00:00,823
Oxford Shirts,2027-03-31 00:00:00,844
Oxford Shirts,2027-04-30 00:00:00,891
Oxford Shirts,2027-05-31 00:00:00,848
Oxford Shirts,2027-06-30 00:00:00,780
Oxford Shirts,2027-07-31 00:00:00,878
Oxford Shirts,2027-08-31 00:00:00,939
Oxford Shirts,2027-09-30 00:00:00,855
Oxford Shirts,2027-10-31 00:00:00,851
Oxford Shirts,2027-11-30 00:00:00,907
Oxford Shirts,2027-12-31 00:00:00,851
Oxford Shirts,2028-01-31 00:00:00,870
Oxford Shirts,2028-02-29 00:00:00,824
Oxford Shirts,2028-03-31 00:00:00,850
Oxford Shirts,2028-04-30 00:00:00,897
Oxford Shirts,2028-05-31 00:00:00,859
Oxford Shirts,2028-06-30 00:00:00,800
Oxford Shirts,2028-07-31 00:00:00,886
Oxford Shirts,2028-08-31 00:00:00,947
Oxford Shirts,2028-09-30 00:00:00,867
Posters,2015-01-31 00:00:00,666
Posters,2015-02-28 00:00:00,638
Posters,2015-03-31 00:00:00,786
Posters,2015-04-30 00:00:00,756
Posters,2015-05-31 00:00:00,680
Posters,2015-06-30 00:00:00,839
Posters,2015-07-31 00:00:00,929
Posters,2015-08-31 00:00:00,988
Posters,2015-09-30 00:00:00,635
Posters,2015-10-31 00:00:00,835
Posters,2015-11-30 00:00:00,703
Posters,2015-12-31 00:00:00,908
Posters,2016-01-31 00:00:00,680
Posters,2016-02-29 00:00:00,727
Posters,2016-03-31 00:00:00,880
Posters,2016-04-30 00:00:00,697
Posters,2016-05-31 00:00:00,736
Posters,2016-06-30 00:00:00,726
Posters,2016-07-31 00:00:00,824
Posters,2016-08-31 00:00:00,900
Posters,2016-09-30 00:00:00,782
Posters,2016-10-31 00:00:00,711
Posters,2016-11-30 00:00:00,888
Posters,2016-12-31 00:00:00,705
Posters,2017-01-31 00:00:00,822
Posters,2017-02-28 00:00:00,868
Posters,2017-03-31 00:00:00,1028
Posters,2017-04-30 00:00:00,521
Posters,2017-05-31 00:00:00,703
Posters,2017-06-30 00:00:00,875
Posters,2017-07-31 00:00:00,847
Posters,2017-08-31 00:00:00,882
Posters,2017-09-30 00:00:00,665
Posters,2017-10-31 00:00:00,844
Posters,2017-11-30 00:00:00,877
Posters,2017-12-31 00:00:00,741
Posters,2018-01-31 00:00:00,995
Posters,2018-02-28 00:00:00,753
Posters,2018-03-31 00:00:00,807
Posters,2018-04-30 00:00:00,454
Posters,2018-05-31 00:00:00,854
Posters,2018-06-30 00:00:00,934
Posters,2018-07-31 00:00:00,995
Posters,2018-08-31 00:00:00,811
Posters,2018-09-30 00:00:00,800
Posters,2018-10-31 00:00:00,698
Posters,2018-11-30 00:00:00,896
Posters,2018-12-31 00:00:00,728
Posters,2019-01-31 00:00:00,860
Posters,2019-02-28 00:00:00,863
Posters,2019-03-31 00:00:00,666
Posters,2019-04-30 00:00:00,735
Posters,2019-05-31 00:00:00,861
Posters,2019-06-30 00:00:00,983
Posters,2019-07-31 00:00:00,828
Posters,2019-08-31 00:00:00,937
Posters,2019-09-30 00:00:00,789
Posters,2019-10-31 00:00:00,621
Posters,2019-11-30 00:00:00,704
Posters,2019-12-31 00:00:00,846
Posters,2020-01-31 00:00:00,873
Posters,2020-02-29 00:00:00,573
Posters,2020-03-31 00:00:00,746
Posters,2020-04-30 00:00:00,1076
Posters,2020-05-31 00:00:00,835
Posters,2020-06-30 00:00:00,728
Posters,2020-07-31 00:00:00,680
Posters,2020-08-31 00:00:00,993
Posters,2020-09-30 00:00:00,770
Posters,2020-10-31 00:00:00,820
Posters,2020-11-30 00:00:00,793
Posters,2020-12-31 00:00:00,955
Posters,2021-01-31 00:00:00,705
Posters,2021-02-28 00:00:00,825
Posters,2021-03-31 00:00:00,702
Posters,2021-04-30 00:00:00,821
Posters,2021-05-31 00:00:00,580
Posters,2021-06-30 00:00:00,738
Posters,2021-07-31 00:00:00,512
Posters,2021-08-31 00:00:00,983
Posters,2021-09-30 00:00:00,794
Posters,2021-10-31 00:00:00,918
Posters,2021-11-30 00:00:00,551
Posters,2021-12-31 00:00:00,766
Posters,2022-01-31 00:00:00,757
Posters,2022-02-28 00:00:00,814
Posters,2022-03-31 00:00:00,1018
Posters,2022-04-30 00:00:00,684
Posters,2022-05-31 00:00:00,831
Posters,2022-06-30 00:00:00,983
Posters,2022-07-31 00:00:00,924
Posters,2022-08-31 00:00:00,730
Posters,2022-09-30 00:00:00,918
Posters,2022-10-31 00:00:00,861
Posters,2022-11-30 00:00:00,824
Posters,2022-12-31 00:00:00,570
Posters,2023-01-31 00:00:00,864
Posters,2023-02-28 00:00:00,761
Posters,2023-03-31 00:00:00,912
Posters,2023-04-30 00:00:00,668
Posters,2023-05-31 00:00:00,616
Posters,2023-06-30 00:00:00,644
Posters,2023-07-31 00:00:00,1031
Posters,2023-08-31 00:00:00,894
Posters,2023-09-30 00:00:00,738
Posters,2023-10-31 00:00:00,795
Posters,2023-11-30 00:00:00,795
Posters,2023-12-31 00:00:00,800
Posters,2024-01-31 00:00:00,676
Posters,2024-02-29 00:00:00,665
Posters,2024-03-31 00:00:00,784
Posters,2024-04-30 00:00:00,688
Posters,2024-05-31 00:00:00,572
Posters,2024-06-30 00:00:00,653
Posters,2024-07-31 00:00:00,785
Posters,2024-08-31 00:00:00,821
Posters,2024-09-30 00:00:00,695
Posters,2024-10-31 00:00:00,741
Posters,2024-11-30 00:00:00,663
Posters,2024-12-31 00:00:00,685
Posters,2025-01-31 00:00:00,666
Posters,2025-02-28 00:00:00,674
Posters,2025-03-31 00:00:00,833
Posters,2025-04-30 00:00:00,671
Posters,2025-05-31 00:00:00,597
Posters,2025-06-30 00:00:00,692
Posters,2025-07-31 00:00:00,821
Posters,2025-08-31 00:00:00,782
Posters,2025-09-30 00:00:00,730
Posters,2025-10-31 00:00:00,753
Posters,2025-11-30 00:00:00,694
Posters,2025-12-31 00:00:00,652
Posters,2026-01-31 00:00:00,708
Posters,2026-02-28 00:00:00,688
Posters,2026-03-31 00:00:00,818
Posters,2026-04-30 00:00:00,651
Posters,2026-05-31 00:00:00,576
Posters,2026-06-30 00:00:00,650
Posters,2026-07-31 00:00:00,838
Posters,2026-08-31 00:00:00,800
Posters,2026-09-30 00:00:00,704
Posters,2026-10-31 00:00:00,733
Posters,2026-11-30 00:00:00,686
Posters,2026-12-31 00:00:00,678
Posters,2027-01-31 00:00:00,703
Posters,2027-02-28 00:00:00,692
Posters,2027-03-31 00:00:00,821
Posters,2027-04-30 00:00:00,662
Posters,2027-05-31 00:00:00,595
Posters,2027-06-30 00:00:00,657
Posters,2027-07-31 00:00:00,824
Posters,2027-08-31 00:00:00,799
Posters,2027-09-30 00:00:00,718
Posters,2027-10-31 00:00:00,747
Posters,2027-11-30 00:00:00,684
Posters,2027-12-31 00:00:00,672
Posters,2028-01-31 00:00:00,707
Posters,2028-02-29 00:00:00,692
Posters,2028-03-31 00:00:00,823
Posters,2028-04-30 00:00:00,651
Posters,2028-05-31 00:00:00,592
Posters,2028-06-30 00:00:00,673
Posters,2028-07-31 00:00:00,833
Posters,2028-08-31 00:00:00,794
Posters,2028-09-30 00:00:00,714
Puffer Jacket,2015-01-31 00:00:00,706
Puffer Jacket,2015-02-28 00:00:00,827
Puffer Jacket,2015-03-31 00:00:00,786
Puffer Jacket,2015-04-30 00:00:00,880
Puffer Jacket,2015-05-31 00:00:00,909
Puffer Jacket,2015-06-30 00:00:00,724
Puffer Jacket,2015-07-31 00:00:00,831
Puffer Jacket,2015-08-31 00:00:00,937
Puffer Jacket,2015-09-30 00:00:00,979
Puffer Jacket,2015-10-31 00:00:00,660
Puffer Jacket,2015-11-30 00:00:00,808
Puffer Jacket,2015-12-31 00:00:00,917
Puffer Jacket,2016-01-31 00:00:00,798
Puffer Jacket,2016-02-29 00:00:00,976
Puffer Jacket,2016-03-31 00:00:00,893
Puffer Jacket,2016-04-30 00:00:00,837
Puffer Jacket,2016-05-31 00:00:00,903
Puffer Jacket,2016-06-30 00:00:00,853
Puffer Jacket,2016-07-31 00:00:00,664
Puffer Jacket,2016-08-31 00:00:00,892
Puffer Jacket,2016-09-30 00:00:00,981
Puffer Jacket,2016-10-31 00:00:00,571
Puffer Jacket,2016-11-30 00:00:00,924
Puffer Jacket,2016-12-31 00:00:00,770
Puffer Jacket,2017-01-31 00:00:00,950
Puffer Jacket,2017-02-28 00:00:00,875
Puffer Jacket,2017-03-31 00:00:00,929
Puffer Jacket,2017-04-30 00:00:00,860
Puffer Jacket,2017-05-31 00:00:00,800
Puffer Jacket,2017-06-30 00:00:00,798
Puffer Jacket,2017-07-31 00:00:00,853
Puffer Jacket,2017-08-31 00:00:00,775
Puffer Jacket,2017-09-30 00:00:00,863
Puffer Jacket,2017-10-31 00:00:00,861
Puffer Jacket,2017-11-30 00:00:00,791
Puffer Jacket,2017-12-31 00:00:00,902
Puffer Jacket,2018-01-31 00:00:00,775
Puffer Jacket,2018-02-28 00:00:00,766
Puffer Jacket,2018-03-31 00:00:00,837
Puffer Jacket,2018-04-30 00:00:00,840
Puffer Jacket,2018-05-31 00:00:00,944
Puffer Jacket,2018-06-30 00:00:00,797
Puffer Jacket,2018-07-31 00:00:00,702
Puffer Jacket,2018-08-31 00:00:00,812
Puffer Jacket,2018-09-30 00:00:00,855
Puffer Jacket,2018-10-31 00:00:00,815
Puffer Jacket,2018-11-30 00:00:00,953
Puffer Jacket,2018-12-31 00:00:00,899
Puffer Jacket,2019-01-31 00:00:00,613
Puffer Jacket,2019-02-28 00:00:00,766
Puffer Jacket,2019-03-31 00:00:00,844
Puffer Jacket,2019-04-30 00:00:00,672
Puffer Jacket,2019-05-31 00:00:00,903
Puffer Jacket,2019-06-30 00:00:00,567
Puffer Jacket,2019-07-31 00:00:00,768
Puffer Jacket,2019-08-31 00:00:00,745
Puffer Jacket,2019-09-30 00:00:00,966
Puffer Jacket,2019-10-31 00:00:00,1047
Puffer Jacket,2019-11-30 00:00:00,996
Puffer Jacket,2019-12-31 00:00:00,841
Puffer Jacket,2020-01-31 00:00:00,782
Puffer Jacket,2020-02-29 00:00:00,910
Puffer Jacket,2020-03-31 00:00:00,960
Puffer Jacket,2020-04-30 00:00:00,794
Puffer Jacket,2020-05-31 00:00:00,672
Puffer Jacket,2020-06-30 00:00:00,859
Puffer Jacket,2020-07-31 00:00:00,900
Puffer Jacket,2020-08-31 00:00:00,750
Puffer Jacket,2020-09-30 00:00:00,1073
Puffer Jacket,2020-10-31 00:00:00,934
Puffer Jacket,2020-11-30 00:00:00,814
Puffer Jacket,2020-12-31 00:00:00,896
Puffer Jacket,2021-01-31 00:00:00,664
Puffer Jacket,2021-02-28 00:00:00,584
Puffer Jacket,2021-03-31 00:00:00,676
Puffer Jacket,2021-04-30 00:00:00,661
Puffer Jacket,2021-05-31 00:00:00,882
Puffer Jacket,2021-06-30 00:00:00,795
Puffer Jacket,2021-07-31 00:00:00,960
Puffer Jacket,2021-08-31 00:00:00,1129
Puffer Jacket,2021-09-30 00:00:00,742
Puffer Jacket,2021-10-31 00:00:00,688
Puffer Jacket,2021-11-30 00:00:00,773
Puffer Jacket,2021-12-31 00:00:00,946
Puffer Jacket,2022-01-31 00:00:00,979
Puffer Jacket,2022-02-28 00:00:00,612
Puffer Jacket,2022-03-31 00:00:00,938
Puffer Jacket,2022-04-30 00:00:00,778
Puffer Jacket,2022-05-31 00:00:00,820
Puffer Jacket,2022-06-30 00:00:00,743
Puffer Jacket,2022-07-31 00:00:00,694
Puffer Jacket,2022-08-31 00:00:00,800
Puffer Jacket,2022-09-30 00:00:00,805
Puffer Jacket,2022-10-31 00:00:00,839
Puffer Jacket,2022-11-30 00:00:00,507
Puffer Jacket,2022-12-31 00:00:00,775
Puffer Jacket,2023-01-31 00:00:00,976
Puffer Jacket,2023-02-28 00:00:00,598
Puffer Jacket,2023-03-31 00:00:00,905
Puffer Jacket,2023-04-30 00:00:00,1025
Puffer Jacket,2023-05-31 00:00:00,853
Puffer Jacket,2023-06-30 00:00:00,672
Puffer Jacket,2023-07-31 00:00:00,889
Puffer Jacket,2023-08-31 00:00:00,652
Puffer Jacket,2023-09-30 00:00:00,643
Puffer Jacket,2023-10-31 00:00:00,926
Puffer Jacket,2023-11-30 00:00:00,844
Puffer Jacket,2023-12-31 00:00:00,754
Puffer Jacket,2024-01-31 00:00:00,789
Puffer Jacket,2024-02-29 00:00:00,661
Puffer Jacket,2024-03-31 00:00:00,757
Puffer Jacket,2024-04-30 00:00:00,753
Puffer Jacket,2024-05-31 00:00:00,765
Puffer Jacket,2024-06-30 00:00:00,656
Puffer Jacket,2024-07-31 00:00:00,735
Puffer Jacket,2024-08-31 00:00:00,721
Puffer Jacket,2024-09-30 00:00:00,739
Puffer Jacket,2024-10-31 00:00:00,762
Puffer Jacket,2024-11-30 00:00:00,698
Puffer Jacket,2024-12-31 00:00:00,744
Puffer Jacket,2025-01-31 00:00:00,753
Puffer Jacket,2025-02-28 00:00:00,634
Puffer Jacket,2025-03-31 00:00:00,771
Puffer Jacket,2025-04-30 00:00:00,744
Puffer Jacket,2025-05-31 00:00:00,759
Puffer Jacket,2025-06-30 00:00:00,657
Puffer Jacket,2025-07-31 00:00:00,731
Puffer Jacket,2025-08-31 00:00:00,721
Puffer Jacket,2025-09-30 00:00:00,736
Puffer Jacket,2025-10-31 00:00:00,754
Puffer Jacket,2025-11-30 00:00:00,709
Puffer Jacket,2025-12-31 00:00:00,751
Puffer Jacket,2026-01-31 00:00:00,764
Puffer Jacket,2026-02-28 00:00:00,637
Puffer Jacket,2026-03-31 00:00:00,772
Puffer Jacket,2026-04-30 00:00:00,748
Puffer Jacket,2026-05-31 00:00:00,756
Puffer Jacket,2026-06-30 00:00:00,662
Puffer Jacket,2026-07-31 00:00:00,754
Puffer Jacket,2026-08-31 00:00:00,732
Puffer Jacket,2026-09-30 00:00:00,736
Puffer Jacket,2026-10-31 00:00:00,754
Puffer Jacket,2026-11-30 00:00:00,704
Puffer Jacket,2026-12-31 00:00:00,744
Puffer Jacket,2027-01-31 00:00:00,756
Puffer Jacket,2027-02-28 00:00:00,643
Puffer Jacket,2027-03-31 00:00:00,776
Puffer Jacket,2027-04-30 00:00:00,754
Puffer Jacket,2027-05-31 00:00:00,768
Puffer Jacket,2027-06-30 00:00:00,670
Puffer Jacket,2027-07-31 00:00:00,742
Puffer Jacket,2027-08-31 00:00:00,737
Puffer Jacket,2027-09-30 00:00:00,747
Puffer Jacket,2027-10-31 00:00:00,762
Puffer Jacket,2027-11-30 00:00:00,726
Puffer Jacket,2027-12-31 00:00:00,750
Puffer Jacket,2028-01-31 00:00:00,758
Puffer Jacket,2028-02-29 00:00:00,636
Puffer Jacket,2028-03-31 00:00:00,773
Puffer Jacket,2028-04-30 00:00:00,743
Puffer Jacket,2028-05-31 00:00:00,767
Puffer Jacket,2028-06-30 00:00:00,672
Puffer Jacket,2028-07-31 00:00:00,746
Puffer Jacket,2028-08-31 00:00:00,726
Puffer Jacket,2028-09-30 00:00:00,745
Quilted Jacket,2015-01-31 00:00:00,746
Quilted Jacket,2015-02-28 00:00:00,719
Quilted Jacket,2015-03-31 00:00:00,885
Quilted Jacket,2015-04-30 00:00:00,901
Quilted Jacket,2015-05-31 00:00:00,799
Quilted Jacket,2015-06-30 00:00:00,697
Quilted Jacket,2015-07-31 00:00:00,908
Quilted Jacket,2015-08-31 00:00:00,670
Quilted Jacket,2015-09-30 00:00:00,992
Quilted Jacket,2015-10-31 00:00:00,775
Quilted Jacket,2015-11-30 00:00:00,716
Quilted Jacket,2015-12-31 00:00:00,596
Quilted Jacket,2016-01-31 00:00:00,757
Quilted Jacket,2016-02-29 00:00:00,835
Quilted Jacket,2016-03-31 00:00:00,975
Quilted Jacket,2016-04-30 00:00:00,741
Quilted Jacket,2016-05-31 00:00:00,679
Quilted Jacket,2016-06-30 00:00:00,750
Quilted Jacket,2016-07-31 00:00:00,947
Quilted Jacket,2016-08-31 00:00:00,896
Quilted Jacket,2016-09-30 00:00:00,729
Quilted Jacket,2016-10-31 00:00:00,954
Quilted Jacket,2016-11-30 00:00:00,527
Quilted Jacket,2016-12-31 00:00:00,1054
Quilted Jacket,2017-01-31 00:00:00,968
Quilted Jacket,2017-02-28 00:00:00,583
Quilted Jacket,2017-03-31 00:00:00,1174
Quilted Jacket,2017-04-30 00:00:00,622
Quilted Jacket,2017-05-31 00:00:00,890
Quilted Jacket,2017-06-30 00:00:00,804
Quilted Jacket,2017-07-31 00:00:00,756
Quilted Jacket,2017-08-31 00:00:00,886
Quilted Jacket,2017-09-30 00:00:00,913
Quilted Jacket,2017-10-31 00:00:00,977
Quilted Jacket,2017-11-30 00:00:00,565
Quilted Jacket,2017-12-31 00:00:00,896
Quilted Jacket,2018-01-31 00:00:00,858
Quilted Jacket,2018-02-28 00:00:00,746
Quilted Jacket,2018-03-31 00:00:00,818
Quilted Jacket,2018-04-30 00:00:00,682
Quilted Jacket,2018-05-31 00:00:00,778
Quilted Jacket,2018-06-30 00:00:00,686
Quilted Jacket,2018-07-31 00:00:00,655
Quilted Jacket,2018-08-31 00:00:00,598
Quilted Jacket,2018-09-30 00:00:00,735
Quilted Jacket,2018-10-31 00:00:00,894
Quilted Jacket,2018-11-30 00:00:00,875
Quilted Jacket,2018-12-31 00:00:00,793
Quilted Jacket,2019-01-31 00:00:00,749
Quilted Jacket,2019-02-28 00:00:00,524
Quilted Jacket,2019-03-31 00:00:00,737
Quilted Jacket,2019-04-30 00:00:00,822
Quilted Jacket,2019-05-31 00:00:00,761
Quilted Jacket,2019-06-30 00:00:00,734
Quilted Jacket,2019-07-31 00:00:00,991
Quilted Jacket,2019-08-31 00:00:00,707
Quilted Jacket,2019-09-30 00:00:00,712
Quilted Jacket,2019-10-31 00:00:00,750
Quilted Jacket,2019-11-30 00:00:00,851
Quilted Jacket,2019-12-31 00:00:00,951
Quilted Jacket,2020-01-31 00:00:00,742
Quilted Jacket,2020-02-29 00:00:00,739
Quilted Jacket,2020-03-31 00:00:00,1062
Quilted Jacket,2020-04-30 00:00:00,801
Quilted Jacket,2020-05-31 00:00:00,989
Quilted Jacket,2020-06-30 00:00:00,743
Quilted Jacket,2020-07-31 00:00:00,741
Quilted Jacket,2020-08-31 00:00:00,853
Quilted Jacket,2020-09-30 00:00:00,773
Quilted Jacket,2020-10-31 00:00:00,934
Quilted Jacket,2020-11-30 00:00:00,647
Quilted Jacket,2020-12-31 00:00:00,878
Quilted Jacket,2021-01-31 00:00:00,1102
Quilted Jacket,2021-02-28 00:00:00,743
Quilted Jacket,2021-03-31 00:00:00,752
Quilted Jacket,2021-04-30 00:00:00,681
Quilted Jacket,2021-05-31 00:00:00,693
Quilted Jacket,2021-06-30 00:00:00,792
Quilted Jacket,2021-07-31 00:00:00,938
Quilted Jacket,2021-08-31 00:00:00,882
Quilted Jacket,2021-09-30 00:00:00,643
Quilted Jacket,2021-10-31 00:00:00,940
Quilted Jacket,2021-11-30 00:00:00,948
Quilted Jacket,2021-12-31 00:00:00,928
Quilted Jacket,2022-01-31 00:00:00,752
Quilted Jacket,2022-02-28 00:00:00,808
Quilted Jacket,2022-03-31 00:00:00,778
Quilted Jacket,2022-04-30 00:00:00,801
Quilted Jacket,2022-05-31 00:00:00,842
Quilted Jacket,2022-06-30 00:00:00,791
Quilted Jacket,2022-07-31 00:00:00,908
Quilted Jacket,2022-08-31 00:00:00,801
Quilted Jacket,2022-09-30 00:00:00,935
Quilted Jacket,2022-10-31 00:00:00,860
Quilted Jacket,2022-11-30 00:00:00,668
Quilted Jacket,2022-12-31 00:00:00,1020
Quilted Jacket,2023-01-31 00:00:00,752
Quilted Jacket,2023-02-28 00:00:00,554
Quilted Jacket,2023-03-31 00:00:00,891
Quilted Jacket,2023-04-30 00:00:00,964
Quilted Jacket,2023-05-31 00:00:00,741
Quilted Jacket,2023-06-30 00:00:00,727
Quilted Jacket,2023-07-31 00:00:00,963
Quilted Jacket,2023-08-31 00:00:00,757
Quilted Jacket,2023-09-30 00:00:00,768
Quilted Jacket,2023-10-31 00:00:00,926
Quilted Jacket,2023-11-30 00:00:00,626
Quilted Jacket,2023-12-31 00:00:00,928
Quilted Jacket,2024-01-31 00:00:00,851
Quilted Jacket,2024-02-29 00:00:00,629
Quilted Jacket,2024-03-31 00:00:00,821
Quilted Jacket,2024-04-30 00:00:00,636
Quilted Jacket,2024-05-31 00:00:00,729
Quilted Jacket,2024-06-30 00:00:00,715
Quilted Jacket,2024-07-31 00:00:00,762
Quilted Jacket,2024-08-31 00:00:00,731
Quilted Jacket,2024-09-30 00:00:00,668
Quilted Jacket,2024-10-31 00:00:00,819
Quilted Jacket,2024-11-30 00:00:00,739
Quilted Jacket,2024-12-31 00:00:00,810
Quilted Jacket,2025-01-31 00:00:00,771
Quilted Jacket,2025-02-28 00:00:00,682
Quilted Jacket,2025-03-31 00:00:00,784
Quilted Jacket,2025-04-30 00:00:00,691
Quilted Jacket,2025-05-31 00:00:00,746
Quilted Jacket,2025-06-30 00:00:00,700
Quilted Jacket,2025-07-31 00:00:00,787
Quilted Jacket,2025-08-31 00:00:00,734
Quilted Jacket,2025-09-30 00:00:00,737
Quilted Jacket,2025-10-31 00:00:00,805
Quilted Jacket,2025-11-30 00:00:00,690
Quilted Jacket,2025-12-31 00:00:00,861
Quilted Jacket,2026-01-31 00:00:00,749
Quilted Jacket,2026-02-28 00:00:00,609
Quilted Jacket,2026-03-31 00:00:00,784
Quilted Jacket,2026-04-30 00:00:00,752
Quilted Jacket,2026-05-31 00:00:00,723
Quilted Jacket,2026-06-30 00:00:00,689
Quilted Jacket,2026-07-31 00:00:00,820
Quilted Jacket,2026-08-31 00:00:00,714
Quilted Jacket,2026-09-30 00:00:00,727
Quilted Jacket,2026-10-31 00:00:00,829
Quilted Jacket,2026-11-30 00:00:00,644
Quilted Jacket,2026-12-31 00:00:00,849
Quilted Jacket,2027-01-31 00:00:00,790
Quilted Jacket,2027-02-28 00:00:00,621
Quilted Jacket,2027-03-31 00:00:00,804
Quilted Jacket,2027-04-30 00:00:00,715
Quilted Jacket,2027-05-31 00:00:00,727
Quilted Jacket,2027-06-30 00:00:00,699
Quilted Jacket,2027-07-31 00:00:00,806
Quilted Jacket,2027-08-31 00:00:00,731
Quilted Jacket,2027-09-30 00:00:00,701
Quilted Jacket,2027-10-31 00:00:00,824
Quilted Jacket,2027-11-30 00:00:00,685
Quilted Jacket,2027-12-31 00:00:00,832
Quilted Jacket,2028-01-31 00:00:00,778
Quilted Jacket,2028-02-29 00:00:00,650
Quilted Jacket,2028-03-31 00:00:00,800
Quilted Jacket,2028-04-30 00:00:00,703
Quilted Jacket,2028-05-31 00:00:00,739
Quilted Jacket,2028-06-30 00:00:00,703
Quilted Jacket,2028-07-31 00:00:00,797
Quilted Jacket,2028-08-31 00:00:00,734
Quilted Jacket,2028-09-30 00:00:00,720
Regular Fit Hoodie,2015-01-31 00:00:00,690
Regular Fit Hoodie,2015-02-28 00:00:00,765
Regular Fit Hoodie,2015-03-31 00:00:00,846
Regular Fit Hoodie,2015-04-30 00:00:00,842
Regular Fit Hoodie,2015-05-31 00:00:00,747
Regular Fit Hoodie,2015-06-30 00:00:00,774
Regular Fit Hoodie,2015-07-31 00:00:00,820
Regular Fit Hoodie,2015-08-31 00:00:00,883
Regular Fit Hoodie,2015-09-30 00:00:00,721
Regular Fit Hoodie,2015-10-31 00:00:00,715
Regular Fit Hoodie,2015-11-30 00:00:00,966
Regular Fit Hoodie,2015-12-31 00:00:00,755
Regular Fit Hoodie,2016-01-31 00:00:00,782
Regular Fit Hoodie,2016-02-29 00:00:00,734
Regular Fit Hoodie,2016-03-31 00:00:00,805
Regular Fit Hoodie,2016-04-30 00:00:00,631
Regular Fit Hoodie,2016-05-31 00:00:00,827
Regular Fit Hoodie,2016-06-30 00:00:00,981
Regular Fit Hoodie,2016-07-31 00:00:00,744
Regular Fit Hoodie,2016-08-31 00:00:00,681
Regular Fit Hoodie,2016-09-30 00:00:00,798
Regular Fit Hoodie,2016-10-31 00:00:00,777
Regular Fit Hoodie,2016-11-30 00:00:00,940
Regular Fit Hoodie,2016-12-31 00:00:00,815
Regular Fit Hoodie,2017-01-31 00:00:00,737
Regular Fit Hoodie,2017-02-28 00:00:00,725
Regular Fit Hoodie,2017-03-31 00:00:00,735
Regular Fit Hoodie,2017-04-30 00:00:00,813
Regular Fit Hoodie,2017-05-31 00:00:00,838
Regular Fit Hoodie,2017-06-30 00:00:00,581
Regular Fit Hoodie,2017-07-31 00:00:00,832
Regular Fit Hoodie,2017-08-31 00:00:00,713
Regular Fit Hoodie,2017-09-30 00:00:00,785
Regular Fit Hoodie,2017-10-31 00:00:00,849
Regular Fit Hoodie,2017-11-30 00:00:00,1076
Regular Fit Hoodie,2017-12-31 00:00:00,1042
Regular Fit Hoodie,2018-01-31 00:00:00,695
Regular Fit Hoodie,2018-02-28 00:00:00,690
Regular Fit Hoodie,2018-03-31 00:00:00,925
Regular Fit Hoodie,2018-04-30 00:00:00,654
Regular Fit Hoodie,2018-05-31 00:00:00,754
Regular Fit Hoodie,2018-06-30 00:00:00,922
Regular Fit Hoodie,2018-07-31 00:00:00,781
Regular Fit Hoodie,2018-08-31 00:00:00,866
Regular Fit Hoodie,2018-09-30 00:00:00,702
Regular Fit Hoodie,2018-10-31 00:00:00,734
Regular Fit Hoodie,2018-11-30 00:00:00,891
Regular Fit Hoodie,2018-12-31 00:00:00,885
Regular Fit Hoodie,2019-01-31 00:00:00,656
Regular Fit Hoodie,2019-02-28 00:00:00,933
Regular Fit Hoodie,2019-03-31 00:00:00,610
Regular Fit Hoodie,2019-04-30 00:00:00,872
Regular Fit Hoodie,2019-05-31 00:00:00,795
Regular Fit Hoodie,2019-06-30 00:00:00,742
Regular Fit Hoodie,2019-07-31 00:00:00,577
Regular Fit Hoodie,2019-08-31 00:00:00,770
Regular Fit Hoodie,2019-09-30 00:00:00,912
Regular Fit Hoodie,2019-10-31 00:00:00,807
Regular Fit Hoodie,2019-11-30 00:00:00,638
Regular Fit Hoodie,2019-12-31 00:00:00,879
Regular Fit Hoodie,2020-01-31 00:00:00,829
Regular Fit Hoodie,2020-02-29 00:00:00,848
Regular Fit Hoodie,2020-03-31 00:00:00,936
Regular Fit Hoodie,2020-04-30 00:00:00,630
Regular Fit Hoodie,2020-05-31 00:00:00,635
Regular Fit Hoodie,2020-06-30 00:00:00,738
Regular Fit Hoodie,2020-07-31 00:00:00,837
Regular Fit Hoodie,2020-08-31 00:00:00,881
Regular Fit Hoodie,2020-09-30 00:00:00,740
Regular Fit Hoodie,2020-10-31 00:00:00,897
Regular Fit Hoodie,2020-11-30 00:00:00,657
Regular Fit Hoodie,2020-12-31 00:00:00,644
Regular Fit Hoodie,2021-01-31 00:00:00,675
Regular Fit Hoodie,2021-02-28 00:00:00,787
Regular Fit Hoodie,2021-03-31 00:00:00,1022
Regular Fit Hoodie,2021-04-30 00:00:00,809
Regular Fit Hoodie,2021-05-31 00:00:00,966
Regular Fit Hoodie,2021-06-30 00:00:00,562
Regular Fit Hoodie,2021-07-31 00:00:00,811
Regular Fit Hoodie,2021-08-31 00:00:00,1054
Regular Fit Hoodie,2021-09-30 00:00:00,670
Regular Fit Hoodie,2021-10-31 00:00:00,692
Regular Fit Hoodie,2021-11-30 00:00:00,849
Regular Fit Hoodie,2021-12-31 00:00:00,746
Regular Fit Hoodie,2022-01-31 00:00:00,687
Regular Fit Hoodie,2022-02-28 00:00:00,842
Regular Fit Hoodie,2022-03-31 00:00:00,809
Regular Fit Hoodie,2022-04-30 00:00:00,781
Regular Fit Hoodie,2022-05-31 00:00:00,687
Regular Fit Hoodie,2022-06-30 00:00:00,863
Regular Fit Hoodie,2022-07-31 00:00:00,1046
Regular Fit Hoodie,2022-08-31 00:00:00,809
Regular Fit Hoodie,2022-09-30 00:00:00,756
Regular Fit Hoodie,2022-10-31 00:00:00,818
Regular Fit Hoodie,2022-11-30 00:00:00,721
Regular Fit Hoodie,2022-12-31 00:00:00,858
Regular Fit Hoodie,2023-01-31 00:00:00,850
Regular Fit Hoodie,2023-02-28 00:00:00,668
Regular Fit Hoodie,2023-03-31 00:00:00,736
Regular Fit Hoodie,2023-04-30 00:00:00,929
Regular Fit Hoodie,2023-05-31 00:00:00,634
Regular Fit Hoodie,2023-06-30 00:00:00,767
Regular Fit Hoodie,2023-07-31 00:00:00,762
Regular Fit Hoodie,2023-08-31 00:00:00,696
Regular Fit Hoodie,2023-09-30 00:00:00,879
Regular Fit Hoodie,2023-10-31 00:00:00,842
Regular Fit Hoodie,2023-11-30 00:00:00,655
Regular Fit Hoodie,2023-12-31 00:00:00,894
Regular Fit Hoodie,2024-01-31 00:00:00,623
Regular Fit Hoodie,2024-02-29 00:00:00,647
Regular Fit Hoodie,2024-03-31 00:00:00,829
Regular Fit Hoodie,2024-04-30 00:00:00,768
Regular Fit Hoodie,2024-05-31 00:00:00,678
Regular Fit Hoodie,2024-06-30 00:00:00,697
Regular Fit Hoodie,2024-07-31 00:00:00,789
Regular Fit Hoodie,2024-08-31 00:00:00,776
Regular Fit Hoodie,2024-09-30 00:00:00,720
Regular Fit Hoodie,2024-10-31 00:00:00,720
Regular Fit Hoodie,2024-11-30 00:00:00,680
Regular Fit Hoodie,2024-12-31 00:00:00,774
Regular Fit Hoodie,2025-01-31 00:00:00,690
Regular Fit Hoodie,2025-02-28 00:00:00,679
Regular Fit Hoodie,2025-03-31 00:00:00,749
Regular Fit Hoodie,2025-04-30 00:00:00,777
Regular Fit Hoodie,2025-05-31 00:00:00,630
Regular Fit Hoodie,2025-06-30 00:00:00,736
Regular Fit Hoodie,2025-07-31 00:00:00,813
Regular Fit Hoodie,2025-08-31 00:00:00,720
Regular Fit Hoodie,2025-09-30 00:00:00,749
Regular Fit Hoodie,2025-10-31 00:00:00,750
Regular Fit Hoodie,2025-11-30 00:00:00,644
Regular Fit Hoodie,2025-12-31 00:00:00,793
Regular Fit Hoodie,2026-01-31 00:00:00,705
Regular Fit Hoodie,2026-02-28 00:00:00,659
Regular Fit Hoodie,2026-03-31 00:00:00,784
Regular Fit Hoodie,2026-04-30 00:00:00,806
Regular Fit Hoodie,2026-05-31 00:00:00,620
Regular Fit Hoodie,2026-06-30 00:00:00,731
Regular Fit Hoodie,2026-07-31 00:00:00,778
Regular Fit Hoodie,2026-08-31 00:00:00,698
Regular Fit Hoodie,2026-09-30 00:00:00,764
Regular Fit Hoodie,2026-10-31 00:00:00,754
Regular Fit Hoodie,2026-11-30 00:00:00,649
Regular Fit Hoodie,2026-12-31 00:00:00,802
Regular Fit Hoodie,2027-01-31 00:00:00,681
Regular Fit Hoodie,2027-02-28 00:00:00,677
Regular Fit Hoodie,2027-03-31 00:00:00,790
Regular Fit Hoodie,2027-04-30 00:00:00,796
Regular Fit Hoodie,2027-05-31 00:00:00,666
Regular Fit Hoodie,2027-06-30 00:00:00,733
Regular Fit Hoodie,2027-07-31 00:00:00,803
Regular Fit Hoodie,2027-08-31 00:00:00,746
Regular Fit Hoodie,2027-09-30 00:00:00,754
Regular Fit Hoodie,2027-10-31 00:00:00,753
Regular Fit Hoodie,2027-11-30 00:00:00,671
Regular Fit Hoodie,2027-12-31 00:00:00,801
Regular Fit Hoodie,2028-01-31 00:00:00,697
Regular Fit Hoodie,2028-02-29 00:00:00,682
Regular Fit Hoodie,2028-03-31 00:00:00,780
Regular Fit Hoodie,2028-04-30 00:00:00,806
Regular Fit Hoodie,2028-05-31 00:00:00,653
Regular Fit Hoodie,2028-06-30 00:00:00,737
Regular Fit Hoodie,2028-07-31 00:00:00,805
Regular Fit Hoodie,2028-08-31 00:00:00,740
Regular Fit Hoodie,2028-09-30 00:00:00,767
Regular Fit Jacket,2015-01-31 00:00:00,714
Regular Fit Jacket,2015-02-28 00:00:00,581
Regular Fit Jacket,2015-03-31 00:00:00,962
Regular Fit Jacket,2015-04-30 00:00:00,824
Regular Fit Jacket,2015-05-31 00:00:00,698
Regular Fit Jacket,2015-06-30 00:00:00,821
Regular Fit Jacket,2015-07-31 00:00:00,851
Regular Fit Jacket,2015-08-31 00:00:00,892
Regular Fit Jacket,2015-09-30 00:00:00,786
Regular Fit Jacket,2015-10-31 00:00:00,775
Regular Fit Jacket,2015-11-30 00:00:00,694
Regular Fit Jacket,2015-12-31 00:00:00,726
Regular Fit Jacket,2016-01-31 00:00:00,798
Regular Fit Jacket,2016-02-29 00:00:00,660
Regular Fit Jacket,2016-03-31 00:00:00,822
Regular Fit Jacket,2016-04-30 00:00:00,983
Regular Fit Jacket,2016-05-31 00:00:00,860
Regular Fit Jacket,2016-06-30 00:00:00,900
Regular Fit Jacket,2016-07-31 00:00:00,756
Regular Fit Jacket,2016-08-31 00:00:00,746
Regular Fit Jacket,2016-09-30 00:00:00,692
Regular Fit Jacket,2016-10-31 00:00:00,708
Regular Fit Jacket,2016-11-30 00:00:00,542
Regular Fit Jacket,2016-12-31 00:00:00,780
Regular Fit Jacket,2017-01-31 00:00:00,862
Regular Fit Jacket,2017-02-28 00:00:00,666
Regular Fit Jacket,2017-03-31 00:00:00,1013
Regular Fit Jacket,2017-04-30 00:00:00,683
Regular Fit Jacket,2017-05-31 00:00:00,691
Regular Fit Jacket,2017-06-30 00:00:00,765
Regular Fit Jacket,2017-07-31 00:00:00,785
Regular Fit Jacket,2017-08-31 00:00:00,847
Regular Fit Jacket,2017-09-30 00:00:00,900
Regular Fit Jacket,2017-10-31 00:00:00,934
Regular Fit Jacket,2017-11-30 00:00:00,758
Regular Fit Jacket,2017-12-31 00:00:00,777
Regular Fit Jacket,2018-01-31 00:00:00,1035
Regular Fit Jacket,2018-02-28 00:00:00,871
Regular Fit Jacket,2018-03-31 00:00:00,906
Regular Fit Jacket,2018-04-30 00:00:00,657
Regular Fit Jacket,2018-05-31 00:00:00,827
Regular Fit Jacket,2018-06-30 00:00:00,978
Regular Fit Jacket,2018-07-31 00:00:00,943
Regular Fit Jacket,2018-08-31 00:00:00,795
Regular Fit Jacket,2018-09-30 00:00:00,937
Regular Fit Jacket,2018-10-31 00:00:00,833
Regular Fit Jacket,2018-11-30 00:00:00,862
Regular Fit Jacket,2018-12-31 00:00:00,984
Regular Fit Jacket,2019-01-31 00:00:00,889
Regular Fit Jacket,2019-02-28 00:00:00,947
Regular Fit Jacket,2019-03-31 00:00:00,592
Regular Fit Jacket,2019-04-30 00:00:00,885
Regular Fit Jacket,2019-05-31 00:00:00,887
Regular Fit Jacket,2019-06-30 00:00:00,986
Regular Fit Jacket,2019-07-31 00:00:00,817
Regular Fit Jacket,2019-08-31 00:00:00,925
Regular Fit Jacket,2019-09-30 00:00:00,622
Regular Fit Jacket,2019-10-31 00:00:00,823
Regular Fit Jacket,2019-11-30 00:00:00,788
Regular Fit Jacket,2019-12-31 00:00:00,691
Regular Fit Jacket,2020-01-31 00:00:00,597
Regular Fit Jacket,2020-02-29 00:00:00,792
Regular Fit Jacket,2020-03-31 00:00:00,611
Regular Fit Jacket,2020-04-30 00:00:00,948
Regular Fit Jacket,2020-05-31 00:00:00,1026
Regular Fit Jacket,2020-06-30 00:00:00,600
Regular Fit Jacket,2020-07-31 00:00:00,852
Regular Fit Jacket,2020-08-31 00:00:00,925
Regular Fit Jacket,2020-09-30 00:00:00,680
Regular Fit Jacket,2020-10-31 00:00:00,901
Regular Fit Jacket,2020-11-30 00:00:00,770
Regular Fit Jacket,2020-12-31 00:00:00,750
Regular Fit Jacket,2021-01-31 00:00:00,846
Regular Fit Jacket,2021-02-28 00:00:00,811
Regular Fit Jacket,2021-03-31 00:00:00,823
Regular Fit Jacket,2021-04-30 00:00:00,903
Regular Fit Jacket,2021-05-31 00:00:00,897
Regular Fit Jacket,2021-06-30 00:00:00,785
Regular Fit Jacket,2021-07-31 00:00:00,821
Regular Fit Jacket,2021-08-31 00:00:00,847
Regular Fit Jacket,2021-09-30 00:00:00,914
Regular Fit Jacket,2021-10-31 00:00:00,693
Regular Fit Jacket,2021-11-30 00:00:00,593
Regular Fit Jacket,2021-12-31 00:00:00,668
Regular Fit Jacket,2022-01-31 00:00:00,902
Regular Fit Jacket,2022-02-28 00:00:00,704
Regular Fit Jacket,2022-03-31 00:00:00,710
Regular Fit Jacket,2022-04-30 00:00:00,579
Regular Fit Jacket,2022-05-31 00:00:00,640
Regular Fit Jacket,2022-06-30 00:00:00,688
Regular Fit Jacket,2022-07-31 00:00:00,1103
Regular Fit Jacket,2022-08-31 00:00:00,939
Regular Fit Jacket,2022-09-30 00:00:00,829
Regular Fit Jacket,2022-10-31 00:00:00,850
Regular Fit Jacket,2022-11-30 00:00:00,834
Regular Fit Jacket,2022-12-31 00:00:00,931
Regular Fit Jacket,2023-01-31 00:00:00,806
Regular Fit Jacket,2023-02-28 00:00:00,738
Regular Fit Jacket,2023-03-31 00:00:00,981
Regular Fit Jacket,2023-04-30 00:00:00,1039
Regular Fit Jacket,2023-05-31 00:00:00,603
Regular Fit Jacket,2023-06-30 00:00:00,831
Regular Fit Jacket,2023-07-31 00:00:00,588
Regular Fit Jacket,2023-08-31 00:00:00,864
Regular Fit Jacket,2023-09-30 00:00:00,746
Regular Fit Jacket,2023-10-31 00:00:00,717
Regular Fit Jacket,2023-11-30 00:00:00,772
Regular Fit Jacket,2023-12-31 00:00:00,875
Regular Fit Jacket,2024-01-31 00:00:00,641
Regular Fit Jacket,2024-02-29 00:00:00,624
Regular Fit Jacket,2024-03-31 00:00:00,725
Regular Fit Jacket,2024-04-30 00:00:00,758
Regular Fit Jacket,2024-05-31 00:00:00,604
Regular Fit Jacket,2024-06-30 00:00:00,678
Regular Fit Jacket,2024-07-31 00:00:00,611
Regular Fit Jacket,2024-08-31 00:00:00,729
Regular Fit Jacket,2024-09-30 00:00:00,688
Regular Fit Jacket,2024-10-31 00:00:00,603
Regular Fit Jacket,2024-11-30 00:00:00,598
Regular Fit Jacket,2024-12-31 00:00:00,685
Regular Fit Jacket,2025-01-31 00:00:00,656
Regular Fit Jacket,2025-02-28 00:00:00,592
Regular Fit Jacket,2025-03-31 00:00:00,699
Regular Fit Jacket,2025-04-30 00:00:00,657
Regular Fit Jacket,2025-05-31 00:00:00,541
Regular Fit Jacket,2025-06-30 00:00:00,619
Regular Fit Jacket,2025-07-31 00:00:00,680
Regular Fit Jacket,2025-08-31 00:00:00,731
Regular Fit Jacket,2025-09-30 00:00:00,664
Regular Fit Jacket,2025-10-31 00:00:00,627
Regular Fit Jacket,2025-11-30 00:00:00,618
Regular Fit Jacket,2025-12-31 00:00:00,711
Regular Fit Jacket,2026-01-31 00:00:00,632
Regular Fit Jacket,2026-02-28 00:00:00,578
Regular Fit Jacket,2026-03-31 00:00:00,709
Regular Fit Jacket,2026-04-30 00:00:00,720
Regular Fit Jacket,2026-05-31 00:00:00,513
Regular Fit Jacket,2026-06-30 00:00:00,622
Regular Fit Jacket,2026-07-31 00:00:00,574
Regular Fit Jacket,2026-08-31 00:00:00,701
Regular Fit Jacket,2026-09-30 00:00:00,627
Regular Fit Jacket,2026-10-31 00:00:00,577
Regular Fit Jacket,2026-11-30 00:00:00,607
Regular Fit Jacket,2026-12-31 00:00:00,697
Regular Fit Jacket,2027-01-31 00:00:00,607
Regular Fit Jacket,2027-02-28 00:00:00,554
Regular Fit Jacket,2027-03-31 00:00:00,675
Regular Fit Jacket,2027-04-30 00:00:00,668
Regular Fit Jacket,2027-05-31 00:00:00,497
Regular Fit Jacket,2027-06-30 00:00:00,594
Regular Fit Jacket,2027-07-31 00:00:00,548
Regular Fit Jacket,2027-08-31 00:00:00,666
Regular Fit Jacket,2027-09-30 00:00:00,595
Regular Fit Jacket,2027-10-31 00:00:00,544
Regular Fit Jacket,2027-11-30 00:00:00,554
Regular Fit Jacket,2027-12-31 00:00:00,641
Regular Fit Jacket,2028-01-31 00:00:00,574
Regular Fit Jacket,2028-02-29 00:00:00,515
Regular Fit Jacket,2028-03-31 00:00:00,633
Regular Fit Jacket,2028-04-30 00:00:00,645
Regular Fit Jacket,2028-05-31 00:00:00,472
Regular Fit Jacket,2028-06-30 00:00:00,570
Regular Fit Jacket,2028-07-31 00:00:00,568
Regular Fit Jacket,2028-08-31 00:00:00,649
Regular Fit Jacket,2028-09-30 00:00:00,571
Regular Fit Suit Trousers,2015-01-31 00:00:00,675
Regular Fit Suit Trousers,2015-02-28 00:00:00,546
Regular Fit Suit Trousers,2015-03-31 00:00:00,704
Regular Fit Suit Trousers,2015-04-30 00:00:00,778
Regular Fit Suit Trousers,2015-05-31 00:00:00,643
Regular Fit Suit Trousers,2015-06-30 00:00:00,613
Regular Fit Suit Trousers,2015-07-31 00:00:00,865
Regular Fit Suit Trousers,2015-08-31 00:00:00,643
Regular Fit Suit Trousers,2015-09-30 00:00:00,611
Regular Fit Suit Trousers,2015-10-31 00:00:00,615
Regular Fit Suit Trousers,2015-11-30 00:00:00,736
Regular Fit Suit Trousers,2015-12-31 00:00:00,695
Regular Fit Suit Trousers,2016-01-31 00:00:00,913
Regular Fit Suit Trousers,2016-02-29 00:00:00,655
Regular Fit Suit Trousers,2016-03-31 00:00:00,786
Regular Fit Suit Trousers,2016-04-30 00:00:00,764
Regular Fit Suit Trousers,2016-05-31 00:00:00,789
Regular Fit Suit Trousers,2016-06-30 00:00:00,746
Regular Fit Suit Trousers,2016-07-31 00:00:00,830
Regular Fit Suit Trousers,2016-08-31 00:00:00,801
Regular Fit Suit Trousers,2016-09-30 00:00:00,828
Regular Fit Suit Trousers,2016-10-31 00:00:00,781
Regular Fit Suit Trousers,2016-11-30 00:00:00,751
Regular Fit Suit Trousers,2016-12-31 00:00:00,995
Regular Fit Suit Trousers,2017-01-31 00:00:00,800
Regular Fit Suit Trousers,2017-02-28 00:00:00,624
Regular Fit Suit Trousers,2017-03-31 00:00:00,886
Regular Fit Suit Trousers,2017-04-30 00:00:00,750
Regular Fit Suit Trousers,2017-05-31 00:00:00,906
Regular Fit Suit Trousers,2017-06-30 00:00:00,807
Regular Fit Suit Trousers,2017-07-31 00:00:00,893
Regular Fit Suit Trousers,2017-08-31 00:00:00,997
Regular Fit Suit Trousers,2017-09-30 00:00:00,687
Regular Fit Suit Trousers,2017-10-31 00:00:00,868
Regular Fit Suit Trousers,2017-11-30 00:00:00,962
Regular Fit Suit Trousers,2017-12-31 00:00:00,716
Regular Fit Suit Trousers,2018-01-31 00:00:00,639
Regular Fit Suit Trousers,2018-02-28 00:00:00,716
Regular Fit Suit Trousers,2018-03-31 00:00:00,746
Regular Fit Suit Trousers,2018-04-30 00:00:00,754
Regular Fit Suit Trousers,2018-05-31 00:00:00,880
Regular Fit Suit Trousers,2018-06-30 00:00:00,906
Regular Fit Suit Trousers,2018-07-31 00:00:00,688
Regular Fit Suit Trousers,2018-08-31 00:00:00,801
Regular Fit Suit Trousers,2018-09-30 00:00:00,707
Regular Fit Suit Trousers,2018-10-31 00:00:00,633
Regular Fit Suit Trousers,2018-11-30 00:00:00,597
Regular Fit Suit Trousers,2018-12-31 00:00:00,827
Regular Fit Suit Trousers,2019-01-31 00:00:00,866
Regular Fit Suit Trousers,2019-02-28 00:00:00,623
Regular Fit Suit Trousers,2019-03-31 00:00:00,647
Regular Fit Suit Trousers,2019-04-30 00:00:00,754
Regular Fit Suit Trousers,2019-05-31 00:00:00,670
Regular Fit Suit Trousers,2019-06-30 00:00:00,878
Regular Fit Suit Trousers,2019-07-31 00:00:00,633
Regular Fit Suit Trousers,2019-08-31 00:00:00,782
Regular Fit Suit Trousers,2019-09-30 00:00:00,799
Regular Fit Suit Trousers,2019-10-31 00:00:00,912
Regular Fit Suit Trousers,2019-11-30 00:00:00,717
Regular Fit Suit Trousers,2019-12-31 00:00:00,784
Regular Fit Suit Trousers,2020-01-31 00:00:00,796
Regular Fit Suit Trousers,2020-02-29 00:00:00,762
Regular Fit Suit Trousers,2020-03-31 00:00:00,886
Regular Fit Suit Trousers,2020-04-30 00:00:00,742
Regular Fit Suit Trousers,2020-05-31 00:00:00,892
Regular Fit Suit Trousers,2020-06-30 00:00:00,780
Regular Fit Suit Trousers,2020-07-31 00:00:00,942
Regular Fit Suit Trousers,2020-08-31 00:00:00,880
Regular Fit Suit Trousers,2020-09-30 00:00:00,680
Regular Fit Suit Trousers,2020-10-31 00:00:00,630
Regular Fit Suit Trousers,2020-11-30 00:00:00,949
Regular Fit Suit Trousers,2020-12-31 00:00:00,814
Regular Fit Suit Trousers,2021-01-31 00:00:00,887
Regular Fit Suit Trousers,2021-02-28 00:00:00,801
Regular Fit Suit Trousers,2021-03-31 00:00:00,733
Regular Fit Suit Trousers,2021-04-30 00:00:00,740
Regular Fit Suit Trousers,2021-05-31 00:00:00,885
Regular Fit Suit Trousers,2021-06-30 00:00:00,630
Regular Fit Suit Trousers,2021-07-31 00:00:00,867
Regular Fit Suit Trousers,2021-08-31 00:00:00,872
Regular Fit Suit Trousers,2021-09-30 00:00:00,611
Regular Fit Suit Trousers,2021-10-31 00:00:00,764
Regular Fit Suit Trousers,2021-11-30 00:00:00,941
Regular Fit Suit Trousers,2021-12-31 00:00:00,783
Regular Fit Suit Trousers,2022-01-31 00:00:00,857
Regular Fit Suit Trousers,2022-02-28 00:00:00,766
Regular Fit Suit Trousers,2022-03-31 00:00:00,889
Regular Fit Suit Trousers,2022-04-30 00:00:00,836
Regular Fit Suit Trousers,2022-05-31 00:00:00,709
Regular Fit Suit Trousers,2022-06-30 00:00:00,829
Regular Fit Suit Trousers,2022-07-31 00:00:00,715
Regular Fit Suit Trousers,2022-08-31 00:00:00,825
Regular Fit Suit Trousers,2022-09-30 00:00:00,718
Regular Fit Suit Trousers,2022-10-31 00:00:00,983
Regular Fit Suit Trousers,2022-11-30 00:00:00,696
Regular Fit Suit Trousers,2022-12-31 00:00:00,903
Regular Fit Suit Trousers,2023-01-31 00:00:00,780
Regular Fit Suit Trousers,2023-02-28 00:00:00,664
Regular Fit Suit Trousers,2023-03-31 00:00:00,710
Regular Fit Suit Trousers,2023-04-30 00:00:00,930
Regular Fit Suit Trousers,2023-05-31 00:00:00,918
Regular Fit Suit Trousers,2023-06-30 00:00:00,840
Regular Fit Suit Trousers,2023-07-31 00:00:00,719
Regular Fit Suit Trousers,2023-08-31 00:00:00,885
Regular Fit Suit Trousers,2023-09-30 00:00:00,989
Regular Fit Suit Trousers,2023-10-31 00:00:00,792
Regular Fit Suit Trousers,2023-11-30 00:00:00,747
Regular Fit Suit Trousers,2023-12-31 00:00:00,960
Regular Fit Suit Trousers,2024-01-31 00:00:00,824
Regular Fit Suit Trousers,2024-02-29 00:00:00,691
Regular Fit Suit Trousers,2024-03-31 00:00:00,707
Regular Fit Suit Trousers,2024-04-30 00:00:00,794
Regular Fit Suit Trousers,2024-05-31 00:00:00,826
Regular Fit Suit Trousers,2024-06-30 00:00:00,701
Regular Fit Suit Trousers,2024-07-31 00:00:00,757
Regular Fit Suit Trousers,2024-08-31 00:00:00,832
Regular Fit Suit Trousers,2024-09-30 00:00:00,737
Regular Fit Suit Trousers,2024-10-31 00:00:00,768
Regular Fit Suit Trousers,2024-11-30 00:00:00,794
Regular Fit Suit Trousers,2024-12-31 00:00:00,824
Regular Fit Suit Trousers,2025-01-31 00:00:00,826
Regular Fit Suit Trousers,2025-02-28 00:00:00,722
Regular Fit Suit Trousers,2025-03-31 00:00:00,790
Regular Fit Suit Trousers,2025-04-30 00:00:00,822
Regular Fit Suit Trousers,2025-05-31 00:00:00,782
Regular Fit Suit Trousers,2025-06-30 00:00:00,780
Regular Fit Suit Trousers,2025-07-31 00:00:00,734
Regular Fit Suit Trousers,2025-08-31 00:00:00,813
Regular Fit Suit Trousers,2025-09-30 00:00:00,759
Regular Fit Suit Trousers,2025-10-31 00:00:00,859
Regular Fit Suit Trousers,2025-11-30 00:00:00,741
Regular Fit Suit Trousers,2025-12-31 00:00:00,868
Regular Fit Suit Trousers,2026-01-31 00:00:00,809
Regular Fit Suit Trousers,2026-02-28 00:00:00,696
Regular Fit Suit Trousers,2026-03-31 00:00:00,743
Regular Fit Suit Trousers,2026-04-30 00:00:00,855
Regular Fit Suit Trousers,2026-05-31 00:00:00,850
Regular Fit Suit Trousers,2026-06-30 00:00:00,798
Regular Fit Suit Trousers,2026-07-31 00:00:00,728
Regular Fit Suit Trousers,2026-08-31 00:00:00,838
Regular Fit Suit Trousers,2026-09-30 00:00:00,866
Regular Fit Suit Trousers,2026-10-31 00:00:00,814
Regular Fit Suit Trousers,2026-11-30 00:00:00,752
Regular Fit Suit Trousers,2026-12-31 00:00:00,899
Regular Fit Suit Trousers,2027-01-31 00:00:00,856
Regular Fit Suit Trousers,2027-02-28 00:00:00,738
Regular Fit Suit Trousers,2027-03-31 00:00:00,768
Regular Fit Suit Trousers,2027-04-30 00:00:00,857
Regular Fit Suit Trousers,2027-05-31 00:00:00,860
Regular Fit Suit Trousers,2027-06-30 00:00:00,782
Regular Fit Suit Trousers,2027-07-31 00:00:00,774
Regular Fit Suit Trousers,2027-08-31 00:00:00,873
Regular Fit Suit Trousers,2027-09-30 00:00:00,816
Regular Fit Suit Trousers,2027-10-31 00:00:00,833
Regular Fit Suit Trousers,2027-11-30 00:00:00,803
Regular Fit Suit Trousers,2027-12-31 00:00:00,889
Regular Fit Suit Trousers,2028-01-31 00:00:00,857
Regular Fit Suit Trousers,2028-02-29 00:00:00,756
Regular Fit Suit Trousers,2028-03-31 00:00:00,813
Regular Fit Suit Trousers,2028-04-30 00:00:00,879
Regular Fit Suit Trousers,2028-05-31 00:00:00,856
Regular Fit Suit Trousers,2028-06-30 00:00:00,816
Regular Fit Suit Trousers,2028-07-31 00:00:00,786
Regular Fit Suit Trousers,2028-08-31 00:00:00,882
Regular Fit Suit Trousers,2028-09-30 00:00:00,825
Regular Fit Sweatpants,2015-01-31 00:00:00,947
Regular Fit Sweatpants,2015-02-28 00:00:00,729
Regular Fit Sweatpants,2015-03-31 00:00:00,966
Regular Fit Sweatpants,2015-04-30 00:00:00,486
Regular Fit Sweatpants,2015-05-31 00:00:00,1005
Regular Fit Sweatpants,2015-06-30 00:00:00,737
Regular Fit Sweatpants,2015-07-31 00:00:00,803
Regular Fit Sweatpants,2015-08-31 00:00:00,925
Regular Fit Sweatpants,2015-09-30 00:00:00,823
Regular Fit Sweatpants,2015-10-31 00:00:00,815
Regular Fit Sweatpants,2015-11-30 00:00:00,838
Regular Fit Sweatpants,2015-12-31 00:00:00,791
Regular Fit Sweatpants,2016-01-31 00:00:00,845
Regular Fit Sweatpants,2016-02-29 00:00:00,721
Regular Fit Sweatpants,2016-03-31 00:00:00,866
Regular Fit Sweatpants,2016-04-30 00:00:00,846
Regular Fit Sweatpants,2016-05-31 00:00:00,768
Regular Fit Sweatpants,2016-06-30 00:00:00,890
Regular Fit Sweatpants,2016-07-31 00:00:00,753
Regular Fit Sweatpants,2016-08-31 00:00:00,773
Regular Fit Sweatpants,2016-09-30 00:00:00,794
Regular Fit Sweatpants,2016-10-31 00:00:00,1111
Regular Fit Sweatpants,2016-11-30 00:00:00,833
Regular Fit Sweatpants,2016-12-31 00:00:00,724
Regular Fit Sweatpants,2017-01-31 00:00:00,712
Regular Fit Sweatpants,2017-02-28 00:00:00,673
Regular Fit Sweatpants,2017-03-31 00:00:00,1024
Regular Fit Sweatpants,2017-04-30 00:00:00,660
Regular Fit Sweatpants,2017-05-31 00:00:00,619
Regular Fit Sweatpants,2017-06-30 00:00:00,929
Regular Fit Sweatpants,2017-07-31 00:00:00,777
Regular Fit Sweatpants,2017-08-31 00:00:00,952
Regular Fit Sweatpants,2017-09-30 00:00:00,907
Regular Fit Sweatpants,2017-10-31 00:00:00,660
Regular Fit Sweatpants,2017-11-30 00:00:00,894
Regular Fit Sweatpants,2017-12-31 00:00:00,894
Regular Fit Sweatpants,2018-01-31 00:00:00,737
Regular Fit Sweatpants,2018-02-28 00:00:00,760
Regular Fit Sweatpants,2018-03-31 00:00:00,950
Regular Fit Sweatpants,2018-04-30 00:00:00,673
Regular Fit Sweatpants,2018-05-31 00:00:00,836
Regular Fit Sweatpants,2018-06-30 00:00:00,672
Regular Fit Sweatpants,2018-07-31 00:00:00,740
Regular Fit Sweatpants,2018-08-31 00:00:00,787
Regular Fit Sweatpants,2018-09-30 00:00:00,800
Regular Fit Sweatpants,2018-10-31 00:00:00,789
Regular Fit Sweatpants,2018-11-30 00:00:00,1030
Regular Fit Sweatpants,2018-12-31 00:00:00,730
Regular Fit Sweatpants,2019-01-31 00:00:00,722
Regular Fit Sweatpants,2019-02-28 00:00:00,616
Regular Fit Sweatpants,2019-03-31 00:00:00,898
Regular Fit Sweatpants,2019-04-30 00:00:00,788
Regular Fit Sweatpants,2019-05-31 00:00:00,644
Regular Fit Sweatpants,2019-06-30 00:00:00,913
Regular Fit Sweatpants,2019-07-31 00:00:00,621
Regular Fit Sweatpants,2019-08-31 00:00:00,581
Regular Fit Sweatpants,2019-09-30 00:00:00,806
Regular Fit Sweatpants,2019-10-31 00:00:00,776
Regular Fit Sweatpants,2019-11-30 00:00:00,611
Regular Fit Sweatpants,2019-12-31 00:00:00,702
Regular Fit Sweatpants,2020-01-31 00:00:00,747
Regular Fit Sweatpants,2020-02-29 00:00:00,907
Regular Fit Sweatpants,2020-03-31 00:00:00,889
Regular Fit Sweatpants,2020-04-30 00:00:00,610
Regular Fit Sweatpants,2020-05-31 00:00:00,877
Regular Fit Sweatpants,2020-06-30 00:00:00,766
Regular Fit Sweatpants,2020-07-31 00:00:00,948
Regular Fit Sweatpants,2020-08-31 00:00:00,1033
Regular Fit Sweatpants,2020-09-30 00:00:00,854
Regular Fit Sweatpants,2020-10-31 00:00:00,836
Regular Fit Sweatpants,2020-11-30 00:00:00,1062
Regular Fit Sweatpants,2020-12-31 00:00:00,874
Regular Fit Sweatpants,2021-01-31 00:00:00,1015
Regular Fit Sweatpants,2021-02-28 00:00:00,737
Regular Fit Sweatpants,2021-03-31 00:00:00,522
Regular Fit Sweatpants,2021-04-30 00:00:00,805
Regular Fit Sweatpants,2021-05-31 00:00:00,995
Regular Fit Sweatpants,2021-06-30 00:00:00,839
Regular Fit Sweatpants,2021-07-31 00:00:00,803
Regular Fit Sweatpants,2021-08-31 00:00:00,796
Regular Fit Sweatpants,2021-09-30 00:00:00,584
Regular Fit Sweatpants,2021-10-31 00:00:00,975
Regular Fit Sweatpants,2021-11-30 00:00:00,1016
Regular Fit Sweatpants,2021-12-31 00:00:00,860
Regular Fit Sweatpants,2022-01-31 00:00:00,884
Regular Fit Sweatpants,2022-02-28 00:00:00,1088
Regular Fit Sweatpants,2022-03-31 00:00:00,821
Regular Fit Sweatpants,2022-04-30 00:00:00,731
Regular Fit Sweatpants,2022-05-31 00:00:00,824
Regular Fit Sweatpants,2022-06-30 00:00:00,928
Regular Fit Sweatpants,2022-07-31 00:00:00,558
Regular Fit Sweatpants,2022-08-31 00:00:00,869
Regular Fit Sweatpants,2022-09-30 00:00:00,897
Regular Fit Sweatpants,2022-10-31 00:00:00,743
Regular Fit Sweatpants,2022-11-30 00:00:00,787
Regular Fit Sweatpants,2022-12-31 00:00:00,853
Regular Fit Sweatpants,2023-01-31 00:00:00,673
Regular Fit Sweatpants,2023-02-28 00:00:00,728
Regular Fit Sweatpants,2023-03-31 00:00:00,1062
Regular Fit Sweatpants,2023-04-30 00:00:00,817
Regular Fit Sweatpants,2023-05-31 00:00:00,971
Regular Fit Sweatpants,2023-06-30 00:00:00,869
Regular Fit Sweatpants,2023-07-31 00:00:00,794
Regular Fit Sweatpants,2023-08-31 00:00:00,892
Regular Fit Sweatpants,2023-09-30 00:00:00,1002
Regular Fit Sweatpants,2023-10-31 00:00:00,844
Regular Fit Sweatpants,2023-11-30 00:00:00,855
Regular Fit Sweatpants,2023-12-31 00:00:00,849
Regular Fit Sweatpants,2024-01-31 00:00:00,841
Regular Fit Sweatpants,2024-02-29 00:00:00,759
Regular Fit Sweatpants,2024-03-31 00:00:00,739
Regular Fit Sweatpants,2024-04-30 00:00:00,699
Regular Fit Sweatpants,2024-05-31 00:00:00,822
Regular Fit Sweatpants,2024-06-30 00:00:00,790
Regular Fit Sweatpants,2024-07-31 00:00:00,746
Regular Fit Sweatpants,2024-08-31 00:00:00,818
Regular Fit Sweatpants,2024-09-30 00:00:00,716
Regular Fit Sweatpants,2024-10-31 00:00:00,818
Regular Fit Sweatpants,2024-11-30 00:00:00,891
Regular Fit Sweatpants,2024-12-31 00:00:00,787
Regular Fit Sweatpants,2025-01-31 00:00:00,802
Regular Fit Sweatpants,2025-02-28 00:00:00,814
Regular Fit Sweatpants,2025-03-31 00:00:00,795
Regular Fit Sweatpants,2025-04-30 00:00:00,715
Regular Fit Sweatpants,2025-05-31 00:00:00,811
Regular Fit Sweatpants,2025-06-30 00:00:00,816
Regular Fit Sweatpants,2025-07-31 00:00:00,694
Regular Fit Sweatpants,2025-08-31 00:00:00,801
Regular Fit Sweatpants,2025-09-30 00:00:00,781
Regular Fit Sweatpants,2025-10-31 00:00:00,784
Regular Fit Sweatpants,2025-11-30 00:00:00,831
Regular Fit Sweatpants,2025-12-31 00:00:00,800
Regular Fit Sweatpants,2026-01-31 00:00:00,769
Regular Fit Sweatpants,2026-02-28 00:00:00,777
Regular Fit Sweatpants,2026-03-31 00:00:00,852
Regular Fit Sweatpants,2026-04-30 00:00:00,725
Regular Fit Sweatpants,2026-05-31 00:00:00,841
Regular Fit Sweatpants,2026-06-30 00:00:00,824
Regular Fit Sweatpants,2026-07-31 00:00:00,720
Regular Fit Sweatpants,2026-08-31 00:00:00,820
Regular Fit Sweatpants,2026-09-30 00:00:00,830
Regular Fit Sweatpants,2026-10-31 00:00:00,796
Regular Fit Sweatpants,2026-11-30 00:00:00,835
Regular Fit Sweatpants,2026-12-31 00:00:00,795
Regular Fit Sweatpants,2027-01-31 00:00:00,812
Regular Fit Sweatpants,2027-02-28 00:00:00,802
Regular Fit Sweatpants,2027-03-31 00:00:00,823
Regular Fit Sweatpants,2027-04-30 00:00:00,731
Regular Fit Sweatpants,2027-05-31 00:00:00,846
Regular Fit Sweatpants,2027-06-30 00:00:00,831
Regular Fit Sweatpants,2027-07-31 00:00:00,748
Regular Fit Sweatpants,2027-08-31 00:00:00,826
Regular Fit Sweatpants,2027-09-30 00:00:00,802
Regular Fit Sweatpants,2027-10-31 00:00:00,822
Regular Fit Sweatpants,2027-11-30 00:00:00,874
Regular Fit Sweatpants,2027-12-31 00:00:00,806
Regular Fit Sweatpants,2028-01-31 00:00:00,807
Regular Fit Sweatpants,2028-02-29 00:00:00,810
Regular Fit Sweatpants,2028-03-31 00:00:00,820
Regular Fit Sweatpants,2028-04-30 00:00:00,732
Regular Fit Sweatpants,2028-05-31 00:00:00,844
Regular Fit Sweatpants,2028-06-30 00:00:00,836
Regular Fit Sweatpants,2028-07-31 00:00:00,733
Regular Fit Sweatpants,2028-08-31 00:00:00,833
Regular Fit Sweatpants,2028-09-30 00:00:00,814
Regular Fit T-Shirt,2015-01-31 00:00:00,616
Regular Fit T-Shirt,2015-02-28 00:00:00,481
Regular Fit T-Shirt,2015-03-31 00:00:00,610
Regular Fit T-Shirt,2015-04-30 00:00:00,800
Regular Fit T-Shirt,2015-05-31 00:00:00,710
Regular Fit T-Shirt,2015-06-30 00:00:00,706
Regular Fit T-Shirt,2015-07-31 00:00:00,883
Regular Fit T-Shirt,2015-08-31 00:00:00,719
Regular Fit T-Shirt,2015-09-30 00:00:00,662
Regular Fit T-Shirt,2015-10-31 00:00:00,951
Regular Fit T-Shirt,2015-11-30 00:00:00,882
Regular Fit T-Shirt,2015-12-31 00:00:00,651
Regular Fit T-Shirt,2016-01-31 00:00:00,782
Regular Fit T-Shirt,2016-02-29 00:00:00,880
Regular Fit T-Shirt,2016-03-31 00:00:00,778
Regular Fit T-Shirt,2016-04-30 00:00:00,801
Regular Fit T-Shirt,2016-05-31 00:00:00,673
Regular Fit T-Shirt,2016-06-30 00:00:00,737
Regular Fit T-Shirt,2016-07-31 00:00:00,675
Regular Fit T-Shirt,2016-08-31 00:00:00,961
Regular Fit T-Shirt,2016-09-30 00:00:00,868
Regular Fit T-Shirt,2016-10-31 00:00:00,722
Regular Fit T-Shirt,2016-11-30 00:00:00,792
Regular Fit T-Shirt,2016-12-31 00:00:00,923
Regular Fit T-Shirt,2017-01-31 00:00:00,823
Regular Fit T-Shirt,2017-02-28 00:00:00,754
Regular Fit T-Shirt,2017-03-31 00:00:00,831
Regular Fit T-Shirt,2017-04-30 00:00:00,795
Regular Fit T-Shirt,2017-05-31 00:00:00,846
Regular Fit T-Shirt,2017-06-30 00:00:00,775
Regular Fit T-Shirt,2017-07-31 00:00:00,885
Regular Fit T-Shirt,2017-08-31 00:00:00,1029
Regular Fit T-Shirt,2017-09-30 00:00:00,707
Regular Fit T-Shirt,2017-10-31 00:00:00,882
Regular Fit T-Shirt,2017-11-30 00:00:00,559
Regular Fit T-Shirt,2017-12-31 00:00:00,558
Regular Fit T-Shirt,2018-01-31 00:00:00,806
Regular Fit T-Shirt,2018-02-28 00:00:00,706
Regular Fit T-Shirt,2018-03-31 00:00:00,833
Regular Fit T-Shirt,2018-04-30 00:00:00,889
Regular Fit T-Shirt,2018-05-31 00:00:00,728
Regular Fit T-Shirt,2018-06-30 00:00:00,806
Regular Fit T-Shirt,2018-07-31 00:00:00,885
Regular Fit T-Shirt,2018-08-31 00:00:00,818
Regular Fit T-Shirt,2018-09-30 00:00:00,968
Regular Fit T-Shirt,2018-10-31 00:00:00,755
Regular Fit T-Shirt,2018-11-30 00:00:00,601
Regular Fit T-Shirt,2018-12-31 00:00:00,926
Regular Fit T-Shirt,2019-01-31 00:00:00,854
Regular Fit T-Shirt,2019-02-28 00:00:00,835
Regular Fit T-Shirt,2019-03-31 00:00:00,929
Regular Fit T-Shirt,2019-04-30 00:00:00,821
Regular Fit T-Shirt,2019-05-31 00:00:00,619
Regular Fit T-Shirt,2019-06-30 00:00:00,732
Regular Fit T-Shirt,2019-07-31 00:00:00,960
Regular Fit T-Shirt,2019-08-31 00:00:00,741
Regular Fit T-Shirt,2019-09-30 00:00:00,797
Regular Fit T-Shirt,2019-10-31 00:00:00,675
Regular Fit T-Shirt,2019-11-30 00:00:00,832
Regular Fit T-Shirt,2019-12-31 00:00:00,1078
Regular Fit T-Shirt,2020-01-31 00:00:00,810
Regular Fit T-Shirt,2020-02-29 00:00:00,740
Regular Fit T-Shirt,2020-03-31 00:00:00,739
Regular Fit T-Shirt,2020-04-30 00:00:00,924
Regular Fit T-Shirt,2020-05-31 00:00:00,699
Regular Fit T-Shirt,2020-06-30 00:00:00,921
Regular Fit T-Shirt,2020-07-31 00:00:00,845
Regular Fit T-Shirt,2020-08-31 00:00:00,858
Regular Fit T-Shirt,2020-09-30 00:00:00,900
Regular Fit T-Shirt,2020-10-31 00:00:00,767
Regular Fit T-Shirt,2020-11-30 00:00:00,742
Regular Fit T-Shirt,2020-12-31 00:00:00,886
Regular Fit T-Shirt,2021-01-31 00:00:00,898
Regular Fit T-Shirt,2021-02-28 00:00:00,677
Regular Fit T-Shirt,2021-03-31 00:00:00,673
Regular Fit T-Shirt,2021-04-30 00:00:00,791
Regular Fit T-Shirt,2021-05-31 00:00:00,878
Regular Fit T-Shirt,2021-06-30 00:00:00,809
Regular Fit T-Shirt,2021-07-31 00:00:00,842
Regular Fit T-Shirt,2021-08-31 00:00:00,918
Regular Fit T-Shirt,2021-09-30 00:00:00,781
Regular Fit T-Shirt,2021-10-31 00:00:00,864
Regular Fit T-Shirt,2021-11-30 00:00:00,897
Regular Fit T-Shirt,2021-12-31 00:00:00,769
Regular Fit T-Shirt,2022-01-31 00:00:00,1109
Regular Fit T-Shirt,2022-02-28 00:00:00,945
Regular Fit T-Shirt,2022-03-31 00:00:00,777
Regular Fit T-Shirt,2022-04-30 00:00:00,747
Regular Fit T-Shirt,2022-05-31 00:00:00,791
Regular Fit T-Shirt,2022-06-30 00:00:00,800
Regular Fit T-Shirt,2022-07-31 00:00:00,845
Regular Fit T-Shirt,2022-08-31 00:00:00,775
Regular Fit T-Shirt,2022-09-30 00:00:00,823
Regular Fit T-Shirt,2022-10-31 00:00:00,630
Regular Fit T-Shirt,2022-11-30 00:00:00,757
Regular Fit T-Shirt,2022-12-31 00:00:00,850
Regular Fit T-Shirt,2023-01-31 00:00:00,952
Regular Fit T-Shirt,2023-02-28 00:00:00,779
Regular Fit T-Shirt,2023-03-31 00:00:00,802
Regular Fit T-Shirt,2023-04-30 00:00:00,836
Regular Fit T-Shirt,2023-05-31 00:00:00,710
Regular Fit T-Shirt,2023-06-30 00:00:00,702
Regular Fit T-Shirt,2023-07-31 00:00:00,678
Regular Fit T-Shirt,2023-08-31 00:00:00,769
Regular Fit T-Shirt,2023-09-30 00:00:00,835
Regular Fit T-Shirt,2023-10-31 00:00:00,861
Regular Fit T-Shirt,2023-11-30 00:00:00,1006
Regular Fit T-Shirt,2023-12-31 00:00:00,767
Regular Fit T-Shirt,2024-01-31 00:00:00,783
Regular Fit T-Shirt,2024-02-29 00:00:00,739
Regular Fit T-Shirt,2024-03-31 00:00:00,710
Regular Fit T-Shirt,2024-04-30 00:00:00,767
Regular Fit T-Shirt,2024-05-31 00:00:00,692
Regular Fit T-Shirt,2024-06-30 00:00:00,720
Regular Fit T-Shirt,2024-07-31 00:00:00,757
Regular Fit T-Shirt,2024-08-31 00:00:00,769
Regular Fit T-Shirt,2024-09-30 00:00:00,757
Regular Fit T-Shirt,2024-10-31 00:00:00,738
Regular Fit T-Shirt,2024-11-30 00:00:00,761
Regular Fit T-Shirt,2024-12-31 00:00:00,772
Regular Fit T-Shirt,2025-01-31 00:00:00,810
Regular Fit T-Shirt,2025-02-28 00:00:00,727
Regular Fit T-Shirt,2025-03-31 00:00:00,724
Regular Fit T-Shirt,2025-04-30 00:00:00,765
Regular Fit T-Shirt,2025-05-31 00:00:00,697
Regular Fit T-Shirt,2025-06-30 00:00:00,724
Regular Fit T-Shirt,2025-07-31 00:00:00,773
Regular Fit T-Shirt,2025-08-31 00:00:00,780
Regular Fit T-Shirt,2025-09-30 00:00:00,766
Regular Fit T-Shirt,2025-10-31 00:00:00,736
Regular Fit T-Shirt,2025-11-30 00:00:00,758
Regular Fit T-Shirt,2025-12-31 00:00:00,771
Regular Fit T-Shirt,2026-01-31 00:00:00,827
Regular Fit T-Shirt,2026-02-28 00:00:00,726
Regular Fit T-Shirt,2026-03-31 00:00:00,733
Regular Fit T-Shirt,2026-04-30 00:00:00,774
Regular Fit T-Shirt,2026-05-31 00:00:00,701
Regular Fit T-Shirt,2026-06-30 00:00:00,739
Regular Fit T-Shirt,2026-07-31 00:00:00,777
Regular Fit T-Shirt,2026-08-31 00:00:00,782
Regular Fit T-Shirt,2026-09-30 00:00:00,774
Regular Fit T-Shirt,2026-10-31 00:00:00,740
Regular Fit T-Shirt,2026-11-30 00:00:00,760
Regular Fit T-Shirt,2026-12-31 00:00:00,780
Regular Fit T-Shirt,2027-01-31 00:00:00,835
Regular Fit T-Shirt,2027-02-28 00:00:00,738
Regular Fit T-Shirt,2027-03-31 00:00:00,736
Regular Fit T-Shirt,2027-04-30 00:00:00,780
Regular Fit T-Shirt,2027-05-31 00:00:00,716
Regular Fit T-Shirt,2027-06-30 00:00:00,748
Regular Fit T-Shirt,2027-07-31 00:00:00,784
Regular Fit T-Shirt,2027-08-31 00:00:00,795
Regular Fit T-Shirt,2027-09-30 00:00:00,779
Regular Fit T-Shirt,2027-10-31 00:00:00,747
Regular Fit T-Shirt,2027-11-30 00:00:00,770
Regular Fit T-Shirt,2027-12-31 00:00:00,787
Regular Fit T-Shirt,2028-01-31 00:00:00,835
Regular Fit T-Shirt,2028-02-29 00:00:00,748
Regular Fit T-Shirt,2028-03-31 00:00:00,751
Regular Fit T-Shirt,2028-04-30 00:00:00,793
Regular Fit T-Shirt,2028-05-31 00:00:00,724
Regular Fit T-Shirt,2028-06-30 00:00:00,744
Regular Fit T-Shirt,2028-07-31 00:00:00,785
Regular Fit T-Shirt,2028-08-31 00:00:00,795
Regular Fit T-Shirt,2028-09-30 00:00:00,790
Regular Jeans,2015-01-31 00:00:00,836
Regular Jeans,2015-02-28 00:00:00,689
Regular Jeans,2015-03-31 00:00:00,754
Regular Jeans,2015-04-30 00:00:00,831
Regular Jeans,2015-05-31 00:00:00,615
Regular Jeans,2015-06-30 00:00:00,917
Regular Jeans,2015-07-31 00:00:00,768
Regular Jeans,2015-08-31 00:00:00,649
Regular Jeans,2015-09-30 00:00:00,589
Regular Jeans,2015-10-31 00:00:00,1044
Regular Jeans,2015-11-30 00:00:00,864
Regular Jeans,2015-12-31 00:00:00,900
Regular Jeans,2016-01-31 00:00:00,681
Regular Jeans,2016-02-29 00:00:00,891
Regular Jeans,2016-03-31 00:00:00,664
Regular Jeans,2016-04-30 00:00:00,754
Regular Jeans,2016-05-31 00:00:00,792
Regular Jeans,2016-06-30 00:00:00,898
Regular Jeans,2016-07-31 00:00:00,731
Regular Jeans,2016-08-31 00:00:00,893
Regular Jeans,2016-09-30 00:00:00,802
Regular Jeans,2016-10-31 00:00:00,620
Regular Jeans,2016-11-30 00:00:00,849
Regular Jeans,2016-12-31 00:00:00,846
Regular Jeans,2017-01-31 00:00:00,1028
Regular Jeans,2017-02-28 00:00:00,930
Regular Jeans,2017-03-31 00:00:00,760
Regular Jeans,2017-04-30 00:00:00,863
Regular Jeans,2017-05-31 00:00:00,815
Regular Jeans,2017-06-30 00:00:00,656
Regular Jeans,2017-07-31 00:00:00,920
Regular Jeans,2017-08-31 00:00:00,714
Regular Jeans,2017-09-30 00:00:00,889
Regular Jeans,2017-10-31 00:00:00,939
Regular Jeans,2017-11-30 00:00:00,898
Regular Jeans,2017-12-31 00:00:00,952
Regular Jeans,2018-01-31 00:00:00,709
Regular Jeans,2018-02-28 00:00:00,861
Regular Jeans,2018-03-31 00:00:00,964
Regular Jeans,2018-04-30 00:00:00,734
Regular Jeans,2018-05-31 00:00:00,668
Regular Jeans,2018-06-30 00:00:00,773
Regular Jeans,2018-07-31 00:00:00,845
Regular Jeans,2018-08-31 00:00:00,849
Regular Jeans,2018-09-30 00:00:00,653
Regular Jeans,2018-10-31 00:00:00,852
Regular Jeans,2018-11-30 00:00:00,757
Regular Jeans,2018-12-31 00:00:00,737
Regular Jeans,2019-01-31 00:00:00,938
Regular Jeans,2019-02-28 00:00:00,923
Regular Jeans,2019-03-31 00:00:00,817
Regular Jeans,2019-04-30 00:00:00,680
Regular Jeans,2019-05-31 00:00:00,909
Regular Jeans,2019-06-30 00:00:00,608
Regular Jeans,2019-07-31 00:00:00,671
Regular Jeans,2019-08-31 00:00:00,919
Regular Jeans,2019-09-30 00:00:00,645
Regular Jeans,2019-10-31 00:00:00,761
Regular Jeans,2019-11-30 00:00:00,868
Regular Jeans,2019-12-31 00:00:00,890
Regular Jeans,2020-01-31 00:00:00,985
Regular Jeans,2020-02-29 00:00:00,796
Regular Jeans,2020-03-31 00:00:00,754
Regular Jeans,2020-04-30 00:00:00,852
Regular Jeans,2020-05-31 00:00:00,811
Regular Jeans,2020-06-30 00:00:00,726
Regular Jeans,2020-07-31 00:00:00,1031
Regular Jeans,2020-08-31 00:00:00,665
Regular Jeans,2020-09-30 00:00:00,575
Regular Jeans,2020-10-31 00:00:00,946
Regular Jeans,2020-11-30 00:00:00,601
Regular Jeans,2020-12-31 00:00:00,827
Regular Jeans,2021-01-31 00:00:00,767
Regular Jeans,2021-02-28 00:00:00,638
Regular Jeans,2021-03-31 00:00:00,729
Regular Jeans,2021-04-30 00:00:00,624
Regular Jeans,2021-05-31 00:00:00,618
Regular Jeans,2021-06-30 00:00:00,976
Regular Jeans,2021-07-31 00:00:00,767
Regular Jeans,2021-08-31 00:00:00,681
Regular Jeans,2021-09-30 00:00:00,640
Regular Jeans,2021-10-31 00:00:00,681
Regular Jeans,2021-11-30 00:00:00,590
Regular Jeans,2021-12-31 00:00:00,954
Regular Jeans,2022-01-31 00:00:00,884
Regular Jeans,2022-02-28 00:00:00,569
Regular Jeans,2022-03-31 00:00:00,767
Regular Jeans,2022-04-30 00:00:00,757
Regular Jeans,2022-05-31 00:00:00,832
Regular Jeans,2022-06-30 00:00:00,1042
Regular Jeans,2022-07-31 00:00:00,988
Regular Jeans,2022-08-31 00:00:00,854
Regular Jeans,2022-09-30 00:00:00,939
Regular Jeans,2022-10-31 00:00:00,682
Regular Jeans,2022-11-30 00:00:00,717
Regular Jeans,2022-12-31 00:00:00,680
Regular Jeans,2023-01-31 00:00:00,987
Regular Jeans,2023-02-28 00:00:00,664
Regular Jeans,2023-03-31 00:00:00,820
Regular Jeans,2023-04-30 00:00:00,715
Regular Jeans,2023-05-31 00:00:00,728
Regular Jeans,2023-06-30 00:00:00,707
Regular Jeans,2023-07-31 00:00:00,889
Regular Jeans,2023-08-31 00:00:00,860
Regular Jeans,2023-09-30 00:00:00,862
Regular Jeans,2023-10-31 00:00:00,882
Regular Jeans,2023-11-30 00:00:00,666
Regular Jeans,2023-12-31 00:00:00,577
Regular Jeans,2024-01-31 00:00:00,804
Regular Jeans,2024-02-29 00:00:00,643
Regular Jeans,2024-03-31 00:00:00,701
Regular Jeans,2024-04-30 00:00:00,680
Regular Jeans,2024-05-31 00:00:00,628
Regular Jeans,2024-06-30 00:00:00,662
Regular Jeans,2024-07-31 00:00:00,775
Regular Jeans,2024-08-31 00:00:00,689
Regular Jeans,2024-09-30 00:00:00,659
Regular Jeans,2024-10-31 00:00:00,713
Regular Jeans,2024-11-30 00:00:00,598
Regular Jeans,2024-12-31 00:00:00,645
Regular Jeans,2025-01-31 00:00:00,777
Regular Jeans,2025-02-28 00:00:00,622
Regular Jeans,2025-03-31 00:00:00,674
Regular Jeans,2025-04-30 00:00:00,640
Regular Jeans,2025-05-31 00:00:00,640
Regular Jeans,2025-06-30 00:00:00,692
Regular Jeans,2025-07-31 00:00:00,748
Regular Jeans,2025-08-31 00:00:00,686
Regular Jeans,2025-09-30 00:00:00,657
Regular Jeans,2025-10-31 00:00:00,700
Regular Jeans,2025-11-30 00:00:00,604
Regular Jeans,2025-12-31 00:00:00,651
Regular Jeans,2026-01-31 00:00:00,768
Regular Jeans,2026-02-28 00:00:00,614
Regular Jeans,2026-03-31 00:00:00,667
Regular Jeans,2026-04-30 00:00:00,639
Regular Jeans,2026-05-31 00:00:00,641
Regular Jeans,2026-06-30 00:00:00,682
Regular Jeans,2026-07-31 00:00:00,744
Regular Jeans,2026-08-31 00:00:00,673
Regular Jeans,2026-09-30 00:00:00,642
Regular Jeans,2026-10-31 00:00:00,695
Regular Jeans,2026-11-30 00:00:00,607
Regular Jeans,2026-12-31 00:00:00,644
Regular Jeans,2027-01-31 00:00:00,763
Regular Jeans,2027-02-28 00:00:00,610
Regular Jeans,2027-03-31 00:00:00,663
Regular Jeans,2027-04-30 00:00:00,628
Regular Jeans,2027-05-31 00:00:00,621
Regular Jeans,2027-06-30 00:00:00,664
Regular Jeans,2027-07-31 00:00:00,738
Regular Jeans,2027-08-31 00:00:00,668
Regular Jeans,2027-09-30 00:00:00,644
Regular Jeans,2027-10-31 00:00:00,684
Regular Jeans,2027-11-30 00:00:00,594
Regular Jeans,2027-12-31 00:00:00,645
Regular Jeans,2028-01-31 00:00:00,759
Regular Jeans,2028-02-29 00:00:00,605
Regular Jeans,2028-03-31 00:00:00,657
Regular Jeans,2028-04-30 00:00:00,622
Regular Jeans,2028-05-31 00:00:00,622
Regular Jeans,2028-06-30 00:00:00,675
Regular Jeans,2028-07-31 00:00:00,733
Regular Jeans,2028-08-31 00:00:00,662
Regular Jeans,2028-09-30 00:00:00,630
Relaxed Fit Jeans,2015-01-31 00:00:00,832
Relaxed Fit Jeans,2015-02-28 00:00:00,687
Relaxed Fit Jeans,2015-03-31 00:00:00,834
Relaxed Fit Jeans,2015-04-30 00:00:00,925
Relaxed Fit Jeans,2015-05-31 00:00:00,900
Relaxed Fit Jeans,2015-06-30 00:00:00,862
Relaxed Fit Jeans,2015-07-31 00:00:00,692
Relaxed Fit Jeans,2015-08-31 00:00:00,721
Relaxed Fit Jeans,2015-09-30 00:00:00,762
Relaxed Fit Jeans,2015-10-31 00:00:00,728
Relaxed Fit Jeans,2015-11-30 00:00:00,736
Relaxed Fit Jeans,2015-12-31 00:00:00,600
Relaxed Fit Jeans,2016-01-31 00:00:00,992
Relaxed Fit Jeans,2016-02-29 00:00:00,677
Relaxed Fit Jeans,2016-03-31 00:00:00,957
Relaxed Fit Jeans,2016-04-30 00:00:00,701
Relaxed Fit Jeans,2016-05-31 00:00:00,833
Relaxed Fit Jeans,2016-06-30 00:00:00,785
Relaxed Fit Jeans,2016-07-31 00:00:00,973
Relaxed Fit Jeans,2016-08-31 00:00:00,828
Relaxed Fit Jeans,2016-09-30 00:00:00,567
Relaxed Fit Jeans,2016-10-31 00:00:00,857
Relaxed Fit Jeans,2016-11-30 00:00:00,907
Relaxed Fit Jeans,2016-12-31 00:00:00,765
Relaxed Fit Jeans,2017-01-31 00:00:00,895
Relaxed Fit Jeans,2017-02-28 00:00:00,542
Relaxed Fit Jeans,2017-03-31 00:00:00,783
Relaxed Fit Jeans,2017-04-30 00:00:00,782
Relaxed Fit Jeans,2017-05-31 00:00:00,572
Relaxed Fit Jeans,2017-06-30 00:00:00,819
Relaxed Fit Jeans,2017-07-31 00:00:00,660
Relaxed Fit Jeans,2017-08-31 00:00:00,848
Relaxed Fit Jeans,2017-09-30 00:00:00,912
Relaxed Fit Jeans,2017-10-31 00:00:00,767
Relaxed Fit Jeans,2017-11-30 00:00:00,594
Relaxed Fit Jeans,2017-12-31 00:00:00,932
Relaxed Fit Jeans,2018-01-31 00:00:00,698
Relaxed Fit Jeans,2018-02-28 00:00:00,445
Relaxed Fit Jeans,2018-03-31 00:00:00,907
Relaxed Fit Jeans,2018-04-30 00:00:00,983
Relaxed Fit Jeans,2018-05-31 00:00:00,592
Relaxed Fit Jeans,2018-06-30 00:00:00,785
Relaxed Fit Jeans,2018-07-31 00:00:00,910
Relaxed Fit Jeans,2018-08-31 00:00:00,882
Relaxed Fit Jeans,2018-09-30 00:00:00,844
Relaxed Fit Jeans,2018-10-31 00:00:00,951
Relaxed Fit Jeans,2018-11-30 00:00:00,826
Relaxed Fit Jeans,2018-12-31 00:00:00,689
Relaxed Fit Jeans,2019-01-31 00:00:00,879
Relaxed Fit Jeans,2019-02-28 00:00:00,724
Relaxed Fit Jeans,2019-03-31 00:00:00,714
Relaxed Fit Jeans,2019-04-30 00:00:00,860
Relaxed Fit Jeans,2019-05-31 00:00:00,569
Relaxed Fit Jeans,2019-06-30 00:00:00,843
Relaxed Fit Jeans,2019-07-31 00:00:00,852
Relaxed Fit Jeans,2019-08-31 00:00:00,659
Relaxed Fit Jeans,2019-09-30 00:00:00,825
Relaxed Fit Jeans,2019-10-31 00:00:00,752
Relaxed Fit Jeans,2019-11-30 00:00:00,863
Relaxed Fit Jeans,2019-12-31 00:00:00,955
Relaxed Fit Jeans,2020-01-31 00:00:00,657
Relaxed Fit Jeans,2020-02-29 00:00:00,736
Relaxed Fit Jeans,2020-03-31 00:00:00,623
Relaxed Fit Jeans,2020-04-30 00:00:00,856
Relaxed Fit Jeans,2020-05-31 00:00:00,626
Relaxed Fit Jeans,2020-06-30 00:00:00,632
Relaxed Fit Jeans,2020-07-31 00:00:00,854
Relaxed Fit Jeans,2020-08-31 00:00:00,634
Relaxed Fit Jeans,2020-09-30 00:00:00,681
Relaxed Fit Jeans,2020-10-31 00:00:00,827
Relaxed Fit Jeans,2020-11-30 00:00:00,668
Relaxed Fit Jeans,2020-12-31 00:00:00,663
Relaxed Fit Jeans,2021-01-31 00:00:00,809
Relaxed Fit Jeans,2021-02-28 00:00:00,850
Relaxed Fit Jeans,2021-03-31 00:00:00,858
Relaxed Fit Jeans,2021-04-30 00:00:00,746
Relaxed Fit Jeans,2021-05-31 00:00:00,806
Relaxed Fit Jeans,2021-06-30 00:00:00,914
Relaxed Fit Jeans,2021-07-31 00:00:00,937
Relaxed Fit Jeans,2021-08-31 00:00:00,843
Relaxed Fit Jeans,2021-09-30 00:00:00,743
Relaxed Fit Jeans,2021-10-31 00:00:00,733
Relaxed Fit Jeans,2021-11-30 00:00:00,1027
Relaxed Fit Jeans,2021-12-31 00:00:00,992
Relaxed Fit Jeans,2022-01-31 00:00:00,731
Relaxed Fit Jeans,2022-02-28 00:00:00,640
Relaxed Fit Jeans,2022-03-31 00:00:00,802
Relaxed Fit Jeans,2022-04-30 00:00:00,927
Relaxed Fit Jeans,2022-05-31 00:00:00,682
Relaxed Fit Jeans,2022-06-30 00:00:00,768
Relaxed Fit Jeans,2022-07-31 00:00:00,797
Relaxed Fit Jeans,2022-08-31 00:00:00,976
Relaxed Fit Jeans,2022-09-30 00:00:00,890
Relaxed Fit Jeans,2022-10-31 00:00:00,768
Relaxed Fit Jeans,2022-11-30 00:00:00,746
Relaxed Fit Jeans,2022-12-31 00:00:00,860
Relaxed Fit Jeans,2023-01-31 00:00:00,1039
Relaxed Fit Jeans,2023-02-28 00:00:00,713
Relaxed Fit Jeans,2023-03-31 00:00:00,836
Relaxed Fit Jeans,2023-04-30 00:00:00,893
Relaxed Fit Jeans,2023-05-31 00:00:00,668
Relaxed Fit Jeans,2023-06-30 00:00:00,831
Relaxed Fit Jeans,2023-07-31 00:00:00,929
Relaxed Fit Jeans,2023-08-31 00:00:00,742
Relaxed Fit Jeans,2023-09-30 00:00:00,770
Relaxed Fit Jeans,2023-10-31 00:00:00,962
Relaxed Fit Jeans,2023-11-30 00:00:00,656
Relaxed Fit Jeans,2023-12-31 00:00:00,733
Relaxed Fit Jeans,2024-01-31 00:00:00,783
Relaxed Fit Jeans,2024-02-29 00:00:00,638
Relaxed Fit Jeans,2024-03-31 00:00:00,713
Relaxed Fit Jeans,2024-04-30 00:00:00,703
Relaxed Fit Jeans,2024-05-31 00:00:00,605
Relaxed Fit Jeans,2024-06-30 00:00:00,724
Relaxed Fit Jeans,2024-07-31 00:00:00,754
Relaxed Fit Jeans,2024-08-31 00:00:00,737
Relaxed Fit Jeans,2024-09-30 00:00:00,677
Relaxed Fit Jeans,2024-10-31 00:00:00,705
Relaxed Fit Jeans,2024-11-30 00:00:00,673
Relaxed Fit Jeans,2024-12-31 00:00:00,741
Relaxed Fit Jeans,2025-01-31 00:00:00,774
Relaxed Fit Jeans,2025-02-28 00:00:00,591
Relaxed Fit Jeans,2025-03-31 00:00:00,698
Relaxed Fit Jeans,2025-04-30 00:00:00,739
Relaxed Fit Jeans,2025-05-31 00:00:00,571
Relaxed Fit Jeans,2025-06-30 00:00:00,693
Relaxed Fit Jeans,2025-07-31 00:00:00,745
Relaxed Fit Jeans,2025-08-31 00:00:00,709
Relaxed Fit Jeans,2025-09-30 00:00:00,687
Relaxed Fit Jeans,2025-10-31 00:00:00,728
Relaxed Fit Jeans,2025-11-30 00:00:00,607
Relaxed Fit Jeans,2025-12-31 00:00:00,672
Relaxed Fit Jeans,2026-01-31 00:00:00,787
Relaxed Fit Jeans,2026-02-28 00:00:00,571
Relaxed Fit Jeans,2026-03-31 00:00:00,667
Relaxed Fit Jeans,2026-04-30 00:00:00,707
Relaxed Fit Jeans,2026-05-31 00:00:00,546
Relaxed Fit Jeans,2026-06-30 00:00:00,676
Relaxed Fit Jeans,2026-07-31 00:00:00,719
Relaxed Fit Jeans,2026-08-31 00:00:00,651
Relaxed Fit Jeans,2026-09-30 00:00:00,644
Relaxed Fit Jeans,2026-10-31 00:00:00,722
Relaxed Fit Jeans,2026-11-30 00:00:00,594
Relaxed Fit Jeans,2026-12-31 00:00:00,650
Relaxed Fit Jeans,2027-01-31 00:00:00,745
Relaxed Fit Jeans,2027-02-28 00:00:00,554
Relaxed Fit Jeans,2027-03-31 00:00:00,647
Relaxed Fit Jeans,2027-04-30 00:00:00,672
Relaxed Fit Jeans,2027-05-31 00:00:00,517
Relaxed Fit Jeans,2027-06-30 00:00:00,651
Relaxed Fit Jeans,2027-07-31 00:00:00,696
Relaxed Fit Jeans,2027-08-31 00:00:00,659
Relaxed Fit Jeans,2027-09-30 00:00:00,623
Relaxed Fit Jeans,2027-10-31 00:00:00,675
Relaxed Fit Jeans,2027-11-30 00:00:00,577
Relaxed Fit Jeans,2027-12-31 00:00:00,641
Relaxed Fit Jeans,2028-01-31 00:00:00,723
Relaxed Fit Jeans,2028-02-29 00:00:00,531
Relaxed Fit Jeans,2028-03-31 00:00:00,630
Relaxed Fit Jeans,2028-04-30 00:00:00,662
Relaxed Fit Jeans,2028-05-31 00:00:00,504
Relaxed Fit Jeans,2028-06-30 00:00:00,632
Relaxed Fit Jeans,2028-07-31 00:00:00,673
Relaxed Fit Jeans,2028-08-31 00:00:00,633
Relaxed Fit Jeans,2028-09-30 00:00:00,609
Relaxed Fit T-Shirt,2015-01-31 00:00:00,913
Relaxed Fit T-Shirt,2015-02-28 00:00:00,684
Relaxed Fit T-Shirt,2015-03-31 00:00:00,663
Relaxed Fit T-Shirt,2015-04-30 00:00:00,872
Relaxed Fit T-Shirt,2015-05-31 00:00:00,737
Relaxed Fit T-Shirt,2015-06-30 00:00:00,760
Relaxed Fit T-Shirt,2015-07-31 00:00:00,917
Relaxed Fit T-Shirt,2015-08-31 00:00:00,886
Relaxed Fit T-Shirt,2015-09-30 00:00:00,811
Relaxed Fit T-Shirt,2015-10-31 00:00:00,782
Relaxed Fit T-Shirt,2015-11-30 00:00:00,980
Relaxed Fit T-Shirt,2015-12-31 00:00:00,731
Relaxed Fit T-Shirt,2016-01-31 00:00:00,747
Relaxed Fit T-Shirt,2016-02-29 00:00:00,620
Relaxed Fit T-Shirt,2016-03-31 00:00:00,902
Relaxed Fit T-Shirt,2016-04-30 00:00:00,729
Relaxed Fit T-Shirt,2016-05-31 00:00:00,827
Relaxed Fit T-Shirt,2016-06-30 00:00:00,915
Relaxed Fit T-Shirt,2016-07-31 00:00:00,735
Relaxed Fit T-Shirt,2016-08-31 00:00:00,655
Relaxed Fit T-Shirt,2016-09-30 00:00:00,664
Relaxed Fit T-Shirt,2016-10-31 00:00:00,694
Relaxed Fit T-Shirt,2016-11-30 00:00:00,928
Relaxed Fit T-Shirt,2016-12-31 00:00:00,812
Relaxed Fit T-Shirt,2017-01-31 00:00:00,743
Relaxed Fit T-Shirt,2017-02-28 00:00:00,816
Relaxed Fit T-Shirt,2017-03-31 00:00:00,649
Relaxed Fit T-Shirt,2017-04-30 00:00:00,904
Relaxed Fit T-Shirt,2017-05-31 00:00:00,822
Relaxed Fit T-Shirt,2017-06-30 00:00:00,832
Relaxed Fit T-Shirt,2017-07-31 00:00:00,913
Relaxed Fit T-Shirt,2017-08-31 00:00:00,587
Relaxed Fit T-Shirt,2017-09-30 00:00:00,843
Relaxed Fit T-Shirt,2017-10-31 00:00:00,633
Relaxed Fit T-Shirt,2017-11-30 00:00:00,888
Relaxed Fit T-Shirt,2017-12-31 00:00:00,776
Relaxed Fit T-Shirt,2018-01-31 00:00:00,716
Relaxed Fit T-Shirt,2018-02-28 00:00:00,761
Relaxed Fit T-Shirt,2018-03-31 00:00:00,908
Relaxed Fit T-Shirt,2018-04-30 00:00:00,886
Relaxed Fit T-Shirt,2018-05-31 00:00:00,953
Relaxed Fit T-Shirt,2018-06-30 00:00:00,810
Relaxed Fit T-Shirt,2018-07-31 00:00:00,789
Relaxed Fit T-Shirt,2018-08-31 00:00:00,621
Relaxed Fit T-Shirt,2018-09-30 00:00:00,890
Relaxed Fit T-Shirt,2018-10-31 00:00:00,816
Relaxed Fit T-Shirt,2018-11-30 00:00:00,633
Relaxed Fit T-Shirt,2018-12-31 00:00:00,901
Relaxed Fit T-Shirt,2019-01-31 00:00:00,793
Relaxed Fit T-Shirt,2019-02-28 00:00:00,832
Relaxed Fit T-Shirt,2019-03-31 00:00:00,746
Relaxed Fit T-Shirt,2019-04-30 00:00:00,679
Relaxed Fit T-Shirt,2019-05-31 00:00:00,768
Relaxed Fit T-Shirt,2019-06-30 00:00:00,803
Relaxed Fit T-Shirt,2019-07-31 00:00:00,819
Relaxed Fit T-Shirt,2019-08-31 00:00:00,690
Relaxed Fit T-Shirt,2019-09-30 00:00:00,724
Relaxed Fit T-Shirt,2019-10-31 00:00:00,732
Relaxed Fit T-Shirt,2019-11-30 00:00:00,775
Relaxed Fit T-Shirt,2019-12-31 00:00:00,859
Relaxed Fit T-Shirt,2020-01-31 00:00:00,669
Relaxed Fit T-Shirt,2020-02-29 00:00:00,694
Relaxed Fit T-Shirt,2020-03-31 00:00:00,840
Relaxed Fit T-Shirt,2020-04-30 00:00:00,816
Relaxed Fit T-Shirt,2020-05-31 00:00:00,897
Relaxed Fit T-Shirt,2020-06-30 00:00:00,861
Relaxed Fit T-Shirt,2020-07-31 00:00:00,638
Relaxed Fit T-Shirt,2020-08-31 00:00:00,907
Relaxed Fit T-Shirt,2020-09-30 00:00:00,679
Relaxed Fit T-Shirt,2020-10-31 00:00:00,825
Relaxed Fit T-Shirt,2020-11-30 00:00:00,854
Relaxed Fit T-Shirt,2020-12-31 00:00:00,952
Relaxed Fit T-Shirt,2021-01-31 00:00:00,908
Relaxed Fit T-Shirt,2021-02-28 00:00:00,625
Relaxed Fit T-Shirt,2021-03-31 00:00:00,909
Relaxed Fit T-Shirt,2021-04-30 00:00:00,812
Relaxed Fit T-Shirt,2021-05-31 00:00:00,849
Relaxed Fit T-Shirt,2021-06-30 00:00:00,586
Relaxed Fit T-Shirt,2021-07-31 00:00:00,940
Relaxed Fit T-Shirt,2021-08-31 00:00:00,843
Relaxed Fit T-Shirt,2021-09-30 00:00:00,563
Relaxed Fit T-Shirt,2021-10-31 00:00:00,797
Relaxed Fit T-Shirt,2021-11-30 00:00:00,850
Relaxed Fit T-Shirt,2021-12-31 00:00:00,836
Relaxed Fit T-Shirt,2022-01-31 00:00:00,798
Relaxed Fit T-Shirt,2022-02-28 00:00:00,923
Relaxed Fit T-Shirt,2022-03-31 00:00:00,1003
Relaxed Fit T-Shirt,2022-04-30 00:00:00,804
Relaxed Fit T-Shirt,2022-05-31 00:00:00,610
Relaxed Fit T-Shirt,2022-06-30 00:00:00,719
Relaxed Fit T-Shirt,2022-07-31 00:00:00,1020
Relaxed Fit T-Shirt,2022-08-31 00:00:00,692
Relaxed Fit T-Shirt,2022-09-30 00:00:00,871
Relaxed Fit T-Shirt,2022-10-31 00:00:00,764
Relaxed Fit T-Shirt,2022-11-30 00:00:00,792
Relaxed Fit T-Shirt,2022-12-31 00:00:00,750
Relaxed Fit T-Shirt,2023-01-31 00:00:00,987
Relaxed Fit T-Shirt,2023-02-28 00:00:00,756
Relaxed Fit T-Shirt,2023-03-31 00:00:00,592
Relaxed Fit T-Shirt,2023-04-30 00:00:00,624
Relaxed Fit T-Shirt,2023-05-31 00:00:00,905
Relaxed Fit T-Shirt,2023-06-30 00:00:00,761
Relaxed Fit T-Shirt,2023-07-31 00:00:00,903
Relaxed Fit T-Shirt,2023-08-31 00:00:00,731
Relaxed Fit T-Shirt,2023-09-30 00:00:00,807
Relaxed Fit T-Shirt,2023-10-31 00:00:00,948
Relaxed Fit T-Shirt,2023-11-30 00:00:00,867
Relaxed Fit T-Shirt,2023-12-31 00:00:00,842
Relaxed Fit T-Shirt,2024-01-31 00:00:00,869
Relaxed Fit T-Shirt,2024-02-29 00:00:00,876
Relaxed Fit T-Shirt,2024-03-31 00:00:00,837
Relaxed Fit T-Shirt,2024-04-30 00:00:00,727
Relaxed Fit T-Shirt,2024-05-31 00:00:00,745
Relaxed Fit T-Shirt,2024-06-30 00:00:00,755
Relaxed Fit T-Shirt,2024-07-31 00:00:00,965
Relaxed Fit T-Shirt,2024-08-31 00:00:00,719
Relaxed Fit T-Shirt,2024-09-30 00:00:00,843
Relaxed Fit T-Shirt,2024-10-31 00:00:00,845
Relaxed Fit T-Shirt,2024-11-30 00:00:00,825
Relaxed Fit T-Shirt,2024-12-31 00:00:00,786
Relaxed Fit T-Shirt,2025-01-31 00:00:00,952
Relaxed Fit T-Shirt,2025-02-28 00:00:00,843
Relaxed Fit T-Shirt,2025-03-31 00:00:00,754
Relaxed Fit T-Shirt,2025-04-30 00:00:00,721
Relaxed Fit T-Shirt,2025-05-31 00:00:00,855
Relaxed Fit T-Shirt,2025-06-30 00:00:00,791
Relaxed Fit T-Shirt,2025-07-31 00:00:00,948
Relaxed Fit T-Shirt,2025-08-31 00:00:00,758
Relaxed Fit T-Shirt,2025-09-30 00:00:00,856
Relaxed Fit T-Shirt,2025-10-31 00:00:00,927
Relaxed Fit T-Shirt,2025-11-30 00:00:00,882
Relaxed Fit T-Shirt,2025-12-31 00:00:00,845
Relaxed Fit T-Shirt,2026-01-31 00:00:00,971
Relaxed Fit T-Shirt,2026-02-28 00:00:00,924
Relaxed Fit T-Shirt,2026-03-31 00:00:00,870
Relaxed Fit T-Shirt,2026-04-30 00:00:00,781
Relaxed Fit T-Shirt,2026-05-31 00:00:00,857
Relaxed Fit T-Shirt,2026-06-30 00:00:00,838
Relaxed Fit T-Shirt,2026-07-31 00:00:00,1024
Relaxed Fit T-Shirt,2026-08-31 00:00:00,794
Relaxed Fit T-Shirt,2026-09-30 00:00:00,910
Relaxed Fit T-Shirt,2026-10-31 00:00:00,951
Relaxed Fit T-Shirt,2026-11-30 00:00:00,917
Relaxed Fit T-Shirt,2026-12-31 00:00:00,885
Relaxed Fit T-Shirt,2027-01-31 00:00:00,1028
Relaxed Fit T-Shirt,2027-02-28 00:00:00,953
Relaxed Fit T-Shirt,2027-03-31 00:00:00,855
Relaxed Fit T-Shirt,2027-04-30 00:00:00,800
Relaxed Fit T-Shirt,2027-05-31 00:00:00,928
Relaxed Fit T-Shirt,2027-06-30 00:00:00,883
Relaxed Fit T-Shirt,2027-07-31 00:00:00,1054
Relaxed Fit T-Shirt,2027-08-31 00:00:00,855
Relaxed Fit T-Shirt,2027-09-30 00:00:00,949
Relaxed Fit T-Shirt,2027-10-31 00:00:00,1009
Relaxed Fit T-Shirt,2027-11-30 00:00:00,971
Relaxed Fit T-Shirt,2027-12-31 00:00:00,942
Relaxed Fit T-Shirt,2028-01-31 00:00:00,1072
Relaxed Fit T-Shirt,2028-02-29 00:00:00,1004
Relaxed Fit T-Shirt,2028-03-31 00:00:00,927
Relaxed Fit T-Shirt,2028-04-30 00:00:00,866
Relaxed Fit T-Shirt,2028-05-31 00:00:00,960
Relaxed Fit T-Shirt,2028-06-30 00:00:00,932
Relaxed Fit T-Shirt,2028-07-31 00:00:00,1113
Relaxed Fit T-Shirt,2028-08-31 00:00:00,899
Relaxed Fit T-Shirt,2028-09-30 00:00:00,1001
Sandals,2015-01-31 00:00:00,825
Sandals,2015-02-28 00:00:00,745
Sandals,2015-03-31 00:00:00,977
Sandals,2015-04-30 00:00:00,807
Sandals,2015-05-31 00:00:00,557
Sandals,2015-06-30 00:00:00,743
Sandals,2015-07-31 00:00:00,754
Sandals,2015-08-31 00:00:00,871
Sandals,2015-09-30 00:00:00,925
Sandals,2015-10-31 00:00:00,851
Sandals,2015-11-30 00:00:00,878
Sandals,2015-12-31 00:00:00,655
Sandals,2016-01-31 00:00:00,682
Sandals,2016-02-29 00:00:00,748
Sandals,2016-03-31 00:00:00,1017
Sandals,2016-04-30 00:00:00,858
Sandals,2016-05-31 00:00:00,878
Sandals,2016-06-30 00:00:00,765
Sandals,2016-07-31 00:00:00,787
Sandals,2016-08-31 00:00:00,818
Sandals,2016-09-30 00:00:00,660
Sandals,2016-10-31 00:00:00,799
Sandals,2016-11-30 00:00:00,868
Sandals,2016-12-31 00:00:00,927
Sandals,2017-01-31 00:00:00,983
Sandals,2017-02-28 00:00:00,831
Sandals,2017-03-31 00:00:00,823
Sandals,2017-04-30 00:00:00,829
Sandals,2017-05-31 00:00:00,847
Sandals,2017-06-30 00:00:00,812
Sandals,2017-07-31 00:00:00,710
Sandals,2017-08-31 00:00:00,774
Sandals,2017-09-30 00:00:00,801
Sandals,2017-10-31 00:00:00,1060
Sandals,2017-11-30 00:00:00,756
Sandals,2017-12-31 00:00:00,896
Sandals,2018-01-31 00:00:00,906
Sandals,2018-02-28 00:00:00,704
Sandals,2018-03-31 00:00:00,611
Sandals,2018-04-30 00:00:00,844
Sandals,2018-05-31 00:00:00,995
Sandals,2018-06-30 00:00:00,656
Sandals,2018-07-31 00:00:00,809
Sandals,2018-08-31 00:00:00,844
Sandals,2018-09-30 00:00:00,585
Sandals,2018-10-31 00:00:00,829
Sandals,2018-11-30 00:00:00,684
Sandals,2018-12-31 00:00:00,723
Sandals,2019-01-31 00:00:00,725
Sandals,2019-02-28 00:00:00,679
Sandals,2019-03-31 00:00:00,979
Sandals,2019-04-30 00:00:00,1042
Sandals,2019-05-31 00:00:00,902
Sandals,2019-06-30 00:00:00,691
Sandals,2019-07-31 00:00:00,783
Sandals,2019-08-31 00:00:00,800
Sandals,2019-09-30 00:00:00,1013
Sandals,2019-10-31 00:00:00,911
Sandals,2019-11-30 00:00:00,675
Sandals,2019-12-31 00:00:00,870
Sandals,2020-01-31 00:00:00,658
Sandals,2020-02-29 00:00:00,914
Sandals,2020-03-31 00:00:00,815
Sandals,2020-04-30 00:00:00,724
Sandals,2020-05-31 00:00:00,679
Sandals,2020-06-30 00:00:00,696
Sandals,2020-07-31 00:00:00,1295
Sandals,2020-08-31 00:00:00,880
Sandals,2020-09-30 00:00:00,1015
Sandals,2020-10-31 00:00:00,546
Sandals,2020-11-30 00:00:00,805
Sandals,2020-12-31 00:00:00,742
Sandals,2021-01-31 00:00:00,1006
Sandals,2021-02-28 00:00:00,586
Sandals,2021-03-31 00:00:00,560
Sandals,2021-04-30 00:00:00,854
Sandals,2021-05-31 00:00:00,761
Sandals,2021-06-30 00:00:00,867
Sandals,2021-07-31 00:00:00,643
Sandals,2021-08-31 00:00:00,838
Sandals,2021-09-30 00:00:00,764
Sandals,2021-10-31 00:00:00,876
Sandals,2021-11-30 00:00:00,734
Sandals,2021-12-31 00:00:00,725
Sandals,2022-01-31 00:00:00,703
Sandals,2022-02-28 00:00:00,795
Sandals,2022-03-31 00:00:00,934
Sandals,2022-04-30 00:00:00,676
Sandals,2022-05-31 00:00:00,928
Sandals,2022-06-30 00:00:00,935
Sandals,2022-07-31 00:00:00,831
Sandals,2022-08-31 00:00:00,862
Sandals,2022-09-30 00:00:00,766
Sandals,2022-10-31 00:00:00,675
Sandals,2022-11-30 00:00:00,941
Sandals,2022-12-31 00:00:00,652
Sandals,2023-01-31 00:00:00,884
Sandals,2023-02-28 00:00:00,583
Sandals,2023-03-31 00:00:00,766
Sandals,2023-04-30 00:00:00,774
Sandals,2023-05-31 00:00:00,631
Sandals,2023-06-30 00:00:00,681
Sandals,2023-07-31 00:00:00,885
Sandals,2023-08-31 00:00:00,736
Sandals,2023-09-30 00:00:00,730
Sandals,2023-10-31 00:00:00,803
Sandals,2023-11-30 00:00:00,778
Sandals,2023-12-31 00:00:00,1076
Sandals,2024-01-31 00:00:00,740
Sandals,2024-02-29 00:00:00,661
Sandals,2024-03-31 00:00:00,728
Sandals,2024-04-30 00:00:00,757
Sandals,2024-05-31 00:00:00,895
Sandals,2024-06-30 00:00:00,823
Sandals,2024-07-31 00:00:00,773
Sandals,2024-08-31 00:00:00,782
Sandals,2024-09-30 00:00:00,770
Sandals,2024-10-31 00:00:00,797
Sandals,2024-11-30 00:00:00,828
Sandals,2024-12-31 00:00:00,763
Sandals,2025-01-31 00:00:00,784
Sandals,2025-02-28 00:00:00,701
Sandals,2025-03-31 00:00:00,830
Sandals,2025-04-30 00:00:00,758
Sandals,2025-05-31 00:00:00,784
Sandals,2025-06-30 00:00:00,788
Sandals,2025-07-31 00:00:00,874
Sandals,2025-08-31 00:00:00,802
Sandals,2025-09-30 00:00:00,772
Sandals,2025-10-31 00:00:00,778
Sandals,2025-11-30 00:00:00,845
Sandals,2025-12-31 00:00:00,874
Sandals,2026-01-31 00:00:00,844
Sandals,2026-02-28 00:00:00,699
Sandals,2026-03-31 00:00:00,802
Sandals,2026-04-30 00:00:00,806
Sandals,2026-05-31 00:00:00,837
Sandals,2026-06-30 00:00:00,822
Sandals,2026-07-31 00:00:00,870
Sandals,2026-08-31 00:00:00,819
Sandals,2026-09-30 00:00:00,802
Sandals,2026-10-31 00:00:00,839
Sandals,2026-11-30 00:00:00,867
Sandals,2026-12-31 00:00:00,926
Sandals,2027-01-31 00:00:00,849
Sandals,2027-02-28 00:00:00,755
Sandals,2027-03-31 00:00:00,856
Sandals,2027-04-30 00:00:00,831
Sandals,2027-05-31 00:00:00,904
Sandals,2027-06-30 00:00:00,880
Sandals,2027-07-31 00:00:00,899
Sandals,2027-08-31 00:00:00,869
Sandals,2027-09-30 00:00:00,843
Sandals,2027-10-31 00:00:00,863
Sandals,2027-11-30 00:00:00,913
Sandals,2027-12-31 00:00:00,921
Sandals,2028-01-31 00:00:00,896
Sandals,2028-02-29 00:00:00,782
Sandals,2028-03-31 00:00:00,894
Sandals,2028-04-30 00:00:00,869
Sandals,2028-05-31 00:00:00,916
Sandals,2028-06-30 00:00:00,898
Sandals,2028-07-31 00:00:00,940
Sandals,2028-08-31 00:00:00,895
Sandals,2028-09-30 00:00:00,870
Shackets,2015-01-31 00:00:00,854
Shackets,2015-02-28 00:00:00,767
Shackets,2015-03-31 00:00:00,953
Shackets,2015-04-30 00:00:00,968
Shackets,2015-05-31 00:00:00,827
Shackets,2015-06-30 00:00:00,662
Shackets,2015-07-31 00:00:00,862
Shackets,2015-08-31 00:00:00,789
Shackets,2015-09-30 00:00:00,729
Shackets,2015-10-31 00:00:00,906
Shackets,2015-11-30 00:00:00,743
Shackets,2015-12-31 00:00:00,783
Shackets,2016-01-31 00:00:00,694
Shackets,2016-02-29 00:00:00,647
Shackets,2016-03-31 00:00:00,844
Shackets,2016-04-30 00:00:00,731
Shackets,2016-05-31 00:00:00,757
Shackets,2016-06-30 00:00:00,910
Shackets,2016-07-31 00:00:00,837
Shackets,2016-08-31 00:00:00,782
Shackets,2016-09-30 00:00:00,696
Shackets,2016-10-31 00:00:00,777
Shackets,2016-11-30 00:00:00,787
Shackets,2016-12-31 00:00:00,794
Shackets,2017-01-31 00:00:00,1049
Shackets,2017-02-28 00:00:00,661
Shackets,2017-03-31 00:00:00,668
Shackets,2017-04-30 00:00:00,746
Shackets,2017-05-31 00:00:00,855
Shackets,2017-06-30 00:00:00,798
Shackets,2017-07-31 00:00:00,765
Shackets,2017-08-31 00:00:00,795
Shackets,2017-09-30 00:00:00,988
Shackets,2017-10-31 00:00:00,938
Shackets,2017-11-30 00:00:00,833
Shackets,2017-12-31 00:00:00,889
Shackets,2018-01-31 00:00:00,1001
Shackets,2018-02-28 00:00:00,810
Shackets,2018-03-31 00:00:00,943
Shackets,2018-04-30 00:00:00,703
Shackets,2018-05-31 00:00:00,596
Shackets,2018-06-30 00:00:00,847
Shackets,2018-07-31 00:00:00,840
Shackets,2018-08-31 00:00:00,774
Shackets,2018-09-30 00:00:00,673
Shackets,2018-10-31 00:00:00,869
Shackets,2018-11-30 00:00:00,735
Shackets,2018-12-31 00:00:00,830
Shackets,2019-01-31 00:00:00,635
Shackets,2019-02-28 00:00:00,819
Shackets,2019-03-31 00:00:00,762
Shackets,2019-04-30 00:00:00,902
Shackets,2019-05-31 00:00:00,713
Shackets,2019-06-30 00:00:00,759
Shackets,2019-07-31 00:00:00,1042
Shackets,2019-08-31 00:00:00,794
Shackets,2019-09-30 00:00:00,946
Shackets,2019-10-31 00:00:00,894
Shackets,2019-11-30 00:00:00,870
Shackets,2019-12-31 00:00:00,745
Shackets,2020-01-31 00:00:00,883
Shackets,2020-02-29 00:00:00,745
Shackets,2020-03-31 00:00:00,683
Shackets,2020-04-30 00:00:00,682
Shackets,2020-05-31 00:00:00,656
Shackets,2020-06-30 00:00:00,891
Shackets,2020-07-31 00:00:00,723
Shackets,2020-08-31 00:00:00,562
Shackets,2020-09-30 00:00:00,830
Shackets,2020-10-31 00:00:00,1011
Shackets,2020-11-30 00:00:00,697
Shackets,2020-12-31 00:00:00,847
Shackets,2021-01-31 00:00:00,828
Shackets,2021-02-28 00:00:00,655
Shackets,2021-03-31 00:00:00,767
Shackets,2021-04-30 00:00:00,906
Shackets,2021-05-31 00:00:00,671
Shackets,2021-06-30 00:00:00,704
Shackets,2021-07-31 00:00:00,731
Shackets,2021-08-31 00:00:00,756
Shackets,2021-09-30 00:00:00,459
Shackets,2021-10-31 00:00:00,737
Shackets,2021-11-30 00:00:00,696
Shackets,2021-12-31 00:00:00,866
Shackets,2022-01-31 00:00:00,910
Shackets,2022-02-28 00:00:00,770
Shackets,2022-03-31 00:00:00,920
Shackets,2022-04-30 00:00:00,819
Shackets,2022-05-31 00:00:00,1036
Shackets,2022-06-30 00:00:00,832
Shackets,2022-07-31 00:00:00,873
Shackets,2022-08-31 00:00:00,747
Shackets,2022-09-30 00:00:00,946
Shackets,2022-10-31 00:00:00,913
Shackets,2022-11-30 00:00:00,685
Shackets,2022-12-31 00:00:00,664
Shackets,2023-01-31 00:00:00,854
Shackets,2023-02-28 00:00:00,736
Shackets,2023-03-31 00:00:00,940
Shackets,2023-04-30 00:00:00,843
Shackets,2023-05-31 00:00:00,780
Shackets,2023-06-30 00:00:00,675
Shackets,2023-07-31 00:00:00,812
Shackets,2023-08-31 00:00:00,634
Shackets,2023-09-30 00:00:00,929
Shackets,2023-10-31 00:00:00,811
Shackets,2023-11-30 00:00:00,821
Shackets,2023-12-31 00:00:00,661
Shackets,2024-01-31 00:00:00,823
Shackets,2024-02-29 00:00:00,605
Shackets,2024-03-31 00:00:00,815
Shackets,2024-04-30 00:00:00,733
Shackets,2024-05-31 00:00:00,736
Shackets,2024-06-30 00:00:00,628
Shackets,2024-07-31 00:00:00,720
Shackets,2024-08-31 00:00:00,616
Shackets,2024-09-30 00:00:00,658
Shackets,2024-10-31 00:00:00,712
Shackets,2024-11-30 00:00:00,655
Shackets,2024-12-31 00:00:00,665
Shackets,2025-01-31 00:00:00,809
Shackets,2025-02-28 00:00:00,658
Shackets,2025-03-31 00:00:00,808
Shackets,2025-04-30 00:00:00,738
Shackets,2025-05-31 00:00:00,805
Shackets,2025-06-30 00:00:00,677
Shackets,2025-07-31 00:00:00,742
Shackets,2025-08-31 00:00:00,619
Shackets,2025-09-30 00:00:00,785
Shackets,2025-10-31 00:00:00,755
Shackets,2025-11-30 00:00:00,655
Shackets,2025-12-31 00:00:00,613
Shackets,2026-01-31 00:00:00,786
Shackets,2026-02-28 00:00:00,635
Shackets,2026-03-31 00:00:00,823
Shackets,2026-04-30 00:00:00,741
Shackets,2026-05-31 00:00:00,731
Shackets,2026-06-30 00:00:00,631
Shackets,2026-07-31 00:00:00,735
Shackets,2026-08-31 00:00:00,607
Shackets,2026-09-30 00:00:00,742
Shackets,2026-10-31 00:00:00,725
Shackets,2026-11-30 00:00:00,677
Shackets,2026-12-31 00:00:00,609
Shackets,2027-01-31 00:00:00,798
Shackets,2027-02-28 00:00:00,616
Shackets,2027-03-31 00:00:00,810
Shackets,2027-04-30 00:00:00,715
Shackets,2027-05-31 00:00:00,749
Shackets,2027-06-30 00:00:00,632
Shackets,2027-07-31 00:00:00,719
Shackets,2027-08-31 00:00:00,600
Shackets,2027-09-30 00:00:00,722
Shackets,2027-10-31 00:00:00,728
Shackets,2027-11-30 00:00:00,654
Shackets,2027-12-31 00:00:00,624
Shackets,2028-01-31 00:00:00,789
Shackets,2028-02-29 00:00:00,626
Shackets,2028-03-31 00:00:00,817
Shackets,2028-04-30 00:00:00,729
Shackets,2028-05-31 00:00:00,761
Shackets,2028-06-30 00:00:00,639
Shackets,2028-07-31 00:00:00,731
Shackets,2028-08-31 00:00:00,601
Shackets,2028-09-30 00:00:00,753
Skirts,2015-01-31 00:00:00,902
Skirts,2015-02-28 00:00:00,686
Skirts,2015-03-31 00:00:00,772
Skirts,2015-04-30 00:00:00,821
Skirts,2015-05-31 00:00:00,644
Skirts,2015-06-30 00:00:00,923
Skirts,2015-07-31 00:00:00,744
Skirts,2015-08-31 00:00:00,751
Skirts,2015-09-30 00:00:00,824
Skirts,2015-10-31 00:00:00,735
Skirts,2015-11-30 00:00:00,612
Skirts,2015-12-31 00:00:00,711
Skirts,2016-01-31 00:00:00,756
Skirts,2016-02-29 00:00:00,843
Skirts,2016-03-31 00:00:00,888
Skirts,2016-04-30 00:00:00,829
Skirts,2016-05-31 00:00:00,758
Skirts,2016-06-30 00:00:00,762
Skirts,2016-07-31 00:00:00,849
Skirts,2016-08-31 00:00:00,947
Skirts,2016-09-30 00:00:00,903
Skirts,2016-10-31 00:00:00,719
Skirts,2016-11-30 00:00:00,554
Skirts,2016-12-31 00:00:00,801
Skirts,2017-01-31 00:00:00,1038
Skirts,2017-02-28 00:00:00,672
Skirts,2017-03-31 00:00:00,750
Skirts,2017-04-30 00:00:00,911
Skirts,2017-05-31 00:00:00,849
Skirts,2017-06-30 00:00:00,901
Skirts,2017-07-31 00:00:00,920
Skirts,2017-08-31 00:00:00,989
Skirts,2017-09-30 00:00:00,621
Skirts,2017-10-31 00:00:00,691
Skirts,2017-11-30 00:00:00,1112
Skirts,2017-12-31 00:00:00,840
Skirts,2018-01-31 00:00:00,766
Skirts,2018-02-28 00:00:00,630
Skirts,2018-03-31 00:00:00,865
Skirts,2018-04-30 00:00:00,765
Skirts,2018-05-31 00:00:00,832
Skirts,2018-06-30 00:00:00,642
Skirts,2018-07-31 00:00:00,828
Skirts,2018-08-31 00:00:00,870
Skirts,2018-09-30 00:00:00,730
Skirts,2018-10-31 00:00:00,692
Skirts,2018-11-30 00:00:00,860
Skirts,2018-12-31 00:00:00,909
Skirts,2019-01-31 00:00:00,922
Skirts,2019-02-28 00:00:00,655
Skirts,2019-03-31 00:00:00,994
Skirts,2019-04-30 00:00:00,783
Skirts,2019-05-31 00:00:00,753
Skirts,2019-06-30 00:00:00,833
Skirts,2019-07-31 00:00:00,540
Skirts,2019-08-31 00:00:00,803
Skirts,2019-09-30 00:00:00,750
Skirts,2019-10-31 00:00:00,862
Skirts,2019-11-30 00:00:00,805
Skirts,2019-12-31 00:00:00,699
Skirts,2020-01-31 00:00:00,786
Skirts,2020-02-29 00:00:00,676
Skirts,2020-03-31 00:00:00,592
Skirts,2020-04-30 00:00:00,937
Skirts,2020-05-31 00:00:00,647
Skirts,2020-06-30 00:00:00,640
Skirts,2020-07-31 00:00:00,691
Skirts,2020-08-31 00:00:00,778
Skirts,2020-09-30 00:00:00,881
Skirts,2020-10-31 00:00:00,859
Skirts,2020-11-30 00:00:00,903
Skirts,2020-12-31 00:00:00,886
Skirts,2021-01-31 00:00:00,855
Skirts,2021-02-28 00:00:00,628
Skirts,2021-03-31 00:00:00,853
Skirts,2021-04-30 00:00:00,780
Skirts,2021-05-31 00:00:00,1082
Skirts,2021-06-30 00:00:00,726
Skirts,2021-07-31 00:00:00,686
Skirts,2021-08-31 00:00:00,973
Skirts,2021-09-30 00:00:00,815
Skirts,2021-10-31 00:00:00,776
Skirts,2021-11-30 00:00:00,766
Skirts,2021-12-31 00:00:00,963
Skirts,2022-01-31 00:00:00,918
Skirts,2022-02-28 00:00:00,652
Skirts,2022-03-31 00:00:00,982
Skirts,2022-04-30 00:00:00,826
Skirts,2022-05-31 00:00:00,855
Skirts,2022-06-30 00:00:00,789
Skirts,2022-07-31 00:00:00,929
Skirts,2022-08-31 00:00:00,717
Skirts,2022-09-30 00:00:00,680
Skirts,2022-10-31 00:00:00,800
Skirts,2022-11-30 00:00:00,911
Skirts,2022-12-31 00:00:00,639
Skirts,2023-01-31 00:00:00,888
Skirts,2023-02-28 00:00:00,822
Skirts,2023-03-31 00:00:00,750
Skirts,2023-04-30 00:00:00,644
Skirts,2023-05-31 00:00:00,890
Skirts,2023-06-30 00:00:00,724
Skirts,2023-07-31 00:00:00,743
Skirts,2023-08-31 00:00:00,795
Skirts,2023-09-30 00:00:00,758
Skirts,2023-10-31 00:00:00,814
Skirts,2023-11-30 00:00:00,704
Skirts,2023-12-31 00:00:00,619
Skirts,2024-01-31 00:00:00,752
Skirts,2024-02-29 00:00:00,591
Skirts,2024-03-31 00:00:00,642
Skirts,2024-04-30 00:00:00,627
Skirts,2024-05-31 00:00:00,666
Skirts,2024-06-30 00:00:00,630
Skirts,2024-07-31 00:00:00,602
Skirts,2024-08-31 00:00:00,683
Skirts,2024-09-30 00:00:00,624
Skirts,2024-10-31 00:00:00,627
Skirts,2024-11-30 00:00:00,646
Skirts,2024-12-31 00:00:00,630
Skirts,2025-01-31 00:00:00,704
Skirts,2025-02-28 00:00:00,551
Skirts,2025-03-31 00:00:00,676
Skirts,2025-04-30 00:00:00,648
Skirts,2025-05-31 00:00:00,651
Skirts,2025-06-30 00:00:00,607
Skirts,2025-07-31 00:00:00,608
Skirts,2025-08-31 00:00:00,678
Skirts,2025-09-30 00:00:00,608
Skirts,2025-10-31 00:00:00,614
Skirts,2025-11-30 00:00:00,648
Skirts,2025-12-31 00:00:00,624
Skirts,2026-01-31 00:00:00,699
Skirts,2026-02-28 00:00:00,540
Skirts,2026-03-31 00:00:00,661
Skirts,2026-04-30 00:00:00,641
Skirts,2026-05-31 00:00:00,635
Skirts,2026-06-30 00:00:00,604
Skirts,2026-07-31 00:00:00,604
Skirts,2026-08-31 00:00:00,665
Skirts,2026-09-30 00:00:00,606
Skirts,2026-10-31 00:00:00,616
Skirts,2026-11-30 00:00:00,641
Skirts,2026-12-31 00:00:00,602
Skirts,2027-01-31 00:00:00,696
Skirts,2027-02-28 00:00:00,538
Skirts,2027-03-31 00:00:00,639
Skirts,2027-04-30 00:00:00,625
Skirts,2027-05-31 00:00:00,648
Skirts,2027-06-30 00:00:00,598
Skirts,2027-07-31 00:00:00,589
Skirts,2027-08-31 00:00:00,660
Skirts,2027-09-30 00:00:00,600
Skirts,2027-10-31 00:00:00,608
Skirts,2027-11-30 00:00:00,628
Skirts,2027-12-31 00:00:00,606
Skirts,2028-01-31 00:00:00,688
Skirts,2028-02-29 00:00:00,524
Skirts,2028-03-31 00:00:00,641
Skirts,2028-04-30 00:00:00,618
Skirts,2028-05-31 00:00:00,635
Skirts,2028-06-30 00:00:00,586
Skirts,2028-07-31 00:00:00,586
Skirts,2028-08-31 00:00:00,654
Skirts,2028-09-30 00:00:00,592
Slides,2015-01-31 00:00:00,756
Slides,2015-02-28 00:00:00,802
Slides,2015-03-31 00:00:00,811
Slides,2015-04-30 00:00:00,750
Slides,2015-05-31 00:00:00,855
Slides,2015-06-30 00:00:00,607
Slides,2015-07-31 00:00:00,739
Slides,2015-08-31 00:00:00,812
Slides,2015-09-30 00:00:00,774
Slides,2015-10-31 00:00:00,758
Slides,2015-11-30 00:00:00,681
Slides,2015-12-31 00:00:00,895
Slides,2016-01-31 00:00:00,883
Slides,2016-02-29 00:00:00,716
Slides,2016-03-31 00:00:00,930
Slides,2016-04-30 00:00:00,805
Slides,2016-05-31 00:00:00,812
Slides,2016-06-30 00:00:00,973
Slides,2016-07-31 00:00:00,779
Slides,2016-08-31 00:00:00,653
Slides,2016-09-30 00:00:00,722
Slides,2016-10-31 00:00:00,756
Slides,2016-11-30 00:00:00,1018
Slides,2016-12-31 00:00:00,867
Slides,2017-01-31 00:00:00,884
Slides,2017-02-28 00:00:00,868
Slides,2017-03-31 00:00:00,680
Slides,2017-04-30 00:00:00,911
Slides,2017-05-31 00:00:00,654
Slides,2017-06-30 00:00:00,956
Slides,2017-07-31 00:00:00,918
Slides,2017-08-31 00:00:00,782
Slides,2017-09-30 00:00:00,476
Slides,2017-10-31 00:00:00,941
Slides,2017-11-30 00:00:00,862
Slides,2017-12-31 00:00:00,823
Slides,2018-01-31 00:00:00,748
Slides,2018-02-28 00:00:00,607
Slides,2018-03-31 00:00:00,812
Slides,2018-04-30 00:00:00,662
Slides,2018-05-31 00:00:00,838
Slides,2018-06-30 00:00:00,744
Slides,2018-07-31 00:00:00,865
Slides,2018-08-31 00:00:00,824
Slides,2018-09-30 00:00:00,825
Slides,2018-10-31 00:00:00,1023
Slides,2018-11-30 00:00:00,715
Slides,2018-12-31 00:00:00,876
Slides,2019-01-31 00:00:00,788
Slides,2019-02-28 00:00:00,638
Slides,2019-03-31 00:00:00,759
Slides,2019-04-30 00:00:00,634
Slides,2019-05-31 00:00:00,789
Slides,2019-06-30 00:00:00,1030
Slides,2019-07-31 00:00:00,632
Slides,2019-08-31 00:00:00,745
Slides,2019-09-30 00:00:00,735
Slides,2019-10-31 00:00:00,818
Slides,2019-11-30 00:00:00,860
Slides,2019-12-31 00:00:00,874
Slides,2020-01-31 00:00:00,912
Slides,2020-02-29 00:00:00,724
Slides,2020-03-31 00:00:00,807
Slides,2020-04-30 00:00:00,890
Slides,2020-05-31 00:00:00,762
Slides,2020-06-30 00:00:00,947
Slides,2020-07-31 00:00:00,795
Slides,2020-08-31 00:00:00,787
Slides,2020-09-30 00:00:00,746
Slides,2020-10-31 00:00:00,690
Slides,2020-11-30 00:00:00,871
Slides,2020-12-31 00:00:00,638
Slides,2021-01-31 00:00:00,700
Slides,2021-02-28 00:00:00,829
Slides,2021-03-31 00:00:00,939
Slides,2021-04-30 00:00:00,540
Slides,2021-05-31 00:00:00,657
Slides,2021-06-30 00:00:00,640
Slides,2021-07-31 00:00:00,877
Slides,2021-08-31 00:00:00,755
Slides,2021-09-30 00:00:00,1083
Slides,2021-10-31 00:00:00,809
Slides,2021-11-30 00:00:00,585
Slides,2021-12-31 00:00:00,853
Slides,2022-01-31 00:00:00,770
Slides,2022-02-28 00:00:00,721
Slides,2022-03-31 00:00:00,719
Slides,2022-04-30 00:00:00,750
Slides,2022-05-31 00:00:00,1000
Slides,2022-06-30 00:00:00,829
Slides,2022-07-31 00:00:00,727
Slides,2022-08-31 00:00:00,876
Slides,2022-09-30 00:00:00,766
Slides,2022-10-31 00:00:00,724
Slides,2022-11-30 00:00:00,754
Slides,2022-12-31 00:00:00,610
Slides,2023-01-31 00:00:00,801
Slides,2023-02-28 00:00:00,768
Slides,2023-03-31 00:00:00,1034
Slides,2023-04-30 00:00:00,791
Slides,2023-05-31 00:00:00,1026
Slides,2023-06-30 00:00:00,921
Slides,2023-07-31 00:00:00,731
Slides,2023-08-31 00:00:00,564
Slides,2023-09-30 00:00:00,805
Slides,2023-10-31 00:00:00,914
Slides,2023-11-30 00:00:00,895
Slides,2023-12-31 00:00:00,822
Slides,2024-01-31 00:00:00,682
Slides,2024-02-29 00:00:00,739
Slides,2024-03-31 00:00:00,901
Slides,2024-04-30 00:00:00,668
Slides,2024-05-31 00:00:00,810
Slides,2024-06-30 00:00:00,741
Slides,2024-07-31 00:00:00,793
Slides,2024-08-31 00:00:00,726
Slides,2024-09-30 00:00:00,935
Slides,2024-10-31 00:00:00,816
Slides,2024-11-30 00:00:00,690
Slides,2024-12-31 00:00:00,796
Slides,2025-01-31 00:00:00,764
Slides,2025-02-28 00:00:00,751
Slides,2025-03-31 00:00:00,829
Slides,2025-04-30 00:00:00,748
Slides,2025-05-31 00:00:00,946
Slides,2025-06-30 00:00:00,831
Slides,2025-07-31 00:00:00,759
Slides,2025-08-31 00:00:00,800
Slides,2025-09-30 00:00:00,826
Slides,2025-10-31 00:00:00,791
Slides,2025-11-30 00:00:00,777
Slides,2025-12-31 00:00:00,712
Slides,2026-01-31 00:00:00,795
Slides,2026-02-28 00:00:00,784
Slides,2026-03-31 00:00:00,976
Slides,2026-04-30 00:00:00,778
Slides,2026-05-31 00:00:00,965
Slides,2026-06-30 00:00:00,868
Slides,2026-07-31 00:00:00,773
Slides,2026-08-31 00:00:00,680
Slides,2026-09-30 00:00:00,855
Slides,2026-10-31 00:00:00,881
Slides,2026-11-30 00:00:00,837
Slides,2026-12-31 00:00:00,815
Slides,2027-01-31 00:00:00,786
Slides,2027-02-28 00:00:00,810
Slides,2027-03-31 00:00:00,956
Slides,2027-04-30 00:00:00,771
Slides,2027-05-31 00:00:00,936
Slides,2027-06-30 00:00:00,852
Slides,2027-07-31 00:00:00,845
Slides,2027-08-31 00:00:00,791
Slides,2027-09-30 00:00:00,962
Slides,2027-10-31 00:00:00,885
Slides,2027-11-30 00:00:00,802
Slides,2027-12-31 00:00:00,839
Slides,2028-01-31 00:00:00,839
Slides,2028-02-29 00:00:00,832
Slides,2028-03-31 00:00:00,947
Slides,2028-04-30 00:00:00,827
Slides,2028-05-31 00:00:00,1021
Slides,2028-06-30 00:00:00,909
Slides,2028-07-31 00:00:00,840
Slides,2028-08-31 00:00:00,828
Slides,2028-09-30 00:00:00,920
Slim Fit Jacket,2015-01-31 00:00:00,766
Slim Fit Jacket,2015-02-28 00:00:00,537
Slim Fit Jacket,2015-03-31 00:00:00,924
Slim Fit Jacket,2015-04-30 00:00:00,925
Slim Fit Jacket,2015-05-31 00:00:00,760
Slim Fit Jacket,2015-06-30 00:00:00,730
Slim Fit Jacket,2015-07-31 00:00:00,687
Slim Fit Jacket,2015-08-31 00:00:00,658
Slim Fit Jacket,2015-09-30 00:00:00,946
Slim Fit Jacket,2015-10-31 00:00:00,883
Slim Fit Jacket,2015-11-30 00:00:00,874
Slim Fit Jacket,2015-12-31 00:00:00,898
Slim Fit Jacket,2016-01-31 00:00:00,675
Slim Fit Jacket,2016-02-29 00:00:00,725
Slim Fit Jacket,2016-03-31 00:00:00,769
Slim Fit Jacket,2016-04-30 00:00:00,741
Slim Fit Jacket,2016-05-31 00:00:00,824
Slim Fit Jacket,2016-06-30 00:00:00,752
Slim Fit Jacket,2016-07-31 00:00:00,902
Slim Fit Jacket,2016-08-31 00:00:00,876
Slim Fit Jacket,2016-09-30 00:00:00,795
Slim Fit Jacket,2016-10-31 00:00:00,755
Slim Fit Jacket,2016-11-30 00:00:00,670
Slim Fit Jacket,2016-12-31 00:00:00,852
Slim Fit Jacket,2017-01-31 00:00:00,779
Slim Fit Jacket,2017-02-28 00:00:00,687
Slim Fit Jacket,2017-03-31 00:00:00,960
Slim Fit Jacket,2017-04-30 00:00:00,809
Slim Fit Jacket,2017-05-31 00:00:00,794
Slim Fit Jacket,2017-06-30 00:00:00,721
Slim Fit Jacket,2017-07-31 00:00:00,703
Slim Fit Jacket,2017-08-31 00:00:00,770
Slim Fit Jacket,2017-09-30 00:00:00,609
Slim Fit Jacket,2017-10-31 00:00:00,589
Slim Fit Jacket,2017-11-30 00:00:00,703
Slim Fit Jacket,2017-12-31 00:00:00,906
Slim Fit Jacket,2018-01-31 00:00:00,749
Slim Fit Jacket,2018-02-28 00:00:00,606
Slim Fit Jacket,2018-03-31 00:00:00,684
Slim Fit Jacket,2018-04-30 00:00:00,875
Slim Fit Jacket,2018-05-31 00:00:00,766
Slim Fit Jacket,2018-06-30 00:00:00,767
Slim Fit Jacket,2018-07-31 00:00:00,975
Slim Fit Jacket,2018-08-31 00:00:00,956
Slim Fit Jacket,2018-09-30 00:00:00,911
Slim Fit Jacket,2018-10-31 00:00:00,902
Slim Fit Jacket,2018-11-30 00:00:00,931
Slim Fit Jacket,2018-12-31 00:00:00,890
Slim Fit Jacket,2019-01-31 00:00:00,926
Slim Fit Jacket,2019-02-28 00:00:00,712
Slim Fit Jacket,2019-03-31 00:00:00,796
Slim Fit Jacket,2019-04-30 00:00:00,863
Slim Fit Jacket,2019-05-31 00:00:00,836
Slim Fit Jacket,2019-06-30 00:00:00,840
Slim Fit Jacket,2019-07-31 00:00:00,936
Slim Fit Jacket,2019-08-31 00:00:00,989
Slim Fit Jacket,2019-09-30 00:00:00,607
Slim Fit Jacket,2019-10-31 00:00:00,767
Slim Fit Jacket,2019-11-30 00:00:00,880
Slim Fit Jacket,2019-12-31 00:00:00,789
Slim Fit Jacket,2020-01-31 00:00:00,839
Slim Fit Jacket,2020-02-29 00:00:00,624
Slim Fit Jacket,2020-03-31 00:00:00,935
Slim Fit Jacket,2020-04-30 00:00:00,861
Slim Fit Jacket,2020-05-31 00:00:00,830
Slim Fit Jacket,2020-06-30 00:00:00,598
Slim Fit Jacket,2020-07-31 00:00:00,712
Slim Fit Jacket,2020-08-31 00:00:00,782
Slim Fit Jacket,2020-09-30 00:00:00,956
Slim Fit Jacket,2020-10-31 00:00:00,860
Slim Fit Jacket,2020-11-30 00:00:00,746
Slim Fit Jacket,2020-12-31 00:00:00,725
Slim Fit Jacket,2021-01-31 00:00:00,792
Slim Fit Jacket,2021-02-28 00:00:00,678
Slim Fit Jacket,2021-03-31 00:00:00,768
Slim Fit Jacket,2021-04-30 00:00:00,693
Slim Fit Jacket,2021-05-31 00:00:00,875
Slim Fit Jacket,2021-06-30 00:00:00,658
Slim Fit Jacket,2021-07-31 00:00:00,640
Slim Fit Jacket,2021-08-31 00:00:00,733
Slim Fit Jacket,2021-09-30 00:00:00,733
Slim Fit Jacket,2021-10-31 00:00:00,862
Slim Fit Jacket,2021-11-30 00:00:00,822
Slim Fit Jacket,2021-12-31 00:00:00,950
Slim Fit Jacket,2022-01-31 00:00:00,583
Slim Fit Jacket,2022-02-28 00:00:00,745
Slim Fit Jacket,2022-03-31 00:00:00,1006
Slim Fit Jacket,2022-04-30 00:00:00,808
Slim Fit Jacket,2022-05-31 00:00:00,887
Slim Fit Jacket,2022-06-30 00:00:00,819
Slim Fit Jacket,2022-07-31 00:00:00,756
Slim Fit Jacket,2022-08-31 00:00:00,814
Slim Fit Jacket,2022-09-30 00:00:00,795
Slim Fit Jacket,2022-10-31 00:00:00,607
Slim Fit Jacket,2022-11-30 00:00:00,772
Slim Fit Jacket,2022-12-31 00:00:00,840
Slim Fit Jacket,2023-01-31 00:00:00,767
Slim Fit Jacket,2023-02-28 00:00:00,881
Slim Fit Jacket,2023-03-31 00:00:00,884
Slim Fit Jacket,2023-04-30 00:00:00,774
Slim Fit Jacket,2023-05-31 00:00:00,725
Slim Fit Jacket,2023-06-30 00:00:00,718
Slim Fit Jacket,2023-07-31 00:00:00,763
Slim Fit Jacket,2023-08-31 00:00:00,654
Slim Fit Jacket,2023-09-30 00:00:00,843
Slim Fit Jacket,2023-10-31 00:00:00,695
Slim Fit Jacket,2023-11-30 00:00:00,1009
Slim Fit Jacket,2023-12-31 00:00:00,696
Slim Fit Jacket,2024-01-31 00:00:00,596
Slim Fit Jacket,2024-02-29 00:00:00,653
Slim Fit Jacket,2024-03-31 00:00:00,768
Slim Fit Jacket,2024-04-30 00:00:00,691
Slim Fit Jacket,2024-05-31 00:00:00,742
Slim Fit Jacket,2024-06-30 00:00:00,642
Slim Fit Jacket,2024-07-31 00:00:00,621
Slim Fit Jacket,2024-08-31 00:00:00,638
Slim Fit Jacket,2024-09-30 00:00:00,689
Slim Fit Jacket,2024-10-31 00:00:00,627
Slim Fit Jacket,2024-11-30 00:00:00,746
Slim Fit Jacket,2024-12-31 00:00:00,724
Slim Fit Jacket,2025-01-31 00:00:00,588
Slim Fit Jacket,2025-02-28 00:00:00,692
Slim Fit Jacket,2025-03-31 00:00:00,802
Slim Fit Jacket,2025-04-30 00:00:00,686
Slim Fit Jacket,2025-05-31 00:00:00,705
Slim Fit Jacket,2025-06-30 00:00:00,647
Slim Fit Jacket,2025-07-31 00:00:00,641
Slim Fit Jacket,2025-08-31 00:00:00,636
Slim Fit Jacket,2025-09-30 00:00:00,705
Slim Fit Jacket,2025-10-31 00:00:00,578
Slim Fit Jacket,2025-11-30 00:00:00,773
Slim Fit Jacket,2025-12-31 00:00:00,673
Slim Fit Jacket,2026-01-31 00:00:00,606
Slim Fit Jacket,2026-02-28 00:00:00,691
Slim Fit Jacket,2026-03-31 00:00:00,768
Slim Fit Jacket,2026-04-30 00:00:00,670
Slim Fit Jacket,2026-05-31 00:00:00,685
Slim Fit Jacket,2026-06-30 00:00:00,618
Slim Fit Jacket,2026-07-31 00:00:00,628
Slim Fit Jacket,2026-08-31 00:00:00,599
Slim Fit Jacket,2026-09-30 00:00:00,693
Slim Fit Jacket,2026-10-31 00:00:00,592
Slim Fit Jacket,2026-11-30 00:00:00,783
Slim Fit Jacket,2026-12-31 00:00:00,657
Slim Fit Jacket,2027-01-31 00:00:00,577
Slim Fit Jacket,2027-02-28 00:00:00,657
Slim Fit Jacket,2027-03-31 00:00:00,763
Slim Fit Jacket,2027-04-30 00:00:00,666
Slim Fit Jacket,2027-05-31 00:00:00,695
Slim Fit Jacket,2027-06-30 00:00:00,613
Slim Fit Jacket,2027-07-31 00:00:00,615
Slim Fit Jacket,2027-08-31 00:00:00,605
Slim Fit Jacket,2027-09-30 00:00:00,679
Slim Fit Jacket,2027-10-31 00:00:00,580
Slim Fit Jacket,2027-11-30 00:00:00,748
Slim Fit Jacket,2027-12-31 00:00:00,671
Slim Fit Jacket,2028-01-31 00:00:00,574
Slim Fit Jacket,2028-02-29 00:00:00,662
Slim Fit Jacket,2028-03-31 00:00:00,759
Slim Fit Jacket,2028-04-30 00:00:00,655
Slim Fit Jacket,2028-05-31 00:00:00,673
Slim Fit Jacket,2028-06-30 00:00:00,607
Slim Fit Jacket,2028-07-31 00:00:00,611
Slim Fit Jacket,2028-08-31 00:00:00,590
Slim Fit Jacket,2028-09-30 00:00:00,676
Slim Fit Jeans,2015-01-31 00:00:00,682
Slim Fit Jeans,2015-02-28 00:00:00,570
Slim Fit Jeans,2015-03-31 00:00:00,1032
Slim Fit Jeans,2015-04-30 00:00:00,680
Slim Fit Jeans,2015-05-31 00:00:00,779
Slim Fit Jeans,2015-06-30 00:00:00,855
Slim Fit Jeans,2015-07-31 00:00:00,967
Slim Fit Jeans,2015-08-31 00:00:00,860
Slim Fit Jeans,2015-09-30 00:00:00,893
Slim Fit Jeans,2015-10-31 00:00:00,804
Slim Fit Jeans,2015-11-30 00:00:00,537
Slim Fit Jeans,2015-12-31 00:00:00,954
Slim Fit Jeans,2016-01-31 00:00:00,769
Slim Fit Jeans,2016-02-29 00:00:00,820
Slim Fit Jeans,2016-03-31 00:00:00,953
Slim Fit Jeans,2016-04-30 00:00:00,706
Slim Fit Jeans,2016-05-31 00:00:00,741
Slim Fit Jeans,2016-06-30 00:00:00,768
Slim Fit Jeans,2016-07-31 00:00:00,863
Slim Fit Jeans,2016-08-31 00:00:00,1063
Slim Fit Jeans,2016-09-30 00:00:00,821
Slim Fit Jeans,2016-10-31 00:00:00,1070
Slim Fit Jeans,2016-11-30 00:00:00,954
Slim Fit Jeans,2016-12-31 00:00:00,811
Slim Fit Jeans,2017-01-31 00:00:00,659
Slim Fit Jeans,2017-02-28 00:00:00,722
Slim Fit Jeans,2017-03-31 00:00:00,747
Slim Fit Jeans,2017-04-30 00:00:00,710
Slim Fit Jeans,2017-05-31 00:00:00,637
Slim Fit Jeans,2017-06-30 00:00:00,788
Slim Fit Jeans,2017-07-31 00:00:00,838
Slim Fit Jeans,2017-08-31 00:00:00,623
Slim Fit Jeans,2017-09-30 00:00:00,812
Slim Fit Jeans,2017-10-31 00:00:00,688
Slim Fit Jeans,2017-11-30 00:00:00,798
Slim Fit Jeans,2017-12-31 00:00:00,993
Slim Fit Jeans,2018-01-31 00:00:00,784
Slim Fit Jeans,2018-02-28 00:00:00,862
Slim Fit Jeans,2018-03-31 00:00:00,959
Slim Fit Jeans,2018-04-30 00:00:00,680
Slim Fit Jeans,2018-05-31 00:00:00,769
Slim Fit Jeans,2018-06-30 00:00:00,742
Slim Fit Jeans,2018-07-31 00:00:00,935
Slim Fit Jeans,2018-08-31 00:00:00,822
Slim Fit Jeans,2018-09-30 00:00:00,807
Slim Fit Jeans,2018-10-31 00:00:00,779
Slim Fit Jeans,2018-11-30 00:00:00,945
Slim Fit Jeans,2018-12-31 00:00:00,689
Slim Fit Jeans,2019-01-31 00:00:00,909
Slim Fit Jeans,2019-02-28 00:00:00,739
Slim Fit Jeans,2019-03-31 00:00:00,990
Slim Fit Jeans,2019-04-30 00:00:00,606
Slim Fit Jeans,2019-05-31 00:00:00,709
Slim Fit Jeans,2019-06-30 00:00:00,853
Slim Fit Jeans,2019-07-31 00:00:00,707
Slim Fit Jeans,2019-08-31 00:00:00,841
Slim Fit Jeans,2019-09-30 00:00:00,596
Slim Fit Jeans,2019-10-31 00:00:00,775
Slim Fit Jeans,2019-11-30 00:00:00,806
Slim Fit Jeans,2019-12-31 00:00:00,826
Slim Fit Jeans,2020-01-31 00:00:00,726
Slim Fit Jeans,2020-02-29 00:00:00,645
Slim Fit Jeans,2020-03-31 00:00:00,869
Slim Fit Jeans,2020-04-30 00:00:00,803
Slim Fit Jeans,2020-05-31 00:00:00,828
Slim Fit Jeans,2020-06-30 00:00:00,626
Slim Fit Jeans,2020-07-31 00:00:00,773
Slim Fit Jeans,2020-08-31 00:00:00,642
Slim Fit Jeans,2020-09-30 00:00:00,622
Slim Fit Jeans,2020-10-31 00:00:00,811
Slim Fit Jeans,2020-11-30 00:00:00,686
Slim Fit Jeans,2020-12-31 00:00:00,1001
Slim Fit Jeans,2021-01-31 00:00:00,817
Slim Fit Jeans,2021-02-28 00:00:00,721
Slim Fit Jeans,2021-03-31 00:00:00,982
Slim Fit Jeans,2021-04-30 00:00:00,723
Slim Fit Jeans,2021-05-31 00:00:00,598
Slim Fit Jeans,2021-06-30 00:00:00,801
Slim Fit Jeans,2021-07-31 00:00:00,862
Slim Fit Jeans,2021-08-31 00:00:00,858
Slim Fit Jeans,2021-09-30 00:00:00,768
Slim Fit Jeans,2021-10-31 00:00:00,729
Slim Fit Jeans,2021-11-30 00:00:00,684
Slim Fit Jeans,2021-12-31 00:00:00,1096
Slim Fit Jeans,2022-01-31 00:00:00,773
Slim Fit Jeans,2022-02-28 00:00:00,827
Slim Fit Jeans,2022-03-31 00:00:00,749
Slim Fit Jeans,2022-04-30 00:00:00,826
Slim Fit Jeans,2022-05-31 00:00:00,1025
Slim Fit Jeans,2022-06-30 00:00:00,873
Slim Fit Jeans,2022-07-31 00:00:00,639
Slim Fit Jeans,2022-08-31 00:00:00,899
Slim Fit Jeans,2022-09-30 00:00:00,612
Slim Fit Jeans,2022-10-31 00:00:00,977
Slim Fit Jeans,2022-11-30 00:00:00,1028
Slim Fit Jeans,2022-12-31 00:00:00,947
Slim Fit Jeans,2023-01-31 00:00:00,852
Slim Fit Jeans,2023-02-28 00:00:00,716
Slim Fit Jeans,2023-03-31 00:00:00,885
Slim Fit Jeans,2023-04-30 00:00:00,801
Slim Fit Jeans,2023-05-31 00:00:00,770
Slim Fit Jeans,2023-06-30 00:00:00,807
Slim Fit Jeans,2023-07-31 00:00:00,765
Slim Fit Jeans,2023-08-31 00:00:00,658
Slim Fit Jeans,2023-09-30 00:00:00,799
Slim Fit Jeans,2023-10-31 00:00:00,1092
Slim Fit Jeans,2023-11-30 00:00:00,602
Slim Fit Jeans,2023-12-31 00:00:00,822
Slim Fit Jeans,2024-01-31 00:00:00,686
Slim Fit Jeans,2024-02-29 00:00:00,567
Slim Fit Jeans,2024-03-31 00:00:00,739
Slim Fit Jeans,2024-04-30 00:00:00,599
Slim Fit Jeans,2024-05-31 00:00:00,613
Slim Fit Jeans,2024-06-30 00:00:00,642
Slim Fit Jeans,2024-07-31 00:00:00,651
Slim Fit Jeans,2024-08-31 00:00:00,645
Slim Fit Jeans,2024-09-30 00:00:00,602
Slim Fit Jeans,2024-10-31 00:00:00,709
Slim Fit Jeans,2024-11-30 00:00:00,627
Slim Fit Jeans,2024-12-31 00:00:00,747
Slim Fit Jeans,2025-01-31 00:00:00,634
Slim Fit Jeans,2025-02-28 00:00:00,586
Slim Fit Jeans,2025-03-31 00:00:00,742
Slim Fit Jeans,2025-04-30 00:00:00,589
Slim Fit Jeans,2025-05-31 00:00:00,614
Slim Fit Jeans,2025-06-30 00:00:00,647
Slim Fit Jeans,2025-07-31 00:00:00,650
Slim Fit Jeans,2025-08-31 00:00:00,657
Slim Fit Jeans,2025-09-30 00:00:00,596
Slim Fit Jeans,2025-10-31 00:00:00,706
Slim Fit Jeans,2025-11-30 00:00:00,625
Slim Fit Jeans,2025-12-31 00:00:00,748
Slim Fit Jeans,2026-01-31 00:00:00,638
Slim Fit Jeans,2026-02-28 00:00:00,587
Slim Fit Jeans,2026-03-31 00:00:00,732
Slim Fit Jeans,2026-04-30 00:00:00,581
Slim Fit Jeans,2026-05-31 00:00:00,615
Slim Fit Jeans,2026-06-30 00:00:00,643
Slim Fit Jeans,2026-07-31 00:00:00,655
Slim Fit Jeans,2026-08-31 00:00:00,644
Slim Fit Jeans,2026-09-30 00:00:00,588
Slim Fit Jeans,2026-10-31 00:00:00,707
Slim Fit Jeans,2026-11-30 00:00:00,616
Slim Fit Jeans,2026-12-31 00:00:00,743
Slim Fit Jeans,2027-01-31 00:00:00,630
Slim Fit Jeans,2027-02-28 00:00:00,573
Slim Fit Jeans,2027-03-31 00:00:00,727
Slim Fit Jeans,2027-04-30 00:00:00,592
Slim Fit Jeans,2027-05-31 00:00:00,603
Slim Fit Jeans,2027-06-30 00:00:00,626
Slim Fit Jeans,2027-07-31 00:00:00,637
Slim Fit Jeans,2027-08-31 00:00:00,635
Slim Fit Jeans,2027-09-30 00:00:00,584
Slim Fit Jeans,2027-10-31 00:00:00,711
Slim Fit Jeans,2027-11-30 00:00:00,622
Slim Fit Jeans,2027-12-31 00:00:00,744
Slim Fit Jeans,2028-01-31 00:00:00,631
Slim Fit Jeans,2028-02-29 00:00:00,582
Slim Fit Jeans,2028-03-31 00:00:00,734
Slim Fit Jeans,2028-04-30 00:00:00,585
Slim Fit Jeans,2028-05-31 00:00:00,613
Slim Fit Jeans,2028-06-30 00:00:00,629
Slim Fit Jeans,2028-07-31 00:00:00,638
Slim Fit Jeans,2028-08-31 00:00:00,635
Slim Fit Jeans,2028-09-30 00:00:00,584
Slim Fit Suit Trousers,2015-01-31 00:00:00,605
Slim Fit Suit Trousers,2015-02-28 00:00:00,766
Slim Fit Suit Trousers,2015-03-31 00:00:00,787
Slim Fit Suit Trousers,2015-04-30 00:00:00,762
Slim Fit Suit Trousers,2015-05-31 00:00:00,749
Slim Fit Suit Trousers,2015-06-30 00:00:00,665
Slim Fit Suit Trousers,2015-07-31 00:00:00,770
Slim Fit Suit Trousers,2015-08-31 00:00:00,700
Slim Fit Suit Trousers,2015-09-30 00:00:00,806
Slim Fit Suit Trousers,2015-10-31 00:00:00,697
Slim Fit Suit Trousers,2015-11-30 00:00:00,881
Slim Fit Suit Trousers,2015-12-31 00:00:00,905
Slim Fit Suit Trousers,2016-01-31 00:00:00,807
Slim Fit Suit Trousers,2016-02-29 00:00:00,800
Slim Fit Suit Trousers,2016-03-31 00:00:00,680
Slim Fit Suit Trousers,2016-04-30 00:00:00,1054
Slim Fit Suit Trousers,2016-05-31 00:00:00,776
Slim Fit Suit Trousers,2016-06-30 00:00:00,810
Slim Fit Suit Trousers,2016-07-31 00:00:00,950
Slim Fit Suit Trousers,2016-08-31 00:00:00,771
Slim Fit Suit Trousers,2016-09-30 00:00:00,794
Slim Fit Suit Trousers,2016-10-31 00:00:00,940
Slim Fit Suit Trousers,2016-11-30 00:00:00,698
Slim Fit Suit Trousers,2016-12-31 00:00:00,736
Slim Fit Suit Trousers,2017-01-31 00:00:00,921
Slim Fit Suit Trousers,2017-02-28 00:00:00,673
Slim Fit Suit Trousers,2017-03-31 00:00:00,784
Slim Fit Suit Trousers,2017-04-30 00:00:00,994
Slim Fit Suit Trousers,2017-05-31 00:00:00,862
Slim Fit Suit Trousers,2017-06-30 00:00:00,700
Slim Fit Suit Trousers,2017-07-31 00:00:00,736
Slim Fit Suit Trousers,2017-08-31 00:00:00,894
Slim Fit Suit Trousers,2017-09-30 00:00:00,673
Slim Fit Suit Trousers,2017-10-31 00:00:00,821
Slim Fit Suit Trousers,2017-11-30 00:00:00,967
Slim Fit Suit Trousers,2017-12-31 00:00:00,542
Slim Fit Suit Trousers,2018-01-31 00:00:00,771
Slim Fit Suit Trousers,2018-02-28 00:00:00,807
Slim Fit Suit Trousers,2018-03-31 00:00:00,894
Slim Fit Suit Trousers,2018-04-30 00:00:00,856
Slim Fit Suit Trousers,2018-05-31 00:00:00,813
Slim Fit Suit Trousers,2018-06-30 00:00:00,989
Slim Fit Suit Trousers,2018-07-31 00:00:00,714
Slim Fit Suit Trousers,2018-08-31 00:00:00,987
Slim Fit Suit Trousers,2018-09-30 00:00:00,638
Slim Fit Suit Trousers,2018-10-31 00:00:00,825
Slim Fit Suit Trousers,2018-11-30 00:00:00,719
Slim Fit Suit Trousers,2018-12-31 00:00:00,795
Slim Fit Suit Trousers,2019-01-31 00:00:00,648
Slim Fit Suit Trousers,2019-02-28 00:00:00,626
Slim Fit Suit Trousers,2019-03-31 00:00:00,765
Slim Fit Suit Trousers,2019-04-30 00:00:00,854
Slim Fit Suit Trousers,2019-05-31 00:00:00,843
Slim Fit Suit Trousers,2019-06-30 00:00:00,811
Slim Fit Suit Trousers,2019-07-31 00:00:00,701
Slim Fit Suit Trousers,2019-08-31 00:00:00,801
Slim Fit Suit Trousers,2019-09-30 00:00:00,1089
Slim Fit Suit Trousers,2019-10-31 00:00:00,740
Slim Fit Suit Trousers,2019-11-30 00:00:00,815
Slim Fit Suit Trousers,2019-12-31 00:00:00,748
Slim Fit Suit Trousers,2020-01-31 00:00:00,802
Slim Fit Suit Trousers,2020-02-29 00:00:00,834
Slim Fit Suit Trousers,2020-03-31 00:00:00,846
Slim Fit Suit Trousers,2020-04-30 00:00:00,768
Slim Fit Suit Trousers,2020-05-31 00:00:00,676
Slim Fit Suit Trousers,2020-06-30 00:00:00,892
Slim Fit Suit Trousers,2020-07-31 00:00:00,727
Slim Fit Suit Trousers,2020-08-31 00:00:00,771
Slim Fit Suit Trousers,2020-09-30 00:00:00,919
Slim Fit Suit Trousers,2020-10-31 00:00:00,928
Slim Fit Suit Trousers,2020-11-30 00:00:00,669
Slim Fit Suit Trousers,2020-12-31 00:00:00,690
Slim Fit Suit Trousers,2021-01-31 00:00:00,731
Slim Fit Suit Trousers,2021-02-28 00:00:00,833
Slim Fit Suit Trousers,2021-03-31 00:00:00,808
Slim Fit Suit Trousers,2021-04-30 00:00:00,895
Slim Fit Suit Trousers,2021-05-31 00:00:00,947
Slim Fit Suit Trousers,2021-06-30 00:00:00,780
Slim Fit Suit Trousers,2021-07-31 00:00:00,805
Slim Fit Suit Trousers,2021-08-31 00:00:00,862
Slim Fit Suit Trousers,2021-09-30 00:00:00,835
Slim Fit Suit Trousers,2021-10-31 00:00:00,534
Slim Fit Suit Trousers,2021-11-30 00:00:00,801
Slim Fit Suit Trousers,2021-12-31 00:00:00,960
Slim Fit Suit Trousers,2022-01-31 00:00:00,800
Slim Fit Suit Trousers,2022-02-28 00:00:00,687
Slim Fit Suit Trousers,2022-03-31 00:00:00,817
Slim Fit Suit Trousers,2022-04-30 00:00:00,754
Slim Fit Suit Trousers,2022-05-31 00:00:00,718
Slim Fit Suit Trousers,2022-06-30 00:00:00,752
Slim Fit Suit Trousers,2022-07-31 00:00:00,841
Slim Fit Suit Trousers,2022-08-31 00:00:00,646
Slim Fit Suit Trousers,2022-09-30 00:00:00,648
Slim Fit Suit Trousers,2022-10-31 00:00:00,780
Slim Fit Suit Trousers,2022-11-30 00:00:00,733
Slim Fit Suit Trousers,2022-12-31 00:00:00,818
Slim Fit Suit Trousers,2023-01-31 00:00:00,986
Slim Fit Suit Trousers,2023-02-28 00:00:00,684
Slim Fit Suit Trousers,2023-03-31 00:00:00,917
Slim Fit Suit Trousers,2023-04-30 00:00:00,767
Slim Fit Suit Trousers,2023-05-31 00:00:00,729
Slim Fit Suit Trousers,2023-06-30 00:00:00,728
Slim Fit Suit Trousers,2023-07-31 00:00:00,941
Slim Fit Suit Trousers,2023-08-31 00:00:00,925
Slim Fit Suit Trousers,2023-09-30 00:00:00,884
Slim Fit Suit Trousers,2023-10-31 00:00:00,726
Slim Fit Suit Trousers,2023-11-30 00:00:00,896
Slim Fit Suit Trousers,2023-12-31 00:00:00,924
Slim Fit Suit Trousers,2024-01-31 00:00:00,798
Slim Fit Suit Trousers,2024-02-29 00:00:00,702
Slim Fit Suit Trousers,2024-03-31 00:00:00,820
Slim Fit Suit Trousers,2024-04-30 00:00:00,772
Slim Fit Suit Trousers,2024-05-31 00:00:00,756
Slim Fit Suit Trousers,2024-06-30 00:00:00,714
Slim Fit Suit Trousers,2024-07-31 00:00:00,817
Slim Fit Suit Trousers,2024-08-31 00:00:00,773
Slim Fit Suit Trousers,2024-09-30 00:00:00,763
Slim Fit Suit Trousers,2024-10-31 00:00:00,686
Slim Fit Suit Trousers,2024-11-30 00:00:00,775
Slim Fit Suit Trousers,2024-12-31 00:00:00,848
Slim Fit Suit Trousers,2025-01-31 00:00:00,862
Slim Fit Suit Trousers,2025-02-28 00:00:00,693
Slim Fit Suit Trousers,2025-03-31 00:00:00,853
Slim Fit Suit Trousers,2025-04-30 00:00:00,760
Slim Fit Suit Trousers,2025-05-31 00:00:00,734
Slim Fit Suit Trousers,2025-06-30 00:00:00,724
Slim Fit Suit Trousers,2025-07-31 00:00:00,863
Slim Fit Suit Trousers,2025-08-31 00:00:00,803
Slim Fit Suit Trousers,2025-09-30 00:00:00,792
Slim Fit Suit Trousers,2025-10-31 00:00:00,739
Slim Fit Suit Trousers,2025-11-30 00:00:00,813
Slim Fit Suit Trousers,2025-12-31 00:00:00,870
Slim Fit Suit Trousers,2026-01-31 00:00:00,877
Slim Fit Suit Trousers,2026-02-28 00:00:00,711
Slim Fit Suit Trousers,2026-03-31 00:00:00,875
Slim Fit Suit Trousers,2026-04-30 00:00:00,802
Slim Fit Suit Trousers,2026-05-31 00:00:00,774
Slim Fit Suit Trousers,2026-06-30 00:00:00,755
Slim Fit Suit Trousers,2026-07-31 00:00:00,896
Slim Fit Suit Trousers,2026-08-31 00:00:00,840
Slim Fit Suit Trousers,2026-09-30 00:00:00,815
Slim Fit Suit Trousers,2026-10-31 00:00:00,741
Slim Fit Suit Trousers,2026-11-30 00:00:00,842
Slim Fit Suit Trousers,2026-12-31 00:00:00,896
Slim Fit Suit Trousers,2027-01-31 00:00:00,903
Slim Fit Suit Trousers,2027-02-28 00:00:00,755
Slim Fit Suit Trousers,2027-03-31 00:00:00,901
Slim Fit Suit Trousers,2027-04-30 00:00:00,822
Slim Fit Suit Trousers,2027-05-31 00:00:00,799
Slim Fit Suit Trousers,2027-06-30 00:00:00,790
Slim Fit Suit Trousers,2027-07-31 00:00:00,916
Slim Fit Suit Trousers,2027-08-31 00:00:00,856
Slim Fit Suit Trousers,2027-09-30 00:00:00,833
Slim Fit Suit Trousers,2027-10-31 00:00:00,765
Slim Fit Suit Trousers,2027-11-30 00:00:00,862
Slim Fit Suit Trousers,2027-12-31 00:00:00,918
Slim Fit Suit Trousers,2028-01-31 00:00:00,926
Slim Fit Suit Trousers,2028-02-29 00:00:00,775
Slim Fit Suit Trousers,2028-03-31 00:00:00,926
Slim Fit Suit Trousers,2028-04-30 00:00:00,842
Slim Fit Suit Trousers,2028-05-31 00:00:00,819
Slim Fit Suit Trousers,2028-06-30 00:00:00,809
Slim Fit Suit Trousers,2028-07-31 00:00:00,941
Slim Fit Suit Trousers,2028-08-31 00:00:00,878
Slim Fit Suit Trousers,2028-09-30 00:00:00,853
Slim Fit T-Shirt,2015-01-31 00:00:00,883
Slim Fit T-Shirt,2015-02-28 00:00:00,554
Slim Fit T-Shirt,2015-03-31 00:00:00,961
Slim Fit T-Shirt,2015-04-30 00:00:00,940
Slim Fit T-Shirt,2015-05-31 00:00:00,857
Slim Fit T-Shirt,2015-06-30 00:00:00,812
Slim Fit T-Shirt,2015-07-31 00:00:00,777
Slim Fit T-Shirt,2015-08-31 00:00:00,774
Slim Fit T-Shirt,2015-09-30 00:00:00,698
Slim Fit T-Shirt,2015-10-31 00:00:00,814
Slim Fit T-Shirt,2015-11-30 00:00:00,777
Slim Fit T-Shirt,2015-12-31 00:00:00,767
Slim Fit T-Shirt,2016-01-31 00:00:00,873
Slim Fit T-Shirt,2016-02-29 00:00:00,767
Slim Fit T-Shirt,2016-03-31 00:00:00,878
Slim Fit T-Shirt,2016-04-30 00:00:00,639
Slim Fit T-Shirt,2016-05-31 00:00:00,851
Slim Fit T-Shirt,2016-06-30 00:00:00,837
Slim Fit T-Shirt,2016-07-31 00:00:00,886
Slim Fit T-Shirt,2016-08-31 00:00:00,838
Slim Fit T-Shirt,2016-09-30 00:00:00,830
Slim Fit T-Shirt,2016-10-31 00:00:00,915
Slim Fit T-Shirt,2016-11-30 00:00:00,681
Slim Fit T-Shirt,2016-12-31 00:00:00,902
Slim Fit T-Shirt,2017-01-31 00:00:00,1041
Slim Fit T-Shirt,2017-02-28 00:00:00,666
Slim Fit T-Shirt,2017-03-31 00:00:00,1004
Slim Fit T-Shirt,2017-04-30 00:00:00,652
Slim Fit T-Shirt,2017-05-31 00:00:00,708
Slim Fit T-Shirt,2017-06-30 00:00:00,775
Slim Fit T-Shirt,2017-07-31 00:00:00,662
Slim Fit T-Shirt,2017-08-31 00:00:00,834
Slim Fit T-Shirt,2017-09-30 00:00:00,617
Slim Fit T-Shirt,2017-10-31 00:00:00,612
Slim Fit T-Shirt,2017-11-30 00:00:00,596
Slim Fit T-Shirt,2017-12-31 00:00:00,818
Slim Fit T-Shirt,2018-01-31 00:00:00,762
Slim Fit T-Shirt,2018-02-28 00:00:00,790
Slim Fit T-Shirt,2018-03-31 00:00:00,860
Slim Fit T-Shirt,2018-04-30 00:00:00,852
Slim Fit T-Shirt,2018-05-31 00:00:00,917
Slim Fit T-Shirt,2018-06-30 00:00:00,736
Slim Fit T-Shirt,2018-07-31 00:00:00,972
Slim Fit T-Shirt,2018-08-31 00:00:00,761
Slim Fit T-Shirt,2018-09-30 00:00:00,856
Slim Fit T-Shirt,2018-10-31 00:00:00,844
Slim Fit T-Shirt,2018-11-30 00:00:00,840
Slim Fit T-Shirt,2018-12-31 00:00:00,767
Slim Fit T-Shirt,2019-01-31 00:00:00,883
Slim Fit T-Shirt,2019-02-28 00:00:00,735
Slim Fit T-Shirt,2019-03-31 00:00:00,662
Slim Fit T-Shirt,2019-04-30 00:00:00,749
Slim Fit T-Shirt,2019-05-31 00:00:00,734
Slim Fit T-Shirt,2019-06-30 00:00:00,717
Slim Fit T-Shirt,2019-07-31 00:00:00,804
Slim Fit T-Shirt,2019-08-31 00:00:00,994
Slim Fit T-Shirt,2019-09-30 00:00:00,707
Slim Fit T-Shirt,2019-10-31 00:00:00,954
Slim Fit T-Shirt,2019-11-30 00:00:00,730
Slim Fit T-Shirt,2019-12-31 00:00:00,935
Slim Fit T-Shirt,2020-01-31 00:00:00,945
Slim Fit T-Shirt,2020-02-29 00:00:00,802
Slim Fit T-Shirt,2020-03-31 00:00:00,754
Slim Fit T-Shirt,2020-04-30 00:00:00,735
Slim Fit T-Shirt,2020-05-31 00:00:00,854
Slim Fit T-Shirt,2020-06-30 00:00:00,773
Slim Fit T-Shirt,2020-07-31 00:00:00,782
Slim Fit T-Shirt,2020-08-31 00:00:00,764
Slim Fit T-Shirt,2020-09-30 00:00:00,887
Slim Fit T-Shirt,2020-10-31 00:00:00,1000
Slim Fit T-Shirt,2020-11-30 00:00:00,780
Slim Fit T-Shirt,2020-12-31 00:00:00,835
Slim Fit T-Shirt,2021-01-31 00:00:00,745
Slim Fit T-Shirt,2021-02-28 00:00:00,788
Slim Fit T-Shirt,2021-03-31 00:00:00,889
Slim Fit T-Shirt,2021-04-30 00:00:00,932
Slim Fit T-Shirt,2021-05-31 00:00:00,945
Slim Fit T-Shirt,2021-06-30 00:00:00,810
Slim Fit T-Shirt,2021-07-31 00:00:00,834
Slim Fit T-Shirt,2021-08-31 00:00:00,796
Slim Fit T-Shirt,2021-09-30 00:00:00,910
Slim Fit T-Shirt,2021-10-31 00:00:00,567
Slim Fit T-Shirt,2021-11-30 00:00:00,869
Slim Fit T-Shirt,2021-12-31 00:00:00,872
Slim Fit T-Shirt,2022-01-31 00:00:00,923
Slim Fit T-Shirt,2022-02-28 00:00:00,585
Slim Fit T-Shirt,2022-03-31 00:00:00,722
Slim Fit T-Shirt,2022-04-30 00:00:00,707
Slim Fit T-Shirt,2022-05-31 00:00:00,751
Slim Fit T-Shirt,2022-06-30 00:00:00,854
Slim Fit T-Shirt,2022-07-31 00:00:00,579
Slim Fit T-Shirt,2022-08-31 00:00:00,875
Slim Fit T-Shirt,2022-09-30 00:00:00,862
Slim Fit T-Shirt,2022-10-31 00:00:00,995
Slim Fit T-Shirt,2022-11-30 00:00:00,698
Slim Fit T-Shirt,2022-12-31 00:00:00,709
Slim Fit T-Shirt,2023-01-31 00:00:00,907
Slim Fit T-Shirt,2023-02-28 00:00:00,715
Slim Fit T-Shirt,2023-03-31 00:00:00,1041
Slim Fit T-Shirt,2023-04-30 00:00:00,683
Slim Fit T-Shirt,2023-05-31 00:00:00,794
Slim Fit T-Shirt,2023-06-30 00:00:00,898
Slim Fit T-Shirt,2023-07-31 00:00:00,842
Slim Fit T-Shirt,2023-08-31 00:00:00,1043
Slim Fit T-Shirt,2023-09-30 00:00:00,635
Slim Fit T-Shirt,2023-10-31 00:00:00,849
Slim Fit T-Shirt,2023-11-30 00:00:00,749
Slim Fit T-Shirt,2023-12-31 00:00:00,1014
Slim Fit T-Shirt,2024-01-31 00:00:00,792
Slim Fit T-Shirt,2024-02-29 00:00:00,601
Slim Fit T-Shirt,2024-03-31 00:00:00,784
Slim Fit T-Shirt,2024-04-30 00:00:00,749
Slim Fit T-Shirt,2024-05-31 00:00:00,823
Slim Fit T-Shirt,2024-06-30 00:00:00,778
Slim Fit T-Shirt,2024-07-31 00:00:00,679
Slim Fit T-Shirt,2024-08-31 00:00:00,805
Slim Fit T-Shirt,2024-09-30 00:00:00,783
Slim Fit T-Shirt,2024-10-31 00:00:00,732
Slim Fit T-Shirt,2024-11-30 00:00:00,733
Slim Fit T-Shirt,2024-12-31 00:00:00,782
Slim Fit T-Shirt,2025-01-31 00:00:00,844
Slim Fit T-Shirt,2025-02-28 00:00:00,609
Slim Fit T-Shirt,2025-03-31 00:00:00,807
Slim Fit T-Shirt,2025-04-30 00:00:00,674
Slim Fit T-Shirt,2025-05-31 00:00:00,747
Slim Fit T-Shirt,2025-06-30 00:00:00,807
Slim Fit T-Shirt,2025-07-31 00:00:00,667
Slim Fit T-Shirt,2025-08-31 00:00:00,867
Slim Fit T-Shirt,2025-09-30 00:00:00,732
Slim Fit T-Shirt,2025-10-31 00:00:00,850
Slim Fit T-Shirt,2025-11-30 00:00:00,690
Slim Fit T-Shirt,2025-12-31 00:00:00,792
Slim Fit T-Shirt,2026-01-31 00:00:00,829
Slim Fit T-Shirt,2026-02-28 00:00:00,653
Slim Fit T-Shirt,2026-03-31 00:00:00,884
Slim Fit T-Shirt,2026-04-30 00:00:00,689
Slim Fit T-Shirt,2026-05-31 00:00:00,792
Slim Fit T-Shirt,2026-06-30 00:00:00,820
Slim Fit T-Shirt,2026-07-31 00:00:00,747
Slim Fit T-Shirt,2026-08-31 00:00:00,890
Slim Fit T-Shirt,2026-09-30 00:00:00,706
Slim Fit T-Shirt,2026-10-31 00:00:00,778
Slim Fit T-Shirt,2026-11-30 00:00:00,725
Slim Fit T-Shirt,2026-12-31 00:00:00,867
Slim Fit T-Shirt,2027-01-31 00:00:00,842
Slim Fit T-Shirt,2027-02-28 00:00:00,635
Slim Fit T-Shirt,2027-03-31 00:00:00,831
Slim Fit T-Shirt,2027-04-30 00:00:00,732
Slim Fit T-Shirt,2027-05-31 00:00:00,816
Slim Fit T-Shirt,2027-06-30 00:00:00,819
Slim Fit T-Shirt,2027-07-31 00:00:00,696
Slim Fit T-Shirt,2027-08-31 00:00:00,871
Slim Fit T-Shirt,2027-09-30 00:00:00,780
Slim Fit T-Shirt,2027-10-31 00:00:00,805
Slim Fit T-Shirt,2027-11-30 00:00:00,734
Slim Fit T-Shirt,2027-12-31 00:00:00,809
Slim Fit T-Shirt,2028-01-31 00:00:00,871
Slim Fit T-Shirt,2028-02-29 00:00:00,653
Slim Fit T-Shirt,2028-03-31 00:00:00,862
Slim Fit T-Shirt,2028-04-30 00:00:00,711
Slim Fit T-Shirt,2028-05-31 00:00:00,797
Slim Fit T-Shirt,2028-06-30 00:00:00,846
Slim Fit T-Shirt,2028-07-31 00:00:00,721
Slim Fit T-Shirt,2028-08-31 00:00:00,908
Slim Fit T-Shirt,2028-09-30 00:00:00,744
Slim Fit Vest Top,2015-01-31 00:00:00,864
Slim Fit Vest Top,2015-02-28 00:00:00,567
Slim Fit Vest Top,2015-03-31 00:00:00,743
Slim Fit Vest Top,2015-04-30 00:00:00,705
Slim Fit Vest Top,2015-05-31 00:00:00,683
Slim Fit Vest Top,2015-06-30 00:00:00,802
Slim Fit Vest Top,2015-07-31 00:00:00,674
Slim Fit Vest Top,2015-08-31 00:00:00,759
Slim Fit Vest Top,2015-09-30 00:00:00,782
Slim Fit Vest Top,2015-10-31 00:00:00,662
Slim Fit Vest Top,2015-11-30 00:00:00,607
Slim Fit Vest Top,2015-12-31 00:00:00,882
Slim Fit Vest Top,2016-01-31 00:00:00,627
Slim Fit Vest Top,2016-02-29 00:00:00,649
Slim Fit Vest Top,2016-03-31 00:00:00,805
Slim Fit Vest Top,2016-04-30 00:00:00,749
Slim Fit Vest Top,2016-05-31 00:00:00,903
Slim Fit Vest Top,2016-06-30 00:00:00,1015
Slim Fit Vest Top,2016-07-31 00:00:00,845
Slim Fit Vest Top,2016-08-31 00:00:00,821
Slim Fit Vest Top,2016-09-30 00:00:00,621
Slim Fit Vest Top,2016-10-31 00:00:00,888
Slim Fit Vest Top,2016-11-30 00:00:00,898
Slim Fit Vest Top,2016-12-31 00:00:00,861
Slim Fit Vest Top,2017-01-31 00:00:00,863
Slim Fit Vest Top,2017-02-28 00:00:00,838
Slim Fit Vest Top,2017-03-31 00:00:00,816
Slim Fit Vest Top,2017-04-30 00:00:00,994
Slim Fit Vest Top,2017-05-31 00:00:00,742
Slim Fit Vest Top,2017-06-30 00:00:00,749
Slim Fit Vest Top,2017-07-31 00:00:00,564
Slim Fit Vest Top,2017-08-31 00:00:00,1103
Slim Fit Vest Top,2017-09-30 00:00:00,962
Slim Fit Vest Top,2017-10-31 00:00:00,901
Slim Fit Vest Top,2017-11-30 00:00:00,753
Slim Fit Vest Top,2017-12-31 00:00:00,954
Slim Fit Vest Top,2018-01-31 00:00:00,772
Slim Fit Vest Top,2018-02-28 00:00:00,788
Slim Fit Vest Top,2018-03-31 00:00:00,945
Slim Fit Vest Top,2018-04-30 00:00:00,859
Slim Fit Vest Top,2018-05-31 00:00:00,747
Slim Fit Vest Top,2018-06-30 00:00:00,864
Slim Fit Vest Top,2018-07-31 00:00:00,858
Slim Fit Vest Top,2018-08-31 00:00:00,1003
Slim Fit Vest Top,2018-09-30 00:00:00,893
Slim Fit Vest Top,2018-10-31 00:00:00,915
Slim Fit Vest Top,2018-11-30 00:00:00,695
Slim Fit Vest Top,2018-12-31 00:00:00,869
Slim Fit Vest Top,2019-01-31 00:00:00,735
Slim Fit Vest Top,2019-02-28 00:00:00,606
Slim Fit Vest Top,2019-03-31 00:00:00,767
Slim Fit Vest Top,2019-04-30 00:00:00,823
Slim Fit Vest Top,2019-05-31 00:00:00,660
Slim Fit Vest Top,2019-06-30 00:00:00,832
Slim Fit Vest Top,2019-07-31 00:00:00,857
Slim Fit Vest Top,2019-08-31 00:00:00,973
Slim Fit Vest Top,2019-09-30 00:00:00,973
Slim Fit Vest Top,2019-10-31 00:00:00,727
Slim Fit Vest Top,2019-11-30 00:00:00,959
Slim Fit Vest Top,2019-12-31 00:00:00,843
Slim Fit Vest Top,2020-01-31 00:00:00,877
Slim Fit Vest Top,2020-02-29 00:00:00,657
Slim Fit Vest Top,2020-03-31 00:00:00,911
Slim Fit Vest Top,2020-04-30 00:00:00,617
Slim Fit Vest Top,2020-05-31 00:00:00,893
Slim Fit Vest Top,2020-06-30 00:00:00,882
Slim Fit Vest Top,2020-07-31 00:00:00,728
Slim Fit Vest Top,2020-08-31 00:00:00,785
Slim Fit Vest Top,2020-09-30 00:00:00,659
Slim Fit Vest Top,2020-10-31 00:00:00,873
Slim Fit Vest Top,2020-11-30 00:00:00,707
Slim Fit Vest Top,2020-12-31 00:00:00,989
Slim Fit Vest Top,2021-01-31 00:00:00,763
Slim Fit Vest Top,2021-02-28 00:00:00,661
Slim Fit Vest Top,2021-03-31 00:00:00,852
Slim Fit Vest Top,2021-04-30 00:00:00,991
Slim Fit Vest Top,2021-05-31 00:00:00,784
Slim Fit Vest Top,2021-06-30 00:00:00,754
Slim Fit Vest Top,2021-07-31 00:00:00,917
Slim Fit Vest Top,2021-08-31 00:00:00,689
Slim Fit Vest Top,2021-09-30 00:00:00,789
Slim Fit Vest Top,2021-10-31 00:00:00,998
Slim Fit Vest Top,2021-11-30 00:00:00,905
Slim Fit Vest Top,2021-12-31 00:00:00,844
Slim Fit Vest Top,2022-01-31 00:00:00,843
Slim Fit Vest Top,2022-02-28 00:00:00,783
Slim Fit Vest Top,2022-03-31 00:00:00,800
Slim Fit Vest Top,2022-04-30 00:00:00,672
Slim Fit Vest Top,2022-05-31 00:00:00,768
Slim Fit Vest Top,2022-06-30 00:00:00,698
Slim Fit Vest Top,2022-07-31 00:00:00,613
Slim Fit Vest Top,2022-08-31 00:00:00,1026
Slim Fit Vest Top,2022-09-30 00:00:00,694
Slim Fit Vest Top,2022-10-31 00:00:00,920
Slim Fit Vest Top,2022-11-30 00:00:00,624
Slim Fit Vest Top,2022-12-31 00:00:00,697
Slim Fit Vest Top,2023-01-31 00:00:00,958
Slim Fit Vest Top,2023-02-28 00:00:00,733
Slim Fit Vest Top,2023-03-31 00:00:00,699
Slim Fit Vest Top,2023-04-30 00:00:00,787
Slim Fit Vest Top,2023-05-31 00:00:00,739
Slim Fit Vest Top,2023-06-30 00:00:00,758
Slim Fit Vest Top,2023-07-31 00:00:00,1089
Slim Fit Vest Top,2023-08-31 00:00:00,779
Slim Fit Vest Top,2023-09-30 00:00:00,769
Slim Fit Vest Top,2023-10-31 00:00:00,720
Slim Fit Vest Top,2023-11-30 00:00:00,758
Slim Fit Vest Top,2023-12-31 00:00:00,964
Slim Fit Vest Top,2024-01-31 00:00:00,848
Slim Fit Vest Top,2024-02-29 00:00:00,681
Slim Fit Vest Top,2024-03-31 00:00:00,707
Slim Fit Vest Top,2024-04-30 00:00:00,621
Slim Fit Vest Top,2024-05-31 00:00:00,686
Slim Fit Vest Top,2024-06-30 00:00:00,696
Slim Fit Vest Top,2024-07-31 00:00:00,739
Slim Fit Vest Top,2024-08-31 00:00:00,811
Slim Fit Vest Top,2024-09-30 00:00:00,636
Slim Fit Vest Top,2024-10-31 00:00:00,803
Slim Fit Vest Top,2024-11-30 00:00:00,656
Slim Fit Vest Top,2024-12-31 00:00:00,715
Slim Fit Vest Top,2025-01-31 00:00:00,859
Slim Fit Vest Top,2025-02-28 00:00:00,678
Slim Fit Vest Top,2025-03-31 00:00:00,657
Slim Fit Vest Top,2025-04-30 00:00:00,664
Slim Fit Vest Top,2025-05-31 00:00:00,679
Slim Fit Vest Top,2025-06-30 00:00:00,674
Slim Fit Vest Top,2025-07-31 00:00:00,830
Slim Fit Vest Top,2025-08-31 00:00:00,784
Slim Fit Vest Top,2025-09-30 00:00:00,668
Slim Fit Vest Top,2025-10-31 00:00:00,722
Slim Fit Vest Top,2025-11-30 00:00:00,648
Slim Fit Vest Top,2025-12-31 00:00:00,782
Slim Fit Vest Top,2026-01-31 00:00:00,860
Slim Fit Vest Top,2026-02-28 00:00:00,686
Slim Fit Vest Top,2026-03-31 00:00:00,686
Slim Fit Vest Top,2026-04-30 00:00:00,658
Slim Fit Vest Top,2026-05-31 00:00:00,686
Slim Fit Vest Top,2026-06-30 00:00:00,693
Slim Fit Vest Top,2026-07-31 00:00:00,819
Slim Fit Vest Top,2026-08-31 00:00:00,781
Slim Fit Vest Top,2026-09-30 00:00:00,672
Slim Fit Vest Top,2026-10-31 00:00:00,757
Slim Fit Vest Top,2026-11-30 00:00:00,667
Slim Fit Vest Top,2026-12-31 00:00:00,774
Slim Fit Vest Top,2027-01-31 00:00:00,865
Slim Fit Vest Top,2027-02-28 00:00:00,686
Slim Fit Vest Top,2027-03-31 00:00:00,681
Slim Fit Vest Top,2027-04-30 00:00:00,654
Slim Fit Vest Top,2027-05-31 00:00:00,684
Slim Fit Vest Top,2027-06-30 00:00:00,684
Slim Fit Vest Top,2027-07-31 00:00:00,798
Slim Fit Vest Top,2027-08-31 00:00:00,801
Slim Fit Vest Top,2027-09-30 00:00:00,664
Slim Fit Vest Top,2027-10-31 00:00:00,747
Slim Fit Vest Top,2027-11-30 00:00:00,654
Slim Fit Vest Top,2027-12-31 00:00:00,768
Slim Fit Vest Top,2028-01-31 00:00:00,871
Slim Fit Vest Top,2028-02-29 00:00:00,687
Slim Fit Vest Top,2028-03-31 00:00:00,681
Slim Fit Vest Top,2028-04-30 00:00:00,663
Slim Fit Vest Top,2028-05-31 00:00:00,693
Slim Fit Vest Top,2028-06-30 00:00:00,695
Slim Fit Vest Top,2028-07-31 00:00:00,829
Slim Fit Vest Top,2028-08-31 00:00:00,788
Slim Fit Vest Top,2028-09-30 00:00:00,669
Slim Fit Waistcoat,2015-01-31 00:00:00,741
Slim Fit Waistcoat,2015-02-28 00:00:00,667
Slim Fit Waistcoat,2015-03-31 00:00:00,916
Slim Fit Waistcoat,2015-04-30 00:00:00,820
Slim Fit Waistcoat,2015-05-31 00:00:00,745
Slim Fit Waistcoat,2015-06-30 00:00:00,843
Slim Fit Waistcoat,2015-07-31 00:00:00,778
Slim Fit Waistcoat,2015-08-31 00:00:00,809
Slim Fit Waistcoat,2015-09-30 00:00:00,746
Slim Fit Waistcoat,2015-10-31 00:00:00,754
Slim Fit Waistcoat,2015-11-30 00:00:00,943
Slim Fit Waistcoat,2015-12-31 00:00:00,918
Slim Fit Waistcoat,2016-01-31 00:00:00,891
Slim Fit Waistcoat,2016-02-29 00:00:00,952
Slim Fit Waistcoat,2016-03-31 00:00:00,679
Slim Fit Waistcoat,2016-04-30 00:00:00,1061
Slim Fit Waistcoat,2016-05-31 00:00:00,1035
Slim Fit Waistcoat,2016-06-30 00:00:00,926
Slim Fit Waistcoat,2016-07-31 00:00:00,830
Slim Fit Waistcoat,2016-08-31 00:00:00,876
Slim Fit Waistcoat,2016-09-30 00:00:00,832
Slim Fit Waistcoat,2016-10-31 00:00:00,788
Slim Fit Waistcoat,2016-11-30 00:00:00,641
Slim Fit Waistcoat,2016-12-31 00:00:00,705
Slim Fit Waistcoat,2017-01-31 00:00:00,672
Slim Fit Waistcoat,2017-02-28 00:00:00,763
Slim Fit Waistcoat,2017-03-31 00:00:00,752
Slim Fit Waistcoat,2017-04-30 00:00:00,705
Slim Fit Waistcoat,2017-05-31 00:00:00,861
Slim Fit Waistcoat,2017-06-30 00:00:00,785
Slim Fit Waistcoat,2017-07-31 00:00:00,819
Slim Fit Waistcoat,2017-08-31 00:00:00,876
Slim Fit Waistcoat,2017-09-30 00:00:00,928
Slim Fit Waistcoat,2017-10-31 00:00:00,793
Slim Fit Waistcoat,2017-11-30 00:00:00,719
Slim Fit Waistcoat,2017-12-31 00:00:00,680
Slim Fit Waistcoat,2018-01-31 00:00:00,679
Slim Fit Waistcoat,2018-02-28 00:00:00,724
Slim Fit Waistcoat,2018-03-31 00:00:00,742
Slim Fit Waistcoat,2018-04-30 00:00:00,812
Slim Fit Waistcoat,2018-05-31 00:00:00,875
Slim Fit Waistcoat,2018-06-30 00:00:00,995
Slim Fit Waistcoat,2018-07-31 00:00:00,711
Slim Fit Waistcoat,2018-08-31 00:00:00,845
Slim Fit Waistcoat,2018-09-30 00:00:00,956
Slim Fit Waistcoat,2018-10-31 00:00:00,932
Slim Fit Waistcoat,2018-11-30 00:00:00,920
Slim Fit Waistcoat,2018-12-31 00:00:00,1014
Slim Fit Waistcoat,2019-01-31 00:00:00,614
Slim Fit Waistcoat,2019-02-28 00:00:00,640
Slim Fit Waistcoat,2019-03-31 00:00:00,790
Slim Fit Waistcoat,2019-04-30 00:00:00,592
Slim Fit Waistcoat,2019-05-31 00:00:00,728
Slim Fit Waistcoat,2019-06-30 00:00:00,770
Slim Fit Waistcoat,2019-07-31 00:00:00,978
Slim Fit Waistcoat,2019-08-31 00:00:00,795
Slim Fit Waistcoat,2019-09-30 00:00:00,956
Slim Fit Waistcoat,2019-10-31 00:00:00,829
Slim Fit Waistcoat,2019-11-30 00:00:00,899
Slim Fit Waistcoat,2019-12-31 00:00:00,728
Slim Fit Waistcoat,2020-01-31 00:00:00,718
Slim Fit Waistcoat,2020-02-29 00:00:00,699
Slim Fit Waistcoat,2020-03-31 00:00:00,771
Slim Fit Waistcoat,2020-04-30 00:00:00,813
Slim Fit Waistcoat,2020-05-31 00:00:00,949
Slim Fit Waistcoat,2020-06-30 00:00:00,889
Slim Fit Waistcoat,2020-07-31 00:00:00,646
Slim Fit Waistcoat,2020-08-31 00:00:00,954
Slim Fit Waistcoat,2020-09-30 00:00:00,744
Slim Fit Waistcoat,2020-10-31 00:00:00,857
Slim Fit Waistcoat,2020-11-30 00:00:00,578
Slim Fit Waistcoat,2020-12-31 00:00:00,770
Slim Fit Waistcoat,2021-01-31 00:00:00,939
Slim Fit Waistcoat,2021-02-28 00:00:00,847
Slim Fit Waistcoat,2021-03-31 00:00:00,821
Slim Fit Waistcoat,2021-04-30 00:00:00,587
Slim Fit Waistcoat,2021-05-31 00:00:00,1002
Slim Fit Waistcoat,2021-06-30 00:00:00,966
Slim Fit Waistcoat,2021-07-31 00:00:00,838
Slim Fit Waistcoat,2021-08-31 00:00:00,769
Slim Fit Waistcoat,2021-09-30 00:00:00,1008
Slim Fit Waistcoat,2021-10-31 00:00:00,970
Slim Fit Waistcoat,2021-11-30 00:00:00,651
Slim Fit Waistcoat,2021-12-31 00:00:00,782
Slim Fit Waistcoat,2022-01-31 00:00:00,769
Slim Fit Waistcoat,2022-02-28 00:00:00,735
Slim Fit Waistcoat,2022-03-31 00:00:00,880
Slim Fit Waistcoat,2022-04-30 00:00:00,930
Slim Fit Waistcoat,2022-05-31 00:00:00,724
Slim Fit Waistcoat,2022-06-30 00:00:00,874
Slim Fit Waistcoat,2022-07-31 00:00:00,866
Slim Fit Waistcoat,2022-08-31 00:00:00,752
Slim Fit Waistcoat,2022-09-30 00:00:00,936
Slim Fit Waistcoat,2022-10-31 00:00:00,707
Slim Fit Waistcoat,2022-11-30 00:00:00,819
Slim Fit Waistcoat,2022-12-31 00:00:00,927
Slim Fit Waistcoat,2023-01-31 00:00:00,768
Slim Fit Waistcoat,2023-02-28 00:00:00,556
Slim Fit Waistcoat,2023-03-31 00:00:00,971
Slim Fit Waistcoat,2023-04-30 00:00:00,676
Slim Fit Waistcoat,2023-05-31 00:00:00,801
Slim Fit Waistcoat,2023-06-30 00:00:00,768
Slim Fit Waistcoat,2023-07-31 00:00:00,638
Slim Fit Waistcoat,2023-08-31 00:00:00,594
Slim Fit Waistcoat,2023-09-30 00:00:00,940
Slim Fit Waistcoat,2023-10-31 00:00:00,850
Slim Fit Waistcoat,2023-11-30 00:00:00,974
Slim Fit Waistcoat,2023-12-31 00:00:00,777
Slim Fit Waistcoat,2024-01-31 00:00:00,749
Slim Fit Waistcoat,2024-02-29 00:00:00,781
Slim Fit Waistcoat,2024-03-31 00:00:00,744
Slim Fit Waistcoat,2024-04-30 00:00:00,767
Slim Fit Waistcoat,2024-05-31 00:00:00,867
Slim Fit Waistcoat,2024-06-30 00:00:00,865
Slim Fit Waistcoat,2024-07-31 00:00:00,808
Slim Fit Waistcoat,2024-08-31 00:00:00,838
Slim Fit Waistcoat,2024-09-30 00:00:00,871
Slim Fit Waistcoat,2024-10-31 00:00:00,827
Slim Fit Waistcoat,2024-11-30 00:00:00,729
Slim Fit Waistcoat,2024-12-31 00:00:00,791
Slim Fit Waistcoat,2025-01-31 00:00:00,738
Slim Fit Waistcoat,2025-02-28 00:00:00,722
Slim Fit Waistcoat,2025-03-31 00:00:00,788
Slim Fit Waistcoat,2025-04-30 00:00:00,764
Slim Fit Waistcoat,2025-05-31 00:00:00,825
Slim Fit Waistcoat,2025-06-30 00:00:00,848
Slim Fit Waistcoat,2025-07-31 00:00:00,779
Slim Fit Waistcoat,2025-08-31 00:00:00,796
Slim Fit Waistcoat,2025-09-30 00:00:00,873
Slim Fit Waistcoat,2025-10-31 00:00:00,805
Slim Fit Waistcoat,2025-11-30 00:00:00,756
Slim Fit Waistcoat,2025-12-31 00:00:00,800
Slim Fit Waistcoat,2026-01-31 00:00:00,755
Slim Fit Waistcoat,2026-02-28 00:00:00,705
Slim Fit Waistcoat,2026-03-31 00:00:00,800
Slim Fit Waistcoat,2026-04-30 00:00:00,748
Slim Fit Waistcoat,2026-05-31 00:00:00,844
Slim Fit Waistcoat,2026-06-30 00:00:00,843
Slim Fit Waistcoat,2026-07-31 00:00:00,772
Slim Fit Waistcoat,2026-08-31 00:00:00,784
Slim Fit Waistcoat,2026-09-30 00:00:00,874
Slim Fit Waistcoat,2026-10-31 00:00:00,815
Slim Fit Waistcoat,2026-11-30 00:00:00,778
Slim Fit Waistcoat,2026-12-31 00:00:00,789
Slim Fit Waistcoat,2027-01-31 00:00:00,753
Slim Fit Waistcoat,2027-02-28 00:00:00,737
Slim Fit Waistcoat,2027-03-31 00:00:00,800
Slim Fit Waistcoat,2027-04-30 00:00:00,765
Slim Fit Waistcoat,2027-05-31 00:00:00,844
Slim Fit Waistcoat,2027-06-30 00:00:00,852
Slim Fit Waistcoat,2027-07-31 00:00:00,783
Slim Fit Waistcoat,2027-08-31 00:00:00,796
Slim Fit Waistcoat,2027-09-30 00:00:00,880
Slim Fit Waistcoat,2027-10-31 00:00:00,821
Slim Fit Waistcoat,2027-11-30 00:00:00,781
Slim Fit Waistcoat,2027-12-31 00:00:00,791
Slim Fit Waistcoat,2028-01-31 00:00:00,758
Slim Fit Waistcoat,2028-02-29 00:00:00,734
Slim Fit Waistcoat,2028-03-31 00:00:00,806
Slim Fit Waistcoat,2028-04-30 00:00:00,774
Slim Fit Waistcoat,2028-05-31 00:00:00,856
Slim Fit Waistcoat,2028-06-30 00:00:00,866
Slim Fit Waistcoat,2028-07-31 00:00:00,792
Slim Fit Waistcoat,2028-08-31 00:00:00,798
Slim Fit Waistcoat,2028-09-30 00:00:00,895
Slippers,2015-01-31 00:00:00,649
Slippers,2015-02-28 00:00:00,533
Slippers,2015-03-31 00:00:00,806
Slippers,2015-04-30 00:00:00,678
Slippers,2015-05-31 00:00:00,770
Slippers,2015-06-30 00:00:00,655
Slippers,2015-07-31 00:00:00,810
Slippers,2015-08-31 00:00:00,786
Slippers,2015-09-30 00:00:00,693
Slippers,2015-10-31 00:00:00,728
Slippers,2015-11-30 00:00:00,1070
Slippers,2015-12-31 00:00:00,986
Slippers,2016-01-31 00:00:00,981
Slippers,2016-02-29 00:00:00,780
Slippers,2016-03-31 00:00:00,864
Slippers,2016-04-30 00:00:00,956
Slippers,2016-05-31 00:00:00,1180
Slippers,2016-06-30 00:00:00,767
Slippers,2016-07-31 00:00:00,640
Slippers,2016-08-31 00:00:00,831
Slippers,2016-09-30 00:00:00,829
Slippers,2016-10-31 00:00:00,716
Slippers,2016-11-30 00:00:00,827
Slippers,2016-12-31 00:00:00,766
Slippers,2017-01-31 00:00:00,917
Slippers,2017-02-28 00:00:00,770
Slippers,2017-03-31 00:00:00,776
Slippers,2017-04-30 00:00:00,861
Slippers,2017-05-31 00:00:00,1049
Slippers,2017-06-30 00:00:00,784
Slippers,2017-07-31 00:00:00,774
Slippers,2017-08-31 00:00:00,567
Slippers,2017-09-30 00:00:00,731
Slippers,2017-10-31 00:00:00,777
Slippers,2017-11-30 00:00:00,754
Slippers,2017-12-31 00:00:00,937
Slippers,2018-01-31 00:00:00,746
Slippers,2018-02-28 00:00:00,502
Slippers,2018-03-31 00:00:00,888
Slippers,2018-04-30 00:00:00,659
Slippers,2018-05-31 00:00:00,709
Slippers,2018-06-30 00:00:00,603
Slippers,2018-07-31 00:00:00,985
Slippers,2018-08-31 00:00:00,1067
Slippers,2018-09-30 00:00:00,823
Slippers,2018-10-31 00:00:00,837
Slippers,2018-11-30 00:00:00,912
Slippers,2018-12-31 00:00:00,984
Slippers,2019-01-31 00:00:00,943
Slippers,2019-02-28 00:00:00,682
Slippers,2019-03-31 00:00:00,631
Slippers,2019-04-30 00:00:00,837
Slippers,2019-05-31 00:00:00,989
Slippers,2019-06-30 00:00:00,809
Slippers,2019-07-31 00:00:00,789
Slippers,2019-08-31 00:00:00,900
Slippers,2019-09-30 00:00:00,829
Slippers,2019-10-31 00:00:00,778
Slippers,2019-11-30 00:00:00,953
Slippers,2019-12-31 00:00:00,657
Slippers,2020-01-31 00:00:00,980
Slippers,2020-02-29 00:00:00,867
Slippers,2020-03-31 00:00:00,770
Slippers,2020-04-30 00:00:00,744
Slippers,2020-05-31 00:00:00,685
Slippers,2020-06-30 00:00:00,790
Slippers,2020-07-31 00:00:00,721
Slippers,2020-08-31 00:00:00,782
Slippers,2020-09-30 00:00:00,817
Slippers,2020-10-31 00:00:00,790
Slippers,2020-11-30 00:00:00,899
Slippers,2020-12-31 00:00:00,809
Slippers,2021-01-31 00:00:00,831
Slippers,2021-02-28 00:00:00,797
Slippers,2021-03-31 00:00:00,958
Slippers,2021-04-30 00:00:00,789
Slippers,2021-05-31 00:00:00,998
Slippers,2021-06-30 00:00:00,856
Slippers,2021-07-31 00:00:00,905
Slippers,2021-08-31 00:00:00,650
Slippers,2021-09-30 00:00:00,763
Slippers,2021-10-31 00:00:00,939
Slippers,2021-11-30 00:00:00,930
Slippers,2021-12-31 00:00:00,720
Slippers,2022-01-31 00:00:00,722
Slippers,2022-02-28 00:00:00,577
Slippers,2022-03-31 00:00:00,880
Slippers,2022-04-30 00:00:00,766
Slippers,2022-05-31 00:00:00,773
Slippers,2022-06-30 00:00:00,869
Slippers,2022-07-31 00:00:00,793
Slippers,2022-08-31 00:00:00,736
Slippers,2022-09-30 00:00:00,639
Slippers,2022-10-31 00:00:00,1013
Slippers,2022-11-30 00:00:00,712
Slippers,2022-12-31 00:00:00,975
Slippers,2023-01-31 00:00:00,858
Slippers,2023-02-28 00:00:00,725
Slippers,2023-03-31 00:00:00,735
Slippers,2023-04-30 00:00:00,730
Slippers,2023-05-31 00:00:00,831
Slippers,2023-06-30 00:00:00,828
Slippers,2023-07-31 00:00:00,934
Slippers,2023-08-31 00:00:00,882
Slippers,2023-09-30 00:00:00,696
Slippers,2023-10-31 00:00:00,489
Slippers,2023-11-30 00:00:00,793
Slippers,2023-12-31 00:00:00,616
Slippers,2024-01-31 00:00:00,741
Slippers,2024-02-29 00:00:00,642
Slippers,2024-03-31 00:00:00,726
Slippers,2024-04-30 00:00:00,692
Slippers,2024-05-31 00:00:00,800
Slippers,2024-06-30 00:00:00,685
Slippers,2024-07-31 00:00:00,721
Slippers,2024-08-31 00:00:00,695
Slippers,2024-09-30 00:00:00,695
Slippers,2024-10-31 00:00:00,717
Slippers,2024-11-30 00:00:00,797
Slippers,2024-12-31 00:00:00,696
Slippers,2025-01-31 00:00:00,745
Slippers,2025-02-28 00:00:00,619
Slippers,2025-03-31 00:00:00,739
Slippers,2025-04-30 00:00:00,686
Slippers,2025-05-31 00:00:00,769
Slippers,2025-06-30 00:00:00,704
Slippers,2025-07-31 00:00:00,712
Slippers,2025-08-31 00:00:00,674
Slippers,2025-09-30 00:00:00,658
Slippers,2025-10-31 00:00:00,776
Slippers,2025-11-30 00:00:00,753
Slippers,2025-12-31 00:00:00,744
Slippers,2026-01-31 00:00:00,740
Slippers,2026-02-28 00:00:00,621
Slippers,2026-03-31 00:00:00,720
Slippers,2026-04-30 00:00:00,675
Slippers,2026-05-31 00:00:00,761
Slippers,2026-06-30 00:00:00,716
Slippers,2026-07-31 00:00:00,743
Slippers,2026-08-31 00:00:00,703
Slippers,2026-09-30 00:00:00,645
Slippers,2026-10-31 00:00:00,690
Slippers,2026-11-30 00:00:00,740
Slippers,2026-12-31 00:00:00,689
Slippers,2027-01-31 00:00:00,738
Slippers,2027-02-28 00:00:00,619
Slippers,2027-03-31 00:00:00,716
Slippers,2027-04-30 00:00:00,670
Slippers,2027-05-31 00:00:00,759
Slippers,2027-06-30 00:00:00,705
Slippers,2027-07-31 00:00:00,732
Slippers,2027-08-31 00:00:00,693
Slippers,2027-09-30 00:00:00,648
Slippers,2027-10-31 00:00:00,688
Slippers,2027-11-30 00:00:00,748
Slippers,2027-12-31 00:00:00,698
Slippers,2028-01-31 00:00:00,733
Slippers,2028-02-29 00:00:00,611
Slippers,2028-03-31 00:00:00,714
Slippers,2028-04-30 00:00:00,669
Slippers,2028-05-31 00:00:00,755
Slippers,2028-06-30 00:00:00,701
Slippers,2028-07-31 00:00:00,733
Slippers,2028-08-31 00:00:00,691
Slippers,2028-09-30 00:00:00,668
Socks,2015-01-31 00:00:00,767
Socks,2015-02-28 00:00:00,1058
Socks,2015-03-31 00:00:00,526
Socks,2015-04-30 00:00:00,871
Socks,2015-05-31 00:00:00,932
Socks,2015-06-30 00:00:00,689
Socks,2015-07-31 00:00:00,1053
Socks,2015-08-31 00:00:00,656
Socks,2015-09-30 00:00:00,722
Socks,2015-10-31 00:00:00,947
Socks,2015-11-30 00:00:00,748
Socks,2015-12-31 00:00:00,548
Socks,2016-01-31 00:00:00,968
Socks,2016-02-29 00:00:00,738
Socks,2016-03-31 00:00:00,894
Socks,2016-04-30 00:00:00,870
Socks,2016-05-31 00:00:00,848
Socks,2016-06-30 00:00:00,849
Socks,2016-07-31 00:00:00,882
Socks,2016-08-31 00:00:00,651
Socks,2016-09-30 00:00:00,1049
Socks,2016-10-31 00:00:00,682
Socks,2016-11-30 00:00:00,739
Socks,2016-12-31 00:00:00,889
Socks,2017-01-31 00:00:00,764
Socks,2017-02-28 00:00:00,666
Socks,2017-03-31 00:00:00,1013
Socks,2017-04-30 00:00:00,903
Socks,2017-05-31 00:00:00,913
Socks,2017-06-30 00:00:00,1193
Socks,2017-07-31 00:00:00,567
Socks,2017-08-31 00:00:00,1091
Socks,2017-09-30 00:00:00,880
Socks,2017-10-31 00:00:00,901
Socks,2017-11-30 00:00:00,765
Socks,2017-12-31 00:00:00,858
Socks,2018-01-31 00:00:00,791
Socks,2018-02-28 00:00:00,759
Socks,2018-03-31 00:00:00,725
Socks,2018-04-30 00:00:00,891
Socks,2018-05-31 00:00:00,898
Socks,2018-06-30 00:00:00,774
Socks,2018-07-31 00:00:00,775
Socks,2018-08-31 00:00:00,572
Socks,2018-09-30 00:00:00,698
Socks,2018-10-31 00:00:00,1092
Socks,2018-11-30 00:00:00,539
Socks,2018-12-31 00:00:00,845
Socks,2019-01-31 00:00:00,648
Socks,2019-02-28 00:00:00,816
Socks,2019-03-31 00:00:00,630
Socks,2019-04-30 00:00:00,803
Socks,2019-05-31 00:00:00,838
Socks,2019-06-30 00:00:00,917
Socks,2019-07-31 00:00:00,821
Socks,2019-08-31 00:00:00,734
Socks,2019-09-30 00:00:00,751
Socks,2019-10-31 00:00:00,899
Socks,2019-11-30 00:00:00,679
Socks,2019-12-31 00:00:00,910
Socks,2020-01-31 00:00:00,766
Socks,2020-02-29 00:00:00,842
Socks,2020-03-31 00:00:00,974
Socks,2020-04-30 00:00:00,844
Socks,2020-05-31 00:00:00,747
Socks,2020-06-30 00:00:00,841
Socks,2020-07-31 00:00:00,749
Socks,2020-08-31 00:00:00,936
Socks,2020-09-30 00:00:00,670
Socks,2020-10-31 00:00:00,676
Socks,2020-11-30 00:00:00,881
Socks,2020-12-31 00:00:00,657
Socks,2021-01-31 00:00:00,772
Socks,2021-02-28 00:00:00,748
Socks,2021-03-31 00:00:00,835
Socks,2021-04-30 00:00:00,689
Socks,2021-05-31 00:00:00,877
Socks,2021-06-30 00:00:00,744
Socks,2021-07-31 00:00:00,724
Socks,2021-08-31 00:00:00,841
Socks,2021-09-30 00:00:00,646
Socks,2021-10-31 00:00:00,737
Socks,2021-11-30 00:00:00,941
Socks,2021-12-31 00:00:00,920
Socks,2022-01-31 00:00:00,903
Socks,2022-02-28 00:00:00,759
Socks,2022-03-31 00:00:00,885
Socks,2022-04-30 00:00:00,862
Socks,2022-05-31 00:00:00,714
Socks,2022-06-30 00:00:00,870
Socks,2022-07-31 00:00:00,593
Socks,2022-08-31 00:00:00,858
Socks,2022-09-30 00:00:00,879
Socks,2022-10-31 00:00:00,866
Socks,2022-11-30 00:00:00,867
Socks,2022-12-31 00:00:00,845
Socks,2023-01-31 00:00:00,869
Socks,2023-02-28 00:00:00,776
Socks,2023-03-31 00:00:00,733
Socks,2023-04-30 00:00:00,753
Socks,2023-05-31 00:00:00,948
Socks,2023-06-30 00:00:00,729
Socks,2023-07-31 00:00:00,757
Socks,2023-08-31 00:00:00,906
Socks,2023-09-30 00:00:00,669
Socks,2023-10-31 00:00:00,880
Socks,2023-11-30 00:00:00,696
Socks,2023-12-31 00:00:00,904
Socks,2024-01-31 00:00:00,668
Socks,2024-02-29 00:00:00,705
Socks,2024-03-31 00:00:00,720
Socks,2024-04-30 00:00:00,705
Socks,2024-05-31 00:00:00,780
Socks,2024-06-30 00:00:00,722
Socks,2024-07-31 00:00:00,675
Socks,2024-08-31 00:00:00,752
Socks,2024-09-30 00:00:00,636
Socks,2024-10-31 00:00:00,742
Socks,2024-11-30 00:00:00,694
Socks,2024-12-31 00:00:00,754
Socks,2025-01-31 00:00:00,711
Socks,2025-02-28 00:00:00,695
Socks,2025-03-31 00:00:00,736
Socks,2025-04-30 00:00:00,722
Socks,2025-05-31 00:00:00,740
Socks,2025-06-30 00:00:00,748
Socks,2025-07-31 00:00:00,644
Socks,2025-08-31 00:00:00,737
Socks,2025-09-30 00:00:00,680
Socks,2025-10-31 00:00:00,736
Socks,2025-11-30 00:00:00,717
Socks,2025-12-31 00:00:00,741
Socks,2026-01-31 00:00:00,729
Socks,2026-02-28 00:00:00,694
Socks,2026-03-31 00:00:00,727
Socks,2026-04-30 00:00:00,713
Socks,2026-05-31 00:00:00,752
Socks,2026-06-30 00:00:00,729
Socks,2026-07-31 00:00:00,645
Socks,2026-08-31 00:00:00,752
Socks,2026-09-30 00:00:00,665
Socks,2026-10-31 00:00:00,746
Socks,2026-11-30 00:00:00,701
Socks,2026-12-31 00:00:00,754
Socks,2027-01-31 00:00:00,714
Socks,2027-02-28 00:00:00,696
Socks,2027-03-31 00:00:00,718
Socks,2027-04-30 00:00:00,710
Socks,2027-05-31 00:00:00,756
Socks,2027-06-30 00:00:00,723
Socks,2027-07-31 00:00:00,653
Socks,2027-08-31 00:00:00,753
Socks,2027-09-30 00:00:00,650
Socks,2027-10-31 00:00:00,746
Socks,2027-11-30 00:00:00,696
Socks,2027-12-31 00:00:00,756
Socks,2028-01-31 00:00:00,709
Socks,2028-02-29 00:00:00,692
Socks,2028-03-31 00:00:00,725
Socks,2028-04-30 00:00:00,708
Socks,2028-05-31 00:00:00,751
Socks,2028-06-30 00:00:00,728
Socks,2028-07-31 00:00:00,647
Socks,2028-08-31 00:00:00,748
Socks,2028-09-30 00:00:00,652
Standard Sweatshirt,2015-01-31 00:00:00,698
Standard Sweatshirt,2015-02-28 00:00:00,659
Standard Sweatshirt,2015-03-31 00:00:00,823
Standard Sweatshirt,2015-04-30 00:00:00,895
Standard Sweatshirt,2015-05-31 00:00:00,958
Standard Sweatshirt,2015-06-30 00:00:00,645
Standard Sweatshirt,2015-07-31 00:00:00,649
Standard Sweatshirt,2015-08-31 00:00:00,509
Standard Sweatshirt,2015-09-30 00:00:00,711
Standard Sweatshirt,2015-10-31 00:00:00,781
Standard Sweatshirt,2015-11-30 00:00:00,775
Standard Sweatshirt,2015-12-31 00:00:00,766
Standard Sweatshirt,2016-01-31 00:00:00,791
Standard Sweatshirt,2016-02-29 00:00:00,625
Standard Sweatshirt,2016-03-31 00:00:00,909
Standard Sweatshirt,2016-04-30 00:00:00,634
Standard Sweatshirt,2016-05-31 00:00:00,947
Standard Sweatshirt,2016-06-30 00:00:00,532
Standard Sweatshirt,2016-07-31 00:00:00,964
Standard Sweatshirt,2016-08-31 00:00:00,787
Standard Sweatshirt,2016-09-30 00:00:00,728
Standard Sweatshirt,2016-10-31 00:00:00,927
Standard Sweatshirt,2016-11-30 00:00:00,769
Standard Sweatshirt,2016-12-31 00:00:00,944
Standard Sweatshirt,2017-01-31 00:00:00,824
Standard Sweatshirt,2017-02-28 00:00:00,816
Standard Sweatshirt,2017-03-31 00:00:00,712
Standard Sweatshirt,2017-04-30 00:00:00,792
Standard Sweatshirt,2017-05-31 00:00:00,760
Standard Sweatshirt,2017-06-30 00:00:00,599
Standard Sweatshirt,2017-07-31 00:00:00,753
Standard Sweatshirt,2017-08-31 00:00:00,715
Standard Sweatshirt,2017-09-30 00:00:00,760
Standard Sweatshirt,2017-10-31 00:00:00,708
Standard Sweatshirt,2017-11-30 00:00:00,453
Standard Sweatshirt,2017-12-31 00:00:00,830
Standard Sweatshirt,2018-01-31 00:00:00,732
Standard Sweatshirt,2018-02-28 00:00:00,833
Standard Sweatshirt,2018-03-31 00:00:00,740
Standard Sweatshirt,2018-04-30 00:00:00,748
Standard Sweatshirt,2018-05-31 00:00:00,828
Standard Sweatshirt,2018-06-30 00:00:00,759
Standard Sweatshirt,2018-07-31 00:00:00,854
Standard Sweatshirt,2018-08-31 00:00:00,780
Standard Sweatshirt,2018-09-30 00:00:00,788
Standard Sweatshirt,2018-10-31 00:00:00,763
Standard Sweatshirt,2018-11-30 00:00:00,727
Standard Sweatshirt,2018-12-31 00:00:00,898
Standard Sweatshirt,2019-01-31 00:00:00,770
Standard Sweatshirt,2019-02-28 00:00:00,695
Standard Sweatshirt,2019-03-31 00:00:00,589
Standard Sweatshirt,2019-04-30 00:00:00,896
Standard Sweatshirt,2019-05-31 00:00:00,837
Standard Sweatshirt,2019-06-30 00:00:00,763
Standard Sweatshirt,2019-07-31 00:00:00,628
Standard Sweatshirt,2019-08-31 00:00:00,959
Standard Sweatshirt,2019-09-30 00:00:00,668
Standard Sweatshirt,2019-10-31 00:00:00,947
Standard Sweatshirt,2019-11-30 00:00:00,872
Standard Sweatshirt,2019-12-31 00:00:00,763
Standard Sweatshirt,2020-01-31 00:00:00,758
Standard Sweatshirt,2020-02-29 00:00:00,655
Standard Sweatshirt,2020-03-31 00:00:00,953
Standard Sweatshirt,2020-04-30 00:00:00,806
Standard Sweatshirt,2020-05-31 00:00:00,915
Standard Sweatshirt,2020-06-30 00:00:00,719
Standard Sweatshirt,2020-07-31 00:00:00,579
Standard Sweatshirt,2020-08-31 00:00:00,879
Standard Sweatshirt,2020-09-30 00:00:00,1024
Standard Sweatshirt,2020-10-31 00:00:00,871
Standard Sweatshirt,2020-11-30 00:00:00,831
Standard Sweatshirt,2020-12-31 00:00:00,718
Standard Sweatshirt,2021-01-31 00:00:00,912
Standard Sweatshirt,2021-02-28 00:00:00,723
Standard Sweatshirt,2021-03-31 00:00:00,971
Standard Sweatshirt,2021-04-30 00:00:00,797
Standard Sweatshirt,2021-05-31 00:00:00,851
Standard Sweatshirt,2021-06-30 00:00:00,708
Standard Sweatshirt,2021-07-31 00:00:00,819
Standard Sweatshirt,2021-08-31 00:00:00,838
Standard Sweatshirt,2021-09-30 00:00:00,679
Standard Sweatshirt,2021-10-31 00:00:00,800
Standard Sweatshirt,2021-11-30 00:00:00,804
Standard Sweatshirt,2021-12-31 00:00:00,810
Standard Sweatshirt,2022-01-31 00:00:00,888
Standard Sweatshirt,2022-02-28 00:00:00,704
Standard Sweatshirt,2022-03-31 00:00:00,879
Standard Sweatshirt,2022-04-30 00:00:00,715
Standard Sweatshirt,2022-05-31 00:00:00,988
Standard Sweatshirt,2022-06-30 00:00:00,840
Standard Sweatshirt,2022-07-31 00:00:00,979
Standard Sweatshirt,2022-08-31 00:00:00,649
Standard Sweatshirt,2022-09-30 00:00:00,869
Standard Sweatshirt,2022-10-31 00:00:00,622
Standard Sweatshirt,2022-11-30 00:00:00,835
Standard Sweatshirt,2022-12-31 00:00:00,847
Standard Sweatshirt,2023-01-31 00:00:00,1066
Standard Sweatshirt,2023-02-28 00:00:00,743
Standard Sweatshirt,2023-03-31 00:00:00,878
Standard Sweatshirt,2023-04-30 00:00:00,797
Standard Sweatshirt,2023-05-31 00:00:00,1144
Standard Sweatshirt,2023-06-30 00:00:00,751
Standard Sweatshirt,2023-07-31 00:00:00,646
Standard Sweatshirt,2023-08-31 00:00:00,837
Standard Sweatshirt,2023-09-30 00:00:00,578
Standard Sweatshirt,2023-10-31 00:00:00,858
Standard Sweatshirt,2023-11-30 00:00:00,670
Standard Sweatshirt,2023-12-31 00:00:00,654
Standard Sweatshirt,2024-01-31 00:00:00,720
Standard Sweatshirt,2024-02-29 00:00:00,505
Standard Sweatshirt,2024-03-31 00:00:00,660
Standard Sweatshirt,2024-04-30 00:00:00,555
Standard Sweatshirt,2024-05-31 00:00:00,755
Standard Sweatshirt,2024-06-30 00:00:00,523
Standard Sweatshirt,2024-07-31 00:00:00,542
Standard Sweatshirt,2024-08-31 00:00:00,559
Standard Sweatshirt,2024-09-30 00:00:00,449
Standard Sweatshirt,2024-10-31 00:00:00,556
Standard Sweatshirt,2024-11-30 00:00:00,530
Standard Sweatshirt,2024-12-31 00:00:00,524
Standard Sweatshirt,2025-01-31 00:00:00,651
Standard Sweatshirt,2025-02-28 00:00:00,437
Standard Sweatshirt,2025-03-31 00:00:00,595
Standard Sweatshirt,2025-04-30 00:00:00,479
Standard Sweatshirt,2025-05-31 00:00:00,718
Standard Sweatshirt,2025-06-30 00:00:00,486
Standard Sweatshirt,2025-07-31 00:00:00,505
Standard Sweatshirt,2025-08-31 00:00:00,449
Standard Sweatshirt,2025-09-30 00:00:00,419
Standard Sweatshirt,2025-10-31 00:00:00,459
Standard Sweatshirt,2025-11-30 00:00:00,477
Standard Sweatshirt,2025-12-31 00:00:00,471
Standard Sweatshirt,2026-01-31 00:00:00,623
Standard Sweatshirt,2026-02-28 00:00:00,382
Standard Sweatshirt,2026-03-31 00:00:00,532
Standard Sweatshirt,2026-04-30 00:00:00,435
Standard Sweatshirt,2026-05-31 00:00:00,682
Standard Sweatshirt,2026-06-30 00:00:00,411
Standard Sweatshirt,2026-07-31 00:00:00,398
Standard Sweatshirt,2026-08-31 00:00:00,439
Standard Sweatshirt,2026-09-30 00:00:00,319
Standard Sweatshirt,2026-10-31 00:00:00,433
Standard Sweatshirt,2026-11-30 00:00:00,377
Standard Sweatshirt,2026-12-31 00:00:00,372
Standard Sweatshirt,2027-01-31 00:00:00,523
Standard Sweatshirt,2027-02-28 00:00:00,295
Standard Sweatshirt,2027-03-31 00:00:00,447
Standard Sweatshirt,2027-04-30 00:00:00,332
Standard Sweatshirt,2027-05-31 00:00:00,565
Standard Sweatshirt,2027-06-30 00:00:00,319
Standard Sweatshirt,2027-07-31 00:00:00,326
Standard Sweatshirt,2027-08-31 00:00:00,339
Standard Sweatshirt,2027-09-30 00:00:00,243
Standard Sweatshirt,2027-10-31 00:00:00,333
Standard Sweatshirt,2027-11-30 00:00:00,296
Standard Sweatshirt,2027-12-31 00:00:00,292
Standard Sweatshirt,2028-01-31 00:00:00,441
Standard Sweatshirt,2028-02-29 00:00:00,216
Standard Sweatshirt,2028-03-31 00:00:00,363
Standard Sweatshirt,2028-04-30 00:00:00,253
Standard Sweatshirt,2028-05-31 00:00:00,500
Standard Sweatshirt,2028-06-30 00:00:00,259
Standard Sweatshirt,2028-07-31 00:00:00,267
Standard Sweatshirt,2028-08-31 00:00:00,261
Standard Sweatshirt,2028-09-30 00:00:00,182
Straight Jeans,2015-01-31 00:00:00,874
Straight Jeans,2015-02-28 00:00:00,774
Straight Jeans,2015-03-31 00:00:00,882
Straight Jeans,2015-04-30 00:00:00,733
Straight Jeans,2015-05-31 00:00:00,746
Straight Jeans,2015-06-30 00:00:00,826
Straight Jeans,2015-07-31 00:00:00,847
Straight Jeans,2015-08-31 00:00:00,946
Straight Jeans,2015-09-30 00:00:00,744
Straight Jeans,2015-10-31 00:00:00,707
Straight Jeans,2015-11-30 00:00:00,885
Straight Jeans,2015-12-31 00:00:00,620
Straight Jeans,2016-01-31 00:00:00,846
Straight Jeans,2016-02-29 00:00:00,786
Straight Jeans,2016-03-31 00:00:00,706
Straight Jeans,2016-04-30 00:00:00,763
Straight Jeans,2016-05-31 00:00:00,815
Straight Jeans,2016-06-30 00:00:00,857
Straight Jeans,2016-07-31 00:00:00,920
Straight Jeans,2016-08-31 00:00:00,958
Straight Jeans,2016-09-30 00:00:00,769
Straight Jeans,2016-10-31 00:00:00,1012
Straight Jeans,2016-11-30 00:00:00,733
Straight Jeans,2016-12-31 00:00:00,994
Straight Jeans,2017-01-31 00:00:00,880
Straight Jeans,2017-02-28 00:00:00,691
Straight Jeans,2017-03-31 00:00:00,897
Straight Jeans,2017-04-30 00:00:00,775
Straight Jeans,2017-05-31 00:00:00,664
Straight Jeans,2017-06-30 00:00:00,727
Straight Jeans,2017-07-31 00:00:00,714
Straight Jeans,2017-08-31 00:00:00,1009
Straight Jeans,2017-09-30 00:00:00,700
Straight Jeans,2017-10-31 00:00:00,788
Straight Jeans,2017-11-30 00:00:00,1083
Straight Jeans,2017-12-31 00:00:00,658
Straight Jeans,2018-01-31 00:00:00,814
Straight Jeans,2018-02-28 00:00:00,756
Straight Jeans,2018-03-31 00:00:00,532
Straight Jeans,2018-04-30 00:00:00,885
Straight Jeans,2018-05-31 00:00:00,762
Straight Jeans,2018-06-30 00:00:00,726
Straight Jeans,2018-07-31 00:00:00,874
Straight Jeans,2018-08-31 00:00:00,730
Straight Jeans,2018-09-30 00:00:00,727
Straight Jeans,2018-10-31 00:00:00,596
Straight Jeans,2018-11-30 00:00:00,785
Straight Jeans,2018-12-31 00:00:00,765
Straight Jeans,2019-01-31 00:00:00,1022
Straight Jeans,2019-02-28 00:00:00,728
Straight Jeans,2019-03-31 00:00:00,771
Straight Jeans,2019-04-30 00:00:00,749
Straight Jeans,2019-05-31 00:00:00,651
Straight Jeans,2019-06-30 00:00:00,1010
Straight Jeans,2019-07-31 00:00:00,879
Straight Jeans,2019-08-31 00:00:00,910
Straight Jeans,2019-09-30 00:00:00,902
Straight Jeans,2019-10-31 00:00:00,807
Straight Jeans,2019-11-30 00:00:00,800
Straight Jeans,2019-12-31 00:00:00,769
Straight Jeans,2020-01-31 00:00:00,696
Straight Jeans,2020-02-29 00:00:00,636
Straight Jeans,2020-03-31 00:00:00,657
Straight Jeans,2020-04-30 00:00:00,763
Straight Jeans,2020-05-31 00:00:00,704
Straight Jeans,2020-06-30 00:00:00,538
Straight Jeans,2020-07-31 00:00:00,704
Straight Jeans,2020-08-31 00:00:00,799
Straight Jeans,2020-09-30 00:00:00,855
Straight Jeans,2020-10-31 00:00:00,876
Straight Jeans,2020-11-30 00:00:00,570
Straight Jeans,2020-12-31 00:00:00,809
Straight Jeans,2021-01-31 00:00:00,823
Straight Jeans,2021-02-28 00:00:00,813
Straight Jeans,2021-03-31 00:00:00,552
Straight Jeans,2021-04-30 00:00:00,919
Straight Jeans,2021-05-31 00:00:00,839
Straight Jeans,2021-06-30 00:00:00,882
Straight Jeans,2021-07-31 00:00:00,895
Straight Jeans,2021-08-31 00:00:00,757
Straight Jeans,2021-09-30 00:00:00,764
Straight Jeans,2021-10-31 00:00:00,854
Straight Jeans,2021-11-30 00:00:00,590
Straight Jeans,2021-12-31 00:00:00,822
Straight Jeans,2022-01-31 00:00:00,1077
Straight Jeans,2022-02-28 00:00:00,883
Straight Jeans,2022-03-31 00:00:00,829
Straight Jeans,2022-04-30 00:00:00,807
Straight Jeans,2022-05-31 00:00:00,1050
Straight Jeans,2022-06-30 00:00:00,762
Straight Jeans,2022-07-31 00:00:00,878
Straight Jeans,2022-08-31 00:00:00,846
Straight Jeans,2022-09-30 00:00:00,845
Straight Jeans,2022-10-31 00:00:00,707
Straight Jeans,2022-11-30 00:00:00,816
Straight Jeans,2022-12-31 00:00:00,615
Straight Jeans,2023-01-31 00:00:00,901
Straight Jeans,2023-02-28 00:00:00,952
Straight Jeans,2023-03-31 00:00:00,782
Straight Jeans,2023-04-30 00:00:00,716
Straight Jeans,2023-05-31 00:00:00,996
Straight Jeans,2023-06-30 00:00:00,917
Straight Jeans,2023-07-31 00:00:00,920
Straight Jeans,2023-08-31 00:00:00,726
Straight Jeans,2023-09-30 00:00:00,743
Straight Jeans,2023-10-31 00:00:00,817
Straight Jeans,2023-11-30 00:00:00,895
Straight Jeans,2023-12-31 00:00:00,1080
Straight Jeans,2024-01-31 00:00:00,958
Straight Jeans,2024-02-29 00:00:00,962
Straight Jeans,2024-03-31 00:00:00,897
Straight Jeans,2024-04-30 00:00:00,907
Straight Jeans,2024-05-31 00:00:00,978
Straight Jeans,2024-06-30 00:00:00,937
Straight Jeans,2024-07-31 00:00:00,981
Straight Jeans,2024-08-31 00:00:00,948
Straight Jeans,2024-09-30 00:00:00,922
Straight Jeans,2024-10-31 00:00:00,936
Straight Jeans,2024-11-30 00:00:00,929
Straight Jeans,2024-12-31 00:00:00,961
Straight Jeans,2025-01-31 00:00:00,1054
Straight Jeans,2025-02-28 00:00:00,997
Straight Jeans,2025-03-31 00:00:00,932
Straight Jeans,2025-04-30 00:00:00,971
Straight Jeans,2025-05-31 00:00:00,1030
Straight Jeans,2025-06-30 00:00:00,990
Straight Jeans,2025-07-31 00:00:00,1036
Straight Jeans,2025-08-31 00:00:00,1004
Straight Jeans,2025-09-30 00:00:00,967
Straight Jeans,2025-10-31 00:00:00,972
Straight Jeans,2025-11-30 00:00:00,968
Straight Jeans,2025-12-31 00:00:00,1009
Straight Jeans,2026-01-31 00:00:00,1102
Straight Jeans,2026-02-28 00:00:00,1035
Straight Jeans,2026-03-31 00:00:00,959
Straight Jeans,2026-04-30 00:00:00,1011
Straight Jeans,2026-05-31 00:00:00,1082
Straight Jeans,2026-06-30 00:00:00,1043
Straight Jeans,2026-07-31 00:00:00,1083
Straight Jeans,2026-08-31 00:00:00,1048
Straight Jeans,2026-09-30 00:00:00,1018
Straight Jeans,2026-10-31 00:00:00,1018
Straight Jeans,2026-11-30 00:00:00,1005
Straight Jeans,2026-12-31 00:00:00,1048
Straight Jeans,2027-01-31 00:00:00,1140
Straight Jeans,2027-02-28 00:00:00,1086
Straight Jeans,2027-03-31 00:00:00,1013
Straight Jeans,2027-04-30 00:00:00,1053
Straight Jeans,2027-05-31 00:00:00,1114
Straight Jeans,2027-06-30 00:00:00,1084
Straight Jeans,2027-07-31 00:00:00,1127
Straight Jeans,2027-08-31 00:00:00,1091
Straight Jeans,2027-09-30 00:00:00,1061
Straight Jeans,2027-10-31 00:00:00,1060
Straight Jeans,2027-11-30 00:00:00,1053
Straight Jeans,2027-12-31 00:00:00,1079
Straight Jeans,2028-01-31 00:00:00,1186
Straight Jeans,2028-02-29 00:00:00,1124
Straight Jeans,2028-03-31 00:00:00,1051
Straight Jeans,2028-04-30 00:00:00,1092
Straight Jeans,2028-05-31 00:00:00,1166
Straight Jeans,2028-06-30 00:00:00,1128
Straight Jeans,2028-07-31 00:00:00,1161
Straight Jeans,2028-08-31 00:00:00,1122
Straight Jeans,2028-09-30 00:00:00,1097
Suit Trousers,2015-01-31 00:00:00,884
Suit Trousers,2015-02-28 00:00:00,745
Suit Trousers,2015-03-31 00:00:00,994
Suit Trousers,2015-04-30 00:00:00,753
Suit Trousers,2015-05-31 00:00:00,771
Suit Trousers,2015-06-30 00:00:00,839
Suit Trousers,2015-07-31 00:00:00,717
Suit Trousers,2015-08-31 00:00:00,834
Suit Trousers,2015-09-30 00:00:00,837
Suit Trousers,2015-10-31 00:00:00,767
Suit Trousers,2015-11-30 00:00:00,762
Suit Trousers,2015-12-31 00:00:00,1000
Suit Trousers,2016-01-31 00:00:00,1129
Suit Trousers,2016-02-29 00:00:00,868
Suit Trousers,2016-03-31 00:00:00,635
Suit Trousers,2016-04-30 00:00:00,708
Suit Trousers,2016-05-31 00:00:00,705
Suit Trousers,2016-06-30 00:00:00,1012
Suit Trousers,2016-07-31 00:00:00,775
Suit Trousers,2016-08-31 00:00:00,710
Suit Trousers,2016-09-30 00:00:00,901
Suit Trousers,2016-10-31 00:00:00,788
Suit Trousers,2016-11-30 00:00:00,815
Suit Trousers,2016-12-31 00:00:00,1038
Suit Trousers,2017-01-31 00:00:00,940
Suit Trousers,2017-02-28 00:00:00,806
Suit Trousers,2017-03-31 00:00:00,705
Suit Trousers,2017-04-30 00:00:00,769
Suit Trousers,2017-05-31 00:00:00,963
Suit Trousers,2017-06-30 00:00:00,496
Suit Trousers,2017-07-31 00:00:00,687
Suit Trousers,2017-08-31 00:00:00,817
Suit Trousers,2017-09-30 00:00:00,672
Suit Trousers,2017-10-31 00:00:00,754
Suit Trousers,2017-11-30 00:00:00,779
Suit Trousers,2017-12-31 00:00:00,758
Suit Trousers,2018-01-31 00:00:00,1039
Suit Trousers,2018-02-28 00:00:00,763
Suit Trousers,2018-03-31 00:00:00,883
Suit Trousers,2018-04-30 00:00:00,834
Suit Trousers,2018-05-31 00:00:00,836
Suit Trousers,2018-06-30 00:00:00,816
Suit Trousers,2018-07-31 00:00:00,779
Suit Trousers,2018-08-31 00:00:00,684
Suit Trousers,2018-09-30 00:00:00,674
Suit Trousers,2018-10-31 00:00:00,614
Suit Trousers,2018-11-30 00:00:00,845
Suit Trousers,2018-12-31 00:00:00,806
Suit Trousers,2019-01-31 00:00:00,847
Suit Trousers,2019-02-28 00:00:00,592
Suit Trousers,2019-03-31 00:00:00,714
Suit Trousers,2019-04-30 00:00:00,723
Suit Trousers,2019-05-31 00:00:00,657
Suit Trousers,2019-06-30 00:00:00,857
Suit Trousers,2019-07-31 00:00:00,948
Suit Trousers,2019-08-31 00:00:00,848
Suit Trousers,2019-09-30 00:00:00,995
Suit Trousers,2019-10-31 00:00:00,688
Suit Trousers,2019-11-30 00:00:00,866
Suit Trousers,2019-12-31 00:00:00,1045
Suit Trousers,2020-01-31 00:00:00,693
Suit Trousers,2020-02-29 00:00:00,1096
Suit Trousers,2020-03-31 00:00:00,783
Suit Trousers,2020-04-30 00:00:00,862
Suit Trousers,2020-05-31 00:00:00,906
Suit Trousers,2020-06-30 00:00:00,714
Suit Trousers,2020-07-31 00:00:00,866
Suit Trousers,2020-08-31 00:00:00,691
Suit Trousers,2020-09-30 00:00:00,699
Suit Trousers,2020-10-31 00:00:00,1079
Suit Trousers,2020-11-30 00:00:00,667
Suit Trousers,2020-12-31 00:00:00,902
Suit Trousers,2021-01-31 00:00:00,1020
Suit Trousers,2021-02-28 00:00:00,613
Suit Trousers,2021-03-31 00:00:00,842
Suit Trousers,2021-04-30 00:00:00,753
Suit Trousers,2021-05-31 00:00:00,616
Suit Trousers,2021-06-30 00:00:00,868
Suit Trousers,2021-07-31 00:00:00,823
Suit Trousers,2021-08-31 00:00:00,806
Suit Trousers,2021-09-30 00:00:00,624
Suit Trousers,2021-10-31 00:00:00,750
Suit Trousers,2021-11-30 00:00:00,744
Suit Trousers,2021-12-31 00:00:00,696
Suit Trousers,2022-01-31 00:00:00,600
Suit Trousers,2022-02-28 00:00:00,778
Suit Trousers,2022-03-31 00:00:00,938
Suit Trousers,2022-04-30 00:00:00,624
Suit Trousers,2022-05-31 00:00:00,792
Suit Trousers,2022-06-30 00:00:00,973
Suit Trousers,2022-07-31 00:00:00,910
Suit Trousers,2022-08-31 00:00:00,696
Suit Trousers,2022-09-30 00:00:00,698
Suit Trousers,2022-10-31 00:00:00,887
Suit Trousers,2022-11-30 00:00:00,666
Suit Trousers,2022-12-31 00:00:00,772
Suit Trousers,2023-01-31 00:00:00,905
Suit Trousers,2023-02-28 00:00:00,566
Suit Trousers,2023-03-31 00:00:00,669
Suit Trousers,2023-04-30 00:00:00,799
Suit Trousers,2023-05-31 00:00:00,793
Suit Trousers,2023-06-30 00:00:00,718
Suit Trousers,2023-07-31 00:00:00,989
Suit Trousers,2023-08-31 00:00:00,814
Suit Trousers,2023-09-30 00:00:00,609
Suit Trousers,2023-10-31 00:00:00,912
Suit Trousers,2023-11-30 00:00:00,839
Suit Trousers,2023-12-31 00:00:00,766
Suit Trousers,2024-01-31 00:00:00,743
Suit Trousers,2024-02-29 00:00:00,668
Suit Trousers,2024-03-31 00:00:00,713
Suit Trousers,2024-04-30 00:00:00,660
Suit Trousers,2024-05-31 00:00:00,651
Suit Trousers,2024-06-30 00:00:00,738
Suit Trousers,2024-07-31 00:00:00,767
Suit Trousers,2024-08-31 00:00:00,647
Suit Trousers,2024-09-30 00:00:00,587
Suit Trousers,2024-10-31 00:00:00,748
Suit Trousers,2024-11-30 00:00:00,629
Suit Trousers,2024-12-31 00:00:00,700
Suit Trousers,2025-01-31 00:00:00,686
Suit Trousers,2025-02-28 00:00:00,609
Suit Trousers,2025-03-31 00:00:00,724
Suit Trousers,2025-04-30 00:00:00,623
Suit Trousers,2025-05-31 00:00:00,659
Suit Trousers,2025-06-30 00:00:00,749
Suit Trousers,2025-07-31 00:00:00,790
Suit Trousers,2025-08-31 00:00:00,663
Suit Trousers,2025-09-30 00:00:00,584
Suit Trousers,2025-10-31 00:00:00,749
Suit Trousers,2025-11-30 00:00:00,651
Suit Trousers,2025-12-31 00:00:00,676
Suit Trousers,2026-01-31 00:00:00,716
Suit Trousers,2026-02-28 00:00:00,600
Suit Trousers,2026-03-31 00:00:00,676
Suit Trousers,2026-04-30 00:00:00,651
Suit Trousers,2026-05-31 00:00:00,669
Suit Trousers,2026-06-30 00:00:00,709
Suit Trousers,2026-07-31 00:00:00,803
Suit Trousers,2026-08-31 00:00:00,665
Suit Trousers,2026-09-30 00:00:00,573
Suit Trousers,2026-10-31 00:00:00,762
Suit Trousers,2026-11-30 00:00:00,660
Suit Trousers,2026-12-31 00:00:00,680
Suit Trousers,2027-01-31 00:00:00,725
Suit Trousers,2027-02-28 00:00:00,604
Suit Trousers,2027-03-31 00:00:00,680
Suit Trousers,2027-04-30 00:00:00,647
Suit Trousers,2027-05-31 00:00:00,650
Suit Trousers,2027-06-30 00:00:00,708
Suit Trousers,2027-07-31 00:00:00,779
Suit Trousers,2027-08-31 00:00:00,659
Suit Trousers,2027-09-30 00:00:00,573
Suit Trousers,2027-10-31 00:00:00,744
Suit Trousers,2027-11-30 00:00:00,649
Suit Trousers,2027-12-31 00:00:00,675
Suit Trousers,2028-01-31 00:00:00,698
Suit Trousers,2028-02-29 00:00:00,606
Suit Trousers,2028-03-31 00:00:00,691
Suit Trousers,2028-04-30 00:00:00,628
Suit Trousers,2028-05-31 00:00:00,649
Suit Trousers,2028-06-30 00:00:00,719
Suit Trousers,2028-07-31 00:00:00,772
Suit Trousers,2028-08-31 00:00:00,648
Suit Trousers,2028-09-30 00:00:00,574
Sunglasses,2015-01-31 00:00:00,764
Sunglasses,2015-02-28 00:00:00,658
Sunglasses,2015-03-31 00:00:00,664
Sunglasses,2015-04-30 00:00:00,620
Sunglasses,2015-05-31 00:00:00,673
Sunglasses,2015-06-30 00:00:00,695
Sunglasses,2015-07-31 00:00:00,759
Sunglasses,2015-08-31 00:00:00,816
Sunglasses,2015-09-30 00:00:00,982
Sunglasses,2015-10-31 00:00:00,904
Sunglasses,2015-11-30 00:00:00,698
Sunglasses,2015-12-31 00:00:00,859
Sunglasses,2016-01-31 00:00:00,688
Sunglasses,2016-02-29 00:00:00,691
Sunglasses,2016-03-31 00:00:00,721
Sunglasses,2016-04-30 00:00:00,711
Sunglasses,2016-05-31 00:00:00,638
Sunglasses,2016-06-30 00:00:00,753
Sunglasses,2016-07-31 00:00:00,967
Sunglasses,2016-08-31 00:00:00,816
Sunglasses,2016-09-30 00:00:00,765
Sunglasses,2016-10-31 00:00:00,927
Sunglasses,2016-11-30 00:00:00,1006
Sunglasses,2016-12-31 00:00:00,782
Sunglasses,2017-01-31 00:00:00,801
Sunglasses,2017-02-28 00:00:00,809
Sunglasses,2017-03-31 00:00:00,676
Sunglasses,2017-04-30 00:00:00,815
Sunglasses,2017-05-31 00:00:00,584
Sunglasses,2017-06-30 00:00:00,790
Sunglasses,2017-07-31 00:00:00,776
Sunglasses,2017-08-31 00:00:00,649
Sunglasses,2017-09-30 00:00:00,805
Sunglasses,2017-10-31 00:00:00,720
Sunglasses,2017-11-30 00:00:00,867
Sunglasses,2017-12-31 00:00:00,639
Sunglasses,2018-01-31 00:00:00,901
Sunglasses,2018-02-28 00:00:00,708
Sunglasses,2018-03-31 00:00:00,658
Sunglasses,2018-04-30 00:00:00,861
Sunglasses,2018-05-31 00:00:00,866
Sunglasses,2018-06-30 00:00:00,616
Sunglasses,2018-07-31 00:00:00,862
Sunglasses,2018-08-31 00:00:00,656
Sunglasses,2018-09-30 00:00:00,749
Sunglasses,2018-10-31 00:00:00,811
Sunglasses,2018-11-30 00:00:00,721
Sunglasses,2018-12-31 00:00:00,922
Sunglasses,2019-01-31 00:00:00,974
Sunglasses,2019-02-28 00:00:00,651
Sunglasses,2019-03-31 00:00:00,755
Sunglasses,2019-04-30 00:00:00,754
Sunglasses,2019-05-31 00:00:00,749
Sunglasses,2019-06-30 00:00:00,723
Sunglasses,2019-07-31 00:00:00,693
Sunglasses,2019-08-31 00:00:00,1010
Sunglasses,2019-09-30 00:00:00,774
Sunglasses,2019-10-31 00:00:00,787
Sunglasses,2019-11-30 00:00:00,721
Sunglasses,2019-12-31 00:00:00,1000
Sunglasses,2020-01-31 00:00:00,801
Sunglasses,2020-02-29 00:00:00,759
Sunglasses,2020-03-31 00:00:00,843
Sunglasses,2020-04-30 00:00:00,689
Sunglasses,2020-05-31 00:00:00,651
Sunglasses,2020-06-30 00:00:00,832
Sunglasses,2020-07-31 00:00:00,695
Sunglasses,2020-08-31 00:00:00,1041
Sunglasses,2020-09-30 00:00:00,791
Sunglasses,2020-10-31 00:00:00,793
Sunglasses,2020-11-30 00:00:00,833
Sunglasses,2020-12-31 00:00:00,958
Sunglasses,2021-01-31 00:00:00,838
Sunglasses,2021-02-28 00:00:00,752
Sunglasses,2021-03-31 00:00:00,802
Sunglasses,2021-04-30 00:00:00,563
Sunglasses,2021-05-31 00:00:00,914
Sunglasses,2021-06-30 00:00:00,672
Sunglasses,2021-07-31 00:00:00,714
Sunglasses,2021-08-31 00:00:00,889
Sunglasses,2021-09-30 00:00:00,817
Sunglasses,2021-10-31 00:00:00,878
Sunglasses,2021-11-30 00:00:00,764
Sunglasses,2021-12-31 00:00:00,724
Sunglasses,2022-01-31 00:00:00,874
Sunglasses,2022-02-28 00:00:00,684
Sunglasses,2022-03-31 00:00:00,781
Sunglasses,2022-04-30 00:00:00,693
Sunglasses,2022-05-31 00:00:00,761
Sunglasses,2022-06-30 00:00:00,725
Sunglasses,2022-07-31 00:00:00,944
Sunglasses,2022-08-31 00:00:00,811
Sunglasses,2022-09-30 00:00:00,866
Sunglasses,2022-10-31 00:00:00,772
Sunglasses,2022-11-30 00:00:00,899
Sunglasses,2022-12-31 00:00:00,907
Sunglasses,2023-01-31 00:00:00,747
Sunglasses,2023-02-28 00:00:00,631
Sunglasses,2023-03-31 00:00:00,927
Sunglasses,2023-04-30 00:00:00,940
Sunglasses,2023-05-31 00:00:00,817
Sunglasses,2023-06-30 00:00:00,766
Sunglasses,2023-07-31 00:00:00,823
Sunglasses,2023-08-31 00:00:00,732
Sunglasses,2023-09-30 00:00:00,1029
Sunglasses,2023-10-31 00:00:00,1061
Sunglasses,2023-11-30 00:00:00,741
Sunglasses,2023-12-31 00:00:00,650
Sunglasses,2024-01-31 00:00:00,737
Sunglasses,2024-02-29 00:00:00,647
Sunglasses,2024-03-31 00:00:00,823
Sunglasses,2024-04-30 00:00:00,699
Sunglasses,2024-05-31 00:00:00,676
Sunglasses,2024-06-30 00:00:00,652
Sunglasses,2024-07-31 00:00:00,750
Sunglasses,2024-08-31 00:00:00,692
Sunglasses,2024-09-30 00:00:00,819
Sunglasses,2024-10-31 00:00:00,875
Sunglasses,2024-11-30 00:00:00,662
Sunglasses,2024-12-31 00:00:00,608
Sunglasses,2025-01-31 00:00:00,741
Sunglasses,2025-02-28 00:00:00,623
Sunglasses,2025-03-31 00:00:00,766
Sunglasses,2025-04-30 00:00:00,667
Sunglasses,2025-05-31 00:00:00,672
Sunglasses,2025-06-30 00:00:00,644
Sunglasses,2025-07-31 00:00:00,769
Sunglasses,2025-08-31 00:00:00,689
Sunglasses,2025-09-30 00:00:00,802
Sunglasses,2025-10-31 00:00:00,810
Sunglasses,2025-11-30 00:00:00,690
Sunglasses,2025-12-31 00:00:00,652
Sunglasses,2026-01-31 00:00:00,707
Sunglasses,2026-02-28 00:00:00,589
Sunglasses,2026-03-31 00:00:00,778
Sunglasses,2026-04-30 00:00:00,722
Sunglasses,2026-05-31 00:00:00,675
Sunglasses,2026-06-30 00:00:00,637
Sunglasses,2026-07-31 00:00:00,739
Sunglasses,2026-08-31 00:00:00,665
Sunglasses,2026-09-30 00:00:00,823
Sunglasses,2026-10-31 00:00:00,835
Sunglasses,2026-11-30 00:00:00,667
Sunglasses,2026-12-31 00:00:00,617
Sunglasses,2027-01-31 00:00:00,702
Sunglasses,2027-02-28 00:00:00,594
Sunglasses,2027-03-31 00:00:00,772
Sunglasses,2027-04-30 00:00:00,688
Sunglasses,2027-05-31 00:00:00,664
Sunglasses,2027-06-30 00:00:00,628
Sunglasses,2027-07-31 00:00:00,724
Sunglasses,2027-08-31 00:00:00,657
Sunglasses,2027-09-30 00:00:00,818
Sunglasses,2027-10-31 00:00:00,838
Sunglasses,2027-11-30 00:00:00,653
Sunglasses,2027-12-31 00:00:00,601
Sunglasses,2028-01-31 00:00:00,698
Sunglasses,2028-02-29 00:00:00,594
Sunglasses,2028-03-31 00:00:00,764
Sunglasses,2028-04-30 00:00:00,671
Sunglasses,2028-05-31 00:00:00,654
Sunglasses,2028-06-30 00:00:00,616
Sunglasses,2028-07-31 00:00:00,718
Sunglasses,2028-08-31 00:00:00,656
Sunglasses,2028-09-30 00:00:00,802
Tailored Trousers,2015-01-31 00:00:00,1057
Tailored Trousers,2015-02-28 00:00:00,849
Tailored Trousers,2015-03-31 00:00:00,776
Tailored Trousers,2015-04-30 00:00:00,760
Tailored Trousers,2015-05-31 00:00:00,706
Tailored Trousers,2015-06-30 00:00:00,812
Tailored Trousers,2015-07-31 00:00:00,964
Tailored Trousers,2015-08-31 00:00:00,809
Tailored Trousers,2015-09-30 00:00:00,772
Tailored Trousers,2015-10-31 00:00:00,805
Tailored Trousers,2015-11-30 00:00:00,757
Tailored Trousers,2015-12-31 00:00:00,890
Tailored Trousers,2016-01-31 00:00:00,819
Tailored Trousers,2016-02-29 00:00:00,592
Tailored Trousers,2016-03-31 00:00:00,767
Tailored Trousers,2016-04-30 00:00:00,828
Tailored Trousers,2016-05-31 00:00:00,853
Tailored Trousers,2016-06-30 00:00:00,780
Tailored Trousers,2016-07-31 00:00:00,692
Tailored Trousers,2016-08-31 00:00:00,690
Tailored Trousers,2016-09-30 00:00:00,723
Tailored Trousers,2016-10-31 00:00:00,643
Tailored Trousers,2016-11-30 00:00:00,779
Tailored Trousers,2016-12-31 00:00:00,836
Tailored Trousers,2017-01-31 00:00:00,867
Tailored Trousers,2017-02-28 00:00:00,673
Tailored Trousers,2017-03-31 00:00:00,943
Tailored Trousers,2017-04-30 00:00:00,861
Tailored Trousers,2017-05-31 00:00:00,890
Tailored Trousers,2017-06-30 00:00:00,885
Tailored Trousers,2017-07-31 00:00:00,777
Tailored Trousers,2017-08-31 00:00:00,838
Tailored Trousers,2017-09-30 00:00:00,1000
Tailored Trousers,2017-10-31 00:00:00,620
Tailored Trousers,2017-11-30 00:00:00,888
Tailored Trousers,2017-12-31 00:00:00,640
Tailored Trousers,2018-01-31 00:00:00,908
Tailored Trousers,2018-02-28 00:00:00,581
Tailored Trousers,2018-03-31 00:00:00,866
Tailored Trousers,2018-04-30 00:00:00,701
Tailored Trousers,2018-05-31 00:00:00,747
Tailored Trousers,2018-06-30 00:00:00,1044
Tailored Trousers,2018-07-31 00:00:00,1033
Tailored Trousers,2018-08-31 00:00:00,871
Tailored Trousers,2018-09-30 00:00:00,651
Tailored Trousers,2018-10-31 00:00:00,680
Tailored Trousers,2018-11-30 00:00:00,829
Tailored Trousers,2018-12-31 00:00:00,966
Tailored Trousers,2019-01-31 00:00:00,792
Tailored Trousers,2019-02-28 00:00:00,658
Tailored Trousers,2019-03-31 00:00:00,574
Tailored Trousers,2019-04-30 00:00:00,609
Tailored Trousers,2019-05-31 00:00:00,788
Tailored Trousers,2019-06-30 00:00:00,834
Tailored Trousers,2019-07-31 00:00:00,646
Tailored Trousers,2019-08-31 00:00:00,814
Tailored Trousers,2019-09-30 00:00:00,923
Tailored Trousers,2019-10-31 00:00:00,621
Tailored Trousers,2019-11-30 00:00:00,848
Tailored Trousers,2019-12-31 00:00:00,720
Tailored Trousers,2020-01-31 00:00:00,659
Tailored Trousers,2020-02-29 00:00:00,758
Tailored Trousers,2020-03-31 00:00:00,618
Tailored Trousers,2020-04-30 00:00:00,873
Tailored Trousers,2020-05-31 00:00:00,880
Tailored Trousers,2020-06-30 00:00:00,858
Tailored Trousers,2020-07-31 00:00:00,629
Tailored Trousers,2020-08-31 00:00:00,833
Tailored Trousers,2020-09-30 00:00:00,691
Tailored Trousers,2020-10-31 00:00:00,816
Tailored Trousers,2020-11-30 00:00:00,818
Tailored Trousers,2020-12-31 00:00:00,768
Tailored Trousers,2021-01-31 00:00:00,615
Tailored Trousers,2021-02-28 00:00:00,704
Tailored Trousers,2021-03-31 00:00:00,700
Tailored Trousers,2021-04-30 00:00:00,848
Tailored Trousers,2021-05-31 00:00:00,820
Tailored Trousers,2021-06-30 00:00:00,958
Tailored Trousers,2021-07-31 00:00:00,875
Tailored Trousers,2021-08-31 00:00:00,923
Tailored Trousers,2021-09-30 00:00:00,620
Tailored Trousers,2021-10-31 00:00:00,635
Tailored Trousers,2021-11-30 00:00:00,648
Tailored Trousers,2021-12-31 00:00:00,963
Tailored Trousers,2022-01-31 00:00:00,922
Tailored Trousers,2022-02-28 00:00:00,874
Tailored Trousers,2022-03-31 00:00:00,865
Tailored Trousers,2022-04-30 00:00:00,806
Tailored Trousers,2022-05-31 00:00:00,768
Tailored Trousers,2022-06-30 00:00:00,826
Tailored Trousers,2022-07-31 00:00:00,738
Tailored Trousers,2022-08-31 00:00:00,805
Tailored Trousers,2022-09-30 00:00:00,759
Tailored Trousers,2022-10-31 00:00:00,884
Tailored Trousers,2022-11-30 00:00:00,832
Tailored Trousers,2022-12-31 00:00:00,740
Tailored Trousers,2023-01-31 00:00:00,887
Tailored Trousers,2023-02-28 00:00:00,686
Tailored Trousers,2023-03-31 00:00:00,905
Tailored Trousers,2023-04-30 00:00:00,719
Tailored Trousers,2023-05-31 00:00:00,740
Tailored Trousers,2023-06-30 00:00:00,608
Tailored Trousers,2023-07-31 00:00:00,673
Tailored Trousers,2023-08-31 00:00:00,828
Tailored Trousers,2023-09-30 00:00:00,767
Tailored Trousers,2023-10-31 00:00:00,642
Tailored Trousers,2023-11-30 00:00:00,800
Tailored Trousers,2023-12-31 00:00:00,1009
Tailored Trousers,2024-01-31 00:00:00,818
Tailored Trousers,2024-02-29 00:00:00,838
Tailored Trousers,2024-03-31 00:00:00,857
Tailored Trousers,2024-04-30 00:00:00,864
Tailored Trousers,2024-05-31 00:00:00,851
Tailored Trousers,2024-06-30 00:00:00,890
Tailored Trousers,2024-07-31 00:00:00,841
Tailored Trousers,2024-08-31 00:00:00,918
Tailored Trousers,2024-09-30 00:00:00,781
Tailored Trousers,2024-10-31 00:00:00,778
Tailored Trousers,2024-11-30 00:00:00,816
Tailored Trousers,2024-12-31 00:00:00,973
Tailored Trousers,2025-01-31 00:00:00,955
Tailored Trousers,2025-02-28 00:00:00,886
Tailored Trousers,2025-03-31 00:00:00,928
Tailored Trousers,2025-04-30 00:00:00,884
Tailored Trousers,2025-05-31 00:00:00,871
Tailored Trousers,2025-06-30 00:00:00,870
Tailored Trousers,2025-07-31 00:00:00,840
Tailored Trousers,2025-08-31 00:00:00,924
Tailored Trousers,2025-09-30 00:00:00,849
Tailored Trousers,2025-10-31 00:00:00,874
Tailored Trousers,2025-11-30 00:00:00,904
Tailored Trousers,2025-12-31 00:00:00,960
Tailored Trousers,2026-01-31 00:00:00,978
Tailored Trousers,2026-02-28 00:00:00,883
Tailored Trousers,2026-03-31 00:00:00,986
Tailored Trousers,2026-04-30 00:00:00,901
Tailored Trousers,2026-05-31 00:00:00,899
Tailored Trousers,2026-06-30 00:00:00,871
Tailored Trousers,2026-07-31 00:00:00,874
Tailored Trousers,2026-08-31 00:00:00,980
Tailored Trousers,2026-09-30 00:00:00,897
Tailored Trousers,2026-10-31 00:00:00,849
Tailored Trousers,2026-11-30 00:00:00,922
Tailored Trousers,2026-12-31 00:00:00,1072
Tailored Trousers,2027-01-31 00:00:00,1024
Tailored Trousers,2027-02-28 00:00:00,990
Tailored Trousers,2027-03-31 00:00:00,1053
Tailored Trousers,2027-04-30 00:00:00,1013
Tailored Trousers,2027-05-31 00:00:00,998
Tailored Trousers,2027-06-30 00:00:00,1009
Tailored Trousers,2027-07-31 00:00:00,982
Tailored Trousers,2027-08-31 00:00:00,1059
Tailored Trousers,2027-09-30 00:00:00,950
Tailored Trousers,2027-10-31 00:00:00,952
Tailored Trousers,2027-11-30 00:00:00,997
Tailored Trousers,2027-12-31 00:00:00,1125
Tailored Trousers,2028-01-31 00:00:00,1114
Tailored Trousers,2028-02-29 00:00:00,1047
Tailored Trousers,2028-03-31 00:00:00,1126
Tailored Trousers,2028-04-30 00:00:00,1066
Tailored Trousers,2028-05-31 00:00:00,1055
Tailored Trousers,2028-06-30 00:00:00,1041
Tailored Trousers,2028-07-31 00:00:00,1018
Tailored Trousers,2028-08-31 00:00:00,1113
Tailored Trousers,2028-09-30 00:00:00,1024
Tapered Fit Jeans,2015-01-31 00:00:00,582
Tapered Fit Jeans,2015-02-28 00:00:00,721
Tapered Fit Jeans,2015-03-31 00:00:00,684
Tapered Fit Jeans,2015-04-30 00:00:00,758
Tapered Fit Jeans,2015-05-31 00:00:00,791
Tapered Fit Jeans,2015-06-30 00:00:00,798
Tapered Fit Jeans,2015-07-31 00:00:00,672
Tapered Fit Jeans,2015-08-31 00:00:00,1082
Tapered Fit Jeans,2015-09-30 00:00:00,876
Tapered Fit Jeans,2015-10-31 00:00:00,871
Tapered Fit Jeans,2015-11-30 00:00:00,796
Tapered Fit Jeans,2015-12-31 00:00:00,872
Tapered Fit Jeans,2016-01-31 00:00:00,750
Tapered Fit Jeans,2016-02-29 00:00:00,767
Tapered Fit Jeans,2016-03-31 00:00:00,803
Tapered Fit Jeans,2016-04-30 00:00:00,650
Tapered Fit Jeans,2016-05-31 00:00:00,723
Tapered Fit Jeans,2016-06-30 00:00:00,763
Tapered Fit Jeans,2016-07-31 00:00:00,611
Tapered Fit Jeans,2016-08-31 00:00:00,767
Tapered Fit Jeans,2016-09-30 00:00:00,963
Tapered Fit Jeans,2016-10-31 00:00:00,939
Tapered Fit Jeans,2016-11-30 00:00:00,974
Tapered Fit Jeans,2016-12-31 00:00:00,929
Tapered Fit Jeans,2017-01-31 00:00:00,877
Tapered Fit Jeans,2017-02-28 00:00:00,731
Tapered Fit Jeans,2017-03-31 00:00:00,848
Tapered Fit Jeans,2017-04-30 00:00:00,499
Tapered Fit Jeans,2017-05-31 00:00:00,1047
Tapered Fit Jeans,2017-06-30 00:00:00,677
Tapered Fit Jeans,2017-07-31 00:00:00,809
Tapered Fit Jeans,2017-08-31 00:00:00,808
Tapered Fit Jeans,2017-09-30 00:00:00,747
Tapered Fit Jeans,2017-10-31 00:00:00,770
Tapered Fit Jeans,2017-11-30 00:00:00,764
Tapered Fit Jeans,2017-12-31 00:00:00,822
Tapered Fit Jeans,2018-01-31 00:00:00,996
Tapered Fit Jeans,2018-02-28 00:00:00,513
Tapered Fit Jeans,2018-03-31 00:00:00,760
Tapered Fit Jeans,2018-04-30 00:00:00,637
Tapered Fit Jeans,2018-05-31 00:00:00,934
Tapered Fit Jeans,2018-06-30 00:00:00,791
Tapered Fit Jeans,2018-07-31 00:00:00,773
Tapered Fit Jeans,2018-08-31 00:00:00,755
Tapered Fit Jeans,2018-09-30 00:00:00,1008
Tapered Fit Jeans,2018-10-31 00:00:00,709
Tapered Fit Jeans,2018-11-30 00:00:00,823
Tapered Fit Jeans,2018-12-31 00:00:00,815
Tapered Fit Jeans,2019-01-31 00:00:00,771
Tapered Fit Jeans,2019-02-28 00:00:00,807
Tapered Fit Jeans,2019-03-31 00:00:00,841
Tapered Fit Jeans,2019-04-30 00:00:00,785
Tapered Fit Jeans,2019-05-31 00:00:00,842
Tapered Fit Jeans,2019-06-30 00:00:00,700
Tapered Fit Jeans,2019-07-31 00:00:00,695
Tapered Fit Jeans,2019-08-31 00:00:00,951
Tapered Fit Jeans,2019-09-30 00:00:00,973
Tapered Fit Jeans,2019-10-31 00:00:00,867
Tapered Fit Jeans,2019-11-30 00:00:00,827
Tapered Fit Jeans,2019-12-31 00:00:00,745
Tapered Fit Jeans,2020-01-31 00:00:00,1020
Tapered Fit Jeans,2020-02-29 00:00:00,733
Tapered Fit Jeans,2020-03-31 00:00:00,879
Tapered Fit Jeans,2020-04-30 00:00:00,629
Tapered Fit Jeans,2020-05-31 00:00:00,815
Tapered Fit Jeans,2020-06-30 00:00:00,797
Tapered Fit Jeans,2020-07-31 00:00:00,817
Tapered Fit Jeans,2020-08-31 00:00:00,771
Tapered Fit Jeans,2020-09-30 00:00:00,898
Tapered Fit Jeans,2020-10-31 00:00:00,632
Tapered Fit Jeans,2020-11-30 00:00:00,800
Tapered Fit Jeans,2020-12-31 00:00:00,769
Tapered Fit Jeans,2021-01-31 00:00:00,734
Tapered Fit Jeans,2021-02-28 00:00:00,862
Tapered Fit Jeans,2021-03-31 00:00:00,657
Tapered Fit Jeans,2021-04-30 00:00:00,807
Tapered Fit Jeans,2021-05-31 00:00:00,920
Tapered Fit Jeans,2021-06-30 00:00:00,735
Tapered Fit Jeans,2021-07-31 00:00:00,718
Tapered Fit Jeans,2021-08-31 00:00:00,874
Tapered Fit Jeans,2021-09-30 00:00:00,733
Tapered Fit Jeans,2021-10-31 00:00:00,718
Tapered Fit Jeans,2021-11-30 00:00:00,682
Tapered Fit Jeans,2021-12-31 00:00:00,964
Tapered Fit Jeans,2022-01-31 00:00:00,708
Tapered Fit Jeans,2022-02-28 00:00:00,803
Tapered Fit Jeans,2022-03-31 00:00:00,685
Tapered Fit Jeans,2022-04-30 00:00:00,888
Tapered Fit Jeans,2022-05-31 00:00:00,620
Tapered Fit Jeans,2022-06-30 00:00:00,902
Tapered Fit Jeans,2022-07-31 00:00:00,909
Tapered Fit Jeans,2022-08-31 00:00:00,788
Tapered Fit Jeans,2022-09-30 00:00:00,684
Tapered Fit Jeans,2022-10-31 00:00:00,839
Tapered Fit Jeans,2022-11-30 00:00:00,696
Tapered Fit Jeans,2022-12-31 00:00:00,789
Tapered Fit Jeans,2023-01-31 00:00:00,692
Tapered Fit Jeans,2023-02-28 00:00:00,766
Tapered Fit Jeans,2023-03-31 00:00:00,772
Tapered Fit Jeans,2023-04-30 00:00:00,1060
Tapered Fit Jeans,2023-05-31 00:00:00,802
Tapered Fit Jeans,2023-06-30 00:00:00,864
Tapered Fit Jeans,2023-07-31 00:00:00,716
Tapered Fit Jeans,2023-08-31 00:00:00,764
Tapered Fit Jeans,2023-09-30 00:00:00,840
Tapered Fit Jeans,2023-10-31 00:00:00,775
Tapered Fit Jeans,2023-11-30 00:00:00,719
Tapered Fit Jeans,2023-12-31 00:00:00,796
Tapered Fit Jeans,2024-01-31 00:00:00,622
Tapered Fit Jeans,2024-02-29 00:00:00,711
Tapered Fit Jeans,2024-03-31 00:00:00,651
Tapered Fit Jeans,2024-04-30 00:00:00,815
Tapered Fit Jeans,2024-05-31 00:00:00,643
Tapered Fit Jeans,2024-06-30 00:00:00,732
Tapered Fit Jeans,2024-07-31 00:00:00,726
Tapered Fit Jeans,2024-08-31 00:00:00,690
Tapered Fit Jeans,2024-09-30 00:00:00,661
Tapered Fit Jeans,2024-10-31 00:00:00,681
Tapered Fit Jeans,2024-11-30 00:00:00,621
Tapered Fit Jeans,2024-12-31 00:00:00,725
Tapered Fit Jeans,2025-01-31 00:00:00,634
Tapered Fit Jeans,2025-02-28 00:00:00,694
Tapered Fit Jeans,2025-03-31 00:00:00,650
Tapered Fit Jeans,2025-04-30 00:00:00,882
Tapered Fit Jeans,2025-05-31 00:00:00,649
Tapered Fit Jeans,2025-06-30 00:00:00,765
Tapered Fit Jeans,2025-07-31 00:00:00,705
Tapered Fit Jeans,2025-08-31 00:00:00,681
Tapered Fit Jeans,2025-09-30 00:00:00,668
Tapered Fit Jeans,2025-10-31 00:00:00,701
Tapered Fit Jeans,2025-11-30 00:00:00,615
Tapered Fit Jeans,2025-12-31 00:00:00,725
Tapered Fit Jeans,2026-01-31 00:00:00,586
Tapered Fit Jeans,2026-02-28 00:00:00,686
Tapered Fit Jeans,2026-03-31 00:00:00,641
Tapered Fit Jeans,2026-04-30 00:00:00,880
Tapered Fit Jeans,2026-05-31 00:00:00,636
Tapered Fit Jeans,2026-06-30 00:00:00,754
Tapered Fit Jeans,2026-07-31 00:00:00,698
Tapered Fit Jeans,2026-08-31 00:00:00,679
Tapered Fit Jeans,2026-09-30 00:00:00,657
Tapered Fit Jeans,2026-10-31 00:00:00,696
Tapered Fit Jeans,2026-11-30 00:00:00,608
Tapered Fit Jeans,2026-12-31 00:00:00,718
Tapered Fit Jeans,2027-01-31 00:00:00,585
Tapered Fit Jeans,2027-02-28 00:00:00,687
Tapered Fit Jeans,2027-03-31 00:00:00,630
Tapered Fit Jeans,2027-04-30 00:00:00,867
Tapered Fit Jeans,2027-05-31 00:00:00,641
Tapered Fit Jeans,2027-06-30 00:00:00,752
Tapered Fit Jeans,2027-07-31 00:00:00,690
Tapered Fit Jeans,2027-08-31 00:00:00,678
Tapered Fit Jeans,2027-09-30 00:00:00,658
Tapered Fit Jeans,2027-10-31 00:00:00,693
Tapered Fit Jeans,2027-11-30 00:00:00,605
Tapered Fit Jeans,2027-12-31 00:00:00,712
Tapered Fit Jeans,2028-01-31 00:00:00,583
Tapered Fit Jeans,2028-02-29 00:00:00,688
Tapered Fit Jeans,2028-03-31 00:00:00,637
Tapered Fit Jeans,2028-04-30 00:00:00,871
Tapered Fit Jeans,2028-05-31 00:00:00,635
Tapered Fit Jeans,2028-06-30 00:00:00,747
Tapered Fit Jeans,2028-07-31 00:00:00,688
Tapered Fit Jeans,2028-08-31 00:00:00,672
Tapered Fit Jeans,2028-09-30 00:00:00,656
Ties,2015-01-31 00:00:00,1771
Ties,2015-02-28 00:00:00,1300
Ties,2015-03-31 00:00:00,1627
Ties,2015-04-30 00:00:00,1725
Ties,2015-05-31 00:00:00,1395
Ties,2015-06-30 00:00:00,1825
Ties,2015-07-31 00:00:00,1462
Ties,2015-08-31 00:00:00,1437
Ties,2015-09-30 00:00:00,1584
Ties,2015-10-31 00:00:00,1505
Ties,2015-11-30 00:00:00,1520
Ties,2015-12-31 00:00:00,1399
Ties,2016-01-31 00:00:00,1734
Ties,2016-02-29 00:00:00,1440
Ties,2016-03-31 00:00:00,1517
Ties,2016-04-30 00:00:00,1179
Ties,2016-05-31 00:00:00,1711
Ties,2016-06-30 00:00:00,1527
Ties,2016-07-31 00:00:00,1788
Ties,2016-08-31 00:00:00,1606
Ties,2016-09-30 00:00:00,1642
Ties,2016-10-31 00:00:00,1658
Ties,2016-11-30 00:00:00,1503
Ties,2016-12-31 00:00:00,1482
Ties,2017-01-31 00:00:00,1379
Ties,2017-02-28 00:00:00,1360
Ties,2017-03-31 00:00:00,1709
Ties,2017-04-30 00:00:00,1581
Ties,2017-05-31 00:00:00,1621
Ties,2017-06-30 00:00:00,1822
Ties,2017-07-31 00:00:00,1427
Ties,2017-08-31 00:00:00,1680
Ties,2017-09-30 00:00:00,1567
Ties,2017-10-31 00:00:00,1743
Ties,2017-11-30 00:00:00,1491
Ties,2017-12-31 00:00:00,1659
Ties,2018-01-31 00:00:00,1700
Ties,2018-02-28 00:00:00,1447
Ties,2018-03-31 00:00:00,1547
Ties,2018-04-30 00:00:00,1646
Ties,2018-05-31 00:00:00,1471
Ties,2018-06-30 00:00:00,1798
Ties,2018-07-31 00:00:00,1308
Ties,2018-08-31 00:00:00,1425
Ties,2018-09-30 00:00:00,1565
Ties,2018-10-31 00:00:00,2118
Ties,2018-11-30 00:00:00,1631
Ties,2018-12-31 00:00:00,1676
Ties,2019-01-31 00:00:00,1549
Ties,2019-02-28 00:00:00,1260
Ties,2019-03-31 00:00:00,1662
Ties,2019-04-30 00:00:00,1620
Ties,2019-05-31 00:00:00,1532
Ties,2019-06-30 00:00:00,1599
Ties,2019-07-31 00:00:00,1478
Ties,2019-08-31 00:00:00,1788
Ties,2019-09-30 00:00:00,1684
Ties,2019-10-31 00:00:00,1772
Ties,2019-11-30 00:00:00,1550
Ties,2019-12-31 00:00:00,2081
Ties,2020-01-31 00:00:00,1572
Ties,2020-02-29 00:00:00,1521
Ties,2020-03-31 00:00:00,1589
Ties,2020-04-30 00:00:00,1270
Ties,2020-05-31 00:00:00,1569
Ties,2020-06-30 00:00:00,1379
Ties,2020-07-31 00:00:00,1735
Ties,2020-08-31 00:00:00,1820
Ties,2020-09-30 00:00:00,1558
Ties,2020-10-31 00:00:00,1505
Ties,2020-11-30 00:00:00,1531
Ties,2020-12-31 00:00:00,1704
Ties,2021-01-31 00:00:00,1553
Ties,2021-02-28 00:00:00,1557
Ties,2021-03-31 00:00:00,1576
Ties,2021-04-30 00:00:00,1758
Ties,2021-05-31 00:00:00,1706
Ties,2021-06-30 00:00:00,1643
Ties,2021-07-31 00:00:00,1320
Ties,2021-08-31 00:00:00,1433
Ties,2021-09-30 00:00:00,1278
Ties,2021-10-31 00:00:00,1526
Ties,2021-11-30 00:00:00,1534
Ties,2021-12-31 00:00:00,1611
Ties,2022-01-31 00:00:00,1757
Ties,2022-02-28 00:00:00,1457
Ties,2022-03-31 00:00:00,1620
Ties,2022-04-30 00:00:00,1439
Ties,2022-05-31 00:00:00,1749
Ties,2022-06-30 00:00:00,1741
Ties,2022-07-31 00:00:00,1530
Ties,2022-08-31 00:00:00,1630
Ties,2022-09-30 00:00:00,1651
Ties,2022-10-31 00:00:00,1826
Ties,2022-11-30 00:00:00,1432
Ties,2022-12-31 00:00:00,1743
Ties,2023-01-31 00:00:00,1537
Ties,2023-02-28 00:00:00,1588
Ties,2023-03-31 00:00:00,1722
Ties,2023-04-30 00:00:00,1883
Ties,2023-05-31 00:00:00,1882
Ties,2023-06-30 00:00:00,1691
Ties,2023-07-31 00:00:00,1619
Ties,2023-08-31 00:00:00,1545
Ties,2023-09-30 00:00:00,1757
Ties,2023-10-31 00:00:00,1572
Ties,2023-11-30 00:00:00,1531
Ties,2023-12-31 00:00:00,1717
Ties,2024-01-31 00:00:00,1478
Ties,2024-02-29 00:00:00,1423
Ties,2024-03-31 00:00:00,1520
Ties,2024-04-30 00:00:00,1585
Ties,2024-05-31 00:00:00,1634
Ties,2024-06-30 00:00:00,1540
Ties,2024-07-31 00:00:00,1358
Ties,2024-08-31 00:00:00,1395
Ties,2024-09-30 00:00:00,1421
Ties,2024-10-31 00:00:00,1478
Ties,2024-11-30 00:00:00,1383
Ties,2024-12-31 00:00:00,1552
Ties,2025-01-31 00:00:00,1519
Ties,2025-02-28 00:00:00,1425
Ties,2025-03-31 00:00:00,1549
Ties,2025-04-30 00:00:00,1518
Ties,2025-05-31 00:00:00,1636
Ties,2025-06-30 00:00:00,1581
Ties,2025-07-31 00:00:00,1420
Ties,2025-08-31 00:00:00,1461
Ties,2025-09-30 00:00:00,1516
Ties,2025-10-31 00:00:00,1553
Ties,2025-11-30 00:00:00,1377
Ties,2025-12-31 00:00:00,1583
Ties,2026-01-31 00:00:00,1486
Ties,2026-02-28 00:00:00,1449
Ties,2026-03-31 00:00:00,1561
Ties,2026-04-30 00:00:00,1640
Ties,2026-05-31 00:00:00,1700
Ties,2026-06-30 00:00:00,1589
Ties,2026-07-31 00:00:00,1455
Ties,2026-08-31 00:00:00,1437
Ties,2026-09-30 00:00:00,1546
Ties,2026-10-31 00:00:00,1515
Ties,2026-11-30 00:00:00,1404
Ties,2026-12-31 00:00:00,1588
Ties,2027-01-31 00:00:00,1519
Ties,2027-02-28 00:00:00,1462
Ties,2027-03-31 00:00:00,1566
Ties,2027-04-30 00:00:00,1612
Ties,2027-05-31 00:00:00,1684
Ties,2027-06-30 00:00:00,1585
Ties,2027-07-31 00:00:00,1431
Ties,2027-08-31 00:00:00,1448
Ties,2027-09-30 00:00:00,1517
Ties,2027-10-31 00:00:00,1542
Ties,2027-11-30 00:00:00,1418
Ties,2027-12-31 00:00:00,1598
Ties,2028-01-31 00:00:00,1527
Ties,2028-02-29 00:00:00,1451
Ties,2028-03-31 00:00:00,1563
Ties,2028-04-30 00:00:00,1611
Ties,2028-05-31 00:00:00,1698
Ties,2028-06-30 00:00:00,1604
Ties,2028-07-31 00:00:00,1455
Ties,2028-08-31 00:00:00,1476
Ties,2028-09-30 00:00:00,1554
Trainers,2015-01-31 00:00:00,701
Trainers,2015-02-28 00:00:00,662
Trainers,2015-03-31 00:00:00,818
Trainers,2015-04-30 00:00:00,757
Trainers,2015-05-31 00:00:00,788
Trainers,2015-06-30 00:00:00,612
Trainers,2015-07-31 00:00:00,872
Trainers,2015-08-31 00:00:00,612
Trainers,2015-09-30 00:00:00,953
Trainers,2015-10-31 00:00:00,904
Trainers,2015-11-30 00:00:00,673
Trainers,2015-12-31 00:00:00,747
Trainers,2016-01-31 00:00:00,906
Trainers,2016-02-29 00:00:00,646
Trainers,2016-03-31 00:00:00,716
Trainers,2016-04-30 00:00:00,753
Trainers,2016-05-31 00:00:00,527
Trainers,2016-06-30 00:00:00,822
Trainers,2016-07-31 00:00:00,664
Trainers,2016-08-31 00:00:00,576
Trainers,2016-09-30 00:00:00,738
Trainers,2016-10-31 00:00:00,972
Trainers,2016-11-30 00:00:00,825
Trainers,2016-12-31 00:00:00,751
Trainers,2017-01-31 00:00:00,588
Trainers,2017-02-28 00:00:00,829
Trainers,2017-03-31 00:00:00,609
Trainers,2017-04-30 00:00:00,1098
Trainers,2017-05-31 00:00:00,732
Trainers,2017-06-30 00:00:00,632
Trainers,2017-07-31 00:00:00,832
Trainers,2017-08-31 00:00:00,982
Trainers,2017-09-30 00:00:00,852
Trainers,2017-10-31 00:00:00,1048
Trainers,2017-11-30 00:00:00,584
Trainers,2017-12-31 00:00:00,926
Trainers,2018-01-31 00:00:00,761
Trainers,2018-02-28 00:00:00,736
Trainers,2018-03-31 00:00:00,562
Trainers,2018-04-30 00:00:00,716
Trainers,2018-05-31 00:00:00,935
Trainers,2018-06-30 00:00:00,822
Trainers,2018-07-31 00:00:00,849
Trainers,2018-08-31 00:00:00,686
Trainers,2018-09-30 00:00:00,882
Trainers,2018-10-31 00:00:00,759
Trainers,2018-11-30 00:00:00,741
Trainers,2018-12-31 00:00:00,796
Trainers,2019-01-31 00:00:00,689
Trainers,2019-02-28 00:00:00,754
Trainers,2019-03-31 00:00:00,963
Trainers,2019-04-30 00:00:00,845
Trainers,2019-05-31 00:00:00,827
Trainers,2019-06-30 00:00:00,865
Trainers,2019-07-31 00:00:00,649
Trainers,2019-08-31 00:00:00,721
Trainers,2019-09-30 00:00:00,664
Trainers,2019-10-31 00:00:00,856
Trainers,2019-11-30 00:00:00,717
Trainers,2019-12-31 00:00:00,1000
Trainers,2020-01-31 00:00:00,997
Trainers,2020-02-29 00:00:00,810
Trainers,2020-03-31 00:00:00,734
Trainers,2020-04-30 00:00:00,900
Trainers,2020-05-31 00:00:00,772
Trainers,2020-06-30 00:00:00,966
Trainers,2020-07-31 00:00:00,926
Trainers,2020-08-31 00:00:00,616
Trainers,2020-09-30 00:00:00,1025
Trainers,2020-10-31 00:00:00,929
Trainers,2020-11-30 00:00:00,907
Trainers,2020-12-31 00:00:00,1016
Trainers,2021-01-31 00:00:00,649
Trainers,2021-02-28 00:00:00,823
Trainers,2021-03-31 00:00:00,737
Trainers,2021-04-30 00:00:00,769
Trainers,2021-05-31 00:00:00,715
Trainers,2021-06-30 00:00:00,886
Trainers,2021-07-31 00:00:00,878
Trainers,2021-08-31 00:00:00,864
Trainers,2021-09-30 00:00:00,676
Trainers,2021-10-31 00:00:00,791
Trainers,2021-11-30 00:00:00,940
Trainers,2021-12-31 00:00:00,822
Trainers,2022-01-31 00:00:00,699
Trainers,2022-02-28 00:00:00,760
Trainers,2022-03-31 00:00:00,858
Trainers,2022-04-30 00:00:00,863
Trainers,2022-05-31 00:00:00,958
Trainers,2022-06-30 00:00:00,859
Trainers,2022-07-31 00:00:00,805
Trainers,2022-08-31 00:00:00,1084
Trainers,2022-09-30 00:00:00,762
Trainers,2022-10-31 00:00:00,846
Trainers,2022-11-30 00:00:00,885
Trainers,2022-12-31 00:00:00,798
Trainers,2023-01-31 00:00:00,760
Trainers,2023-02-28 00:00:00,602
Trainers,2023-03-31 00:00:00,862
Trainers,2023-04-30 00:00:00,797
Trainers,2023-05-31 00:00:00,695
Trainers,2023-06-30 00:00:00,772
Trainers,2023-07-31 00:00:00,841
Trainers,2023-08-31 00:00:00,673
Trainers,2023-09-30 00:00:00,816
Trainers,2023-10-31 00:00:00,548
Trainers,2023-11-30 00:00:00,853
Trainers,2023-12-31 00:00:00,712
Trainers,2024-01-31 00:00:00,657
Trainers,2024-02-29 00:00:00,642
Trainers,2024-03-31 00:00:00,675
Trainers,2024-04-30 00:00:00,734
Trainers,2024-05-31 00:00:00,686
Trainers,2024-06-30 00:00:00,719
Trainers,2024-07-31 00:00:00,719
Trainers,2024-08-31 00:00:00,679
Trainers,2024-09-30 00:00:00,714
Trainers,2024-10-31 00:00:00,726
Trainers,2024-11-30 00:00:00,709
Trainers,2024-12-31 00:00:00,730
Trainers,2025-01-31 00:00:00,646
Trainers,2025-02-28 00:00:00,644
Trainers,2025-03-31 00:00:00,682
Trainers,2025-04-30 00:00:00,732
Trainers,2025-05-31 00:00:00,683
Trainers,2025-06-30 00:00:00,707
Trainers,2025-07-31 00:00:00,715
Trainers,2025-08-31 00:00:00,671
Trainers,2025-09-30 00:00:00,709
Trainers,2025-10-31 00:00:00,726
Trainers,2025-11-30 00:00:00,706
Trainers,2025-12-31 00:00:00,727
Trainers,2026-01-31 00:00:00,657
Trainers,2026-02-28 00:00:00,644
Trainers,2026-03-31 00:00:00,683
Trainers,2026-04-30 00:00:00,732
Trainers,2026-05-31 00:00:00,682
Trainers,2026-06-30 00:00:00,717
Trainers,2026-07-31 00:00:00,720
Trainers,2026-08-31 00:00:00,677
Trainers,2026-09-30 00:00:00,713
Trainers,2026-10-31 00:00:00,724
Trainers,2026-11-30 00:00:00,708
Trainers,2026-12-31 00:00:00,736
Trainers,2027-01-31 00:00:00,658
Trainers,2027-02-28 00:00:00,645
Trainers,2027-03-31 00:00:00,681
Trainers,2027-04-30 00:00:00,730
Trainers,2027-05-31 00:00:00,675
Trainers,2027-06-30 00:00:00,717
Trainers,2027-07-31 00:00:00,714
Trainers,2027-08-31 00:00:00,664
Trainers,2027-09-30 00:00:00,715
Trainers,2027-10-31 00:00:00,727
Trainers,2027-11-30 00:00:00,714
Trainers,2027-12-31 00:00:00,735
Trainers,2028-01-31 00:00:00,659
Trainers,2028-02-29 00:00:00,641
Trainers,2028-03-31 00:00:00,682
Trainers,2028-04-30 00:00:00,733
Trainers,2028-05-31 00:00:00,684
Trainers,2028-06-30 00:00:00,717
Trainers,2028-07-31 00:00:00,722
Trainers,2028-08-31 00:00:00,677
Trainers,2028-09-30 00:00:00,718
Tray,2015-01-31 00:00:00,669
Tray,2015-02-28 00:00:00,890
Tray,2015-03-31 00:00:00,817
Tray,2015-04-30 00:00:00,878
Tray,2015-05-31 00:00:00,826
Tray,2015-06-30 00:00:00,687
Tray,2015-07-31 00:00:00,854
Tray,2015-08-31 00:00:00,672
Tray,2015-09-30 00:00:00,721
Tray,2015-10-31 00:00:00,772
Tray,2015-11-30 00:00:00,899
Tray,2015-12-31 00:00:00,790
Tray,2016-01-31 00:00:00,875
Tray,2016-02-29 00:00:00,620
Tray,2016-03-31 00:00:00,815
Tray,2016-04-30 00:00:00,814
Tray,2016-05-31 00:00:00,806
Tray,2016-06-30 00:00:00,812
Tray,2016-07-31 00:00:00,728
Tray,2016-08-31 00:00:00,896
Tray,2016-09-30 00:00:00,847
Tray,2016-10-31 00:00:00,675
Tray,2016-11-30 00:00:00,732
Tray,2016-12-31 00:00:00,870
Tray,2017-01-31 00:00:00,590
Tray,2017-02-28 00:00:00,639
Tray,2017-03-31 00:00:00,730
Tray,2017-04-30 00:00:00,555
Tray,2017-05-31 00:00:00,773
Tray,2017-06-30 00:00:00,810
Tray,2017-07-31 00:00:00,884
Tray,2017-08-31 00:00:00,917
Tray,2017-09-30 00:00:00,832
Tray,2017-10-31 00:00:00,806
Tray,2017-11-30 00:00:00,752
Tray,2017-12-31 00:00:00,741
Tray,2018-01-31 00:00:00,888
Tray,2018-02-28 00:00:00,798
Tray,2018-03-31 00:00:00,1009
Tray,2018-04-30 00:00:00,854
Tray,2018-05-31 00:00:00,737
Tray,2018-06-30 00:00:00,715
Tray,2018-07-31 00:00:00,647
Tray,2018-08-31 00:00:00,1094
Tray,2018-09-30 00:00:00,795
Tray,2018-10-31 00:00:00,693
Tray,2018-11-30 00:00:00,992
Tray,2018-12-31 00:00:00,897
Tray,2019-01-31 00:00:00,885
Tray,2019-02-28 00:00:00,780
Tray,2019-03-31 00:00:00,794
Tray,2019-04-30 00:00:00,972
Tray,2019-05-31 00:00:00,816
Tray,2019-06-30 00:00:00,767
Tray,2019-07-31 00:00:00,800
Tray,2019-08-31 00:00:00,869
Tray,2019-09-30 00:00:00,734
Tray,2019-10-31 00:00:00,990
Tray,2019-11-30 00:00:00,670
Tray,2019-12-31 00:00:00,720
Tray,2020-01-31 00:00:00,895
Tray,2020-02-29 00:00:00,765
Tray,2020-03-31 00:00:00,952
Tray,2020-04-30 00:00:00,791
Tray,2020-05-31 00:00:00,793
Tray,2020-06-30 00:00:00,678
Tray,2020-07-31 00:00:00,808
Tray,2020-08-31 00:00:00,844
Tray,2020-09-30 00:00:00,640
Tray,2020-10-31 00:00:00,855
Tray,2020-11-30 00:00:00,764
Tray,2020-12-31 00:00:00,833
Tray,2021-01-31 00:00:00,914
Tray,2021-02-28 00:00:00,873
Tray,2021-03-31 00:00:00,750
Tray,2021-04-30 00:00:00,739
Tray,2021-05-31 00:00:00,949
Tray,2021-06-30 00:00:00,956
Tray,2021-07-31 00:00:00,769
Tray,2021-08-31 00:00:00,862
Tray,2021-09-30 00:00:00,785
Tray,2021-10-31 00:00:00,786
Tray,2021-11-30 00:00:00,715
Tray,2021-12-31 00:00:00,784
Tray,2022-01-31 00:00:00,701
Tray,2022-02-28 00:00:00,681
Tray,2022-03-31 00:00:00,813
Tray,2022-04-30 00:00:00,851
Tray,2022-05-31 00:00:00,786
Tray,2022-06-30 00:00:00,841
Tray,2022-07-31 00:00:00,774
Tray,2022-08-31 00:00:00,781
Tray,2022-09-30 00:00:00,1078
Tray,2022-10-31 00:00:00,729
Tray,2022-11-30 00:00:00,856
Tray,2022-12-31 00:00:00,801
Tray,2023-01-31 00:00:00,739
Tray,2023-02-28 00:00:00,777
Tray,2023-03-31 00:00:00,958
Tray,2023-04-30 00:00:00,701
Tray,2023-05-31 00:00:00,734
Tray,2023-06-30 00:00:00,771
Tray,2023-07-31 00:00:00,727
Tray,2023-08-31 00:00:00,1059
Tray,2023-09-30 00:00:00,847
Tray,2023-10-31 00:00:00,712
Tray,2023-11-30 00:00:00,903
Tray,2023-12-31 00:00:00,796
Tray,2024-01-31 00:00:00,703
Tray,2024-02-29 00:00:00,748
Tray,2024-03-31 00:00:00,766
Tray,2024-04-30 00:00:00,712
Tray,2024-05-31 00:00:00,778
Tray,2024-06-30 00:00:00,799
Tray,2024-07-31 00:00:00,703
Tray,2024-08-31 00:00:00,827
Tray,2024-09-30 00:00:00,855
Tray,2024-10-31 00:00:00,672
Tray,2024-11-30 00:00:00,773
Tray,2024-12-31 00:00:00,742
Tray,2025-01-31 00:00:00,693
Tray,2025-02-28 00:00:00,713
Tray,2025-03-31 00:00:00,820
Tray,2025-04-30 00:00:00,720
Tray,2025-05-31 00:00:00,733
Tray,2025-06-30 00:00:00,771
Tray,2025-07-31 00:00:00,694
Tray,2025-08-31 00:00:00,869
Tray,2025-09-30 00:00:00,877
Tray,2025-10-31 00:00:00,679
Tray,2025-11-30 00:00:00,816
Tray,2025-12-31 00:00:00,756
Tray,2026-01-31 00:00:00,711
Tray,2026-02-28 00:00:00,738
Tray,2026-03-31 00:00:00,838
Tray,2026-04-30 00:00:00,720
Tray,2026-05-31 00:00:00,760
Tray,2026-06-30 00:00:00,774
Tray,2026-07-31 00:00:00,713
Tray,2026-08-31 00:00:00,904
Tray,2026-09-30 00:00:00,858
Tray,2026-10-31 00:00:00,695
Tray,2026-11-30 00:00:00,821
Tray,2026-12-31 00:00:00,760
Tray,2027-01-31 00:00:00,727
Tray,2027-02-28 00:00:00,758
Tray,2027-03-31 00:00:00,833
Tray,2027-04-30 00:00:00,739
Tray,2027-05-31 00:00:00,777
Tray,2027-06-30 00:00:00,801
Tray,2027-07-31 00:00:00,736
Tray,2027-08-31 00:00:00,887
Tray,2027-09-30 00:00:00,883
Tray,2027-10-31 00:00:00,718
Tray,2027-11-30 00:00:00,826
Tray,2027-12-31 00:00:00,775
Tray,2028-01-31 00:00:00,736
Tray,2028-02-29 00:00:00,761
Tray,2028-03-31 00:00:00,845
Tray,2028-04-30 00:00:00,750
Tray,2028-05-31 00:00:00,777
Tray,2028-06-30 00:00:00,808
Tray,2028-07-31 00:00:00,743
Tray,2028-08-31 00:00:00,899
Tray,2028-09-30 00:00:00,898
Trunks,2015-01-31 00:00:00,860
Trunks,2015-02-28 00:00:00,640
Trunks,2015-03-31 00:00:00,868
Trunks,2015-04-30 00:00:00,947
Trunks,2015-05-31 00:00:00,924
Trunks,2015-06-30 00:00:00,799
Trunks,2015-07-31 00:00:00,759
Trunks,2015-08-31 00:00:00,897
Trunks,2015-09-30 00:00:00,765
Trunks,2015-10-31 00:00:00,834
Trunks,2015-11-30 00:00:00,829
Trunks,2015-12-31 00:00:00,874
Trunks,2016-01-31 00:00:00,801
Trunks,2016-02-29 00:00:00,878
Trunks,2016-03-31 00:00:00,637
Trunks,2016-04-30 00:00:00,724
Trunks,2016-05-31 00:00:00,629
Trunks,2016-06-30 00:00:00,957
Trunks,2016-07-31 00:00:00,745
Trunks,2016-08-31 00:00:00,801
Trunks,2016-09-30 00:00:00,612
Trunks,2016-10-31 00:00:00,885
Trunks,2016-11-30 00:00:00,1002
Trunks,2016-12-31 00:00:00,724
Trunks,2017-01-31 00:00:00,671
Trunks,2017-02-28 00:00:00,576
Trunks,2017-03-31 00:00:00,879
Trunks,2017-04-30 00:00:00,829
Trunks,2017-05-31 00:00:00,867
Trunks,2017-06-30 00:00:00,500
Trunks,2017-07-31 00:00:00,849
Trunks,2017-08-31 00:00:00,590
Trunks,2017-09-30 00:00:00,1021
Trunks,2017-10-31 00:00:00,714
Trunks,2017-11-30 00:00:00,885
Trunks,2017-12-31 00:00:00,684
Trunks,2018-01-31 00:00:00,937
Trunks,2018-02-28 00:00:00,779
Trunks,2018-03-31 00:00:00,820
Trunks,2018-04-30 00:00:00,776
Trunks,2018-05-31 00:00:00,513
Trunks,2018-06-30 00:00:00,868
Trunks,2018-07-31 00:00:00,728
Trunks,2018-08-31 00:00:00,1027
Trunks,2018-09-30 00:00:00,840
Trunks,2018-10-31 00:00:00,779
Trunks,2018-11-30 00:00:00,776
Trunks,2018-12-31 00:00:00,809
Trunks,2019-01-31 00:00:00,705
Trunks,2019-02-28 00:00:00,700
Trunks,2019-03-31 00:00:00,838
Trunks,2019-04-30 00:00:00,832
Trunks,2019-05-31 00:00:00,815
Trunks,2019-06-30 00:00:00,669
Trunks,2019-07-31 00:00:00,907
Trunks,2019-08-31 00:00:00,921
Trunks,2019-09-30 00:00:00,911
Trunks,2019-10-31 00:00:00,884
Trunks,2019-11-30 00:00:00,777
Trunks,2019-12-31 00:00:00,661
Trunks,2020-01-31 00:00:00,855
Trunks,2020-02-29 00:00:00,874
Trunks,2020-03-31 00:00:00,757
Trunks,2020-04-30 00:00:00,717
Trunks,2020-05-31 00:00:00,806
Trunks,2020-06-30 00:00:00,826
Trunks,2020-07-31 00:00:00,939
Trunks,2020-08-31 00:00:00,757
Trunks,2020-09-30 00:00:00,789
Trunks,2020-10-31 00:00:00,721
Trunks,2020-11-30 00:00:00,1011
Trunks,2020-12-31 00:00:00,818
Trunks,2021-01-31 00:00:00,787
Trunks,2021-02-28 00:00:00,1046
Trunks,2021-03-31 00:00:00,924
Trunks,2021-04-30 00:00:00,771
Trunks,2021-05-31 00:00:00,647
Trunks,2021-06-30 00:00:00,788
Trunks,2021-07-31 00:00:00,866
Trunks,2021-08-31 00:00:00,773
Trunks,2021-09-30 00:00:00,721
Trunks,2021-10-31 00:00:00,915
Trunks,2021-11-30 00:00:00,879
Trunks,2021-12-31 00:00:00,878
Trunks,2022-01-31 00:00:00,722
Trunks,2022-02-28 00:00:00,723
Trunks,2022-03-31 00:00:00,870
Trunks,2022-04-30 00:00:00,923
Trunks,2022-05-31 00:00:00,804
Trunks,2022-06-30 00:00:00,1082
Trunks,2022-07-31 00:00:00,978
Trunks,2022-08-31 00:00:00,842
Trunks,2022-09-30 00:00:00,809
Trunks,2022-10-31 00:00:00,764
Trunks,2022-11-30 00:00:00,994
Trunks,2022-12-31 00:00:00,847
Trunks,2023-01-31 00:00:00,976
Trunks,2023-02-28 00:00:00,557
Trunks,2023-03-31 00:00:00,782
Trunks,2023-04-30 00:00:00,816
Trunks,2023-05-31 00:00:00,808
Trunks,2023-06-30 00:00:00,832
Trunks,2023-07-31 00:00:00,945
Trunks,2023-08-31 00:00:00,675
Trunks,2023-09-30 00:00:00,734
Trunks,2023-10-31 00:00:00,778
Trunks,2023-11-30 00:00:00,610
Trunks,2023-12-31 00:00:00,740
Trunks,2024-01-31 00:00:00,484
Trunks,2024-02-29 00:00:00,507
Trunks,2024-03-31 00:00:00,567
Trunks,2024-04-30 00:00:00,593
Trunks,2024-05-31 00:00:00,491
Trunks,2024-06-30 00:00:00,659
Trunks,2024-07-31 00:00:00,651
Trunks,2024-08-31 00:00:00,504
Trunks,2024-09-30 00:00:00,499
Trunks,2024-10-31 00:00:00,529
Trunks,2024-11-30 00:00:00,589
Trunks,2024-12-31 00:00:00,545
Trunks,2025-01-31 00:00:00,541
Trunks,2025-02-28 00:00:00,348
Trunks,2025-03-31 00:00:00,498
Trunks,2025-04-30 00:00:00,532
Trunks,2025-05-31 00:00:00,480
Trunks,2025-06-30 00:00:00,589
Trunks,2025-07-31 00:00:00,619
Trunks,2025-08-31 00:00:00,429
Trunks,2025-09-30 00:00:00,441
Trunks,2025-10-31 00:00:00,465
Trunks,2025-11-30 00:00:00,435
Trunks,2025-12-31 00:00:00,456
Trunks,2026-01-31 00:00:00,398
Trunks,2026-02-28 00:00:00,284
Trunks,2026-03-31 00:00:00,396
Trunks,2026-04-30 00:00:00,429
Trunks,2026-05-31 00:00:00,365
Trunks,2026-06-30 00:00:00,485
Trunks,2026-07-31 00:00:00,505
Trunks,2026-08-31 00:00:00,317
Trunks,2026-09-30 00:00:00,325
Trunks,2026-10-31 00:00:00,349
Trunks,2026-11-30 00:00:00,348
Trunks,2026-12-31 00:00:00,356
Trunks,2027-01-31 00:00:00,302
Trunks,2027-02-28 00:00:00,170
Trunks,2027-03-31 00:00:00,293
Trunks,2027-04-30 00:00:00,320
Trunks,2027-05-31 00:00:00,255
Trunks,2027-06-30 00:00:00,387
Trunks,2027-07-31 00:00:00,402
Trunks,2027-08-31 00:00:00,229
Trunks,2027-09-30 00:00:00,234
Trunks,2027-10-31 00:00:00,255
Trunks,2027-11-30 00:00:00,266
Trunks,2027-12-31 00:00:00,267
Trunks,2028-01-31 00:00:00,230
Trunks,2028-02-29 00:00:00,80
Trunks,2028-03-31 00:00:00,206
Trunks,2028-04-30 00:00:00,234
Trunks,2028-05-31 00:00:00,175
Trunks,2028-06-30 00:00:00,293
Trunks,2028-07-31 00:00:00,319
Trunks,2028-08-31 00:00:00,137
Trunks,2028-09-30 00:00:00,152
Utility Jacket,2015-01-31 00:00:00,703
Utility Jacket,2015-02-28 00:00:00,980
Utility Jacket,2015-03-31 00:00:00,729
Utility Jacket,2015-04-30 00:00:00,869
Utility Jacket,2015-05-31 00:00:00,678
Utility Jacket,2015-06-30 00:00:00,699
Utility Jacket,2015-07-31 00:00:00,714
Utility Jacket,2015-08-31 00:00:00,822
Utility Jacket,2015-09-30 00:00:00,725
Utility Jacket,2015-10-31 00:00:00,834
Utility Jacket,2015-11-30 00:00:00,727
Utility Jacket,2015-12-31 00:00:00,741
Utility Jacket,2016-01-31 00:00:00,651
Utility Jacket,2016-02-29 00:00:00,793
Utility Jacket,2016-03-31 00:00:00,582
Utility Jacket,2016-04-30 00:00:00,869
Utility Jacket,2016-05-31 00:00:00,719
Utility Jacket,2016-06-30 00:00:00,915
Utility Jacket,2016-07-31 00:00:00,702
Utility Jacket,2016-08-31 00:00:00,1004
Utility Jacket,2016-09-30 00:00:00,600
Utility Jacket,2016-10-31 00:00:00,689
Utility Jacket,2016-11-30 00:00:00,920
Utility Jacket,2016-12-31 00:00:00,713
Utility Jacket,2017-01-31 00:00:00,1033
Utility Jacket,2017-02-28 00:00:00,877
Utility Jacket,2017-03-31 00:00:00,814
Utility Jacket,2017-04-30 00:00:00,518
Utility Jacket,2017-05-31 00:00:00,766
Utility Jacket,2017-06-30 00:00:00,824
Utility Jacket,2017-07-31 00:00:00,681
Utility Jacket,2017-08-31 00:00:00,592
Utility Jacket,2017-09-30 00:00:00,822
Utility Jacket,2017-10-31 00:00:00,840
Utility Jacket,2017-11-30 00:00:00,805
Utility Jacket,2017-12-31 00:00:00,730
Utility Jacket,2018-01-31 00:00:00,705
Utility Jacket,2018-02-28 00:00:00,756
Utility Jacket,2018-03-31 00:00:00,906
Utility Jacket,2018-04-30 00:00:00,894
Utility Jacket,2018-05-31 00:00:00,661
Utility Jacket,2018-06-30 00:00:00,621
Utility Jacket,2018-07-31 00:00:00,944
Utility Jacket,2018-08-31 00:00:00,815
Utility Jacket,2018-09-30 00:00:00,809
Utility Jacket,2018-10-31 00:00:00,751
Utility Jacket,2018-11-30 00:00:00,943
Utility Jacket,2018-12-31 00:00:00,814
Utility Jacket,2019-01-31 00:00:00,950
Utility Jacket,2019-02-28 00:00:00,774
Utility Jacket,2019-03-31 00:00:00,874
Utility Jacket,2019-04-30 00:00:00,748
Utility Jacket,2019-05-31 00:00:00,930
Utility Jacket,2019-06-30 00:00:00,630
Utility Jacket,2019-07-31 00:00:00,993
Utility Jacket,2019-08-31 00:00:00,800
Utility Jacket,2019-09-30 00:00:00,796
Utility Jacket,2019-10-31 00:00:00,722
Utility Jacket,2019-11-30 00:00:00,754
Utility Jacket,2019-12-31 00:00:00,846
Utility Jacket,2020-01-31 00:00:00,608
Utility Jacket,2020-02-29 00:00:00,729
Utility Jacket,2020-03-31 00:00:00,1010
Utility Jacket,2020-04-30 00:00:00,856
Utility Jacket,2020-05-31 00:00:00,621
Utility Jacket,2020-06-30 00:00:00,709
Utility Jacket,2020-07-31 00:00:00,677
Utility Jacket,2020-08-31 00:00:00,726
Utility Jacket,2020-09-30 00:00:00,682
Utility Jacket,2020-10-31 00:00:00,945
Utility Jacket,2020-11-30 00:00:00,657
Utility Jacket,2020-12-31 00:00:00,816
Utility Jacket,2021-01-31 00:00:00,917
Utility Jacket,2021-02-28 00:00:00,652
Utility Jacket,2021-03-31 00:00:00,781
Utility Jacket,2021-04-30 00:00:00,910
Utility Jacket,2021-05-31 00:00:00,1028
Utility Jacket,2021-06-30 00:00:00,663
Utility Jacket,2021-07-31 00:00:00,806
Utility Jacket,2021-08-31 00:00:00,756
Utility Jacket,2021-09-30 00:00:00,648
Utility Jacket,2021-10-31 00:00:00,812
Utility Jacket,2021-11-30 00:00:00,882
Utility Jacket,2021-12-31 00:00:00,821
Utility Jacket,2022-01-31 00:00:00,830
Utility Jacket,2022-02-28 00:00:00,957
Utility Jacket,2022-03-31 00:00:00,850
Utility Jacket,2022-04-30 00:00:00,611
Utility Jacket,2022-05-31 00:00:00,850
Utility Jacket,2022-06-30 00:00:00,669
Utility Jacket,2022-07-31 00:00:00,979
Utility Jacket,2022-08-31 00:00:00,948
Utility Jacket,2022-09-30 00:00:00,1008
Utility Jacket,2022-10-31 00:00:00,1022
Utility Jacket,2022-11-30 00:00:00,824
Utility Jacket,2022-12-31 00:00:00,700
Utility Jacket,2023-01-31 00:00:00,632
Utility Jacket,2023-02-28 00:00:00,616
Utility Jacket,2023-03-31 00:00:00,974
Utility Jacket,2023-04-30 00:00:00,791
Utility Jacket,2023-05-31 00:00:00,859
Utility Jacket,2023-06-30 00:00:00,1116
Utility Jacket,2023-07-31 00:00:00,688
Utility Jacket,2023-08-31 00:00:00,952
Utility Jacket,2023-09-30 00:00:00,821
Utility Jacket,2023-10-31 00:00:00,747
Utility Jacket,2023-11-30 00:00:00,901
Utility Jacket,2023-12-31 00:00:00,846
Utility Jacket,2024-01-31 00:00:00,835
Utility Jacket,2024-02-29 00:00:00,723
Utility Jacket,2024-03-31 00:00:00,806
Utility Jacket,2024-04-30 00:00:00,714
Utility Jacket,2024-05-31 00:00:00,889
Utility Jacket,2024-06-30 00:00:00,666
Utility Jacket,2024-07-31 00:00:00,846
Utility Jacket,2024-08-31 00:00:00,815
Utility Jacket,2024-09-30 00:00:00,795
Utility Jacket,2024-10-31 00:00:00,864
Utility Jacket,2024-11-30 00:00:00,815
Utility Jacket,2024-12-31 00:00:00,730
Utility Jacket,2025-01-31 00:00:00,710
Utility Jacket,2025-02-28 00:00:00,767
Utility Jacket,2025-03-31 00:00:00,876
Utility Jacket,2025-04-30 00:00:00,697
Utility Jacket,2025-05-31 00:00:00,839
Utility Jacket,2025-06-30 00:00:00,851
Utility Jacket,2025-07-31 00:00:00,803
Utility Jacket,2025-08-31 00:00:00,913
Utility Jacket,2025-09-30 00:00:00,867
Utility Jacket,2025-10-31 00:00:00,839
Utility Jacket,2025-11-30 00:00:00,828
Utility Jacket,2025-12-31 00:00:00,757
Utility Jacket,2026-01-31 00:00:00,750
Utility Jacket,2026-02-28 00:00:00,692
Utility Jacket,2026-03-31 00:00:00,901
Utility Jacket,2026-04-30 00:00:00,759
Utility Jacket,2026-05-31 00:00:00,880
Utility Jacket,2026-06-30 00:00:00,880
Utility Jacket,2026-07-31 00:00:00,779
Utility Jacket,2026-08-31 00:00:00,888
Utility Jacket,2026-09-30 00:00:00,820
Utility Jacket,2026-10-31 00:00:00,812
Utility Jacket,2026-11-30 00:00:00,850
Utility Jacket,2026-12-31 00:00:00,793
Utility Jacket,2027-01-31 00:00:00,817
Utility Jacket,2027-02-28 00:00:00,776
Utility Jacket,2027-03-31 00:00:00,880
Utility Jacket,2027-04-30 00:00:00,745
Utility Jacket,2027-05-31 00:00:00,892
Utility Jacket,2027-06-30 00:00:00,800
Utility Jacket,2027-07-31 00:00:00,858
Utility Jacket,2027-08-31 00:00:00,908
Utility Jacket,2027-09-30 00:00:00,877
Utility Jacket,2027-10-31 00:00:00,885
Utility Jacket,2027-11-30 00:00:00,860
Utility Jacket,2027-12-31 00:00:00,781
Utility Jacket,2028-01-31 00:00:00,780
Utility Jacket,2028-02-29 00:00:00,759
Utility Jacket,2028-03-31 00:00:00,909
Utility Jacket,2028-04-30 00:00:00,769
Utility Jacket,2028-05-31 00:00:00,896
Utility Jacket,2028-06-30 00:00:00,903
Utility Jacket,2028-07-31 00:00:00,833
Utility Jacket,2028-08-31 00:00:00,925
Utility Jacket,2028-09-30 00:00:00,879
Vase,2015-01-31 00:00:00,889
Vase,2015-02-28 00:00:00,581
Vase,2015-03-31 00:00:00,705
Vase,2015-04-30 00:00:00,775
Vase,2015-05-31 00:00:00,695
Vase,2015-06-30 00:00:00,785
Vase,2015-07-31 00:00:00,779
Vase,2015-08-31 00:00:00,894
Vase,2015-09-30 00:00:00,866
Vase,2015-10-31 00:00:00,716
Vase,2015-11-30 00:00:00,840
Vase,2015-12-31 00:00:00,785
Vase,2016-01-31 00:00:00,727
Vase,2016-02-29 00:00:00,787
Vase,2016-03-31 00:00:00,648
Vase,2016-04-30 00:00:00,762
Vase,2016-05-31 00:00:00,760
Vase,2016-06-30 00:00:00,828
Vase,2016-07-31 00:00:00,680
Vase,2016-08-31 00:00:00,912
Vase,2016-09-30 00:00:00,691
Vase,2016-10-31 00:00:00,795
Vase,2016-11-30 00:00:00,939
Vase,2016-12-31 00:00:00,913
Vase,2017-01-31 00:00:00,802
Vase,2017-02-28 00:00:00,791
Vase,2017-03-31 00:00:00,933
Vase,2017-04-30 00:00:00,818
Vase,2017-05-31 00:00:00,865
Vase,2017-06-30 00:00:00,824
Vase,2017-07-31 00:00:00,716
Vase,2017-08-31 00:00:00,1117
Vase,2017-09-30 00:00:00,782
Vase,2017-10-31 00:00:00,867
Vase,2017-11-30 00:00:00,977
Vase,2017-12-31 00:00:00,941
Vase,2018-01-31 00:00:00,678
Vase,2018-02-28 00:00:00,939
Vase,2018-03-31 00:00:00,797
Vase,2018-04-30 00:00:00,795
Vase,2018-05-31 00:00:00,767
Vase,2018-06-30 00:00:00,973
Vase,2018-07-31 00:00:00,806
Vase,2018-08-31 00:00:00,846
Vase,2018-09-30 00:00:00,862
Vase,2018-10-31 00:00:00,550
Vase,2018-11-30 00:00:00,842
Vase,2018-12-31 00:00:00,732
Vase,2019-01-31 00:00:00,728
Vase,2019-02-28 00:00:00,859
Vase,2019-03-31 00:00:00,745
Vase,2019-04-30 00:00:00,675
Vase,2019-05-31 00:00:00,789
Vase,2019-06-30 00:00:00,825
Vase,2019-07-31 00:00:00,847
Vase,2019-08-31 00:00:00,645
Vase,2019-09-30 00:00:00,798
Vase,2019-10-31 00:00:00,1006
Vase,2019-11-30 00:00:00,944
Vase,2019-12-31 00:00:00,705
Vase,2020-01-31 00:00:00,736
Vase,2020-02-29 00:00:00,786
Vase,2020-03-31 00:00:00,704
Vase,2020-04-30 00:00:00,1033
Vase,2020-05-31 00:00:00,840
Vase,2020-06-30 00:00:00,747
Vase,2020-07-31 00:00:00,914
Vase,2020-08-31 00:00:00,870
Vase,2020-09-30 00:00:00,910
Vase,2020-10-31 00:00:00,821
Vase,2020-11-30 00:00:00,865
Vase,2020-12-31 00:00:00,875
Vase,2021-01-31 00:00:00,929
Vase,2021-02-28 00:00:00,753
Vase,2021-03-31 00:00:00,866
Vase,2021-04-30 00:00:00,906
Vase,2021-05-31 00:00:00,883
Vase,2021-06-30 00:00:00,717
Vase,2021-07-31 00:00:00,709
Vase,2021-08-31 00:00:00,810
Vase,2021-09-30 00:00:00,741
Vase,2021-10-31 00:00:00,1038
Vase,2021-11-30 00:00:00,777
Vase,2021-12-31 00:00:00,907
Vase,2022-01-31 00:00:00,840
Vase,2022-02-28 00:00:00,632
Vase,2022-03-31 00:00:00,602
Vase,2022-04-30 00:00:00,610
Vase,2022-05-31 00:00:00,636
Vase,2022-06-30 00:00:00,626
Vase,2022-07-31 00:00:00,679
Vase,2022-08-31 00:00:00,744
Vase,2022-09-30 00:00:00,884
Vase,2022-10-31 00:00:00,857
Vase,2022-11-30 00:00:00,906
Vase,2022-12-31 00:00:00,682
Vase,2023-01-31 00:00:00,627
Vase,2023-02-28 00:00:00,749
Vase,2023-03-31 00:00:00,810
Vase,2023-04-30 00:00:00,986
Vase,2023-05-31 00:00:00,591
Vase,2023-06-30 00:00:00,909
Vase,2023-07-31 00:00:00,866
Vase,2023-08-31 00:00:00,937
Vase,2023-09-30 00:00:00,661
Vase,2023-10-31 00:00:00,749
Vase,2023-11-30 00:00:00,806
Vase,2023-12-31 00:00:00,1042
Vase,2024-01-31 00:00:00,692
Vase,2024-02-29 00:00:00,585
Vase,2024-03-31 00:00:00,655
Vase,2024-04-30 00:00:00,739
Vase,2024-05-31 00:00:00,658
Vase,2024-06-30 00:00:00,650
Vase,2024-07-31 00:00:00,659
Vase,2024-08-31 00:00:00,734
Vase,2024-09-30 00:00:00,713
Vase,2024-10-31 00:00:00,797
Vase,2024-11-30 00:00:00,751
Vase,2024-12-31 00:00:00,761
Vase,2025-01-31 00:00:00,661
Vase,2025-02-28 00:00:00,619
Vase,2025-03-31 00:00:00,659
Vase,2025-04-30 00:00:00,734
Vase,2025-05-31 00:00:00,574
Vase,2025-06-30 00:00:00,693
Vase,2025-07-31 00:00:00,700
Vase,2025-08-31 00:00:00,764
Vase,2025-09-30 00:00:00,687
Vase,2025-10-31 00:00:00,737
Vase,2025-11-30 00:00:00,763
Vase,2025-12-31 00:00:00,793
Vase,2026-01-31 00:00:00,646
Vase,2026-02-28 00:00:00,626
Vase,2026-03-31 00:00:00,687
Vase,2026-04-30 00:00:00,792
Vase,2026-05-31 00:00:00,595
Vase,2026-06-30 00:00:00,714
Vase,2026-07-31 00:00:00,707
Vase,2026-08-31 00:00:00,778
Vase,2026-09-30 00:00:00,670
Vase,2026-10-31 00:00:00,741
Vase,2026-11-30 00:00:00,746
Vase,2026-12-31 00:00:00,828
Vase,2027-01-31 00:00:00,674
Vase,2027-02-28 00:00:00,624
Vase,2027-03-31 00:00:00,676
Vase,2027-04-30 00:00:00,771
Vase,2027-05-31 00:00:00,610
Vase,2027-06-30 00:00:00,692
Vase,2027-07-31 00:00:00,689
Vase,2027-08-31 00:00:00,760
Vase,2027-09-30 00:00:00,693
Vase,2027-10-31 00:00:00,764
Vase,2027-11-30 00:00:00,764
Vase,2027-12-31 00:00:00,796
Vase,2028-01-31 00:00:00,656
Vase,2028-02-29 00:00:00,632
Vase,2028-03-31 00:00:00,673
Vase,2028-04-30 00:00:00,770
Vase,2028-05-31 00:00:00,593
Vase,2028-06-30 00:00:00,711
Vase,2028-07-31 00:00:00,707
Vase,2028-08-31 00:00:00,776
Vase,2028-09-30 00:00:00,684
Wallets,2015-01-31 00:00:00,905
Wallets,2015-02-28 00:00:00,845
Wallets,2015-03-31 00:00:00,837
Wallets,2015-04-30 00:00:00,805
Wallets,2015-05-31 00:00:00,764
Wallets,2015-06-30 00:00:00,854
Wallets,2015-07-31 00:00:00,923
Wallets,2015-08-31 00:00:00,725
Wallets,2015-09-30 00:00:00,624
Wallets,2015-10-31 00:00:00,959
Wallets,2015-11-30 00:00:00,814
Wallets,2015-12-31 00:00:00,1046
Wallets,2016-01-31 00:00:00,880
Wallets,2016-02-29 00:00:00,782
Wallets,2016-03-31 00:00:00,823
Wallets,2016-04-30 00:00:00,916
Wallets,2016-05-31 00:00:00,839
Wallets,2016-06-30 00:00:00,807
Wallets,2016-07-31 00:00:00,984
Wallets,2016-08-31 00:00:00,808
Wallets,2016-09-30 00:00:00,715
Wallets,2016-10-31 00:00:00,993
Wallets,2016-11-30 00:00:00,841
Wallets,2016-12-31 00:00:00,754
Wallets,2017-01-31 00:00:00,929
Wallets,2017-02-28 00:00:00,829
Wallets,2017-03-31 00:00:00,696
Wallets,2017-04-30 00:00:00,637
Wallets,2017-05-31 00:00:00,985
Wallets,2017-06-30 00:00:00,784
Wallets,2017-07-31 00:00:00,859
Wallets,2017-08-31 00:00:00,845
Wallets,2017-09-30 00:00:00,856
Wallets,2017-10-31 00:00:00,888
Wallets,2017-11-30 00:00:00,814
Wallets,2017-12-31 00:00:00,733
Wallets,2018-01-31 00:00:00,881
Wallets,2018-02-28 00:00:00,777
Wallets,2018-03-31 00:00:00,735
Wallets,2018-04-30 00:00:00,752
Wallets,2018-05-31 00:00:00,794
Wallets,2018-06-30 00:00:00,660
Wallets,2018-07-31 00:00:00,1107
Wallets,2018-08-31 00:00:00,727
Wallets,2018-09-30 00:00:00,752
Wallets,2018-10-31 00:00:00,836
Wallets,2018-11-30 00:00:00,815
Wallets,2018-12-31 00:00:00,833
Wallets,2019-01-31 00:00:00,665
Wallets,2019-02-28 00:00:00,801
Wallets,2019-03-31 00:00:00,598
Wallets,2019-04-30 00:00:00,817
Wallets,2019-05-31 00:00:00,802
Wallets,2019-06-30 00:00:00,850
Wallets,2019-07-31 00:00:00,835
Wallets,2019-08-31 00:00:00,699
Wallets,2019-09-30 00:00:00,620
Wallets,2019-10-31 00:00:00,958
Wallets,2019-11-30 00:00:00,974
Wallets,2019-12-31 00:00:00,910
Wallets,2020-01-31 00:00:00,854
Wallets,2020-02-29 00:00:00,790
Wallets,2020-03-31 00:00:00,571
Wallets,2020-04-30 00:00:00,689
Wallets,2020-05-31 00:00:00,770
Wallets,2020-06-30 00:00:00,713
Wallets,2020-07-31 00:00:00,747
Wallets,2020-08-31 00:00:00,797
Wallets,2020-09-30 00:00:00,877
Wallets,2020-10-31 00:00:00,681
Wallets,2020-11-30 00:00:00,874
Wallets,2020-12-31 00:00:00,809
Wallets,2021-01-31 00:00:00,893
Wallets,2021-02-28 00:00:00,852
Wallets,2021-03-31 00:00:00,890
Wallets,2021-04-30 00:00:00,646
Wallets,2021-05-31 00:00:00,851
Wallets,2021-06-30 00:00:00,932
Wallets,2021-07-31 00:00:00,953
Wallets,2021-08-31 00:00:00,882
Wallets,2021-09-30 00:00:00,843
Wallets,2021-10-31 00:00:00,734
Wallets,2021-11-30 00:00:00,875
Wallets,2021-12-31 00:00:00,720
Wallets,2022-01-31 00:00:00,912
Wallets,2022-02-28 00:00:00,958
Wallets,2022-03-31 00:00:00,878
Wallets,2022-04-30 00:00:00,723
Wallets,2022-05-31 00:00:00,786
Wallets,2022-06-30 00:00:00,667
Wallets,2022-07-31 00:00:00,771
Wallets,2022-08-31 00:00:00,852
Wallets,2022-09-30 00:00:00,954
Wallets,2022-10-31 00:00:00,899
Wallets,2022-11-30 00:00:00,876
Wallets,2022-12-31 00:00:00,698
Wallets,2023-01-31 00:00:00,859
Wallets,2023-02-28 00:00:00,717
Wallets,2023-03-31 00:00:00,765
Wallets,2023-04-30 00:00:00,846
Wallets,2023-05-31 00:00:00,981
Wallets,2023-06-30 00:00:00,753
Wallets,2023-07-31 00:00:00,818
Wallets,2023-08-31 00:00:00,1070
Wallets,2023-09-30 00:00:00,626
Wallets,2023-10-31 00:00:00,679
Wallets,2023-11-30 00:00:00,489
Wallets,2023-12-31 00:00:00,866
Wallets,2024-01-31 00:00:00,624
Wallets,2024-02-29 00:00:00,607
Wallets,2024-03-31 00:00:00,492
Wallets,2024-04-30 00:00:00,590
Wallets,2024-05-31 00:00:00,624
Wallets,2024-06-30 00:00:00,564
Wallets,2024-07-31 00:00:00,622
Wallets,2024-08-31 00:00:00,650
Wallets,2024-09-30 00:00:00,540
Wallets,2024-10-31 00:00:00,590
Wallets,2024-11-30 00:00:00,560
Wallets,2024-12-31 00:00:00,590
Wallets,2025-01-31 00:00:00,608
Wallets,2025-02-28 00:00:00,573
Wallets,2025-03-31 00:00:00,510
Wallets,2025-04-30 00:00:00,528
Wallets,2025-05-31 00:00:00,603
Wallets,2025-06-30 00:00:00,530
Wallets,2025-07-31 00:00:00,597
Wallets,2025-08-31 00:00:00,615
Wallets,2025-09-30 00:00:00,521
Wallets,2025-10-31 00:00:00,555
Wallets,2025-11-30 00:00:00,530
Wallets,2025-12-31 00:00:00,551
Wallets,2026-01-31 00:00:00,573
Wallets,2026-02-28 00:00:00,539
Wallets,2026-03-31 00:00:00,477
Wallets,2026-04-30 00:00:00,485
Wallets,2026-05-31 00:00:00,564
Wallets,2026-06-30 00:00:00,496
Wallets,2026-07-31 00:00:00,569
Wallets,2026-08-31 00:00:00,585
Wallets,2026-09-30 00:00:00,491
Wallets,2026-10-31 00:00:00,525
Wallets,2026-11-30 00:00:00,498
Wallets,2026-12-31 00:00:00,514
Wallets,2027-01-31 00:00:00,545
Wallets,2027-02-28 00:00:00,512
Wallets,2027-03-31 00:00:00,450
Wallets,2027-04-30 00:00:00,467
Wallets,2027-05-31 00:00:00,542
Wallets,2027-06-30 00:00:00,466
Wallets,2027-07-31 00:00:00,532
Wallets,2027-08-31 00:00:00,553
Wallets,2027-09-30 00:00:00,468
Wallets,2027-10-31 00:00:00,501
Wallets,2027-11-30 00:00:00,469
Wallets,2027-12-31 00:00:00,492
Wallets,2028-01-31 00:00:00,512
Wallets,2028-02-29 00:00:00,471
Wallets,2028-03-31 00:00:00,417
Wallets,2028-04-30 00:00:00,436
Wallets,2028-05-31 00:00:00,509
Wallets,2028-06-30 00:00:00,434
Wallets,2028-07-31 00:00:00,515
Wallets,2028-08-31 00:00:00,544
Wallets,2028-09-30 00:00:00,440
Windbreaker Jacket,2015-01-31 00:00:00,921
Windbreaker Jacket,2015-02-28 00:00:00,750
Windbreaker Jacket,2015-03-31 00:00:00,743
Windbreaker Jacket,2015-04-30 00:00:00,808
Windbreaker Jacket,2015-05-31 00:00:00,737
Windbreaker Jacket,2015-06-30 00:00:00,917
Windbreaker Jacket,2015-07-31 00:00:00,905
Windbreaker Jacket,2015-08-31 00:00:00,653
Windbreaker Jacket,2015-09-30 00:00:00,759
Windbreaker Jacket,2015-10-31 00:00:00,746
Windbreaker Jacket,2015-11-30 00:00:00,863
Windbreaker Jacket,2015-12-31 00:00:00,791
Windbreaker Jacket,2016-01-31 00:00:00,908
Windbreaker Jacket,2016-02-29 00:00:00,798
Windbreaker Jacket,2016-03-31 00:00:00,814
Windbreaker Jacket,2016-04-30 00:00:00,728
Windbreaker Jacket,2016-05-31 00:00:00,707
Windbreaker Jacket,2016-06-30 00:00:00,915
Windbreaker Jacket,2016-07-31 00:00:00,726
Windbreaker Jacket,2016-08-31 00:00:00,988
Windbreaker Jacket,2016-09-30 00:00:00,687
Windbreaker Jacket,2016-10-31 00:00:00,793
Windbreaker Jacket,2016-11-30 00:00:00,743
Windbreaker Jacket,2016-12-31 00:00:00,611
Windbreaker Jacket,2017-01-31 00:00:00,823
Windbreaker Jacket,2017-02-28 00:00:00,630
Windbreaker Jacket,2017-03-31 00:00:00,726
Windbreaker Jacket,2017-04-30 00:00:00,928
Windbreaker Jacket,2017-05-31 00:00:00,962
Windbreaker Jacket,2017-06-30 00:00:00,927
Windbreaker Jacket,2017-07-31 00:00:00,751
Windbreaker Jacket,2017-08-31 00:00:00,920
Windbreaker Jacket,2017-09-30 00:00:00,969
Windbreaker Jacket,2017-10-31 00:00:00,1010
Windbreaker Jacket,2017-11-30 00:00:00,969
Windbreaker Jacket,2017-12-31 00:00:00,920
Windbreaker Jacket,2018-01-31 00:00:00,847
Windbreaker Jacket,2018-02-28 00:00:00,699
Windbreaker Jacket,2018-03-31 00:00:00,943
Windbreaker Jacket,2018-04-30 00:00:00,795
Windbreaker Jacket,2018-05-31 00:00:00,707
Windbreaker Jacket,2018-06-30 00:00:00,807
Windbreaker Jacket,2018-07-31 00:00:00,791
Windbreaker Jacket,2018-08-31 00:00:00,565
Windbreaker Jacket,2018-09-30 00:00:00,885
Windbreaker Jacket,2018-10-31 00:00:00,793
Windbreaker Jacket,2018-11-30 00:00:00,790
Windbreaker Jacket,2018-12-31 00:00:00,552
Windbreaker Jacket,2019-01-31 00:00:00,792
Windbreaker Jacket,2019-02-28 00:00:00,887
Windbreaker Jacket,2019-03-31 00:00:00,845
Windbreaker Jacket,2019-04-30 00:00:00,686
Windbreaker Jacket,2019-05-31 00:00:00,841
Windbreaker Jacket,2019-06-30 00:00:00,725
Windbreaker Jacket,2019-07-31 00:00:00,784
Windbreaker Jacket,2019-08-31 00:00:00,829
Windbreaker Jacket,2019-09-30 00:00:00,795
Windbreaker Jacket,2019-10-31 00:00:00,750
Windbreaker Jacket,2019-11-30 00:00:00,769
Windbreaker Jacket,2019-12-31 00:00:00,769
Windbreaker Jacket,2020-01-31 00:00:00,835
Windbreaker Jacket,2020-02-29 00:00:00,726
Windbreaker Jacket,2020-03-31 00:00:00,843
Windbreaker Jacket,2020-04-30 00:00:00,720
Windbreaker Jacket,2020-05-31 00:00:00,772
Windbreaker Jacket,2020-06-30 00:00:00,443
Windbreaker Jacket,2020-07-31 00:00:00,640
Windbreaker Jacket,2020-08-31 00:00:00,1107
Windbreaker Jacket,2020-09-30 00:00:00,785
Windbreaker Jacket,2020-10-31 00:00:00,683
Windbreaker Jacket,2020-11-30 00:00:00,655
Windbreaker Jacket,2020-12-31 00:00:00,770
Windbreaker Jacket,2021-01-31 00:00:00,773
Windbreaker Jacket,2021-02-28 00:00:00,784
Windbreaker Jacket,2021-03-31 00:00:00,1032
Windbreaker Jacket,2021-04-30 00:00:00,773
Windbreaker Jacket,2021-05-31 00:00:00,748
Windbreaker Jacket,2021-06-30 00:00:00,769
Windbreaker Jacket,2021-07-31 00:00:00,885
Windbreaker Jacket,2021-08-31 00:00:00,742
Windbreaker Jacket,2021-09-30 00:00:00,859
Windbreaker Jacket,2021-10-31 00:00:00,734
Windbreaker Jacket,2021-11-30 00:00:00,878
Windbreaker Jacket,2021-12-31 00:00:00,774
Windbreaker Jacket,2022-01-31 00:00:00,856
Windbreaker Jacket,2022-02-28 00:00:00,647
Windbreaker Jacket,2022-03-31 00:00:00,677
Windbreaker Jacket,2022-04-30 00:00:00,859
Windbreaker Jacket,2022-05-31 00:00:00,717
Windbreaker Jacket,2022-06-30 00:00:00,834
Windbreaker Jacket,2022-07-31 00:00:00,716
Windbreaker Jacket,2022-08-31 00:00:00,735
Windbreaker Jacket,2022-09-30 00:00:00,812
Windbreaker Jacket,2022-10-31 00:00:00,915
Windbreaker Jacket,2022-11-30 00:00:00,695
Windbreaker Jacket,2022-12-31 00:00:00,805
Windbreaker Jacket,2023-01-31 00:00:00,911
Windbreaker Jacket,2023-02-28 00:00:00,765
Windbreaker Jacket,2023-03-31 00:00:00,833
Windbreaker Jacket,2023-04-30 00:00:00,896
Windbreaker Jacket,2023-05-31 00:00:00,834
Windbreaker Jacket,2023-06-30 00:00:00,892
Windbreaker Jacket,2023-07-31 00:00:00,947
Windbreaker Jacket,2023-08-31 00:00:00,936
Windbreaker Jacket,2023-09-30 00:00:00,653
Windbreaker Jacket,2023-10-31 00:00:00,818
Windbreaker Jacket,2023-11-30 00:00:00,717
Windbreaker Jacket,2023-12-31 00:00:00,956
Windbreaker Jacket,2024-01-31 00:00:00,839
Windbreaker Jacket,2024-02-29 00:00:00,704
Windbreaker Jacket,2024-03-31 00:00:00,822
Windbreaker Jacket,2024-04-30 00:00:00,804
Windbreaker Jacket,2024-05-31 00:00:00,760
Windbreaker Jacket,2024-06-30 00:00:00,819
Windbreaker Jacket,2024-07-31 00:00:00,842
Windbreaker Jacket,2024-08-31 00:00:00,765
Windbreaker Jacket,2024-09-30 00:00:00,757
Windbreaker Jacket,2024-10-31 00:00:00,776
Windbreaker Jacket,2024-11-30 00:00:00,776
Windbreaker Jacket,2024-12-31 00:00:00,813
Windbreaker Jacket,2025-01-31 00:00:00,855
Windbreaker Jacket,2025-02-28 00:00:00,692
Windbreaker Jacket,2025-03-31 00:00:00,760
Windbreaker Jacket,2025-04-30 00:00:00,840
Windbreaker Jacket,2025-05-31 00:00:00,731
Windbreaker Jacket,2025-06-30 00:00:00,833
Windbreaker Jacket,2025-07-31 00:00:00,809
Windbreaker Jacket,2025-08-31 00:00:00,781
Windbreaker Jacket,2025-09-30 00:00:00,763
Windbreaker Jacket,2025-10-31 00:00:00,846
Windbreaker Jacket,2025-11-30 00:00:00,728
Windbreaker Jacket,2025-12-31 00:00:00,834
Windbreaker Jacket,2026-01-31 00:00:00,891
Windbreaker Jacket,2026-02-28 00:00:00,746
Windbreaker Jacket,2026-03-31 00:00:00,826
Windbreaker Jacket,2026-04-30 00:00:00,868
Windbreaker Jacket,2026-05-31 00:00:00,805
Windbreaker Jacket,2026-06-30 00:00:00,868
Windbreaker Jacket,2026-07-31 00:00:00,889
Windbreaker Jacket,2026-08-31 00:00:00,862
Windbreaker Jacket,2026-09-30 00:00:00,741
Windbreaker Jacket,2026-10-31 00:00:00,831
Windbreaker Jacket,2026-11-30 00:00:00,754
Windbreaker Jacket,2026-12-31 00:00:00,894
Windbreaker Jacket,2027-01-31 00:00:00,898
Windbreaker Jacket,2027-02-28 00:00:00,759
Windbreaker Jacket,2027-03-31 00:00:00,851
Windbreaker Jacket,2027-04-30 00:00:00,877
Windbreaker Jacket,2027-05-31 00:00:00,817
Windbreaker Jacket,2027-06-30 00:00:00,881
Windbreaker Jacket,2027-07-31 00:00:00,891
Windbreaker Jacket,2027-08-31 00:00:00,845
Windbreaker Jacket,2027-09-30 00:00:00,795
Windbreaker Jacket,2027-10-31 00:00:00,854
Windbreaker Jacket,2027-11-30 00:00:00,804
Windbreaker Jacket,2027-12-31 00:00:00,888
Windbreaker Jacket,2028-01-31 00:00:00,919
Windbreaker Jacket,2028-02-29 00:00:00,769
Windbreaker Jacket,2028-03-31 00:00:00,842
Windbreaker Jacket,2028-04-30 00:00:00,906
Windbreaker Jacket,2028-05-31 00:00:00,832
Windbreaker Jacket,2028-06-30 00:00:00,905
Windbreaker Jacket,2028-07-31 00:00:00,891
Windbreaker Jacket,2028-08-31 00:00:00,865
Windbreaker Jacket,2028-09-30 00:00:00,810
Wool Trousers,2015-01-31 00:00:00,803
Wool Trousers,2015-02-28 00:00:00,768
Wool Trousers,2015-03-31 00:00:00,764
Wool Trousers,2015-04-30 00:00:00,770
Wool Trousers,2015-05-31 00:00:00,847
Wool Trousers,2015-06-30 00:00:00,826
Wool Trousers,2015-07-31 00:00:00,651
Wool Trousers,2015-08-31 00:00:00,827
Wool Trousers,2015-09-30 00:00:00,767
Wool Trousers,2015-10-31 00:00:00,635
Wool Trousers,2015-11-30 00:00:00,839
Wool Trousers,2015-12-31 00:00:00,954
Wool Trousers,2016-01-31 00:00:00,706
Wool Trousers,2016-02-29 00:00:00,829
Wool Trousers,2016-03-31 00:00:00,868
Wool Trousers,2016-04-30 00:00:00,859
Wool Trousers,2016-05-31 00:00:00,742
Wool Trousers,2016-06-30 00:00:00,827
Wool Trousers,2016-07-31 00:00:00,527
Wool Trousers,2016-08-31 00:00:00,794
Wool Trousers,2016-09-30 00:00:00,825
Wool Trousers,2016-10-31 00:00:00,901
Wool Trousers,2016-11-30 00:00:00,679
Wool Trousers,2016-12-31 00:00:00,854
Wool Trousers,2017-01-31 00:00:00,816
Wool Trousers,2017-02-28 00:00:00,756
Wool Trousers,2017-03-31 00:00:00,671
Wool Trousers,2017-04-30 00:00:00,691
Wool Trousers,2017-05-31 00:00:00,711
Wool Trousers,2017-06-30 00:00:00,839
Wool Trousers,2017-07-31 00:00:00,852
Wool Trousers,2017-08-31 00:00:00,960
Wool Trousers,2017-09-30 00:00:00,673
Wool Trousers,2017-10-31 00:00:00,734
Wool Trousers,2017-11-30 00:00:00,720
Wool Trousers,2017-12-31 00:00:00,805
Wool Trousers,2018-01-31 00:00:00,794
Wool Trousers,2018-02-28 00:00:00,760
Wool Trousers,2018-03-31 00:00:00,862
Wool Trousers,2018-04-30 00:00:00,867
Wool Trousers,2018-05-31 00:00:00,857
Wool Trousers,2018-06-30 00:00:00,679
Wool Trousers,2018-07-31 00:00:00,781
Wool Trousers,2018-08-31 00:00:00,859
Wool Trousers,2018-09-30 00:00:00,893
Wool Trousers,2018-10-31 00:00:00,722
Wool Trousers,2018-11-30 00:00:00,1051
Wool Trousers,2018-12-31 00:00:00,761
Wool Trousers,2019-01-31 00:00:00,856
Wool Trousers,2019-02-28 00:00:00,607
Wool Trousers,2019-03-31 00:00:00,702
Wool Trousers,2019-04-30 00:00:00,674
Wool Trousers,2019-05-31 00:00:00,620
Wool Trousers,2019-06-30 00:00:00,807
Wool Trousers,2019-07-31 00:00:00,880
Wool Trousers,2019-08-31 00:00:00,707
Wool Trousers,2019-09-30 00:00:00,866
Wool Trousers,2019-10-31 00:00:00,823
Wool Trousers,2019-11-30 00:00:00,804
Wool Trousers,2019-12-31 00:00:00,771
Wool Trousers,2020-01-31 00:00:00,932
Wool Trousers,2020-02-29 00:00:00,637
Wool Trousers,2020-03-31 00:00:00,825
Wool Trousers,2020-04-30 00:00:00,827
Wool Trousers,2020-05-31 00:00:00,731
Wool Trousers,2020-06-30 00:00:00,748
Wool Trousers,2020-07-31 00:00:00,738
Wool Trousers,2020-08-31 00:00:00,847
Wool Trousers,2020-09-30 00:00:00,908
Wool Trousers,2020-10-31 00:00:00,853
Wool Trousers,2020-11-30 00:00:00,863
Wool Trousers,2020-12-31 00:00:00,1067
Wool Trousers,2021-01-31 00:00:00,906
Wool Trousers,2021-02-28 00:00:00,693
Wool Trousers,2021-03-31 00:00:00,907
Wool Trousers,2021-04-30 00:00:00,827
Wool Trousers,2021-05-31 00:00:00,799
Wool Trousers,2021-06-30 00:00:00,782
Wool Trousers,2021-07-31 00:00:00,698
Wool Trousers,2021-08-31 00:00:00,873
Wool Trousers,2021-09-30 00:00:00,736
Wool Trousers,2021-10-31 00:00:00,1023
Wool Trousers,2021-11-30 00:00:00,776
Wool Trousers,2021-12-31 00:00:00,795
Wool Trousers,2022-01-31 00:00:00,740
Wool Trousers,2022-02-28 00:00:00,758
Wool Trousers,2022-03-31 00:00:00,803
Wool Trousers,2022-04-30 00:00:00,766
Wool Trousers,2022-05-31 00:00:00,835
Wool Trousers,2022-06-30 00:00:00,701
Wool Trousers,2022-07-31 00:00:00,766
Wool Trousers,2022-08-31 00:00:00,850
Wool Trousers,2022-09-30 00:00:00,963
Wool Trousers,2022-10-31 00:00:00,962
Wool Trousers,2022-11-30 00:00:00,819
Wool Trousers,2022-12-31 00:00:00,559
Wool Trousers,2023-01-31 00:00:00,606
Wool Trousers,2023-02-28 00:00:00,890
Wool Trousers,2023-03-31 00:00:00,877
Wool Trousers,2023-04-30 00:00:00,815
Wool Trousers,2023-05-31 00:00:00,695
Wool Trousers,2023-06-30 00:00:00,946
Wool Trousers,2023-07-31 00:00:00,952
Wool Trousers,2023-08-31 00:00:00,1035
Wool Trousers,2023-09-30 00:00:00,765
Wool Trousers,2023-10-31 00:00:00,866
Wool Trousers,2023-11-30 00:00:00,818
Wool Trousers,2023-12-31 00:00:00,929
Wool Trousers,2024-01-31 00:00:00,679
Wool Trousers,2024-02-29 00:00:00,712
Wool Trousers,2024-03-31 00:00:00,785
Wool Trousers,2024-04-30 00:00:00,776
Wool Trousers,2024-05-31 00:00:00,720
Wool Trousers,2024-06-30 00:00:00,763
Wool Trousers,2024-07-31 00:00:00,757
Wool Trousers,2024-08-31 00:00:00,866
Wool Trousers,2024-09-30 00:00:00,770
Wool Trousers,2024-10-31 00:00:00,877
Wool Trousers,2024-11-30 00:00:00,765
Wool Trousers,2024-12-31 00:00:00,721
Wool Trousers,2025-01-31 00:00:00,657
Wool Trousers,2025-02-28 00:00:00,759
Wool Trousers,2025-03-31 00:00:00,801
Wool Trousers,2025-04-30 00:00:00,768
Wool Trousers,2025-05-31 00:00:00,725
Wool Trousers,2025-06-30 00:00:00,778
Wool Trousers,2025-07-31 00:00:00,795
Wool Trousers,2025-08-31 00:00:00,885
Wool Trousers,2025-09-30 00:00:00,796
Wool Trousers,2025-10-31 00:00:00,861
Wool Trousers,2025-11-30 00:00:00,783
Wool Trousers,2025-12-31 00:00:00,719
Wool Trousers,2026-01-31 00:00:00,653
Wool Trousers,2026-02-28 00:00:00,780
Wool Trousers,2026-03-31 00:00:00,828
Wool Trousers,2026-04-30 00:00:00,791
Wool Trousers,2026-05-31 00:00:00,723
Wool Trousers,2026-06-30 00:00:00,817
Wool Trousers,2026-07-31 00:00:00,821
Wool Trousers,2026-08-31 00:00:00,916
Wool Trousers,2026-09-30 00:00:00,778
Wool Trousers,2026-10-31 00:00:00,871
Wool Trousers,2026-11-30 00:00:00,776
Wool Trousers,2026-12-31 00:00:00,779
Wool Trousers,2027-01-31 00:00:00,685
Wool Trousers,2027-02-28 00:00:00,777
Wool Trousers,2027-03-31 00:00:00,821
Wool Trousers,2027-04-30 00:00:00,799
Wool Trousers,2027-05-31 00:00:00,748
Wool Trousers,2027-06-30 00:00:00,807
Wool Trousers,2027-07-31 00:00:00,815
Wool Trousers,2027-08-31 00:00:00,913
Wool Trousers,2027-09-30 00:00:00,821
Wool Trousers,2027-10-31 00:00:00,901
Wool Trousers,2027-11-30 00:00:00,793
Wool Trousers,2027-12-31 00:00:00,760
Wool Trousers,2028-01-31 00:00:00,685
Wool Trousers,2028-02-29 00:00:00,808
Wool Trousers,2028-03-31 00:00:00,837
Wool Trousers,2028-04-30 00:00:00,805
Wool Trousers,2028-05-31 00:00:00,750
Wool Trousers,2028-06-30 00:00:00,842
Wool Trousers,2028-07-31 00:00:00,843
Wool Trousers,2028-08-31 00:00:00,933
Wool Trousers,2028-09-30 00:00:00,815
Wool-Cotton Jacket,2015-01-31 00:00:00,974
Wool-Cotton Jacket,2015-02-28 00:00:00,625
Wool-Cotton Jacket,2015-03-31 00:00:00,892
Wool-Cotton Jacket,2015-04-30 00:00:00,776
Wool-Cotton Jacket,2015-05-31 00:00:00,980
Wool-Cotton Jacket,2015-06-30 00:00:00,681
Wool-Cotton Jacket,2015-07-31 00:00:00,834
Wool-Cotton Jacket,2015-08-31 00:00:00,951
Wool-Cotton Jacket,2015-09-30 00:00:00,848
Wool-Cotton Jacket,2015-10-31 00:00:00,754
Wool-Cotton Jacket,2015-11-30 00:00:00,784
Wool-Cotton Jacket,2015-12-31 00:00:00,674
Wool-Cotton Jacket,2016-01-31 00:00:00,847
Wool-Cotton Jacket,2016-02-29 00:00:00,687
Wool-Cotton Jacket,2016-03-31 00:00:00,796
Wool-Cotton Jacket,2016-04-30 00:00:00,785
Wool-Cotton Jacket,2016-05-31 00:00:00,990
Wool-Cotton Jacket,2016-06-30 00:00:00,972
Wool-Cotton Jacket,2016-07-31 00:00:00,752
Wool-Cotton Jacket,2016-08-31 00:00:00,899
Wool-Cotton Jacket,2016-09-30 00:00:00,952
Wool-Cotton Jacket,2016-10-31 00:00:00,738
Wool-Cotton Jacket,2016-11-30 00:00:00,757
Wool-Cotton Jacket,2016-12-31 00:00:00,1003
Wool-Cotton Jacket,2017-01-31 00:00:00,645
Wool-Cotton Jacket,2017-02-28 00:00:00,972
Wool-Cotton Jacket,2017-03-31 00:00:00,922
Wool-Cotton Jacket,2017-04-30 00:00:00,846
Wool-Cotton Jacket,2017-05-31 00:00:00,773
Wool-Cotton Jacket,2017-06-30 00:00:00,756
Wool-Cotton Jacket,2017-07-31 00:00:00,853
Wool-Cotton Jacket,2017-08-31 00:00:00,526
Wool-Cotton Jacket,2017-09-30 00:00:00,856
Wool-Cotton Jacket,2017-10-31 00:00:00,817
Wool-Cotton Jacket,2017-11-30 00:00:00,925
Wool-Cotton Jacket,2017-12-31 00:00:00,923
Wool-Cotton Jacket,2018-01-31 00:00:00,699
Wool-Cotton Jacket,2018-02-28 00:00:00,730
Wool-Cotton Jacket,2018-03-31 00:00:00,1017
Wool-Cotton Jacket,2018-04-30 00:00:00,887
Wool-Cotton Jacket,2018-05-31 00:00:00,750
Wool-Cotton Jacket,2018-06-30 00:00:00,624
Wool-Cotton Jacket,2018-07-31 00:00:00,743
Wool-Cotton Jacket,2018-08-31 00:00:00,802
Wool-Cotton Jacket,2018-09-30 00:00:00,693
Wool-Cotton Jacket,2018-10-31 00:00:00,875
Wool-Cotton Jacket,2018-11-30 00:00:00,741
Wool-Cotton Jacket,2018-12-31 00:00:00,984
Wool-Cotton Jacket,2019-01-31 00:00:00,701
Wool-Cotton Jacket,2019-02-28 00:00:00,556
Wool-Cotton Jacket,2019-03-31 00:00:00,789
Wool-Cotton Jacket,2019-04-30 00:00:00,828
Wool-Cotton Jacket,2019-05-31 00:00:00,914
Wool-Cotton Jacket,2019-06-30 00:00:00,920
Wool-Cotton Jacket,2019-07-31 00:00:00,1014
Wool-Cotton Jacket,2019-08-31 00:00:00,739
Wool-Cotton Jacket,2019-09-30 00:00:00,884
Wool-Cotton Jacket,2019-10-31 00:00:00,695
Wool-Cotton Jacket,2019-11-30 00:00:00,900
Wool-Cotton Jacket,2019-12-31 00:00:00,1133
Wool-Cotton Jacket,2020-01-31 00:00:00,916
Wool-Cotton Jacket,2020-02-29 00:00:00,492
Wool-Cotton Jacket,2020-03-31 00:00:00,1025
Wool-Cotton Jacket,2020-04-30 00:00:00,779
Wool-Cotton Jacket,2020-05-31 00:00:00,851
Wool-Cotton Jacket,2020-06-30 00:00:00,689
Wool-Cotton Jacket,2020-07-31 00:00:00,817
Wool-Cotton Jacket,2020-08-31 00:00:00,703
Wool-Cotton Jacket,2020-09-30 00:00:00,821
Wool-Cotton Jacket,2020-10-31 00:00:00,822
Wool-Cotton Jacket,2020-11-30 00:00:00,799
Wool-Cotton Jacket,2020-12-31 00:00:00,888
Wool-Cotton Jacket,2021-01-31 00:00:00,883
Wool-Cotton Jacket,2021-02-28 00:00:00,521
Wool-Cotton Jacket,2021-03-31 00:00:00,1067
Wool-Cotton Jacket,2021-04-30 00:00:00,704
Wool-Cotton Jacket,2021-05-31 00:00:00,865
Wool-Cotton Jacket,2021-06-30 00:00:00,887
Wool-Cotton Jacket,2021-07-31 00:00:00,755
Wool-Cotton Jacket,2021-08-31 00:00:00,742
Wool-Cotton Jacket,2021-09-30 00:00:00,865
Wool-Cotton Jacket,2021-10-31 00:00:00,800
Wool-Cotton Jacket,2021-11-30 00:00:00,799
Wool-Cotton Jacket,2021-12-31 00:00:00,782
Wool-Cotton Jacket,2022-01-31 00:00:00,797
Wool-Cotton Jacket,2022-02-28 00:00:00,857
Wool-Cotton Jacket,2022-03-31 00:00:00,940
Wool-Cotton Jacket,2022-04-30 00:00:00,852
Wool-Cotton Jacket,2022-05-31 00:00:00,782
Wool-Cotton Jacket,2022-06-30 00:00:00,706
Wool-Cotton Jacket,2022-07-31 00:00:00,783
Wool-Cotton Jacket,2022-08-31 00:00:00,755
Wool-Cotton Jacket,2022-09-30 00:00:00,822
Wool-Cotton Jacket,2022-10-31 00:00:00,881
Wool-Cotton Jacket,2022-11-30 00:00:00,687
Wool-Cotton Jacket,2022-12-31 00:00:00,726
Wool-Cotton Jacket,2023-01-31 00:00:00,840
Wool-Cotton Jacket,2023-02-28 00:00:00,942
Wool-Cotton Jacket,2023-03-31 00:00:00,794
Wool-Cotton Jacket,2023-04-30 00:00:00,909
Wool-Cotton Jacket,2023-05-31 00:00:00,976
Wool-Cotton Jacket,2023-06-30 00:00:00,904
Wool-Cotton Jacket,2023-07-31 00:00:00,961
Wool-Cotton Jacket,2023-08-31 00:00:00,841
Wool-Cotton Jacket,2023-09-30 00:00:00,818
Wool-Cotton Jacket,2023-10-31 00:00:00,741
Wool-Cotton Jacket,2023-11-30 00:00:00,746
Wool-Cotton Jacket,2023-12-31 00:00:00,809
Wool-Cotton Jacket,2024-01-31 00:00:00,801
Wool-Cotton Jacket,2024-02-29 00:00:00,750
Wool-Cotton Jacket,2024-03-31 00:00:00,794
Wool-Cotton Jacket,2024-04-30 00:00:00,755
Wool-Cotton Jacket,2024-05-31 00:00:00,835
Wool-Cotton Jacket,2024-06-30 00:00:00,797
Wool-Cotton Jacket,2024-07-31 00:00:00,806
Wool-Cotton Jacket,2024-08-31 00:00:00,722
Wool-Cotton Jacket,2024-09-30 00:00:00,749
Wool-Cotton Jacket,2024-10-31 00:00:00,704
Wool-Cotton Jacket,2024-11-30 00:00:00,724
Wool-Cotton Jacket,2024-12-31 00:00:00,701
Wool-Cotton Jacket,2025-01-31 00:00:00,789
Wool-Cotton Jacket,2025-02-28 00:00:00,783
Wool-Cotton Jacket,2025-03-31 00:00:00,805
Wool-Cotton Jacket,2025-04-30 00:00:00,780
Wool-Cotton Jacket,2025-05-31 00:00:00,821
Wool-Cotton Jacket,2025-06-30 00:00:00,766
Wool-Cotton Jacket,2025-07-31 00:00:00,796
Wool-Cotton Jacket,2025-08-31 00:00:00,725
Wool-Cotton Jacket,2025-09-30 00:00:00,753
Wool-Cotton Jacket,2025-10-31 00:00:00,735
Wool-Cotton Jacket,2025-11-30 00:00:00,683
Wool-Cotton Jacket,2025-12-31 00:00:00,697
Wool-Cotton Jacket,2026-01-31 00:00:00,795
Wool-Cotton Jacket,2026-02-28 00:00:00,802
Wool-Cotton Jacket,2026-03-31 00:00:00,786
Wool-Cotton Jacket,2026-04-30 00:00:00,795
Wool-Cotton Jacket,2026-05-31 00:00:00,842
Wool-Cotton Jacket,2026-06-30 00:00:00,789
Wool-Cotton Jacket,2026-07-31 00:00:00,824
Wool-Cotton Jacket,2026-08-31 00:00:00,738
Wool-Cotton Jacket,2026-09-30 00:00:00,760
Wool-Cotton Jacket,2026-10-31 00:00:00,720
Wool-Cotton Jacket,2026-11-30 00:00:00,683
Wool-Cotton Jacket,2026-12-31 00:00:00,722
Wool-Cotton Jacket,2027-01-31 00:00:00,790
Wool-Cotton Jacket,2027-02-28 00:00:00,788
Wool-Cotton Jacket,2027-03-31 00:00:00,798
Wool-Cotton Jacket,2027-04-30 00:00:00,792
Wool-Cotton Jacket,2027-05-31 00:00:00,848
Wool-Cotton Jacket,2027-06-30 00:00:00,795
Wool-Cotton Jacket,2027-07-31 00:00:00,820
Wool-Cotton Jacket,2027-08-31 00:00:00,739
Wool-Cotton Jacket,2027-09-30 00:00:00,762
Wool-Cotton Jacket,2027-10-31 00:00:00,727
Wool-Cotton Jacket,2027-11-30 00:00:00,688
Wool-Cotton Jacket,2027-12-31 00:00:00,725
Wool-Cotton Jacket,2028-01-31 00:00:00,791
Wool-Cotton Jacket,2028-02-29 00:00:00,792
Wool-Cotton Jacket,2028-03-31 00:00:00,801
Wool-Cotton Jacket,2028-04-30 00:00:00,799
Wool-Cotton Jacket,2028-05-31 00:00:00,850
Wool-Cotton Jacket,2028-06-30 00:00:00,796
Wool-Cotton Jacket,2028-07-31 00:00:00,826
Wool-Cotton Jacket,2028-08-31 00:00:00,746
Wool-Cotton Jacket,2028-09-30 00:00:00,765
Wool-Cotton Trousers,2015-01-31 00:00:00,970
Wool-Cotton Trousers,2015-02-28 00:00:00,779
Wool-Cotton Trousers,2015-03-31 00:00:00,636
Wool-Cotton Trousers,2015-04-30 00:00:00,800
Wool-Cotton Trousers,2015-05-31 00:00:00,715
Wool-Cotton Trousers,2015-06-30 00:00:00,688
Wool-Cotton Trousers,2015-07-31 00:00:00,931
Wool-Cotton Trousers,2015-08-31 00:00:00,835
Wool-Cotton Trousers,2015-09-30 00:00:00,752
Wool-Cotton Trousers,2015-10-31 00:00:00,656
Wool-Cotton Trousers,2015-11-30 00:00:00,837
Wool-Cotton Trousers,2015-12-31 00:00:00,928
Wool-Cotton Trousers,2016-01-31 00:00:00,774
Wool-Cotton Trousers,2016-02-29 00:00:00,582
Wool-Cotton Trousers,2016-03-31 00:00:00,1072
Wool-Cotton Trousers,2016-04-30 00:00:00,906
Wool-Cotton Trousers,2016-05-31 00:00:00,882
Wool-Cotton Trousers,2016-06-30 00:00:00,772
Wool-Cotton Trousers,2016-07-31 00:00:00,726
Wool-Cotton Trousers,2016-08-31 00:00:00,850
Wool-Cotton Trousers,2016-09-30 00:00:00,712
Wool-Cotton Trousers,2016-10-31 00:00:00,702
Wool-Cotton Trousers,2016-11-30 00:00:00,647
Wool-Cotton Trousers,2016-12-31 00:00:00,806
Wool-Cotton Trousers,2017-01-31 00:00:00,810
Wool-Cotton Trousers,2017-02-28 00:00:00,671
Wool-Cotton Trousers,2017-03-31 00:00:00,839
Wool-Cotton Trousers,2017-04-30 00:00:00,914
Wool-Cotton Trousers,2017-05-31 00:00:00,795
Wool-Cotton Trousers,2017-06-30 00:00:00,739
Wool-Cotton Trousers,2017-07-31 00:00:00,865
Wool-Cotton Trousers,2017-08-31 00:00:00,1131
Wool-Cotton Trousers,2017-09-30 00:00:00,769
Wool-Cotton Trousers,2017-10-31 00:00:00,706
Wool-Cotton Trousers,2017-11-30 00:00:00,942
Wool-Cotton Trousers,2017-12-31 00:00:00,635
Wool-Cotton Trousers,2018-01-31 00:00:00,688
Wool-Cotton Trousers,2018-02-28 00:00:00,858
Wool-Cotton Trousers,2018-03-31 00:00:00,1025
Wool-Cotton Trousers,2018-04-30 00:00:00,870
Wool-Cotton Trousers,2018-05-31 00:00:00,767
Wool-Cotton Trousers,2018-06-30 00:00:00,861
Wool-Cotton Trousers,2018-07-31 00:00:00,942
Wool-Cotton Trousers,2018-08-31 00:00:00,1081
Wool-Cotton Trousers,2018-09-30 00:00:00,693
Wool-Cotton Trousers,2018-10-31 00:00:00,678
Wool-Cotton Trousers,2018-11-30 00:00:00,810
Wool-Cotton Trousers,2018-12-31 00:00:00,773
Wool-Cotton Trousers,2019-01-31 00:00:00,898
Wool-Cotton Trousers,2019-02-28 00:00:00,850
Wool-Cotton Trousers,2019-03-31 00:00:00,714
Wool-Cotton Trousers,2019-04-30 00:00:00,742
Wool-Cotton Trousers,2019-05-31 00:00:00,764
Wool-Cotton Trousers,2019-06-30 00:00:00,484
Wool-Cotton Trousers,2019-07-31 00:00:00,914
Wool-Cotton Trousers,2019-08-31 00:00:00,771
Wool-Cotton Trousers,2019-09-30 00:00:00,1017
Wool-Cotton Trousers,2019-10-31 00:00:00,875
Wool-Cotton Trousers,2019-11-30 00:00:00,781
Wool-Cotton Trousers,2019-12-31 00:00:00,934
Wool-Cotton Trousers,2020-01-31 00:00:00,706
Wool-Cotton Trousers,2020-02-29 00:00:00,645
Wool-Cotton Trousers,2020-03-31 00:00:00,1032
Wool-Cotton Trousers,2020-04-30 00:00:00,957
Wool-Cotton Trousers,2020-05-31 00:00:00,892
Wool-Cotton Trousers,2020-06-30 00:00:00,838
Wool-Cotton Trousers,2020-07-31 00:00:00,942
Wool-Cotton Trousers,2020-08-31 00:00:00,657
Wool-Cotton Trousers,2020-09-30 00:00:00,638
Wool-Cotton Trousers,2020-10-31 00:00:00,818
Wool-Cotton Trousers,2020-11-30 00:00:00,937
Wool-Cotton Trousers,2020-12-31 00:00:00,814
Wool-Cotton Trousers,2021-01-31 00:00:00,794
Wool-Cotton Trousers,2021-02-28 00:00:00,680
Wool-Cotton Trousers,2021-03-31 00:00:00,832
Wool-Cotton Trousers,2021-04-30 00:00:00,598
Wool-Cotton Trousers,2021-05-31 00:00:00,854
Wool-Cotton Trousers,2021-06-30 00:00:00,633
Wool-Cotton Trousers,2021-07-31 00:00:00,665
Wool-Cotton Trousers,2021-08-31 00:00:00,960
Wool-Cotton Trousers,2021-09-30 00:00:00,693
Wool-Cotton Trousers,2021-10-31 00:00:00,1017
Wool-Cotton Trousers,2021-11-30 00:00:00,775
Wool-Cotton Trousers,2021-12-31 00:00:00,600
Wool-Cotton Trousers,2022-01-31 00:00:00,873
Wool-Cotton Trousers,2022-02-28 00:00:00,595
Wool-Cotton Trousers,2022-03-31 00:00:00,818
Wool-Cotton Trousers,2022-04-30 00:00:00,765
Wool-Cotton Trousers,2022-05-31 00:00:00,803
Wool-Cotton Trousers,2022-06-30 00:00:00,625
Wool-Cotton Trousers,2022-07-31 00:00:00,907
Wool-Cotton Trousers,2022-08-31 00:00:00,1005
Wool-Cotton Trousers,2022-09-30 00:00:00,894
Wool-Cotton Trousers,2022-10-31 00:00:00,683
Wool-Cotton Trousers,2022-11-30 00:00:00,906
Wool-Cotton Trousers,2022-12-31 00:00:00,817
Wool-Cotton Trousers,2023-01-31 00:00:00,884
Wool-Cotton Trousers,2023-02-28 00:00:00,736
Wool-Cotton Trousers,2023-03-31 00:00:00,837
Wool-Cotton Trousers,2023-04-30 00:00:00,901
Wool-Cotton Trousers,2023-05-31 00:00:00,762
Wool-Cotton Trousers,2023-06-30 00:00:00,658
Wool-Cotton Trousers,2023-07-31 00:00:00,986
Wool-Cotton Trousers,2023-08-31 00:00:00,688
Wool-Cotton Trousers,2023-09-30 00:00:00,779
Wool-Cotton Trousers,2023-10-31 00:00:00,952
Wool-Cotton Trousers,2023-11-30 00:00:00,706
Wool-Cotton Trousers,2023-12-31 00:00:00,740
Wool-Cotton Trousers,2024-01-31 00:00:00,761
Wool-Cotton Trousers,2024-02-29 00:00:00,523
Wool-Cotton Trousers,2024-03-31 00:00:00,732
Wool-Cotton Trousers,2024-04-30 00:00:00,650
Wool-Cotton Trousers,2024-05-31 00:00:00,698
Wool-Cotton Trousers,2024-06-30 00:00:00,548
Wool-Cotton Trousers,2024-07-31 00:00:00,730
Wool-Cotton Trousers,2024-08-31 00:00:00,791
Wool-Cotton Trousers,2024-09-30 00:00:00,684
Wool-Cotton Trousers,2024-10-31 00:00:00,754
Wool-Cotton Trousers,2024-11-30 00:00:00,702
Wool-Cotton Trousers,2024-12-31 00:00:00,615
Wool-Cotton Trousers,2025-01-31 00:00:00,758
Wool-Cotton Trousers,2025-02-28 00:00:00,559
Wool-Cotton Trousers,2025-03-31 00:00:00,708
Wool-Cotton Trousers,2025-04-30 00:00:00,696
Wool-Cotton Trousers,2025-05-31 00:00:00,669
Wool-Cotton Trousers,2025-06-30 00:00:00,538
Wool-Cotton Trousers,2025-07-31 00:00:00,794
Wool-Cotton Trousers,2025-08-31 00:00:00,716
Wool-Cotton Trousers,2025-09-30 00:00:00,706
Wool-Cotton Trousers,2025-10-31 00:00:00,721
Wool-Cotton Trousers,2025-11-30 00:00:00,682
Wool-Cotton Trousers,2025-12-31 00:00:00,651
Wool-Cotton Trousers,2026-01-31 00:00:00,754
Wool-Cotton Trousers,2026-02-28 00:00:00,556
Wool-Cotton Trousers,2026-03-31 00:00:00,710
Wool-Cotton Trousers,2026-04-30 00:00:00,691
Wool-Cotton Trousers,2026-05-31 00:00:00,654
Wool-Cotton Trousers,2026-06-30 00:00:00,539
Wool-Cotton Trousers,2026-07-31 00:00:00,769
Wool-Cotton Trousers,2026-08-31 00:00:00,686
Wool-Cotton Trousers,2026-09-30 00:00:00,676
Wool-Cotton Trousers,2026-10-31 00:00:00,749
Wool-Cotton Trousers,2026-11-30 00:00:00,652
Wool-Cotton Trousers,2026-12-31 00:00:00,625
Wool-Cotton Trousers,2027-01-31 00:00:00,732
Wool-Cotton Trousers,2027-02-28 00:00:00,529
Wool-Cotton Trousers,2027-03-31 00:00:00,694
Wool-Cotton Trousers,2027-04-30 00:00:00,656
Wool-Cotton Trousers,2027-05-31 00:00:00,649
Wool-Cotton Trousers,2027-06-30 00:00:00,519
Wool-Cotton Trousers,2027-07-31 00:00:00,743
Wool-Cotton Trousers,2027-08-31 00:00:00,712
Wool-Cotton Trousers,2027-09-30 00:00:00,663
Wool-Cotton Trousers,2027-10-31 00:00:00,717
Wool-Cotton Trousers,2027-11-30 00:00:00,653
Wool-Cotton Trousers,2027-12-31 00:00:00,606
Wool-Cotton Trousers,2028-01-31 00:00:00,720
Wool-Cotton Trousers,2028-02-29 00:00:00,521
Wool-Cotton Trousers,2028-03-31 00:00:00,680
Wool-Cotton Trousers,2028-04-30 00:00:00,657
Wool-Cotton Trousers,2028-05-31 00:00:00,637
Wool-Cotton Trousers,2028-06-30 00:00:00,508
Wool-Cotton Trousers,2028-07-31 00:00:00,747
Wool-Cotton Trousers,2028-08-31 00:00:00,693
Wool-Cotton Trousers,2028-09-30 00:00:00,658
