ProductName,Date,Sales
4K TV,2015-01-31 00:00:00,81
4K TV,2015-02-28 00:00:00,208
4K TV,2015-03-31 00:00:00,102
4K TV,2015-04-30 00:00:00,99
4K TV,2015-05-31 00:00:00,122
4K TV,2015-06-30 00:00:00,89
4K TV,2015-07-31 00:00:00,127
4K TV,2015-08-31 00:00:00,136
4K TV,2015-09-30 00:00:00,242
4K TV,2015-10-31 00:00:00,52
4K TV,2015-11-30 00:00:00,44
4K TV,2015-12-31 00:00:00,93
4K TV,2016-01-31 00:00:00,97
4K TV,2016-02-29 00:00:00,88
4K TV,2016-03-31 00:00:00,134
4K TV,2016-04-30 00:00:00,154
4K TV,2016-05-31 00:00:00,105
4K TV,2016-06-30 00:00:00,93
4K TV,2016-07-31 00:00:00,166
4K TV,2016-08-31 00:00:00,150
4K TV,2016-09-30 00:00:00,192
4K TV,2016-10-31 00:00:00,66
4K TV,2016-11-30 00:00:00,94
4K TV,2016-12-31 00:00:00,74
4K TV,2017-01-31 00:00:00,114
4K TV,2017-02-28 00:00:00,89
4K TV,2017-03-31 00:00:00,142
4K TV,2017-04-30 00:00:00,112
4K TV,2017-05-31 00:00:00,149
4K TV,2017-06-30 00:00:00,108
4K TV,2017-07-31 00:00:00,79
4K TV,2017-08-31 00:00:00,136
4K TV,2017-09-30 00:00:00,224
4K TV,2017-10-31 00:00:00,115
4K TV,2017-11-30 00:00:00,96
4K TV,2017-12-31 00:00:00,58
4K TV,2018-01-31 00:00:00,133
4K TV,2018-02-28 00:00:00,118
4K TV,2018-03-31 00:00:00,109
4K TV,2018-04-30 00:00:00,150
4K TV,2018-05-31 00:00:00,128
4K TV,2018-06-30 00:00:00,162
4K TV,2018-07-31 00:00:00,97
4K TV,2018-08-31 00:00:00,74
4K TV,2018-09-30 00:00:00,96
4K TV,2018-10-31 00:00:00,67
4K TV,2018-11-30 00:00:00,93
4K TV,2018-12-31 00:00:00,146
4K TV,2019-01-31 00:00:00,188
4K TV,2019-02-28 00:00:00,118
4K TV,2019-03-31 00:00:00,147
4K TV,2019-04-30 00:00:00,133
4K TV,2019-05-31 00:00:00,108
4K TV,2019-06-30 00:00:00,89
4K TV,2019-07-31 00:00:00,104
4K TV,2019-08-31 00:00:00,127
4K TV,2019-09-30 00:00:00,109
4K TV,2019-10-31 00:00:00,105
4K TV,2019-11-30 00:00:00,140
4K TV,2019-12-31 00:00:00,178
4K TV,2020-01-31 00:00:00,135
4K TV,2020-02-29 00:00:00,127
4K TV,2020-03-31 00:00:00,69
4K TV,2020-04-30 00:00:00,259
4K TV,2020-05-31 00:00:00,113
4K TV,2020-06-30 00:00:00,77
4K TV,2020-07-31 00:00:00,70
4K TV,2020-08-31 00:00:00,109
4K TV,2020-09-30 00:00:00,93
4K TV,2020-10-31 00:00:00,206
4K TV,2020-11-30 00:00:00,116
4K TV,2020-12-31 00:00:00,143
4K TV,2021-01-31 00:00:00,196
4K TV,2021-02-28 00:00:00,124
4K TV,2021-03-31 00:00:00,84
4K TV,2021-04-30 00:00:00,222
4K TV,2021-05-31 00:00:00,143
4K TV,2021-06-30 00:00:00,82
4K TV,2021-07-31 00:00:00,160
4K TV,2021-08-31 00:00:00,78
4K TV,2021-09-30 00:00:00,217
4K TV,2021-10-31 00:00:00,78
4K TV,2021-11-30 00:00:00,95
4K TV,2021-12-31 00:00:00,109
4K TV,2022-01-31 00:00:00,140
4K TV,2022-02-28 00:00:00,89
4K TV,2022-03-31 00:00:00,156
4K TV,2022-04-30 00:00:00,202
4K TV,2022-05-31 00:00:00,102
4K TV,2022-06-30 00:00:00,90
4K TV,2022-07-31 00:00:00,128
4K TV,2022-08-31 00:00:00,94
4K TV,2022-09-30 00:00:00,116
4K TV,2022-10-31 00:00:00,109
4K TV,2022-11-30 00:00:00,129
4K TV,2022-12-31 00:00:00,145
4K TV,2023-01-31 00:00:00,213
4K TV,2023-02-28 00:00:00,101
4K TV,2023-03-31 00:00:00,202
4K TV,2023-04-30 00:00:00,204
4K TV,2023-05-31 00:00:00,135
4K TV,2023-06-30 00:00:00,146
4K TV,2023-07-31 00:00:00,137
4K TV,2023-08-31 00:00:00,111
4K TV,2023-09-30 00:00:00,114
4K TV,2023-10-31 00:00:00,109
4K TV,2023-11-30 00:00:00,75
4K TV,2023-12-31 00:00:00,230
4K TV,2024-01-31 00:00:00,172
4K TV,2024-02-29 00:00:00,117
4K TV,2024-03-31 00:00:00,142
4K TV,2024-04-30 00:00:00,194
4K TV,2024-05-31 00:00:00,114
4K TV,2024-06-30 00:00:00,141
4K TV,2024-07-31 00:00:00,129
4K TV,2024-08-31 00:00:00,115
4K TV,2024-09-30 00:00:00,130
4K TV,2024-10-31 00:00:00,118
4K TV,2024-11-30 00:00:00,99
4K TV,2024-12-31 00:00:00,180
4K TV,2025-01-31 00:00:00,174
4K TV,2025-02-28 00:00:00,124
4K TV,2025-03-31 00:00:00,155
4K TV,2025-04-30 00:00:00,204
4K TV,2025-05-31 00:00:00,127
4K TV,2025-06-30 00:00:00,137
4K TV,2025-07-31 00:00:00,133
4K TV,2025-08-31 00:00:00,118
4K TV,2025-09-30 00:00:00,141
4K TV,2025-10-31 00:00:00,121
4K TV,2025-11-30 00:00:00,109
4K TV,2025-12-31 00:00:00,183
4K TV,2026-01-31 00:00:00,184
4K TV,2026-02-28 00:00:00,128
4K TV,2026-03-31 00:00:00,164
4K TV,2026-04-30 00:00:00,209
4K TV,2026-05-31 00:00:00,134
4K TV,2026-06-30 00:00:00,137
4K TV,2026-07-31 00:00:00,144
4K TV,2026-08-31 00:00:00,120
4K TV,2026-09-30 00:00:00,150
4K TV,2026-10-31 00:00:00,125
4K TV,2026-11-30 00:00:00,116
4K TV,2026-12-31 00:00:00,188
4K TV,2027-01-31 00:00:00,193
4K TV,2027-02-28 00:00:00,133
4K TV,2027-03-31 00:00:00,166
4K TV,2027-04-30 00:00:00,216
4K TV,2027-05-31 00:00:00,140
4K TV,2027-06-30 00:00:00,145
4K TV,2027-07-31 00:00:00,149
4K TV,2027-08-31 00:00:00,129
4K TV,2027-09-30 00:00:00,150
4K TV,2027-10-31 00:00:00,133
4K TV,2027-11-30 00:00:00,121
4K TV,2027-12-31 00:00:00,191
4K TV,2028-01-31 00:00:00,198
4K TV,2028-02-29 00:00:00,138
4K TV,2028-03-31 00:00:00,173
4K TV,2028-04-30 00:00:00,223
4K TV,2028-05-31 00:00:00,145
4K TV,2028-06-30 00:00:00,152
4K TV,2028-07-31 00:00:00,154
4K TV,2028-08-31 00:00:00,135
4K TV,2028-09-30 00:00:00,154
Air Fryer,2015-01-31 00:00:00,97
Air Fryer,2015-02-28 00:00:00,74
Air Fryer,2015-03-31 00:00:00,41
Air Fryer,2015-04-30 00:00:00,20
Air Fryer,2015-05-31 00:00:00,53
Air Fryer,2015-06-30 00:00:00,81
Air Fryer,2015-07-31 00:00:00,76
Air Fryer,2015-08-31 00:00:00,73
Air Fryer,2015-09-30 00:00:00,129
Air Fryer,2015-10-31 00:00:00,44
Air Fryer,2015-11-30 00:00:00,107
Air Fryer,2015-12-31 00:00:00,82
Air Fryer,2016-01-31 00:00:00,95
Air Fryer,2016-02-29 00:00:00,68
Air Fryer,2016-03-31 00:00:00,100
Air Fryer,2016-04-30 00:00:00,73
Air Fryer,2016-05-31 00:00:00,59
Air Fryer,2016-06-30 00:00:00,83
Air Fryer,2016-07-31 00:00:00,51
Air Fryer,2016-08-31 00:00:00,46
Air Fryer,2016-09-30 00:00:00,28
Air Fryer,2016-10-31 00:00:00,31
Air Fryer,2016-11-30 00:00:00,57
Air Fryer,2016-12-31 00:00:00,70
Air Fryer,2017-01-31 00:00:00,94
Air Fryer,2017-02-28 00:00:00,45
Air Fryer,2017-03-31 00:00:00,90
Air Fryer,2017-04-30 00:00:00,84
Air Fryer,2017-05-31 00:00:00,122
Air Fryer,2017-06-30 00:00:00,60
Air Fryer,2017-07-31 00:00:00,62
Air Fryer,2017-08-31 00:00:00,72
Air Fryer,2017-09-30 00:00:00,90
Air Fryer,2017-10-31 00:00:00,8
Air Fryer,2017-11-30 00:00:00,40
Air Fryer,2017-12-31 00:00:00,49
Air Fryer,2018-01-31 00:00:00,89
Air Fryer,2018-02-28 00:00:00,34
Air Fryer,2018-03-31 00:00:00,57
Air Fryer,2018-04-30 00:00:00,63
Air Fryer,2018-05-31 00:00:00,61
Air Fryer,2018-06-30 00:00:00,78
Air Fryer,2018-07-31 00:00:00,60
Air Fryer,2018-08-31 00:00:00,18
Air Fryer,2018-09-30 00:00:00,93
Air Fryer,2018-10-31 00:00:00,75
Air Fryer,2018-11-30 00:00:00,46
Air Fryer,2018-12-31 00:00:00,47
Air Fryer,2019-01-31 00:00:00,71
Air Fryer,2019-02-28 00:00:00,69
Air Fryer,2019-03-31 00:00:00,40
Air Fryer,2019-04-30 00:00:00,59
Air Fryer,2019-05-31 00:00:00,34
Air Fryer,2019-06-30 00:00:00,139
Air Fryer,2019-07-31 00:00:00,75
Air Fryer,2019-08-31 00:00:00,72
Air Fryer,2019-09-30 00:00:00,132
Air Fryer,2019-10-31 00:00:00,41
Air Fryer,2019-11-30 00:00:00,102
Air Fryer,2019-12-31 00:00:00,70
Air Fryer,2020-01-31 00:00:00,91
Air Fryer,2020-02-29 00:00:00,48
Air Fryer,2020-03-31 00:00:00,100
Air Fryer,2020-04-30 00:00:00,33
Air Fryer,2020-05-31 00:00:00,45
Air Fryer,2020-06-30 00:00:00,87
Air Fryer,2020-07-31 00:00:00,144
Air Fryer,2020-08-31 00:00:00,100
Air Fryer,2020-09-30 00:00:00,28
Air Fryer,2020-10-31 00:00:00,56
Air Fryer,2020-11-30 00:00:00,75
Air Fryer,2020-12-31 00:00:00,45
Air Fryer,2021-01-31 00:00:00,64
Air Fryer,2021-02-28 00:00:00,143
Air Fryer,2021-03-31 00:00:00,53
Air Fryer,2021-04-30 00:00:00,68
Air Fryer,2021-05-31 00:00:00,62
Air Fryer,2021-06-30 00:00:00,60
Air Fryer,2021-07-31 00:00:00,113
Air Fryer,2021-08-31 00:00:00,82
Air Fryer,2021-09-30 00:00:00,111
Air Fryer,2021-10-31 00:00:00,6
Air Fryer,2021-11-30 00:00:00,112
Air Fryer,2021-12-31 00:00:00,47
Air Fryer,2022-01-31 00:00:00,78
Air Fryer,2022-02-28 00:00:00,140
Air Fryer,2022-03-31 00:00:00,75
Air Fryer,2022-04-30 00:00:00,131
Air Fryer,2022-05-31 00:00:00,33
Air Fryer,2022-06-30 00:00:00,57
Air Fryer,2022-07-31 00:00:00,80
Air Fryer,2022-08-31 00:00:00,90
Air Fryer,2022-09-30 00:00:00,74
Air Fryer,2022-10-31 00:00:00,112
Air Fryer,2022-11-30 00:00:00,77
Air Fryer,2022-12-31 00:00:00,50
Air Fryer,2023-01-31 00:00:00,55
Air Fryer,2023-02-28 00:00:00,91
Air Fryer,2023-03-31 00:00:00,61
Air Fryer,2023-04-30 00:00:00,45
Air Fryer,2023-05-31 00:00:00,76
Air Fryer,2023-06-30 00:00:00,53
Air Fryer,2023-07-31 00:00:00,42
Air Fryer,2023-08-31 00:00:00,98
Air Fryer,2023-09-30 00:00:00,114
Air Fryer,2023-10-31 00:00:00,55
Air Fryer,2023-11-30 00:00:00,40
Air Fryer,2023-12-31 00:00:00,48
Air Fryer,2024-01-31 00:00:00,67
Air Fryer,2024-02-29 00:00:00,69
Air Fryer,2024-03-31 00:00:00,44
Air Fryer,2024-04-30 00:00:00,52
Air Fryer,2024-05-31 00:00:00,45
Air Fryer,2024-06-30 00:00:00,53
Air Fryer,2024-07-31 00:00:00,59
Air Fryer,2024-08-31 00:00:00,60
Air Fryer,2024-09-30 00:00:00,72
Air Fryer,2024-10-31 00:00:00,37
Air Fryer,2024-11-30 00:00:00,58
Air Fryer,2024-12-31 00:00:00,37
Air Fryer,2025-01-31 00:00:00,60
Air Fryer,2025-02-28 00:00:00,69
Air Fryer,2025-03-31 00:00:00,48
Air Fryer,2025-04-30 00:00:00,49
Air Fryer,2025-05-31 00:00:00,42
Air Fryer,2025-06-30 00:00:00,60
Air Fryer,2025-07-31 00:00:00,60
Air Fryer,2025-08-31 00:00:00,60
Air Fryer,2025-09-30 00:00:00,71
Air Fryer,2025-10-31 00:00:00,34
Air Fryer,2025-11-30 00:00:00,51
Air Fryer,2025-12-31 00:00:00,36
Air Fryer,2026-01-31 00:00:00,58
Air Fryer,2026-02-28 00:00:00,66
Air Fryer,2026-03-31 00:00:00,47
Air Fryer,2026-04-30 00:00:00,46
Air Fryer,2026-05-31 00:00:00,40
Air Fryer,2026-06-30 00:00:00,53
Air Fryer,2026-07-31 00:00:00,60
Air Fryer,2026-08-31 00:00:00,56
Air Fryer,2026-09-30 00:00:00,70
Air Fryer,2026-10-31 00:00:00,36
Air Fryer,2026-11-30 00:00:00,51
Air Fryer,2026-12-31 00:00:00,34
Air Fryer,2027-01-31 00:00:00,56
Air Fryer,2027-02-28 00:00:00,72
Air Fryer,2027-03-31 00:00:00,46
Air Fryer,2027-04-30 00:00:00,45
Air Fryer,2027-05-31 00:00:00,39
Air Fryer,2027-06-30 00:00:00,52
Air Fryer,2027-07-31 00:00:00,55
Air Fryer,2027-08-31 00:00:00,57
Air Fryer,2027-09-30 00:00:00,68
Air Fryer,2027-10-31 00:00:00,35
Air Fryer,2027-11-30 00:00:00,49
Air Fryer,2027-12-31 00:00:00,33
Air Fryer,2028-01-31 00:00:00,55
Air Fryer,2028-02-29 00:00:00,62
Air Fryer,2028-03-31 00:00:00,44
Air Fryer,2028-04-30 00:00:00,45
Air Fryer,2028-05-31 00:00:00,37
Air Fryer,2028-06-30 00:00:00,50
Air Fryer,2028-07-31 00:00:00,56
Air Fryer,2028-08-31 00:00:00,59
Air Fryer,2028-09-30 00:00:00,65
Biography,2015-01-31 00:00:00,125
Biography,2015-02-28 00:00:00,150
Biography,2015-03-31 00:00:00,105
Biography,2015-04-30 00:00:00,164
Biography,2015-05-31 00:00:00,141
Biography,2015-06-30 00:00:00,90
Biography,2015-07-31 00:00:00,133
Biography,2015-08-31 00:00:00,112
Biography,2015-09-30 00:00:00,122
Biography,2015-10-31 00:00:00,101
Biography,2015-11-30 00:00:00,135
Biography,2015-12-31 00:00:00,77
Biography,2016-01-31 00:00:00,59
Biography,2016-02-29 00:00:00,129
Biography,2016-03-31 00:00:00,118
Biography,2016-04-30 00:00:00,181
Biography,2016-05-31 00:00:00,148
Biography,2016-06-30 00:00:00,77
Biography,2016-07-31 00:00:00,187
Biography,2016-08-31 00:00:00,213
Biography,2016-09-30 00:00:00,114
Biography,2016-10-31 00:00:00,110
Biography,2016-11-30 00:00:00,129
Biography,2016-12-31 00:00:00,116
Biography,2017-01-31 00:00:00,156
Biography,2017-02-28 00:00:00,61
Biography,2017-03-31 00:00:00,50
Biography,2017-04-30 00:00:00,114
Biography,2017-05-31 00:00:00,64
Biography,2017-06-30 00:00:00,75
Biography,2017-07-31 00:00:00,59
Biography,2017-08-31 00:00:00,101
Biography,2017-09-30 00:00:00,126
Biography,2017-10-31 00:00:00,112
Biography,2017-11-30 00:00:00,90
Biography,2017-12-31 00:00:00,100
Biography,2018-01-31 00:00:00,138
Biography,2018-02-28 00:00:00,86
Biography,2018-03-31 00:00:00,170
Biography,2018-04-30 00:00:00,161
Biography,2018-05-31 00:00:00,97
Biography,2018-06-30 00:00:00,137
Biography,2018-07-31 00:00:00,83
Biography,2018-08-31 00:00:00,117
Biography,2018-09-30 00:00:00,183
Biography,2018-10-31 00:00:00,96
Biography,2018-11-30 00:00:00,215
Biography,2018-12-31 00:00:00,63
Biography,2019-01-31 00:00:00,99
Biography,2019-02-28 00:00:00,118
Biography,2019-03-31 00:00:00,109
Biography,2019-04-30 00:00:00,98
Biography,2019-05-31 00:00:00,126
Biography,2019-06-30 00:00:00,97
Biography,2019-07-31 00:00:00,142
Biography,2019-08-31 00:00:00,133
Biography,2019-09-30 00:00:00,94
Biography,2019-10-31 00:00:00,114
Biography,2019-11-30 00:00:00,93
Biography,2019-12-31 00:00:00,104
Biography,2020-01-31 00:00:00,222
Biography,2020-02-29 00:00:00,94
Biography,2020-03-31 00:00:00,120
Biography,2020-04-30 00:00:00,89
Biography,2020-05-31 00:00:00,146
Biography,2020-06-30 00:00:00,135
Biography,2020-07-31 00:00:00,149
Biography,2020-08-31 00:00:00,122
Biography,2020-09-30 00:00:00,146
Biography,2020-10-31 00:00:00,150
Biography,2020-11-30 00:00:00,93
Biography,2020-12-31 00:00:00,118
Biography,2021-01-31 00:00:00,76
Biography,2021-02-28 00:00:00,171
Biography,2021-03-31 00:00:00,178
Biography,2021-04-30 00:00:00,108
Biography,2021-05-31 00:00:00,112
Biography,2021-06-30 00:00:00,114
Biography,2021-07-31 00:00:00,115
Biography,2021-08-31 00:00:00,187
Biography,2021-09-30 00:00:00,204
Biography,2021-10-31 00:00:00,140
Biography,2021-11-30 00:00:00,105
Biography,2021-12-31 00:00:00,115
Biography,2022-01-31 00:00:00,141
Biography,2022-02-28 00:00:00,156
Biography,2022-03-31 00:00:00,90
Biography,2022-04-30 00:00:00,140
Biography,2022-05-31 00:00:00,172
Biography,2022-06-30 00:00:00,80
Biography,2022-07-31 00:00:00,153
Biography,2022-08-31 00:00:00,124
Biography,2022-09-30 00:00:00,139
Biography,2022-10-31 00:00:00,69
Biography,2022-11-30 00:00:00,130
Biography,2022-12-31 00:00:00,117
Biography,2023-01-31 00:00:00,101
Biography,2023-02-28 00:00:00,109
Biography,2023-03-31 00:00:00,42
Biography,2023-04-30 00:00:00,150
Biography,2023-05-31 00:00:00,148
Biography,2023-06-30 00:00:00,93
Biography,2023-07-31 00:00:00,153
Biography,2023-08-31 00:00:00,161
Biography,2023-09-30 00:00:00,103
Biography,2023-10-31 00:00:00,71
Biography,2023-11-30 00:00:00,142
Biography,2023-12-31 00:00:00,106
Biography,2024-01-31 00:00:00,82
Biography,2024-02-29 00:00:00,114
Biography,2024-03-31 00:00:00,83
Biography,2024-04-30 00:00:00,118
Biography,2024-05-31 00:00:00,112
Biography,2024-06-30 00:00:00,77
Biography,2024-07-31 00:00:00,108
Biography,2024-08-31 00:00:00,139
Biography,2024-09-30 00:00:00,131
Biography,2024-10-31 00:00:00,76
Biography,2024-11-30 00:00:00,101
Biography,2024-12-31 00:00:00,89
Biography,2025-01-31 00:00:00,97
Biography,2025-02-28 00:00:00,109
Biography,2025-03-31 00:00:00,57
Biography,2025-04-30 00:00:00,115
Biography,2025-05-31 00:00:00,124
Biography,2025-06-30 00:00:00,64
Biography,2025-07-31 00:00:00,117
Biography,2025-08-31 00:00:00,116
Biography,2025-09-30 00:00:00,108
Biography,2025-10-31 00:00:00,56
Biography,2025-11-30 00:00:00,103
Biography,2025-12-31 00:00:00,85
Biography,2026-01-31 00:00:00,80
Biography,2026-02-28 00:00:00,98
Biography,2026-03-31 00:00:00,45
Biography,2026-04-30 00:00:00,115
Biography,2026-05-31 00:00:00,114
Biography,2026-06-30 00:00:00,64
Biography,2026-07-31 00:00:00,115
Biography,2026-08-31 00:00:00,126
Biography,2026-09-30 00:00:00,98
Biography,2026-10-31 00:00:00,54
Biography,2026-11-30 00:00:00,102
Biography,2026-12-31 00:00:00,81
Biography,2027-01-31 00:00:00,73
Biography,2027-02-28 00:00:00,97
Biography,2027-03-31 00:00:00,56
Biography,2027-04-30 00:00:00,104
Biography,2027-05-31 00:00:00,106
Biography,2027-06-30 00:00:00,61
Biography,2027-07-31 00:00:00,102
Biography,2027-08-31 00:00:00,117
Biography,2027-09-30 00:00:00,105
Biography,2027-10-31 00:00:00,56
Biography,2027-11-30 00:00:00,91
Biography,2027-12-31 00:00:00,76
Biography,2028-01-31 00:00:00,72
Biography,2028-02-29 00:00:00,95
Biography,2028-03-31 00:00:00,45
Biography,2028-04-30 00:00:00,101
Biography,2028-05-31 00:00:00,106
Biography,2028-06-30 00:00:00,55
Biography,2028-07-31 00:00:00,102
Biography,2028-08-31 00:00:00,107
Biography,2028-09-30 00:00:00,96
Blender,2015-01-31 00:00:00,49
Blender,2015-02-28 00:00:00,57
Blender,2015-03-31 00:00:00,66
Blender,2015-04-30 00:00:00,63
Blender,2015-05-31 00:00:00,90
Blender,2015-06-30 00:00:00,143
Blender,2015-07-31 00:00:00,106
Blender,2015-08-31 00:00:00,106
Blender,2015-09-30 00:00:00,62
Blender,2015-10-31 00:00:00,34
Blender,2015-11-30 00:00:00,120
Blender,2015-12-31 00:00:00,80
Blender,2016-01-31 00:00:00,96
Blender,2016-02-29 00:00:00,85
Blender,2016-03-31 00:00:00,115
Blender,2016-04-30 00:00:00,130
Blender,2016-05-31 00:00:00,84
Blender,2016-06-30 00:00:00,112
Blender,2016-07-31 00:00:00,61
Blender,2016-08-31 00:00:00,124
Blender,2016-09-30 00:00:00,26
Blender,2016-10-31 00:00:00,157
Blender,2016-11-30 00:00:00,64
Blender,2016-12-31 00:00:00,93
Blender,2017-01-31 00:00:00,33
Blender,2017-02-28 00:00:00,67
Blender,2017-03-31 00:00:00,81
Blender,2017-04-30 00:00:00,165
Blender,2017-05-31 00:00:00,100
Blender,2017-06-30 00:00:00,29
Blender,2017-07-31 00:00:00,33
Blender,2017-08-31 00:00:00,134
Blender,2017-09-30 00:00:00,144
Blender,2017-10-31 00:00:00,80
Blender,2017-11-30 00:00:00,126
Blender,2017-12-31 00:00:00,37
Blender,2018-01-31 00:00:00,92
Blender,2018-02-28 00:00:00,43
Blender,2018-03-31 00:00:00,110
Blender,2018-04-30 00:00:00,72
Blender,2018-05-31 00:00:00,92
Blender,2018-06-30 00:00:00,162
Blender,2018-07-31 00:00:00,81
Blender,2018-08-31 00:00:00,33
Blender,2018-09-30 00:00:00,70
Blender,2018-10-31 00:00:00,86
Blender,2018-11-30 00:00:00,129
Blender,2018-12-31 00:00:00,65
Blender,2019-01-31 00:00:00,83
Blender,2019-02-28 00:00:00,60
Blender,2019-03-31 00:00:00,78
Blender,2019-04-30 00:00:00,100
Blender,2019-05-31 00:00:00,52
Blender,2019-06-30 00:00:00,52
Blender,2019-07-31 00:00:00,108
Blender,2019-08-31 00:00:00,104
Blender,2019-09-30 00:00:00,81
Blender,2019-10-31 00:00:00,47
Blender,2019-11-30 00:00:00,91
Blender,2019-12-31 00:00:00,78
Blender,2020-01-31 00:00:00,46
Blender,2020-02-29 00:00:00,122
Blender,2020-03-31 00:00:00,88
Blender,2020-04-30 00:00:00,39
Blender,2020-05-31 00:00:00,73
Blender,2020-06-30 00:00:00,116
Blender,2020-07-31 00:00:00,49
Blender,2020-08-31 00:00:00,43
Blender,2020-09-30 00:00:00,84
Blender,2020-10-31 00:00:00,73
Blender,2020-11-30 00:00:00,67
Blender,2020-12-31 00:00:00,118
Blender,2021-01-31 00:00:00,79
Blender,2021-02-28 00:00:00,236
Blender,2021-03-31 00:00:00,50
Blender,2021-04-30 00:00:00,51
Blender,2021-05-31 00:00:00,84
Blender,2021-06-30 00:00:00,45
Blender,2021-07-31 00:00:00,71
Blender,2021-08-31 00:00:00,36
Blender,2021-09-30 00:00:00,68
Blender,2021-10-31 00:00:00,65
Blender,2021-11-30 00:00:00,76
Blender,2021-12-31 00:00:00,98
Blender,2022-01-31 00:00:00,67
Blender,2022-02-28 00:00:00,60
Blender,2022-03-31 00:00:00,83
Blender,2022-04-30 00:00:00,60
Blender,2022-05-31 00:00:00,72
Blender,2022-06-30 00:00:00,80
Blender,2022-07-31 00:00:00,123
Blender,2022-08-31 00:00:00,119
Blender,2022-09-30 00:00:00,86
Blender,2022-10-31 00:00:00,85
Blender,2022-11-30 00:00:00,38
Blender,2022-12-31 00:00:00,142
Blender,2023-01-31 00:00:00,76
Blender,2023-02-28 00:00:00,145
Blender,2023-03-31 00:00:00,99
Blender,2023-04-30 00:00:00,54
Blender,2023-05-31 00:00:00,101
Blender,2023-06-30 00:00:00,100
Blender,2023-07-31 00:00:00,89
Blender,2023-08-31 00:00:00,86
Blender,2023-09-30 00:00:00,99
Blender,2023-10-31 00:00:00,78
Blender,2023-11-30 00:00:00,36
Blender,2023-12-31 00:00:00,70
Blender,2024-01-31 00:00:00,54
Blender,2024-02-29 00:00:00,97
Blender,2024-03-31 00:00:00,62
Blender,2024-04-30 00:00:00,43
Blender,2024-05-31 00:00:00,59
Blender,2024-06-30 00:00:00,69
Blender,2024-07-31 00:00:00,64
Blender,2024-08-31 00:00:00,60
Blender,2024-09-30 00:00:00,58
Blender,2024-10-31 00:00:00,55
Blender,2024-11-30 00:00:00,49
Blender,2024-12-31 00:00:00,70
Blender,2025-01-31 00:00:00,48
Blender,2025-02-28 00:00:00,84
Blender,2025-03-31 00:00:00,60
Blender,2025-04-30 00:00:00,48
Blender,2025-05-31 00:00:00,58
Blender,2025-06-30 00:00:00,65
Blender,2025-07-31 00:00:00,61
Blender,2025-08-31 00:00:00,61
Blender,2025-09-30 00:00:00,56
Blender,2025-10-31 00:00:00,50
Blender,2025-11-30 00:00:00,45
Blender,2025-12-31 00:00:00,70
Blender,2026-01-31 00:00:00,48
Blender,2026-02-28 00:00:00,83
Blender,2026-03-31 00:00:00,60
Blender,2026-04-30 00:00:00,45
Blender,2026-05-31 00:00:00,57
Blender,2026-06-30 00:00:00,64
Blender,2026-07-31 00:00:00,59
Blender,2026-08-31 00:00:00,59
Blender,2026-09-30 00:00:00,56
Blender,2026-10-31 00:00:00,50
Blender,2026-11-30 00:00:00,45
Blender,2026-12-31 00:00:00,65
Blender,2027-01-31 00:00:00,45
Blender,2027-02-28 00:00:00,83
Blender,2027-03-31 00:00:00,55
Blender,2027-04-30 00:00:00,41
Blender,2027-05-31 00:00:00,53
Blender,2027-06-30 00:00:00,58
Blender,2027-07-31 00:00:00,57
Blender,2027-08-31 00:00:00,55
Blender,2027-09-30 00:00:00,54
Blender,2027-10-31 00:00:00,48
Blender,2027-11-30 00:00:00,42
Blender,2027-12-31 00:00:00,63
Blender,2028-01-31 00:00:00,43
Blender,2028-02-29 00:00:00,79
Blender,2028-03-31 00:00:00,54
Blender,2028-04-30 00:00:00,39
Blender,2028-05-31 00:00:00,53
Blender,2028-06-30 00:00:00,59
Blender,2028-07-31 00:00:00,55
Blender,2028-08-31 00:00:00,54
Blender,2028-09-30 00:00:00,52
Bluetooth Speaker,2015-01-31 00:00:00,25
Bluetooth Speaker,2015-02-28 00:00:00,35
Bluetooth Speaker,2015-03-31 00:00:00,81
Bluetooth Speaker,2015-04-30 00:00:00,95
Bluetooth Speaker,2015-05-31 00:00:00,54
Bluetooth Speaker,2015-06-30 00:00:00,25
Bluetooth Speaker,2015-07-31 00:00:00,55
Bluetooth Speaker,2015-08-31 00:00:00,68
Bluetooth Speaker,2015-09-30 00:00:00,63
Bluetooth Speaker,2015-10-31 00:00:00,77
Bluetooth Speaker,2015-11-30 00:00:00,65
Bluetooth Speaker,2015-12-31 00:00:00,63
Bluetooth Speaker,2016-01-31 00:00:00,57
Bluetooth Speaker,2016-02-29 00:00:00,56
Bluetooth Speaker,2016-03-31 00:00:00,67
Bluetooth Speaker,2016-04-30 00:00:00,63
Bluetooth Speaker,2016-05-31 00:00:00,33
Bluetooth Speaker,2016-06-30 00:00:00,39
Bluetooth Speaker,2016-07-31 00:00:00,47
Bluetooth Speaker,2016-08-31 00:00:00,82
Bluetooth Speaker,2016-09-30 00:00:00,28
Bluetooth Speaker,2016-10-31 00:00:00,77
Bluetooth Speaker,2016-11-30 00:00:00,36
Bluetooth Speaker,2016-12-31 00:00:00,39
Bluetooth Speaker,2017-01-31 00:00:00,35
Bluetooth Speaker,2017-02-28 00:00:00,45
Bluetooth Speaker,2017-03-31 00:00:00,81
Bluetooth Speaker,2017-04-30 00:00:00,34
Bluetooth Speaker,2017-05-31 00:00:00,22
Bluetooth Speaker,2017-06-30 00:00:00,36
Bluetooth Speaker,2017-07-31 00:00:00,138
Bluetooth Speaker,2017-08-31 00:00:00,51
Bluetooth Speaker,2017-09-30 00:00:00,53
Bluetooth Speaker,2017-10-31 00:00:00,82
Bluetooth Speaker,2017-11-30 00:00:00,69
Bluetooth Speaker,2017-12-31 00:00:00,40
Bluetooth Speaker,2018-01-31 00:00:00,73
Bluetooth Speaker,2018-02-28 00:00:00,32
Bluetooth Speaker,2018-03-31 00:00:00,40
Bluetooth Speaker,2018-04-30 00:00:00,14
Bluetooth Speaker,2018-05-31 00:00:00,20
Bluetooth Speaker,2018-06-30 00:00:00,39
Bluetooth Speaker,2018-07-31 00:00:00,43
Bluetooth Speaker,2018-08-31 00:00:00,49
Bluetooth Speaker,2018-09-30 00:00:00,59
Bluetooth Speaker,2018-10-31 00:00:00,61
Bluetooth Speaker,2018-11-30 00:00:00,69
Bluetooth Speaker,2018-12-31 00:00:00,73
Bluetooth Speaker,2019-01-31 00:00:00,83
Bluetooth Speaker,2019-02-28 00:00:00,21
Bluetooth Speaker,2019-03-31 00:00:00,51
Bluetooth Speaker,2019-04-30 00:00:00,34
Bluetooth Speaker,2019-05-31 00:00:00,72
Bluetooth Speaker,2019-06-30 00:00:00,41
Bluetooth Speaker,2019-07-31 00:00:00,38
Bluetooth Speaker,2019-08-31 00:00:00,60
Bluetooth Speaker,2019-09-30 00:00:00,72
Bluetooth Speaker,2019-10-31 00:00:00,64
Bluetooth Speaker,2019-11-30 00:00:00,36
Bluetooth Speaker,2019-12-31 00:00:00,36
Bluetooth Speaker,2020-01-31 00:00:00,80
Bluetooth Speaker,2020-02-29 00:00:00,28
Bluetooth Speaker,2020-03-31 00:00:00,19
Bluetooth Speaker,2020-04-30 00:00:00,87
Bluetooth Speaker,2020-05-31 00:00:00,90
Bluetooth Speaker,2020-06-30 00:00:00,70
Bluetooth Speaker,2020-07-31 00:00:00,51
Bluetooth Speaker,2020-08-31 00:00:00,71
Bluetooth Speaker,2020-09-30 00:00:00,104
Bluetooth Speaker,2020-11-30 00:00:00,28
Bluetooth Speaker,2020-12-31 00:00:00,41
Bluetooth Speaker,2021-01-31 00:00:00,43
Bluetooth Speaker,2021-02-28 00:00:00,45
Bluetooth Speaker,2021-03-31 00:00:00,60
Bluetooth Speaker,2021-04-30 00:00:00,54
Bluetooth Speaker,2021-05-31 00:00:00,75
Bluetooth Speaker,2021-06-30 00:00:00,85
Bluetooth Speaker,2021-07-31 00:00:00,94
Bluetooth Speaker,2021-08-31 00:00:00,23
Bluetooth Speaker,2021-09-30 00:00:00,37
Bluetooth Speaker,2021-10-31 00:00:00,39
Bluetooth Speaker,2021-11-30 00:00:00,45
Bluetooth Speaker,2021-12-31 00:00:00,44
Bluetooth Speaker,2022-01-31 00:00:00,43
Bluetooth Speaker,2022-02-28 00:00:00,58
Bluetooth Speaker,2022-03-31 00:00:00,28
Bluetooth Speaker,2022-04-30 00:00:00,24
Bluetooth Speaker,2022-05-31 00:00:00,76
Bluetooth Speaker,2022-06-30 00:00:00,33
Bluetooth Speaker,2022-07-31 00:00:00,45
Bluetooth Speaker,2022-08-31 00:00:00,32
Bluetooth Speaker,2022-09-30 00:00:00,31
Bluetooth Speaker,2022-10-31 00:00:00,26
Bluetooth Speaker,2022-11-30 00:00:00,58
Bluetooth Speaker,2022-12-31 00:00:00,55
Bluetooth Speaker,2023-01-31 00:00:00,56
Bluetooth Speaker,2023-02-28 00:00:00,31
Bluetooth Speaker,2023-03-31 00:00:00,14
Bluetooth Speaker,2023-04-30 00:00:00,40
Bluetooth Speaker,2023-05-31 00:00:00,28
Bluetooth Speaker,2023-06-30 00:00:00,71
Bluetooth Speaker,2023-07-31 00:00:00,32
Bluetooth Speaker,2023-08-31 00:00:00,58
Bluetooth Speaker,2023-09-30 00:00:00,52
Bluetooth Speaker,2023-10-31 00:00:00,73
Bluetooth Speaker,2023-11-30 00:00:00,54
Bluetooth Speaker,2023-12-31 00:00:00,52
Bluetooth Speaker,2024-01-31 00:00:00,58
Bluetooth Speaker,2024-02-29 00:00:00,43
Bluetooth Speaker,2024-03-31 00:00:00,39
Bluetooth Speaker,2024-04-30 00:00:00,50
Bluetooth Speaker,2024-05-31 00:00:00,46
Bluetooth Speaker,2024-06-30 00:00:00,63
Bluetooth Speaker,2024-07-31 00:00:00,54
Bluetooth Speaker,2024-08-31 00:00:00,58
Bluetooth Speaker,2024-09-30 00:00:00,58
Bluetooth Speaker,2024-10-31 00:00:00,64
Bluetooth Speaker,2024-11-30 00:00:00,53
Bluetooth Speaker,2024-12-31 00:00:00,52
Bluetooth Speaker,2025-01-31 00:00:00,60
Bluetooth Speaker,2025-02-28 00:00:00,46
Bluetooth Speaker,2025-03-31 00:00:00,50
Bluetooth Speaker,2025-04-30 00:00:00,54
Bluetooth Speaker,2025-05-31 00:00:00,57
Bluetooth Speaker,2025-06-30 00:00:00,56
Bluetooth Speaker,2025-07-31 00:00:00,64
Bluetooth Speaker,2025-08-31 00:00:00,61
Bluetooth Speaker,2025-09-30 00:00:00,61
Bluetooth Speaker,2025-10-31 00:00:00,58
Bluetooth Speaker,2025-11-30 00:00:00,56
Bluetooth Speaker,2025-12-31 00:00:00,55
Bluetooth Speaker,2026-01-31 00:00:00,60
Bluetooth Speaker,2026-02-28 00:00:00,45
Bluetooth Speaker,2026-03-31 00:00:00,51
Bluetooth Speaker,2026-04-30 00:00:00,54
Bluetooth Speaker,2026-05-31 00:00:00,60
Bluetooth Speaker,2026-06-30 00:00:00,57
Bluetooth Speaker,2026-07-31 00:00:00,64
Bluetooth Speaker,2026-08-31 00:00:00,59
Bluetooth Speaker,2026-09-30 00:00:00,60
Bluetooth Speaker,2026-10-31 00:00:00,58
Bluetooth Speaker,2026-11-30 00:00:00,57
Bluetooth Speaker,2026-12-31 00:00:00,56
Bluetooth Speaker,2027-01-31 00:00:00,61
Bluetooth Speaker,2027-02-28 00:00:00,47
Bluetooth Speaker,2027-03-31 00:00:00,52
Bluetooth Speaker,2027-04-30 00:00:00,55
Bluetooth Speaker,2027-05-31 00:00:00,59
Bluetooth Speaker,2027-06-30 00:00:00,59
Bluetooth Speaker,2027-07-31 00:00:00,65
Bluetooth Speaker,2027-08-31 00:00:00,61
Bluetooth Speaker,2027-09-30 00:00:00,61
Bluetooth Speaker,2027-10-31 00:00:00,59
Bluetooth Speaker,2027-11-30 00:00:00,58
Bluetooth Speaker,2027-12-31 00:00:00,57
Bluetooth Speaker,2028-01-31 00:00:00,63
Bluetooth Speaker,2028-02-29 00:00:00,49
Bluetooth Speaker,2028-03-31 00:00:00,53
Bluetooth Speaker,2028-04-30 00:00:00,56
Bluetooth Speaker,2028-05-31 00:00:00,60
Bluetooth Speaker,2028-06-30 00:00:00,60
Bluetooth Speaker,2028-07-31 00:00:00,65
Bluetooth Speaker,2028-08-31 00:00:00,61
Bluetooth Speaker,2028-09-30 00:00:00,62
Casual Sneakers,2015-01-31 00:00:00,113
Casual Sneakers,2015-02-28 00:00:00,171
Casual Sneakers,2015-03-31 00:00:00,116
Casual Sneakers,2015-04-30 00:00:00,162
Casual Sneakers,2015-05-31 00:00:00,81
Casual Sneakers,2015-06-30 00:00:00,172
Casual Sneakers,2015-07-31 00:00:00,135
Casual Sneakers,2015-08-31 00:00:00,165
Casual Sneakers,2015-09-30 00:00:00,103
Casual Sneakers,2015-10-31 00:00:00,97
Casual Sneakers,2015-11-30 00:00:00,131
Casual Sneakers,2015-12-31 00:00:00,83
Casual Sneakers,2016-01-31 00:00:00,56
Casual Sneakers,2016-02-29 00:00:00,180
Casual Sneakers,2016-03-31 00:00:00,116
Casual Sneakers,2016-04-30 00:00:00,153
Casual Sneakers,2016-05-31 00:00:00,90
Casual Sneakers,2016-06-30 00:00:00,120
Casual Sneakers,2016-07-31 00:00:00,178
Casual Sneakers,2016-08-31 00:00:00,158
Casual Sneakers,2016-09-30 00:00:00,129
Casual Sneakers,2016-10-31 00:00:00,27
Casual Sneakers,2016-11-30 00:00:00,95
Casual Sneakers,2016-12-31 00:00:00,157
Casual Sneakers,2017-01-31 00:00:00,349
Casual Sneakers,2017-02-28 00:00:00,148
Casual Sneakers,2017-03-31 00:00:00,115
Casual Sneakers,2017-04-30 00:00:00,159
Casual Sneakers,2017-05-31 00:00:00,150
Casual Sneakers,2017-06-30 00:00:00,97
Casual Sneakers,2017-07-31 00:00:00,189
Casual Sneakers,2017-08-31 00:00:00,178
Casual Sneakers,2017-09-30 00:00:00,169
Casual Sneakers,2017-10-31 00:00:00,228
Casual Sneakers,2017-11-30 00:00:00,120
Casual Sneakers,2017-12-31 00:00:00,153
Casual Sneakers,2018-01-31 00:00:00,106
Casual Sneakers,2018-02-28 00:00:00,176
Casual Sneakers,2018-03-31 00:00:00,173
Casual Sneakers,2018-04-30 00:00:00,97
Casual Sneakers,2018-05-31 00:00:00,118
Casual Sneakers,2018-06-30 00:00:00,199
Casual Sneakers,2018-07-31 00:00:00,109
Casual Sneakers,2018-08-31 00:00:00,141
Casual Sneakers,2018-09-30 00:00:00,120
Casual Sneakers,2018-10-31 00:00:00,214
Casual Sneakers,2018-11-30 00:00:00,228
Casual Sneakers,2018-12-31 00:00:00,231
Casual Sneakers,2019-01-31 00:00:00,87
Casual Sneakers,2019-02-28 00:00:00,76
Casual Sneakers,2019-03-31 00:00:00,140
Casual Sneakers,2019-04-30 00:00:00,95
Casual Sneakers,2019-05-31 00:00:00,104
Casual Sneakers,2019-06-30 00:00:00,85
Casual Sneakers,2019-07-31 00:00:00,162
Casual Sneakers,2019-08-31 00:00:00,210
Casual Sneakers,2019-09-30 00:00:00,196
Casual Sneakers,2019-10-31 00:00:00,157
Casual Sneakers,2019-11-30 00:00:00,115
Casual Sneakers,2019-12-31 00:00:00,145
Casual Sneakers,2020-01-31 00:00:00,68
Casual Sneakers,2020-02-29 00:00:00,80
Casual Sneakers,2020-03-31 00:00:00,70
Casual Sneakers,2020-04-30 00:00:00,157
Casual Sneakers,2020-05-31 00:00:00,168
Casual Sneakers,2020-06-30 00:00:00,69
Casual Sneakers,2020-07-31 00:00:00,104
Casual Sneakers,2020-08-31 00:00:00,102
Casual Sneakers,2020-09-30 00:00:00,192
Casual Sneakers,2020-10-31 00:00:00,211
Casual Sneakers,2020-11-30 00:00:00,108
Casual Sneakers,2020-12-31 00:00:00,128
Casual Sneakers,2021-01-31 00:00:00,102
Casual Sneakers,2021-02-28 00:00:00,178
Casual Sneakers,2021-03-31 00:00:00,150
Casual Sneakers,2021-04-30 00:00:00,112
Casual Sneakers,2021-05-31 00:00:00,125
Casual Sneakers,2021-06-30 00:00:00,170
Casual Sneakers,2021-07-31 00:00:00,91
Casual Sneakers,2021-08-31 00:00:00,226
Casual Sneakers,2021-09-30 00:00:00,140
Casual Sneakers,2021-10-31 00:00:00,81
Casual Sneakers,2021-11-30 00:00:00,148
Casual Sneakers,2021-12-31 00:00:00,177
Casual Sneakers,2022-01-31 00:00:00,146
Casual Sneakers,2022-02-28 00:00:00,151
Casual Sneakers,2022-03-31 00:00:00,177
Casual Sneakers,2022-04-30 00:00:00,122
Casual Sneakers,2022-05-31 00:00:00,178
Casual Sneakers,2022-06-30 00:00:00,181
Casual Sneakers,2022-07-31 00:00:00,138
Casual Sneakers,2022-08-31 00:00:00,212
Casual Sneakers,2022-09-30 00:00:00,154
Casual Sneakers,2022-10-31 00:00:00,150
Casual Sneakers,2022-11-30 00:00:00,195
Casual Sneakers,2022-12-31 00:00:00,95
Casual Sneakers,2023-01-31 00:00:00,124
Casual Sneakers,2023-02-28 00:00:00,73
Casual Sneakers,2023-03-31 00:00:00,185
Casual Sneakers,2023-04-30 00:00:00,99
Casual Sneakers,2023-05-31 00:00:00,156
Casual Sneakers,2023-06-30 00:00:00,128
Casual Sneakers,2023-07-31 00:00:00,145
Casual Sneakers,2023-08-31 00:00:00,40
Casual Sneakers,2023-09-30 00:00:00,139
Casual Sneakers,2023-10-31 00:00:00,53
Casual Sneakers,2023-11-30 00:00:00,172
Casual Sneakers,2023-12-31 00:00:00,141
Casual Sneakers,2024-01-31 00:00:00,95
Casual Sneakers,2024-02-29 00:00:00,118
Casual Sneakers,2024-03-31 00:00:00,112
Casual Sneakers,2024-04-30 00:00:00,106
Casual Sneakers,2024-05-31 00:00:00,106
Casual Sneakers,2024-06-30 00:00:00,109
Casual Sneakers,2024-07-31 00:00:00,111
Casual Sneakers,2024-08-31 00:00:00,138
Casual Sneakers,2024-09-30 00:00:00,132
Casual Sneakers,2024-10-31 00:00:00,124
Casual Sneakers,2024-11-30 00:00:00,118
Casual Sneakers,2024-12-31 00:00:00,134
Casual Sneakers,2025-01-31 00:00:00,102
Casual Sneakers,2025-02-28 00:00:00,117
Casual Sneakers,2025-03-31 00:00:00,115
Casual Sneakers,2025-04-30 00:00:00,109
Casual Sneakers,2025-05-31 00:00:00,118
Casual Sneakers,2025-06-30 00:00:00,114
Casual Sneakers,2025-07-31 00:00:00,110
Casual Sneakers,2025-08-31 00:00:00,153
Casual Sneakers,2025-09-30 00:00:00,130
Casual Sneakers,2025-10-31 00:00:00,129
Casual Sneakers,2025-11-30 00:00:00,123
Casual Sneakers,2025-12-31 00:00:00,123
Casual Sneakers,2026-01-31 00:00:00,105
Casual Sneakers,2026-02-28 00:00:00,107
Casual Sneakers,2026-03-31 00:00:00,123
Casual Sneakers,2026-04-30 00:00:00,102
Casual Sneakers,2026-05-31 00:00:00,117
Casual Sneakers,2026-06-30 00:00:00,116
Casual Sneakers,2026-07-31 00:00:00,114
Casual Sneakers,2026-08-31 00:00:00,131
Casual Sneakers,2026-09-30 00:00:00,128
Casual Sneakers,2026-10-31 00:00:00,108
Casual Sneakers,2026-11-30 00:00:00,128
Casual Sneakers,2026-12-31 00:00:00,119
Casual Sneakers,2027-01-31 00:00:00,100
Casual Sneakers,2027-02-28 00:00:00,106
Casual Sneakers,2027-03-31 00:00:00,117
Casual Sneakers,2027-04-30 00:00:00,99
Casual Sneakers,2027-05-31 00:00:00,110
Casual Sneakers,2027-06-30 00:00:00,109
Casual Sneakers,2027-07-31 00:00:00,110
Casual Sneakers,2027-08-31 00:00:00,126
Casual Sneakers,2027-09-30 00:00:00,125
Casual Sneakers,2027-10-31 00:00:00,109
Casual Sneakers,2027-11-30 00:00:00,128
Casual Sneakers,2027-12-31 00:00:00,120
Casual Sneakers,2028-01-31 00:00:00,101
Casual Sneakers,2028-02-29 00:00:00,108
Casual Sneakers,2028-03-31 00:00:00,116
Casual Sneakers,2028-04-30 00:00:00,100
Casual Sneakers,2028-05-31 00:00:00,111
Casual Sneakers,2028-06-30 00:00:00,112
Casual Sneakers,2028-07-31 00:00:00,116
Casual Sneakers,2028-08-31 00:00:00,129
Casual Sneakers,2028-09-30 00:00:00,126
Children's Book,2015-01-31 00:00:00,102
Children's Book,2015-02-28 00:00:00,88
Children's Book,2015-03-31 00:00:00,147
Children's Book,2015-04-30 00:00:00,93
Children's Book,2015-05-31 00:00:00,178
Children's Book,2015-06-30 00:00:00,47
Children's Book,2015-07-31 00:00:00,57
Children's Book,2015-08-31 00:00:00,104
Children's Book,2015-09-30 00:00:00,162
Children's Book,2015-10-31 00:00:00,71
Children's Book,2015-11-30 00:00:00,67
Children's Book,2015-12-31 00:00:00,75
Children's Book,2016-01-31 00:00:00,148
Children's Book,2016-02-29 00:00:00,83
Children's Book,2016-03-31 00:00:00,104
Children's Book,2016-04-30 00:00:00,73
Children's Book,2016-05-31 00:00:00,176
Children's Book,2016-06-30 00:00:00,149
Children's Book,2016-07-31 00:00:00,52
Children's Book,2016-08-31 00:00:00,186
Children's Book,2016-09-30 00:00:00,100
Children's Book,2016-10-31 00:00:00,153
Children's Book,2016-11-30 00:00:00,133
Children's Book,2016-12-31 00:00:00,160
Children's Book,2017-01-31 00:00:00,162
Children's Book,2017-02-28 00:00:00,92
Children's Book,2017-03-31 00:00:00,136
Children's Book,2017-04-30 00:00:00,74
Children's Book,2017-05-31 00:00:00,183
Children's Book,2017-06-30 00:00:00,163
Children's Book,2017-07-31 00:00:00,145
Children's Book,2017-08-31 00:00:00,173
Children's Book,2017-09-30 00:00:00,95
Children's Book,2017-10-31 00:00:00,121
Children's Book,2017-11-30 00:00:00,75
Children's Book,2017-12-31 00:00:00,104
Children's Book,2018-01-31 00:00:00,97
Children's Book,2018-02-28 00:00:00,109
Children's Book,2018-03-31 00:00:00,71
Children's Book,2018-04-30 00:00:00,111
Children's Book,2018-05-31 00:00:00,172
Children's Book,2018-06-30 00:00:00,113
Children's Book,2018-07-31 00:00:00,125
Children's Book,2018-08-31 00:00:00,127
Children's Book,2018-09-30 00:00:00,89
Children's Book,2018-10-31 00:00:00,142
Children's Book,2018-11-30 00:00:00,150
Children's Book,2018-12-31 00:00:00,86
Children's Book,2019-01-31 00:00:00,124
Children's Book,2019-02-28 00:00:00,115
Children's Book,2019-03-31 00:00:00,197
Children's Book,2019-04-30 00:00:00,102
Children's Book,2019-05-31 00:00:00,142
Children's Book,2019-06-30 00:00:00,79
Children's Book,2019-07-31 00:00:00,96
Children's Book,2019-08-31 00:00:00,113
Children's Book,2019-09-30 00:00:00,73
Children's Book,2019-10-31 00:00:00,150
Children's Book,2019-11-30 00:00:00,111
Children's Book,2019-12-31 00:00:00,82
Children's Book,2020-01-31 00:00:00,141
Children's Book,2020-02-29 00:00:00,129
Children's Book,2020-03-31 00:00:00,135
Children's Book,2020-04-30 00:00:00,149
Children's Book,2020-05-31 00:00:00,86
Children's Book,2020-06-30 00:00:00,123
Children's Book,2020-07-31 00:00:00,158
Children's Book,2020-08-31 00:00:00,126
Children's Book,2020-09-30 00:00:00,163
Children's Book,2020-10-31 00:00:00,78
Children's Book,2020-11-30 00:00:00,128
Children's Book,2020-12-31 00:00:00,84
Children's Book,2021-01-31 00:00:00,76
Children's Book,2021-02-28 00:00:00,104
Children's Book,2021-03-31 00:00:00,60
Children's Book,2021-04-30 00:00:00,208
Children's Book,2021-05-31 00:00:00,124
Children's Book,2021-06-30 00:00:00,110
Children's Book,2021-07-31 00:00:00,107
Children's Book,2021-08-31 00:00:00,142
Children's Book,2021-09-30 00:00:00,185
Children's Book,2021-10-31 00:00:00,91
Children's Book,2021-11-30 00:00:00,110
Children's Book,2021-12-31 00:00:00,122
Children's Book,2022-01-31 00:00:00,125
Children's Book,2022-02-28 00:00:00,88
Children's Book,2022-03-31 00:00:00,119
Children's Book,2022-04-30 00:00:00,125
Children's Book,2022-05-31 00:00:00,163
Children's Book,2022-06-30 00:00:00,151
Children's Book,2022-07-31 00:00:00,134
Children's Book,2022-08-31 00:00:00,153
Children's Book,2022-09-30 00:00:00,177
Children's Book,2022-10-31 00:00:00,120
Children's Book,2022-11-30 00:00:00,97
Children's Book,2022-12-31 00:00:00,129
Children's Book,2023-01-31 00:00:00,86
Children's Book,2023-02-28 00:00:00,195
Children's Book,2023-03-31 00:00:00,107
Children's Book,2023-04-30 00:00:00,24
Children's Book,2023-05-31 00:00:00,133
Children's Book,2023-06-30 00:00:00,103
Children's Book,2023-07-31 00:00:00,102
Children's Book,2023-08-31 00:00:00,130
Children's Book,2023-09-30 00:00:00,78
Children's Book,2023-10-31 00:00:00,67
Children's Book,2023-11-30 00:00:00,208
Children's Book,2023-12-31 00:00:00,102
Children's Book,2024-01-31 00:00:00,69
Children's Book,2024-02-29 00:00:00,106
Children's Book,2024-03-31 00:00:00,82
Children's Book,2024-04-30 00:00:00,120
Children's Book,2024-05-31 00:00:00,113
Children's Book,2024-06-30 00:00:00,94
Children's Book,2024-07-31 00:00:00,85
Children's Book,2024-08-31 00:00:00,128
Children's Book,2024-09-30 00:00:00,124
Children's Book,2024-10-31 00:00:00,67
Children's Book,2024-11-30 00:00:00,140
Children's Book,2024-12-31 00:00:00,99
Children's Book,2025-01-31 00:00:00,86
Children's Book,2025-02-28 00:00:00,105
Children's Book,2025-03-31 00:00:00,89
Children's Book,2025-04-30 00:00:00,102
Children's Book,2025-05-31 00:00:00,127
Children's Book,2025-06-30 00:00:00,109
Children's Book,2025-07-31 00:00:00,100
Children's Book,2025-08-31 00:00:00,128
Children's Book,2025-09-30 00:00:00,129
Children's Book,2025-10-31 00:00:00,82
Children's Book,2025-11-30 00:00:00,123
Children's Book,2025-12-31 00:00:00,102
Children's Book,2026-01-31 00:00:00,76
Children's Book,2026-02-28 00:00:00,135
Children's Book,2026-03-31 00:00:00,93
Children's Book,2026-04-30 00:00:00,74
Children's Book,2026-05-31 00:00:00,121
Children's Book,2026-06-30 00:00:00,100
Children's Book,2026-07-31 00:00:00,96
Children's Book,2026-08-31 00:00:00,123
Children's Book,2026-09-30 00:00:00,104
Children's Book,2026-10-31 00:00:00,70
Children's Book,2026-11-30 00:00:00,150
Children's Book,2026-12-31 00:00:00,96
Children's Book,2027-01-31 00:00:00,73
Children's Book,2027-02-28 00:00:00,117
Children's Book,2027-03-31 00:00:00,86
Children's Book,2027-04-30 00:00:00,94
Children's Book,2027-05-31 00:00:00,117
Children's Book,2027-06-30 00:00:00,97
Children's Book,2027-07-31 00:00:00,92
Children's Book,2027-08-31 00:00:00,124
Children's Book,2027-09-30 00:00:00,112
Children's Book,2027-10-31 00:00:00,70
Children's Book,2027-11-30 00:00:00,141
Children's Book,2027-12-31 00:00:00,98
Children's Book,2028-01-31 00:00:00,79
Children's Book,2028-02-29 00:00:00,110
Children's Book,2028-03-31 00:00:00,85
Children's Book,2028-04-30 00:00:00,94
Children's Book,2028-05-31 00:00:00,120
Children's Book,2028-06-30 00:00:00,102
Children's Book,2028-07-31 00:00:00,93
Children's Book,2028-08-31 00:00:00,121
Children's Book,2028-09-30 00:00:00,119
Coffee Maker,2015-01-31 00:00:00,91
Coffee Maker,2015-02-28 00:00:00,96
Coffee Maker,2015-03-31 00:00:00,81
Coffee Maker,2015-04-30 00:00:00,69
Coffee Maker,2015-05-31 00:00:00,106
Coffee Maker,2015-06-30 00:00:00,52
Coffee Maker,2015-07-31 00:00:00,85
Coffee Maker,2015-08-31 00:00:00,83
Coffee Maker,2015-09-30 00:00:00,95
Coffee Maker,2015-10-31 00:00:00,73
Coffee Maker,2015-11-30 00:00:00,83
Coffee Maker,2015-12-31 00:00:00,64
Coffee Maker,2016-01-31 00:00:00,81
Coffee Maker,2016-02-29 00:00:00,45
Coffee Maker,2016-03-31 00:00:00,71
Coffee Maker,2016-04-30 00:00:00,83
Coffee Maker,2016-05-31 00:00:00,80
Coffee Maker,2016-06-30 00:00:00,96
Coffee Maker,2016-07-31 00:00:00,98
Coffee Maker,2016-08-31 00:00:00,58
Coffee Maker,2016-09-30 00:00:00,43
Coffee Maker,2016-10-31 00:00:00,84
Coffee Maker,2016-11-30 00:00:00,76
Coffee Maker,2016-12-31 00:00:00,113
Coffee Maker,2017-01-31 00:00:00,144
Coffee Maker,2017-02-28 00:00:00,120
Coffee Maker,2017-03-31 00:00:00,76
Coffee Maker,2017-04-30 00:00:00,156
Coffee Maker,2017-05-31 00:00:00,117
Coffee Maker,2017-06-30 00:00:00,103
Coffee Maker,2017-07-31 00:00:00,57
Coffee Maker,2017-08-31 00:00:00,93
Coffee Maker,2017-09-30 00:00:00,57
Coffee Maker,2017-10-31 00:00:00,14
Coffee Maker,2017-11-30 00:00:00,74
Coffee Maker,2017-12-31 00:00:00,121
Coffee Maker,2018-01-31 00:00:00,147
Coffee Maker,2018-02-28 00:00:00,105
Coffee Maker,2018-03-31 00:00:00,94
Coffee Maker,2018-04-30 00:00:00,92
Coffee Maker,2018-05-31 00:00:00,96
Coffee Maker,2018-06-30 00:00:00,123
Coffee Maker,2018-07-31 00:00:00,89
Coffee Maker,2018-08-31 00:00:00,69
Coffee Maker,2018-09-30 00:00:00,118
Coffee Maker,2018-10-31 00:00:00,86
Coffee Maker,2018-11-30 00:00:00,48
Coffee Maker,2018-12-31 00:00:00,86
Coffee Maker,2019-01-31 00:00:00,46
Coffee Maker,2019-02-28 00:00:00,86
Coffee Maker,2019-03-31 00:00:00,49
Coffee Maker,2019-04-30 00:00:00,111
Coffee Maker,2019-05-31 00:00:00,101
Coffee Maker,2019-06-30 00:00:00,79
Coffee Maker,2019-07-31 00:00:00,87
Coffee Maker,2019-08-31 00:00:00,67
Coffee Maker,2019-09-30 00:00:00,132
Coffee Maker,2019-10-31 00:00:00,109
Coffee Maker,2019-11-30 00:00:00,62
Coffee Maker,2019-12-31 00:00:00,33
Coffee Maker,2020-01-31 00:00:00,45
Coffee Maker,2020-02-29 00:00:00,81
Coffee Maker,2020-03-31 00:00:00,63
Coffee Maker,2020-04-30 00:00:00,99
Coffee Maker,2020-05-31 00:00:00,51
Coffee Maker,2020-06-30 00:00:00,101
Coffee Maker,2020-07-31 00:00:00,69
Coffee Maker,2020-08-31 00:00:00,49
Coffee Maker,2020-09-30 00:00:00,94
Coffee Maker,2020-10-31 00:00:00,50
Coffee Maker,2020-11-30 00:00:00,98
Coffee Maker,2020-12-31 00:00:00,121
Coffee Maker,2021-01-31 00:00:00,46
Coffee Maker,2021-02-28 00:00:00,66
Coffee Maker,2021-03-31 00:00:00,79
Coffee Maker,2021-04-30 00:00:00,66
Coffee Maker,2021-05-31 00:00:00,59
Coffee Maker,2021-06-30 00:00:00,44
Coffee Maker,2021-07-31 00:00:00,91
Coffee Maker,2021-08-31 00:00:00,53
Coffee Maker,2021-09-30 00:00:00,112
Coffee Maker,2021-10-31 00:00:00,65
Coffee Maker,2021-11-30 00:00:00,80
Coffee Maker,2021-12-31 00:00:00,163
Coffee Maker,2022-01-31 00:00:00,112
Coffee Maker,2022-02-28 00:00:00,77
Coffee Maker,2022-03-31 00:00:00,45
Coffee Maker,2022-04-30 00:00:00,81
Coffee Maker,2022-05-31 00:00:00,41
Coffee Maker,2022-06-30 00:00:00,107
Coffee Maker,2022-07-31 00:00:00,86
Coffee Maker,2022-08-31 00:00:00,83
Coffee Maker,2022-09-30 00:00:00,66
Coffee Maker,2022-10-31 00:00:00,36
Coffee Maker,2022-11-30 00:00:00,43
Coffee Maker,2022-12-31 00:00:00,105
Coffee Maker,2023-01-31 00:00:00,92
Coffee Maker,2023-02-28 00:00:00,139
Coffee Maker,2023-03-31 00:00:00,68
Coffee Maker,2023-04-30 00:00:00,77
Coffee Maker,2023-05-31 00:00:00,201
Coffee Maker,2023-06-30 00:00:00,57
Coffee Maker,2023-07-31 00:00:00,97
Coffee Maker,2023-08-31 00:00:00,59
Coffee Maker,2023-09-30 00:00:00,63
Coffee Maker,2023-10-31 00:00:00,47
Coffee Maker,2023-11-30 00:00:00,81
Coffee Maker,2023-12-31 00:00:00,126
Coffee Maker,2024-01-31 00:00:00,77
Coffee Maker,2024-02-29 00:00:00,89
Coffee Maker,2024-03-31 00:00:00,57
Coffee Maker,2024-04-30 00:00:00,67
Coffee Maker,2024-05-31 00:00:00,106
Coffee Maker,2024-06-30 00:00:00,59
Coffee Maker,2024-07-31 00:00:00,84
Coffee Maker,2024-08-31 00:00:00,58
Coffee Maker,2024-09-30 00:00:00,83
Coffee Maker,2024-10-31 00:00:00,51
Coffee Maker,2024-11-30 00:00:00,65
Coffee Maker,2024-12-31 00:00:00,120
Coffee Maker,2025-01-31 00:00:00,87
Coffee Maker,2025-02-28 00:00:00,92
Coffee Maker,2025-03-31 00:00:00,54
Coffee Maker,2025-04-30 00:00:00,71
Coffee Maker,2025-05-31 00:00:00,104
Coffee Maker,2025-06-30 00:00:00,70
Coffee Maker,2025-07-31 00:00:00,83
Coffee Maker,2025-08-31 00:00:00,62
Coffee Maker,2025-09-30 00:00:00,63
Coffee Maker,2025-10-31 00:00:00,40
Coffee Maker,2025-11-30 00:00:00,60
Coffee Maker,2025-12-31 00:00:00,111
Coffee Maker,2026-01-31 00:00:00,84
Coffee Maker,2026-02-28 00:00:00,103
Coffee Maker,2026-03-31 00:00:00,58
Coffee Maker,2026-04-30 00:00:00,70
Coffee Maker,2026-05-31 00:00:00,129
Coffee Maker,2026-06-30 00:00:00,62
Coffee Maker,2026-07-31 00:00:00,85
Coffee Maker,2026-08-31 00:00:00,58
Coffee Maker,2026-09-30 00:00:00,64
Coffee Maker,2026-10-31 00:00:00,42
Coffee Maker,2026-11-30 00:00:00,65
Coffee Maker,2026-12-31 00:00:00,116
Coffee Maker,2027-01-31 00:00:00,83
Coffee Maker,2027-02-28 00:00:00,96
Coffee Maker,2027-03-31 00:00:00,56
Coffee Maker,2027-04-30 00:00:00,70
Coffee Maker,2027-05-31 00:00:00,117
Coffee Maker,2027-06-30 00:00:00,63
Coffee Maker,2027-07-31 00:00:00,84
Coffee Maker,2027-08-31 00:00:00,59
Coffee Maker,2027-09-30 00:00:00,66
Coffee Maker,2027-10-31 00:00:00,43
Coffee Maker,2027-11-30 00:00:00,64
Coffee Maker,2027-12-31 00:00:00,115
Coffee Maker,2028-01-31 00:00:00,84
Coffee Maker,2028-02-29 00:00:00,96
Coffee Maker,2028-03-31 00:00:00,55
Coffee Maker,2028-04-30 00:00:00,72
Coffee Maker,2028-05-31 00:00:00,117
Coffee Maker,2028-06-30 00:00:00,65
Coffee Maker,2028-07-31 00:00:00,84
Coffee Maker,2028-08-31 00:00:00,60
Coffee Maker,2028-09-30 00:00:00,65
Cookbook,2015-01-31 00:00:00,118
Cookbook,2015-02-28 00:00:00,90
Cookbook,2015-03-31 00:00:00,71
Cookbook,2015-04-30 00:00:00,152
Cookbook,2015-05-31 00:00:00,37
Cookbook,2015-06-30 00:00:00,75
Cookbook,2015-07-31 00:00:00,113
Cookbook,2015-08-31 00:00:00,107
Cookbook,2015-09-30 00:00:00,86
Cookbook,2015-10-31 00:00:00,93
Cookbook,2015-11-30 00:00:00,78
Cookbook,2015-12-31 00:00:00,68
Cookbook,2016-01-31 00:00:00,139
Cookbook,2016-02-29 00:00:00,137
Cookbook,2016-03-31 00:00:00,107
Cookbook,2016-04-30 00:00:00,129
Cookbook,2016-05-31 00:00:00,105
Cookbook,2016-06-30 00:00:00,121
Cookbook,2016-07-31 00:00:00,125
Cookbook,2016-08-31 00:00:00,172
Cookbook,2016-09-30 00:00:00,87
Cookbook,2016-10-31 00:00:00,89
Cookbook,2016-11-30 00:00:00,53
Cookbook,2016-12-31 00:00:00,111
Cookbook,2017-01-31 00:00:00,71
Cookbook,2017-02-28 00:00:00,178
Cookbook,2017-03-31 00:00:00,101
Cookbook,2017-04-30 00:00:00,137
Cookbook,2017-05-31 00:00:00,103
Cookbook,2017-06-30 00:00:00,100
Cookbook,2017-07-31 00:00:00,81
Cookbook,2017-08-31 00:00:00,160
Cookbook,2017-09-30 00:00:00,49
Cookbook,2017-10-31 00:00:00,54
Cookbook,2017-11-30 00:00:00,89
Cookbook,2017-12-31 00:00:00,72
Cookbook,2018-01-31 00:00:00,182
Cookbook,2018-02-28 00:00:00,87
Cookbook,2018-03-31 00:00:00,115
Cookbook,2018-04-30 00:00:00,105
Cookbook,2018-05-31 00:00:00,117
Cookbook,2018-06-30 00:00:00,113
Cookbook,2018-07-31 00:00:00,179
Cookbook,2018-08-31 00:00:00,104
Cookbook,2018-09-30 00:00:00,78
Cookbook,2018-10-31 00:00:00,95
Cookbook,2018-11-30 00:00:00,79
Cookbook,2018-12-31 00:00:00,103
Cookbook,2019-01-31 00:00:00,129
Cookbook,2019-02-28 00:00:00,104
Cookbook,2019-03-31 00:00:00,71
Cookbook,2019-04-30 00:00:00,69
Cookbook,2019-05-31 00:00:00,164
Cookbook,2019-06-30 00:00:00,118
Cookbook,2019-07-31 00:00:00,77
Cookbook,2019-08-31 00:00:00,129
Cookbook,2019-09-30 00:00:00,75
Cookbook,2019-10-31 00:00:00,81
Cookbook,2019-11-30 00:00:00,176
Cookbook,2019-12-31 00:00:00,65
Cookbook,2020-01-31 00:00:00,64
Cookbook,2020-02-29 00:00:00,45
Cookbook,2020-03-31 00:00:00,120
Cookbook,2020-04-30 00:00:00,117
Cookbook,2020-05-31 00:00:00,91
Cookbook,2020-06-30 00:00:00,133
Cookbook,2020-07-31 00:00:00,174
Cookbook,2020-08-31 00:00:00,159
Cookbook,2020-09-30 00:00:00,100
Cookbook,2020-10-31 00:00:00,148
Cookbook,2020-11-30 00:00:00,73
Cookbook,2020-12-31 00:00:00,87
Cookbook,2021-01-31 00:00:00,238
Cookbook,2021-02-28 00:00:00,61
Cookbook,2021-03-31 00:00:00,161
Cookbook,2021-04-30 00:00:00,113
Cookbook,2021-05-31 00:00:00,119
Cookbook,2021-06-30 00:00:00,65
Cookbook,2021-07-31 00:00:00,94
Cookbook,2021-08-31 00:00:00,132
Cookbook,2021-09-30 00:00:00,67
Cookbook,2021-10-31 00:00:00,88
Cookbook,2021-11-30 00:00:00,103
Cookbook,2021-12-31 00:00:00,133
Cookbook,2022-01-31 00:00:00,129
Cookbook,2022-02-28 00:00:00,155
Cookbook,2022-03-31 00:00:00,117
Cookbook,2022-04-30 00:00:00,116
Cookbook,2022-05-31 00:00:00,180
Cookbook,2022-06-30 00:00:00,108
Cookbook,2022-07-31 00:00:00,38
Cookbook,2022-08-31 00:00:00,172
Cookbook,2022-09-30 00:00:00,109
Cookbook,2022-10-31 00:00:00,147
Cookbook,2022-11-30 00:00:00,125
Cookbook,2022-12-31 00:00:00,132
Cookbook,2023-01-31 00:00:00,29
Cookbook,2023-02-28 00:00:00,100
Cookbook,2023-03-31 00:00:00,105
Cookbook,2023-04-30 00:00:00,69
Cookbook,2023-05-31 00:00:00,111
Cookbook,2023-06-30 00:00:00,95
Cookbook,2023-07-31 00:00:00,135
Cookbook,2023-08-31 00:00:00,118
Cookbook,2023-09-30 00:00:00,54
Cookbook,2023-10-31 00:00:00,91
Cookbook,2023-11-30 00:00:00,95
Cookbook,2023-12-31 00:00:00,157
Cookbook,2024-01-31 00:00:00,150
Cookbook,2024-02-29 00:00:00,76
Cookbook,2024-03-31 00:00:00,113
Cookbook,2024-04-30 00:00:00,87
Cookbook,2024-05-31 00:00:00,126
Cookbook,2024-06-30 00:00:00,85
Cookbook,2024-07-31 00:00:00,72
Cookbook,2024-08-31 00:00:00,124
Cookbook,2024-09-30 00:00:00,66
Cookbook,2024-10-31 00:00:00,95
Cookbook,2024-11-30 00:00:00,100
Cookbook,2024-12-31 00:00:00,126
Cookbook,2025-01-31 00:00:00,89
Cookbook,2025-02-28 00:00:00,118
Cookbook,2025-03-31 00:00:00,99
Cookbook,2025-04-30 00:00:00,85
Cookbook,2025-05-31 00:00:00,135
Cookbook,2025-06-30 00:00:00,90
Cookbook,2025-07-31 00:00:00,64
Cookbook,2025-08-31 00:00:00,134
Cookbook,2025-09-30 00:00:00,76
Cookbook,2025-10-31 00:00:00,105
Cookbook,2025-11-30 00:00:00,104
Cookbook,2025-12-31 00:00:00,120
Cookbook,2026-01-31 00:00:00,72
Cookbook,2026-02-28 00:00:00,88
Cookbook,2026-03-31 00:00:00,100
Cookbook,2026-04-30 00:00:00,72
Cookbook,2026-05-31 00:00:00,110
Cookbook,2026-06-30 00:00:00,84
Cookbook,2026-07-31 00:00:00,95
Cookbook,2026-08-31 00:00:00,115
Cookbook,2026-09-30 00:00:00,57
Cookbook,2026-10-31 00:00:00,88
Cookbook,2026-11-30 00:00:00,90
Cookbook,2026-12-31 00:00:00,133
Cookbook,2027-01-31 00:00:00,119
Cookbook,2027-02-28 00:00:00,91
Cookbook,2027-03-31 00:00:00,106
Cookbook,2027-04-30 00:00:00,84
Cookbook,2027-05-31 00:00:00,125
Cookbook,2027-06-30 00:00:00,85
Cookbook,2027-07-31 00:00:00,72
Cookbook,2027-08-31 00:00:00,126
Cookbook,2027-09-30 00:00:00,67
Cookbook,2027-10-31 00:00:00,97
Cookbook,2027-11-30 00:00:00,93
Cookbook,2027-12-31 00:00:00,122
Cookbook,2028-01-31 00:00:00,92
Cookbook,2028-02-29 00:00:00,99
Cookbook,2028-03-31 00:00:00,98
Cookbook,2028-04-30 00:00:00,78
Cookbook,2028-05-31 00:00:00,125
Cookbook,2028-06-30 00:00:00,88
Cookbook,2028-07-31 00:00:00,76
Cookbook,2028-08-31 00:00:00,123
Cookbook,2028-09-30 00:00:00,65
Cordless Vacuum,2015-01-31 00:00:00,65
Cordless Vacuum,2015-02-28 00:00:00,154
Cordless Vacuum,2015-03-31 00:00:00,90
Cordless Vacuum,2015-04-30 00:00:00,94
Cordless Vacuum,2015-05-31 00:00:00,42
Cordless Vacuum,2015-06-30 00:00:00,140
Cordless Vacuum,2015-07-31 00:00:00,84
Cordless Vacuum,2015-08-31 00:00:00,75
Cordless Vacuum,2015-09-30 00:00:00,89
Cordless Vacuum,2015-10-31 00:00:00,61
Cordless Vacuum,2015-11-30 00:00:00,95
Cordless Vacuum,2015-12-31 00:00:00,76
Cordless Vacuum,2016-01-31 00:00:00,117
Cordless Vacuum,2016-02-29 00:00:00,48
Cordless Vacuum,2016-03-31 00:00:00,23
Cordless Vacuum,2016-04-30 00:00:00,88
Cordless Vacuum,2016-05-31 00:00:00,97
Cordless Vacuum,2016-06-30 00:00:00,76
Cordless Vacuum,2016-07-31 00:00:00,49
Cordless Vacuum,2016-08-31 00:00:00,71
Cordless Vacuum,2016-09-30 00:00:00,3
Cordless Vacuum,2016-10-31 00:00:00,60
Cordless Vacuum,2016-11-30 00:00:00,47
Cordless Vacuum,2016-12-31 00:00:00,93
Cordless Vacuum,2017-01-31 00:00:00,74
Cordless Vacuum,2017-02-28 00:00:00,56
Cordless Vacuum,2017-03-31 00:00:00,102
Cordless Vacuum,2017-04-30 00:00:00,73
Cordless Vacuum,2017-05-31 00:00:00,63
Cordless Vacuum,2017-06-30 00:00:00,71
Cordless Vacuum,2017-07-31 00:00:00,108
Cordless Vacuum,2017-08-31 00:00:00,140
Cordless Vacuum,2017-09-30 00:00:00,64
Cordless Vacuum,2017-10-31 00:00:00,92
Cordless Vacuum,2017-11-30 00:00:00,59
Cordless Vacuum,2017-12-31 00:00:00,45
Cordless Vacuum,2018-01-31 00:00:00,57
Cordless Vacuum,2018-02-28 00:00:00,103
Cordless Vacuum,2018-03-31 00:00:00,153
Cordless Vacuum,2018-04-30 00:00:00,54
Cordless Vacuum,2018-05-31 00:00:00,153
Cordless Vacuum,2018-06-30 00:00:00,90
Cordless Vacuum,2018-07-31 00:00:00,31
Cordless Vacuum,2018-08-31 00:00:00,48
Cordless Vacuum,2018-09-30 00:00:00,54
Cordless Vacuum,2018-10-31 00:00:00,66
Cordless Vacuum,2018-11-30 00:00:00,111
Cordless Vacuum,2018-12-31 00:00:00,96
Cordless Vacuum,2019-01-31 00:00:00,114
Cordless Vacuum,2019-02-28 00:00:00,40
Cordless Vacuum,2019-03-31 00:00:00,89
Cordless Vacuum,2019-04-30 00:00:00,48
Cordless Vacuum,2019-05-31 00:00:00,80
Cordless Vacuum,2019-06-30 00:00:00,51
Cordless Vacuum,2019-07-31 00:00:00,103
Cordless Vacuum,2019-08-31 00:00:00,69
Cordless Vacuum,2019-09-30 00:00:00,77
Cordless Vacuum,2019-10-31 00:00:00,58
Cordless Vacuum,2019-11-30 00:00:00,113
Cordless Vacuum,2019-12-31 00:00:00,90
Cordless Vacuum,2020-01-31 00:00:00,104
Cordless Vacuum,2020-02-29 00:00:00,124
Cordless Vacuum,2020-03-31 00:00:00,58
Cordless Vacuum,2020-04-30 00:00:00,94
Cordless Vacuum,2020-05-31 00:00:00,47
Cordless Vacuum,2020-06-30 00:00:00,90
Cordless Vacuum,2020-07-31 00:00:00,133
Cordless Vacuum,2020-08-31 00:00:00,77
Cordless Vacuum,2020-09-30 00:00:00,108
Cordless Vacuum,2020-10-31 00:00:00,114
Cordless Vacuum,2020-11-30 00:00:00,23
Cordless Vacuum,2020-12-31 00:00:00,81
Cordless Vacuum,2021-01-31 00:00:00,94
Cordless Vacuum,2021-02-28 00:00:00,113
Cordless Vacuum,2021-03-31 00:00:00,29
Cordless Vacuum,2021-04-30 00:00:00,78
Cordless Vacuum,2021-05-31 00:00:00,62
Cordless Vacuum,2021-06-30 00:00:00,78
Cordless Vacuum,2021-07-31 00:00:00,100
Cordless Vacuum,2021-08-31 00:00:00,92
Cordless Vacuum,2021-09-30 00:00:00,110
Cordless Vacuum,2021-10-31 00:00:00,25
Cordless Vacuum,2021-11-30 00:00:00,25
Cordless Vacuum,2021-12-31 00:00:00,40
Cordless Vacuum,2022-01-31 00:00:00,53
Cordless Vacuum,2022-02-28 00:00:00,119
Cordless Vacuum,2022-03-31 00:00:00,80
Cordless Vacuum,2022-04-30 00:00:00,10
Cordless Vacuum,2022-05-31 00:00:00,70
Cordless Vacuum,2022-06-30 00:00:00,85
Cordless Vacuum,2022-07-31 00:00:00,60
Cordless Vacuum,2022-08-31 00:00:00,69
Cordless Vacuum,2022-09-30 00:00:00,39
Cordless Vacuum,2022-10-31 00:00:00,55
Cordless Vacuum,2022-11-30 00:00:00,112
Cordless Vacuum,2022-12-31 00:00:00,97
Cordless Vacuum,2023-01-31 00:00:00,139
Cordless Vacuum,2023-02-28 00:00:00,132
Cordless Vacuum,2023-03-31 00:00:00,139
Cordless Vacuum,2023-04-30 00:00:00,78
Cordless Vacuum,2023-05-31 00:00:00,112
Cordless Vacuum,2023-06-30 00:00:00,135
Cordless Vacuum,2023-07-31 00:00:00,62
Cordless Vacuum,2023-08-31 00:00:00,91
Cordless Vacuum,2023-09-30 00:00:00,158
Cordless Vacuum,2023-10-31 00:00:00,66
Cordless Vacuum,2023-11-30 00:00:00,30
Cordless Vacuum,2023-12-31 00:00:00,100
Cordless Vacuum,2024-01-31 00:00:00,86
Cordless Vacuum,2024-02-29 00:00:00,123
Cordless Vacuum,2024-03-31 00:00:00,93
Cordless Vacuum,2024-04-30 00:00:00,61
Cordless Vacuum,2024-05-31 00:00:00,79
Cordless Vacuum,2024-06-30 00:00:00,102
Cordless Vacuum,2024-07-31 00:00:00,74
Cordless Vacuum,2024-08-31 00:00:00,89
Cordless Vacuum,2024-09-30 00:00:00,108
Cordless Vacuum,2024-10-31 00:00:00,49
Cordless Vacuum,2024-11-30 00:00:00,51
Cordless Vacuum,2024-12-31 00:00:00,77
Cordless Vacuum,2025-01-31 00:00:00,88
Cordless Vacuum,2025-02-28 00:00:00,124
Cordless Vacuum,2025-03-31 00:00:00,101
Cordless Vacuum,2025-04-30 00:00:00,49
Cordless Vacuum,2025-05-31 00:00:00,87
Cordless Vacuum,2025-06-30 00:00:00,104
Cordless Vacuum,2025-07-31 00:00:00,68
Cordless Vacuum,2025-08-31 00:00:00,85
Cordless Vacuum,2025-09-30 00:00:00,96
Cordless Vacuum,2025-10-31 00:00:00,58
Cordless Vacuum,2025-11-30 00:00:00,76
Cordless Vacuum,2025-12-31 00:00:00,96
Cordless Vacuum,2026-01-31 00:00:00,111
Cordless Vacuum,2026-02-28 00:00:00,129
Cordless Vacuum,2026-03-31 00:00:00,119
Cordless Vacuum,2026-04-30 00:00:00,68
Cordless Vacuum,2026-05-31 00:00:00,99
Cordless Vacuum,2026-06-30 00:00:00,119
Cordless Vacuum,2026-07-31 00:00:00,73
Cordless Vacuum,2026-08-31 00:00:00,94
Cordless Vacuum,2026-09-30 00:00:00,128
Cordless Vacuum,2026-10-31 00:00:00,69
Cordless Vacuum,2026-11-30 00:00:00,60
Cordless Vacuum,2026-12-31 00:00:00,97
Cordless Vacuum,2027-01-31 00:00:00,107
Cordless Vacuum,2027-02-28 00:00:00,134
Cordless Vacuum,2027-03-31 00:00:00,112
Cordless Vacuum,2027-04-30 00:00:00,72
Cordless Vacuum,2027-05-31 00:00:00,98
Cordless Vacuum,2027-06-30 00:00:00,119
Cordless Vacuum,2027-07-31 00:00:00,82
Cordless Vacuum,2027-08-31 00:00:00,95
Cordless Vacuum,2027-09-30 00:00:00,118
Cordless Vacuum,2027-10-31 00:00:00,65
Cordless Vacuum,2027-11-30 00:00:00,66
Cordless Vacuum,2027-12-31 00:00:00,95
Cordless Vacuum,2028-01-31 00:00:00,106
Cordless Vacuum,2028-02-29 00:00:00,136
Cordless Vacuum,2028-03-31 00:00:00,115
Cordless Vacuum,2028-04-30 00:00:00,69
Cordless Vacuum,2028-05-31 00:00:00,100
Cordless Vacuum,2028-06-30 00:00:00,119
Cordless Vacuum,2028-07-31 00:00:00,83
Cordless Vacuum,2028-08-31 00:00:00,98
Cordless Vacuum,2028-09-30 00:00:00,117
Cutting Board,2015-01-31 00:00:00,147
Cutting Board,2015-02-28 00:00:00,121
Cutting Board,2015-03-31 00:00:00,104
Cutting Board,2015-04-30 00:00:00,115
Cutting Board,2015-05-31 00:00:00,67
Cutting Board,2015-06-30 00:00:00,103
Cutting Board,2015-07-31 00:00:00,195
Cutting Board,2015-08-31 00:00:00,138
Cutting Board,2015-09-30 00:00:00,18
Cutting Board,2015-10-31 00:00:00,92
Cutting Board,2015-11-30 00:00:00,60
Cutting Board,2015-12-31 00:00:00,42
Cutting Board,2016-01-31 00:00:00,122
Cutting Board,2016-02-29 00:00:00,107
Cutting Board,2016-03-31 00:00:00,137
Cutting Board,2016-04-30 00:00:00,98
Cutting Board,2016-05-31 00:00:00,91
Cutting Board,2016-06-30 00:00:00,136
Cutting Board,2016-07-31 00:00:00,172
Cutting Board,2016-08-31 00:00:00,113
Cutting Board,2016-09-30 00:00:00,113
Cutting Board,2016-10-31 00:00:00,89
Cutting Board,2016-11-30 00:00:00,46
Cutting Board,2016-12-31 00:00:00,74
Cutting Board,2017-01-31 00:00:00,60
Cutting Board,2017-02-28 00:00:00,107
Cutting Board,2017-03-31 00:00:00,67
Cutting Board,2017-04-30 00:00:00,111
Cutting Board,2017-05-31 00:00:00,104
Cutting Board,2017-06-30 00:00:00,111
Cutting Board,2017-07-31 00:00:00,115
Cutting Board,2017-08-31 00:00:00,66
Cutting Board,2017-09-30 00:00:00,83
Cutting Board,2017-10-31 00:00:00,124
Cutting Board,2017-11-30 00:00:00,61
Cutting Board,2017-12-31 00:00:00,92
Cutting Board,2018-01-31 00:00:00,128
Cutting Board,2018-02-28 00:00:00,41
Cutting Board,2018-03-31 00:00:00,131
Cutting Board,2018-04-30 00:00:00,128
Cutting Board,2018-05-31 00:00:00,81
Cutting Board,2018-06-30 00:00:00,147
Cutting Board,2018-07-31 00:00:00,94
Cutting Board,2018-08-31 00:00:00,93
Cutting Board,2018-09-30 00:00:00,64
Cutting Board,2018-10-31 00:00:00,59
Cutting Board,2018-11-30 00:00:00,114
Cutting Board,2018-12-31 00:00:00,45
Cutting Board,2019-01-31 00:00:00,150
Cutting Board,2019-02-28 00:00:00,87
Cutting Board,2019-03-31 00:00:00,30
Cutting Board,2019-04-30 00:00:00,145
Cutting Board,2019-05-31 00:00:00,181
Cutting Board,2019-06-30 00:00:00,114
Cutting Board,2019-07-31 00:00:00,105
Cutting Board,2019-08-31 00:00:00,119
Cutting Board,2019-09-30 00:00:00,108
Cutting Board,2019-10-31 00:00:00,90
Cutting Board,2019-11-30 00:00:00,94
Cutting Board,2019-12-31 00:00:00,86
Cutting Board,2020-01-31 00:00:00,137
Cutting Board,2020-02-29 00:00:00,176
Cutting Board,2020-03-31 00:00:00,177
Cutting Board,2020-04-30 00:00:00,102
Cutting Board,2020-05-31 00:00:00,89
Cutting Board,2020-06-30 00:00:00,57
Cutting Board,2020-07-31 00:00:00,59
Cutting Board,2020-08-31 00:00:00,78
Cutting Board,2020-09-30 00:00:00,139
Cutting Board,2020-10-31 00:00:00,102
Cutting Board,2020-11-30 00:00:00,146
Cutting Board,2020-12-31 00:00:00,76
Cutting Board,2021-01-31 00:00:00,86
Cutting Board,2021-02-28 00:00:00,151
Cutting Board,2021-03-31 00:00:00,103
Cutting Board,2021-04-30 00:00:00,125
Cutting Board,2021-05-31 00:00:00,110
Cutting Board,2021-06-30 00:00:00,62
Cutting Board,2021-07-31 00:00:00,147
Cutting Board,2021-08-31 00:00:00,105
Cutting Board,2021-09-30 00:00:00,86
Cutting Board,2021-10-31 00:00:00,162
Cutting Board,2021-11-30 00:00:00,70
Cutting Board,2021-12-31 00:00:00,99
Cutting Board,2022-01-31 00:00:00,98
Cutting Board,2022-02-28 00:00:00,91
Cutting Board,2022-03-31 00:00:00,107
Cutting Board,2022-04-30 00:00:00,101
Cutting Board,2022-05-31 00:00:00,73
Cutting Board,2022-06-30 00:00:00,146
Cutting Board,2022-07-31 00:00:00,63
Cutting Board,2022-08-31 00:00:00,93
Cutting Board,2022-09-30 00:00:00,97
Cutting Board,2022-10-31 00:00:00,63
Cutting Board,2022-11-30 00:00:00,59
Cutting Board,2022-12-31 00:00:00,115
Cutting Board,2023-01-31 00:00:00,143
Cutting Board,2023-02-28 00:00:00,128
Cutting Board,2023-03-31 00:00:00,211
Cutting Board,2023-04-30 00:00:00,110
Cutting Board,2023-05-31 00:00:00,107
Cutting Board,2023-06-30 00:00:00,147
Cutting Board,2023-07-31 00:00:00,147
Cutting Board,2023-08-31 00:00:00,92
Cutting Board,2023-09-30 00:00:00,69
Cutting Board,2023-10-31 00:00:00,114
Cutting Board,2023-11-30 00:00:00,53
Cutting Board,2023-12-31 00:00:00,88
Cutting Board,2024-01-31 00:00:00,91
Cutting Board,2024-02-29 00:00:00,84
Cutting Board,2024-03-31 00:00:00,123
Cutting Board,2024-04-30 00:00:00,88
Cutting Board,2024-05-31 00:00:00,70
Cutting Board,2024-06-30 00:00:00,99
Cutting Board,2024-07-31 00:00:00,96
Cutting Board,2024-08-31 00:00:00,70
Cutting Board,2024-09-30 00:00:00,59
Cutting Board,2024-10-31 00:00:00,86
Cutting Board,2024-11-30 00:00:00,37
Cutting Board,2024-12-31 00:00:00,75
Cutting Board,2025-01-31 00:00:00,88
Cutting Board,2025-02-28 00:00:00,81
Cutting Board,2025-03-31 00:00:00,123
Cutting Board,2025-04-30 00:00:00,80
Cutting Board,2025-05-31 00:00:00,63
Cutting Board,2025-06-30 00:00:00,94
Cutting Board,2025-07-31 00:00:00,84
Cutting Board,2025-08-31 00:00:00,64
Cutting Board,2025-09-30 00:00:00,55
Cutting Board,2025-10-31 00:00:00,71
Cutting Board,2025-11-30 00:00:00,28
Cutting Board,2025-12-31 00:00:00,71
Cutting Board,2026-01-31 00:00:00,87
Cutting Board,2026-02-28 00:00:00,78
Cutting Board,2026-03-31 00:00:00,128
Cutting Board,2026-04-30 00:00:00,71
Cutting Board,2026-05-31 00:00:00,61
Cutting Board,2026-06-30 00:00:00,97
Cutting Board,2026-07-31 00:00:00,83
Cutting Board,2026-08-31 00:00:00,57
Cutting Board,2026-09-30 00:00:00,43
Cutting Board,2026-10-31 00:00:00,69
Cutting Board,2026-11-30 00:00:00,24
Cutting Board,2026-12-31 00:00:00,62
Cutting Board,2027-01-31 00:00:00,80
Cutting Board,2027-02-28 00:00:00,73
Cutting Board,2027-03-31 00:00:00,113
Cutting Board,2027-04-30 00:00:00,67
Cutting Board,2027-05-31 00:00:00,53
Cutting Board,2027-06-30 00:00:00,84
Cutting Board,2027-07-31 00:00:00,76
Cutting Board,2027-08-31 00:00:00,50
Cutting Board,2027-09-30 00:00:00,37
Cutting Board,2027-10-31 00:00:00,62
Cutting Board,2027-11-30 00:00:00,15
Cutting Board,2027-12-31 00:00:00,51
Cutting Board,2028-01-31 00:00:00,70
Cutting Board,2028-02-29 00:00:00,64
Cutting Board,2028-03-31 00:00:00,106
Cutting Board,2028-04-30 00:00:00,55
Cutting Board,2028-05-31 00:00:00,42
Cutting Board,2028-06-30 00:00:00,79
Cutting Board,2028-07-31 00:00:00,66
Cutting Board,2028-08-31 00:00:00,42
Cutting Board,2028-09-30 00:00:00,30
Denim Jeans,2015-01-31 00:00:00,206
Denim Jeans,2015-02-28 00:00:00,83
Denim Jeans,2015-03-31 00:00:00,164
Denim Jeans,2015-04-30 00:00:00,106
Denim Jeans,2015-05-31 00:00:00,142
Denim Jeans,2015-06-30 00:00:00,63
Denim Jeans,2015-07-31 00:00:00,117
Denim Jeans,2015-08-31 00:00:00,98
Denim Jeans,2015-09-30 00:00:00,186
Denim Jeans,2015-10-31 00:00:00,137
Denim Jeans,2015-11-30 00:00:00,119
Denim Jeans,2015-12-31 00:00:00,71
Denim Jeans,2016-01-31 00:00:00,87
Denim Jeans,2016-02-29 00:00:00,122
Denim Jeans,2016-03-31 00:00:00,103
Denim Jeans,2016-04-30 00:00:00,199
Denim Jeans,2016-05-31 00:00:00,107
Denim Jeans,2016-06-30 00:00:00,178
Denim Jeans,2016-07-31 00:00:00,168
Denim Jeans,2016-08-31 00:00:00,94
Denim Jeans,2016-09-30 00:00:00,154
Denim Jeans,2016-10-31 00:00:00,105
Denim Jeans,2016-11-30 00:00:00,146
Denim Jeans,2016-12-31 00:00:00,159
Denim Jeans,2017-01-31 00:00:00,156
Denim Jeans,2017-02-28 00:00:00,186
Denim Jeans,2017-03-31 00:00:00,42
Denim Jeans,2017-04-30 00:00:00,156
Denim Jeans,2017-05-31 00:00:00,190
Denim Jeans,2017-06-30 00:00:00,141
Denim Jeans,2017-07-31 00:00:00,150
Denim Jeans,2017-08-31 00:00:00,82
Denim Jeans,2017-09-30 00:00:00,108
Denim Jeans,2017-10-31 00:00:00,204
Denim Jeans,2017-11-30 00:00:00,163
Denim Jeans,2017-12-31 00:00:00,190
Denim Jeans,2018-01-31 00:00:00,142
Denim Jeans,2018-02-28 00:00:00,156
Denim Jeans,2018-03-31 00:00:00,178
Denim Jeans,2018-04-30 00:00:00,138
Denim Jeans,2018-05-31 00:00:00,181
Denim Jeans,2018-06-30 00:00:00,115
Denim Jeans,2018-07-31 00:00:00,97
Denim Jeans,2018-08-31 00:00:00,222
Denim Jeans,2018-09-30 00:00:00,117
Denim Jeans,2018-10-31 00:00:00,78
Denim Jeans,2018-11-30 00:00:00,151
Denim Jeans,2018-12-31 00:00:00,192
Denim Jeans,2019-01-31 00:00:00,149
Denim Jeans,2019-02-28 00:00:00,123
Denim Jeans,2019-03-31 00:00:00,113
Denim Jeans,2019-04-30 00:00:00,182
Denim Jeans,2019-05-31 00:00:00,154
Denim Jeans,2019-06-30 00:00:00,176
Denim Jeans,2019-07-31 00:00:00,138
Denim Jeans,2019-08-31 00:00:00,141
Denim Jeans,2019-09-30 00:00:00,172
Denim Jeans,2019-10-31 00:00:00,99
Denim Jeans,2019-11-30 00:00:00,97
Denim Jeans,2019-12-31 00:00:00,178
Denim Jeans,2020-01-31 00:00:00,191
Denim Jeans,2020-02-29 00:00:00,109
Denim Jeans,2020-03-31 00:00:00,79
Denim Jeans,2020-04-30 00:00:00,103
Denim Jeans,2020-05-31 00:00:00,65
Denim Jeans,2020-06-30 00:00:00,216
Denim Jeans,2020-07-31 00:00:00,182
Denim Jeans,2020-08-31 00:00:00,184
Denim Jeans,2020-09-30 00:00:00,147
Denim Jeans,2020-10-31 00:00:00,150
Denim Jeans,2020-11-30 00:00:00,124
Denim Jeans,2020-12-31 00:00:00,115
Denim Jeans,2021-01-31 00:00:00,134
Denim Jeans,2021-02-28 00:00:00,180
Denim Jeans,2021-03-31 00:00:00,139
Denim Jeans,2021-04-30 00:00:00,111
Denim Jeans,2021-05-31 00:00:00,221
Denim Jeans,2021-06-30 00:00:00,66
Denim Jeans,2021-07-31 00:00:00,115
Denim Jeans,2021-08-31 00:00:00,121
Denim Jeans,2021-09-30 00:00:00,164
Denim Jeans,2021-10-31 00:00:00,161
Denim Jeans,2021-11-30 00:00:00,96
Denim Jeans,2021-12-31 00:00:00,115
Denim Jeans,2022-01-31 00:00:00,179
Denim Jeans,2022-02-28 00:00:00,281
Denim Jeans,2022-03-31 00:00:00,120
Denim Jeans,2022-04-30 00:00:00,184
Denim Jeans,2022-05-31 00:00:00,128
Denim Jeans,2022-06-30 00:00:00,159
Denim Jeans,2022-07-31 00:00:00,202
Denim Jeans,2022-08-31 00:00:00,131
Denim Jeans,2022-09-30 00:00:00,128
Denim Jeans,2022-10-31 00:00:00,151
Denim Jeans,2022-11-30 00:00:00,57
Denim Jeans,2022-12-31 00:00:00,106
Denim Jeans,2023-01-31 00:00:00,153
Denim Jeans,2023-02-28 00:00:00,201
Denim Jeans,2023-03-31 00:00:00,150
Denim Jeans,2023-04-30 00:00:00,188
Denim Jeans,2023-05-31 00:00:00,96
Denim Jeans,2023-06-30 00:00:00,155
Denim Jeans,2023-07-31 00:00:00,120
Denim Jeans,2023-08-31 00:00:00,118
Denim Jeans,2023-09-30 00:00:00,29
Denim Jeans,2023-10-31 00:00:00,145
Denim Jeans,2023-11-30 00:00:00,192
Denim Jeans,2023-12-31 00:00:00,156
Denim Jeans,2024-01-31 00:00:00,170
Denim Jeans,2024-02-29 00:00:00,174
Denim Jeans,2024-03-31 00:00:00,136
Denim Jeans,2024-04-30 00:00:00,162
Denim Jeans,2024-05-31 00:00:00,162
Denim Jeans,2024-06-30 00:00:00,156
Denim Jeans,2024-07-31 00:00:00,157
Denim Jeans,2024-08-31 00:00:00,153
Denim Jeans,2024-09-30 00:00:00,152
Denim Jeans,2024-10-31 00:00:00,152
Denim Jeans,2024-11-30 00:00:00,147
Denim Jeans,2024-12-31 00:00:00,160
Denim Jeans,2025-01-31 00:00:00,176
Denim Jeans,2025-02-28 00:00:00,185
Denim Jeans,2025-03-31 00:00:00,138
Denim Jeans,2025-04-30 00:00:00,162
Denim Jeans,2025-05-31 00:00:00,161
Denim Jeans,2025-06-30 00:00:00,159
Denim Jeans,2025-07-31 00:00:00,165
Denim Jeans,2025-08-31 00:00:00,155
Denim Jeans,2025-09-30 00:00:00,158
Denim Jeans,2025-10-31 00:00:00,158
Denim Jeans,2025-11-30 00:00:00,137
Denim Jeans,2025-12-31 00:00:00,156
Denim Jeans,2026-01-31 00:00:00,175
Denim Jeans,2026-02-28 00:00:00,191
Denim Jeans,2026-03-31 00:00:00,147
Denim Jeans,2026-04-30 00:00:00,175
Denim Jeans,2026-05-31 00:00:00,160
Denim Jeans,2026-06-30 00:00:00,162
Denim Jeans,2026-07-31 00:00:00,163
Denim Jeans,2026-08-31 00:00:00,155
Denim Jeans,2026-09-30 00:00:00,146
Denim Jeans,2026-10-31 00:00:00,160
Denim Jeans,2026-11-30 00:00:00,144
Denim Jeans,2026-12-31 00:00:00,162
Denim Jeans,2027-01-31 00:00:00,177
Denim Jeans,2027-02-28 00:00:00,192
Denim Jeans,2027-03-31 00:00:00,148
Denim Jeans,2027-04-30 00:00:00,176
Denim Jeans,2027-05-31 00:00:00,166
Denim Jeans,2027-06-30 00:00:00,166
Denim Jeans,2027-07-31 00:00:00,167
Denim Jeans,2027-08-31 00:00:00,160
Denim Jeans,2027-09-30 00:00:00,152
Denim Jeans,2027-10-31 00:00:00,166
Denim Jeans,2027-11-30 00:00:00,150
Denim Jeans,2027-12-31 00:00:00,163
Denim Jeans,2028-01-31 00:00:00,184
Denim Jeans,2028-02-29 00:00:00,197
Denim Jeans,2028-03-31 00:00:00,151
Denim Jeans,2028-04-30 00:00:00,181
Denim Jeans,2028-05-31 00:00:00,169
Denim Jeans,2028-06-30 00:00:00,172
Denim Jeans,2028-07-31 00:00:00,171
Denim Jeans,2028-08-31 00:00:00,159
Denim Jeans,2028-09-30 00:00:00,156
Digital Camera,2015-01-31 00:00:00,54
Digital Camera,2015-02-28 00:00:00,68
Digital Camera,2015-03-31 00:00:00,67
Digital Camera,2015-04-30 00:00:00,71
Digital Camera,2015-05-31 00:00:00,103
Digital Camera,2015-06-30 00:00:00,36
Digital Camera,2015-07-31 00:00:00,79
Digital Camera,2015-08-31 00:00:00,93
Digital Camera,2015-09-30 00:00:00,104
Digital Camera,2015-10-31 00:00:00,91
Digital Camera,2015-11-30 00:00:00,71
Digital Camera,2015-12-31 00:00:00,78
Digital Camera,2016-01-31 00:00:00,57
Digital Camera,2016-02-29 00:00:00,25
Digital Camera,2016-03-31 00:00:00,77
Digital Camera,2016-04-30 00:00:00,51
Digital Camera,2016-05-31 00:00:00,48
Digital Camera,2016-06-30 00:00:00,84
Digital Camera,2016-07-31 00:00:00,28
Digital Camera,2016-08-31 00:00:00,97
Digital Camera,2016-09-30 00:00:00,45
Digital Camera,2016-10-31 00:00:00,58
Digital Camera,2016-11-30 00:00:00,61
Digital Camera,2016-12-31 00:00:00,22
Digital Camera,2017-01-31 00:00:00,97
Digital Camera,2017-02-28 00:00:00,94
Digital Camera,2017-03-31 00:00:00,64
Digital Camera,2017-04-30 00:00:00,36
Digital Camera,2017-05-31 00:00:00,36
Digital Camera,2017-06-30 00:00:00,63
Digital Camera,2017-07-31 00:00:00,60
Digital Camera,2017-08-31 00:00:00,63
Digital Camera,2017-09-30 00:00:00,127
Digital Camera,2017-10-31 00:00:00,83
Digital Camera,2017-11-30 00:00:00,90
Digital Camera,2017-12-31 00:00:00,78
Digital Camera,2018-01-31 00:00:00,42
Digital Camera,2018-02-28 00:00:00,62
Digital Camera,2018-03-31 00:00:00,71
Digital Camera,2018-04-30 00:00:00,101
Digital Camera,2018-05-31 00:00:00,57
Digital Camera,2018-06-30 00:00:00,110
Digital Camera,2018-07-31 00:00:00,27
Digital Camera,2018-08-31 00:00:00,68
Digital Camera,2018-09-30 00:00:00,51
Digital Camera,2018-10-31 00:00:00,34
Digital Camera,2018-11-30 00:00:00,93
Digital Camera,2018-12-31 00:00:00,95
Digital Camera,2019-01-31 00:00:00,18
Digital Camera,2019-02-28 00:00:00,79
Digital Camera,2019-03-31 00:00:00,53
Digital Camera,2019-04-30 00:00:00,71
Digital Camera,2019-05-31 00:00:00,22
Digital Camera,2019-06-30 00:00:00,64
Digital Camera,2019-07-31 00:00:00,62
Digital Camera,2019-08-31 00:00:00,69
Digital Camera,2019-09-30 00:00:00,55
Digital Camera,2019-10-31 00:00:00,109
Digital Camera,2019-11-30 00:00:00,97
Digital Camera,2019-12-31 00:00:00,62
Digital Camera,2020-01-31 00:00:00,109
Digital Camera,2020-02-29 00:00:00,89
Digital Camera,2020-03-31 00:00:00,144
Digital Camera,2020-04-30 00:00:00,29
Digital Camera,2020-05-31 00:00:00,89
Digital Camera,2020-06-30 00:00:00,75
Digital Camera,2020-07-31 00:00:00,41
Digital Camera,2020-08-31 00:00:00,82
Digital Camera,2020-09-30 00:00:00,39
Digital Camera,2020-10-31 00:00:00,60
Digital Camera,2020-11-30 00:00:00,23
Digital Camera,2020-12-31 00:00:00,14
Digital Camera,2021-01-31 00:00:00,22
Digital Camera,2021-02-28 00:00:00,34
Digital Camera,2021-03-31 00:00:00,59
Digital Camera,2021-04-30 00:00:00,107
Digital Camera,2021-05-31 00:00:00,27
Digital Camera,2021-06-30 00:00:00,88
Digital Camera,2021-07-31 00:00:00,93
Digital Camera,2021-08-31 00:00:00,85
Digital Camera,2021-09-30 00:00:00,47
Digital Camera,2021-10-31 00:00:00,72
Digital Camera,2021-11-30 00:00:00,103
Digital Camera,2021-12-31 00:00:00,54
Digital Camera,2022-01-31 00:00:00,21
Digital Camera,2022-02-28 00:00:00,87
Digital Camera,2022-03-31 00:00:00,64
Digital Camera,2022-04-30 00:00:00,60
Digital Camera,2022-05-31 00:00:00,129
Digital Camera,2022-06-30 00:00:00,57
Digital Camera,2022-07-31 00:00:00,123
Digital Camera,2022-08-31 00:00:00,37
Digital Camera,2022-09-30 00:00:00,68
Digital Camera,2022-10-31 00:00:00,46
Digital Camera,2022-11-30 00:00:00,69
Digital Camera,2022-12-31 00:00:00,26
Digital Camera,2023-01-31 00:00:00,77
Digital Camera,2023-02-28 00:00:00,49
Digital Camera,2023-03-31 00:00:00,43
Digital Camera,2023-04-30 00:00:00,95
Digital Camera,2023-05-31 00:00:00,51
Digital Camera,2023-06-30 00:00:00,48
Digital Camera,2023-07-31 00:00:00,27
Digital Camera,2023-08-31 00:00:00,21
Digital Camera,2023-09-30 00:00:00,82
Digital Camera,2023-10-31 00:00:00,57
Digital Camera,2023-11-30 00:00:00,94
Digital Camera,2023-12-31 00:00:00,70
Digital Camera,2024-01-31 00:00:00,50
Digital Camera,2024-02-29 00:00:00,85
Digital Camera,2024-03-31 00:00:00,82
Digital Camera,2024-04-30 00:00:00,109
Digital Camera,2024-05-31 00:00:00,97
Digital Camera,2024-06-30 00:00:00,92
Digital Camera,2024-07-31 00:00:00,114
Digital Camera,2024-08-31 00:00:00,79
Digital Camera,2024-09-30 00:00:00,84
Digital Camera,2024-10-31 00:00:00,82
Digital Camera,2024-11-30 00:00:00,108
Digital Camera,2024-12-31 00:00:00,69
Digital Camera,2025-01-31 00:00:00,71
Digital Camera,2025-02-28 00:00:00,94
Digital Camera,2025-03-31 00:00:00,83
Digital Camera,2025-04-30 00:00:00,105
Digital Camera,2025-05-31 00:00:00,114
Digital Camera,2025-06-30 00:00:00,84
Digital Camera,2025-07-31 00:00:00,106
Digital Camera,2025-08-31 00:00:00,64
Digital Camera,2025-09-30 00:00:00,101
Digital Camera,2025-10-31 00:00:00,83
Digital Camera,2025-11-30 00:00:00,112
Digital Camera,2025-12-31 00:00:00,80
Digital Camera,2026-01-31 00:00:00,93
Digital Camera,2026-02-28 00:00:00,98
Digital Camera,2026-03-31 00:00:00,91
Digital Camera,2026-04-30 00:00:00,125
Digital Camera,2026-05-31 00:00:00,104
Digital Camera,2026-06-30 00:00:00,96
Digital Camera,2026-07-31 00:00:00,101
Digital Camera,2026-08-31 00:00:00,79
Digital Camera,2026-09-30 00:00:00,111
Digital Camera,2026-10-31 00:00:00,97
Digital Camera,2026-11-30 00:00:00,127
Digital Camera,2026-12-31 00:00:00,98
Digital Camera,2027-01-31 00:00:00,94
Digital Camera,2027-02-28 00:00:00,119
Digital Camera,2027-03-31 00:00:00,112
Digital Camera,2027-04-30 00:00:00,136
Digital Camera,2027-05-31 00:00:00,130
Digital Camera,2027-06-30 00:00:00,117
Digital Camera,2027-07-31 00:00:00,136
Digital Camera,2027-08-31 00:00:00,103
Digital Camera,2027-09-30 00:00:00,124
Digital Camera,2027-10-31 00:00:00,115
Digital Camera,2027-11-30 00:00:00,141
Digital Camera,2027-12-31 00:00:00,106
Digital Camera,2028-01-31 00:00:00,112
Digital Camera,2028-02-29 00:00:00,129
Digital Camera,2028-03-31 00:00:00,121
Digital Camera,2028-04-30 00:00:00,148
Digital Camera,2028-05-31 00:00:00,144
Digital Camera,2028-06-30 00:00:00,125
Digital Camera,2028-07-31 00:00:00,139
Digital Camera,2028-08-31 00:00:00,106
Digital Camera,2028-09-30 00:00:00,137
Dish Drying Rack,2015-01-31 00:00:00,154
Dish Drying Rack,2015-02-28 00:00:00,109
Dish Drying Rack,2015-03-31 00:00:00,52
Dish Drying Rack,2015-04-30 00:00:00,113
Dish Drying Rack,2015-05-31 00:00:00,113
Dish Drying Rack,2015-06-30 00:00:00,115
Dish Drying Rack,2015-07-31 00:00:00,115
Dish Drying Rack,2015-08-31 00:00:00,98
Dish Drying Rack,2015-09-30 00:00:00,121
Dish Drying Rack,2015-10-31 00:00:00,102
Dish Drying Rack,2015-11-30 00:00:00,131
Dish Drying Rack,2015-12-31 00:00:00,138
Dish Drying Rack,2016-01-31 00:00:00,34
Dish Drying Rack,2016-02-29 00:00:00,91
Dish Drying Rack,2016-03-31 00:00:00,114
Dish Drying Rack,2016-04-30 00:00:00,50
Dish Drying Rack,2016-05-31 00:00:00,79
Dish Drying Rack,2016-06-30 00:00:00,150
Dish Drying Rack,2016-07-31 00:00:00,111
Dish Drying Rack,2016-08-31 00:00:00,49
Dish Drying Rack,2016-09-30 00:00:00,195
Dish Drying Rack,2016-10-31 00:00:00,93
Dish Drying Rack,2016-11-30 00:00:00,77
Dish Drying Rack,2016-12-31 00:00:00,40
Dish Drying Rack,2017-01-31 00:00:00,97
Dish Drying Rack,2017-02-28 00:00:00,170
Dish Drying Rack,2017-03-31 00:00:00,77
Dish Drying Rack,2017-04-30 00:00:00,109
Dish Drying Rack,2017-05-31 00:00:00,131
Dish Drying Rack,2017-06-30 00:00:00,69
Dish Drying Rack,2017-07-31 00:00:00,142
Dish Drying Rack,2017-08-31 00:00:00,60
Dish Drying Rack,2017-09-30 00:00:00,98
Dish Drying Rack,2017-10-31 00:00:00,119
Dish Drying Rack,2017-11-30 00:00:00,103
Dish Drying Rack,2017-12-31 00:00:00,148
Dish Drying Rack,2018-01-31 00:00:00,98
Dish Drying Rack,2018-02-28 00:00:00,106
Dish Drying Rack,2018-03-31 00:00:00,170
Dish Drying Rack,2018-04-30 00:00:00,189
Dish Drying Rack,2018-05-31 00:00:00,95
Dish Drying Rack,2018-06-30 00:00:00,113
Dish Drying Rack,2018-07-31 00:00:00,76
Dish Drying Rack,2018-08-31 00:00:00,90
Dish Drying Rack,2018-09-30 00:00:00,94
Dish Drying Rack,2018-10-31 00:00:00,78
Dish Drying Rack,2018-11-30 00:00:00,117
Dish Drying Rack,2018-12-31 00:00:00,161
Dish Drying Rack,2019-01-31 00:00:00,189
Dish Drying Rack,2019-02-28 00:00:00,87
Dish Drying Rack,2019-03-31 00:00:00,161
Dish Drying Rack,2019-04-30 00:00:00,86
Dish Drying Rack,2019-05-31 00:00:00,81
Dish Drying Rack,2019-06-30 00:00:00,93
Dish Drying Rack,2019-07-31 00:00:00,131
Dish Drying Rack,2019-08-31 00:00:00,112
Dish Drying Rack,2019-09-30 00:00:00,101
Dish Drying Rack,2019-10-31 00:00:00,83
Dish Drying Rack,2019-11-30 00:00:00,91
Dish Drying Rack,2019-12-31 00:00:00,59
Dish Drying Rack,2020-01-31 00:00:00,116
Dish Drying Rack,2020-02-29 00:00:00,163
Dish Drying Rack,2020-03-31 00:00:00,79
Dish Drying Rack,2020-04-30 00:00:00,90
Dish Drying Rack,2020-05-31 00:00:00,83
Dish Drying Rack,2020-06-30 00:00:00,144
Dish Drying Rack,2020-07-31 00:00:00,62
Dish Drying Rack,2020-08-31 00:00:00,35
Dish Drying Rack,2020-09-30 00:00:00,59
Dish Drying Rack,2020-10-31 00:00:00,154
Dish Drying Rack,2020-11-30 00:00:00,103
Dish Drying Rack,2020-12-31 00:00:00,135
Dish Drying Rack,2021-01-31 00:00:00,65
Dish Drying Rack,2021-02-28 00:00:00,105
Dish Drying Rack,2021-03-31 00:00:00,45
Dish Drying Rack,2021-04-30 00:00:00,118
Dish Drying Rack,2021-05-31 00:00:00,80
Dish Drying Rack,2021-06-30 00:00:00,73
Dish Drying Rack,2021-07-31 00:00:00,67
Dish Drying Rack,2021-08-31 00:00:00,119
Dish Drying Rack,2021-09-30 00:00:00,54
Dish Drying Rack,2021-10-31 00:00:00,104
Dish Drying Rack,2021-11-30 00:00:00,144
Dish Drying Rack,2021-12-31 00:00:00,86
Dish Drying Rack,2022-01-31 00:00:00,105
Dish Drying Rack,2022-02-28 00:00:00,149
Dish Drying Rack,2022-03-31 00:00:00,109
Dish Drying Rack,2022-04-30 00:00:00,63
Dish Drying Rack,2022-05-31 00:00:00,64
Dish Drying Rack,2022-06-30 00:00:00,157
Dish Drying Rack,2022-07-31 00:00:00,93
Dish Drying Rack,2022-08-31 00:00:00,149
Dish Drying Rack,2022-09-30 00:00:00,137
Dish Drying Rack,2022-10-31 00:00:00,128
Dish Drying Rack,2022-11-30 00:00:00,94
Dish Drying Rack,2022-12-31 00:00:00,48
Dish Drying Rack,2023-01-31 00:00:00,175
Dish Drying Rack,2023-02-28 00:00:00,60
Dish Drying Rack,2023-03-31 00:00:00,69
Dish Drying Rack,2023-04-30 00:00:00,84
Dish Drying Rack,2023-05-31 00:00:00,66
Dish Drying Rack,2023-06-30 00:00:00,116
Dish Drying Rack,2023-07-31 00:00:00,67
Dish Drying Rack,2023-08-31 00:00:00,83
Dish Drying Rack,2023-09-30 00:00:00,72
Dish Drying Rack,2023-10-31 00:00:00,165
Dish Drying Rack,2023-11-30 00:00:00,99
Dish Drying Rack,2023-12-31 00:00:00,81
Dish Drying Rack,2024-01-31 00:00:00,96
Dish Drying Rack,2024-02-29 00:00:00,95
Dish Drying Rack,2024-03-31 00:00:00,52
Dish Drying Rack,2024-04-30 00:00:00,79
Dish Drying Rack,2024-05-31 00:00:00,64
Dish Drying Rack,2024-06-30 00:00:00,90
Dish Drying Rack,2024-07-31 00:00:00,60
Dish Drying Rack,2024-08-31 00:00:00,101
Dish Drying Rack,2024-09-30 00:00:00,67
Dish Drying Rack,2024-10-31 00:00:00,106
Dish Drying Rack,2024-11-30 00:00:00,101
Dish Drying Rack,2024-12-31 00:00:00,64
Dish Drying Rack,2025-01-31 00:00:00,105
Dish Drying Rack,2025-02-28 00:00:00,101
Dish Drying Rack,2025-03-31 00:00:00,73
Dish Drying Rack,2025-04-30 00:00:00,64
Dish Drying Rack,2025-05-31 00:00:00,56
Dish Drying Rack,2025-06-30 00:00:00,116
Dish Drying Rack,2025-07-31 00:00:00,66
Dish Drying Rack,2025-08-31 00:00:00,108
Dish Drying Rack,2025-09-30 00:00:00,88
Dish Drying Rack,2025-10-31 00:00:00,118
Dish Drying Rack,2025-11-30 00:00:00,88
Dish Drying Rack,2025-12-31 00:00:00,53
Dish Drying Rack,2026-01-31 00:00:00,122
Dish Drying Rack,2026-02-28 00:00:00,73
Dish Drying Rack,2026-03-31 00:00:00,59
Dish Drying Rack,2026-04-30 00:00:00,70
Dish Drying Rack,2026-05-31 00:00:00,55
Dish Drying Rack,2026-06-30 00:00:00,99
Dish Drying Rack,2026-07-31 00:00:00,59
Dish Drying Rack,2026-08-31 00:00:00,86
Dish Drying Rack,2026-09-30 00:00:00,68
Dish Drying Rack,2026-10-31 00:00:00,128
Dish Drying Rack,2026-11-30 00:00:00,88
Dish Drying Rack,2026-12-31 00:00:00,62
Dish Drying Rack,2027-01-31 00:00:00,102
Dish Drying Rack,2027-02-28 00:00:00,86
Dish Drying Rack,2027-03-31 00:00:00,54
Dish Drying Rack,2027-04-30 00:00:00,70
Dish Drying Rack,2027-05-31 00:00:00,56
Dish Drying Rack,2027-06-30 00:00:00,94
Dish Drying Rack,2027-07-31 00:00:00,58
Dish Drying Rack,2027-08-31 00:00:00,94
Dish Drying Rack,2027-09-30 00:00:00,69
Dish Drying Rack,2027-10-31 00:00:00,110
Dish Drying Rack,2027-11-30 00:00:00,92
Dish Drying Rack,2027-12-31 00:00:00,57
Dish Drying Rack,2028-01-31 00:00:00,105
Dish Drying Rack,2028-02-29 00:00:00,85
Dish Drying Rack,2028-03-31 00:00:00,61
Dish Drying Rack,2028-04-30 00:00:00,63
Dish Drying Rack,2028-05-31 00:00:00,52
Dish Drying Rack,2028-06-30 00:00:00,101
Dish Drying Rack,2028-07-31 00:00:00,57
Dish Drying Rack,2028-08-31 00:00:00,95
Dish Drying Rack,2028-09-30 00:00:00,76
Dress Shoes,2015-01-31 00:00:00,209
Dress Shoes,2015-02-28 00:00:00,191
Dress Shoes,2015-03-31 00:00:00,146
Dress Shoes,2015-04-30 00:00:00,173
Dress Shoes,2015-05-31 00:00:00,99
Dress Shoes,2015-06-30 00:00:00,176
Dress Shoes,2015-07-31 00:00:00,120
Dress Shoes,2015-08-31 00:00:00,195
Dress Shoes,2015-09-30 00:00:00,144
Dress Shoes,2015-10-31 00:00:00,126
Dress Shoes,2015-11-30 00:00:00,242
Dress Shoes,2015-12-31 00:00:00,129
Dress Shoes,2016-01-31 00:00:00,208
Dress Shoes,2016-02-29 00:00:00,111
Dress Shoes,2016-03-31 00:00:00,195
Dress Shoes,2016-04-30 00:00:00,168
Dress Shoes,2016-05-31 00:00:00,115
Dress Shoes,2016-06-30 00:00:00,149
Dress Shoes,2016-07-31 00:00:00,133
Dress Shoes,2016-08-31 00:00:00,82
Dress Shoes,2016-09-30 00:00:00,118
Dress Shoes,2016-10-31 00:00:00,198
Dress Shoes,2016-11-30 00:00:00,133
Dress Shoes,2016-12-31 00:00:00,100
Dress Shoes,2017-01-31 00:00:00,212
Dress Shoes,2017-02-28 00:00:00,154
Dress Shoes,2017-03-31 00:00:00,183
Dress Shoes,2017-04-30 00:00:00,221
Dress Shoes,2017-05-31 00:00:00,127
Dress Shoes,2017-06-30 00:00:00,203
Dress Shoes,2017-07-31 00:00:00,133
Dress Shoes,2017-08-31 00:00:00,169
Dress Shoes,2017-09-30 00:00:00,108
Dress Shoes,2017-10-31 00:00:00,227
Dress Shoes,2017-11-30 00:00:00,222
Dress Shoes,2017-12-31 00:00:00,101
Dress Shoes,2018-01-31 00:00:00,151
Dress Shoes,2018-02-28 00:00:00,60
Dress Shoes,2018-03-31 00:00:00,207
Dress Shoes,2018-04-30 00:00:00,220
Dress Shoes,2018-05-31 00:00:00,118
Dress Shoes,2018-06-30 00:00:00,123
Dress Shoes,2018-07-31 00:00:00,149
Dress Shoes,2018-08-31 00:00:00,175
Dress Shoes,2018-09-30 00:00:00,185
Dress Shoes,2018-10-31 00:00:00,189
Dress Shoes,2018-11-30 00:00:00,146
Dress Shoes,2018-12-31 00:00:00,150
Dress Shoes,2019-01-31 00:00:00,83
Dress Shoes,2019-02-28 00:00:00,169
Dress Shoes,2019-03-31 00:00:00,181
Dress Shoes,2019-04-30 00:00:00,162
Dress Shoes,2019-05-31 00:00:00,144
Dress Shoes,2019-06-30 00:00:00,155
Dress Shoes,2019-07-31 00:00:00,102
Dress Shoes,2019-08-31 00:00:00,184
Dress Shoes,2019-09-30 00:00:00,151
Dress Shoes,2019-10-31 00:00:00,219
Dress Shoes,2019-11-30 00:00:00,187
Dress Shoes,2019-12-31 00:00:00,206
Dress Shoes,2020-01-31 00:00:00,139
Dress Shoes,2020-02-29 00:00:00,87
Dress Shoes,2020-03-31 00:00:00,265
Dress Shoes,2020-04-30 00:00:00,218
Dress Shoes,2020-05-31 00:00:00,166
Dress Shoes,2020-06-30 00:00:00,228
Dress Shoes,2020-07-31 00:00:00,86
Dress Shoes,2020-08-31 00:00:00,91
Dress Shoes,2020-09-30 00:00:00,97
Dress Shoes,2020-10-31 00:00:00,115
Dress Shoes,2020-11-30 00:00:00,117
Dress Shoes,2020-12-31 00:00:00,138
Dress Shoes,2021-01-31 00:00:00,161
Dress Shoes,2021-02-28 00:00:00,48
Dress Shoes,2021-03-31 00:00:00,183
Dress Shoes,2021-04-30 00:00:00,231
Dress Shoes,2021-05-31 00:00:00,176
Dress Shoes,2021-06-30 00:00:00,124
Dress Shoes,2021-07-31 00:00:00,208
Dress Shoes,2021-08-31 00:00:00,147
Dress Shoes,2021-09-30 00:00:00,197
Dress Shoes,2021-10-31 00:00:00,126
Dress Shoes,2021-11-30 00:00:00,141
Dress Shoes,2021-12-31 00:00:00,52
Dress Shoes,2022-01-31 00:00:00,114
Dress Shoes,2022-02-28 00:00:00,137
Dress Shoes,2022-03-31 00:00:00,163
Dress Shoes,2022-04-30 00:00:00,167
Dress Shoes,2022-05-31 00:00:00,145
Dress Shoes,2022-06-30 00:00:00,160
Dress Shoes,2022-07-31 00:00:00,197
Dress Shoes,2022-08-31 00:00:00,126
Dress Shoes,2022-09-30 00:00:00,131
Dress Shoes,2022-10-31 00:00:00,139
Dress Shoes,2022-11-30 00:00:00,162
Dress Shoes,2022-12-31 00:00:00,174
Dress Shoes,2023-01-31 00:00:00,182
Dress Shoes,2023-02-28 00:00:00,127
Dress Shoes,2023-03-31 00:00:00,152
Dress Shoes,2023-04-30 00:00:00,175
Dress Shoes,2023-05-31 00:00:00,154
Dress Shoes,2023-06-30 00:00:00,191
Dress Shoes,2023-07-31 00:00:00,220
Dress Shoes,2023-08-31 00:00:00,187
Dress Shoes,2023-09-30 00:00:00,208
Dress Shoes,2023-10-31 00:00:00,169
Dress Shoes,2023-11-30 00:00:00,149
Dress Shoes,2023-12-31 00:00:00,257
Dress Shoes,2024-01-31 00:00:00,149
Dress Shoes,2024-02-29 00:00:00,117
Dress Shoes,2024-03-31 00:00:00,172
Dress Shoes,2024-04-30 00:00:00,177
Dress Shoes,2024-05-31 00:00:00,142
Dress Shoes,2024-06-30 00:00:00,159
Dress Shoes,2024-07-31 00:00:00,160
Dress Shoes,2024-08-31 00:00:00,143
Dress Shoes,2024-09-30 00:00:00,151
Dress Shoes,2024-10-31 00:00:00,149
Dress Shoes,2024-11-30 00:00:00,146
Dress Shoes,2024-12-31 00:00:00,156
Dress Shoes,2025-01-31 00:00:00,147
Dress Shoes,2025-02-28 00:00:00,110
Dress Shoes,2025-03-31 00:00:00,165
Dress Shoes,2025-04-30 00:00:00,179
Dress Shoes,2025-05-31 00:00:00,144
Dress Shoes,2025-06-30 00:00:00,167
Dress Shoes,2025-07-31 00:00:00,167
Dress Shoes,2025-08-31 00:00:00,147
Dress Shoes,2025-09-30 00:00:00,155
Dress Shoes,2025-10-31 00:00:00,151
Dress Shoes,2025-11-30 00:00:00,148
Dress Shoes,2025-12-31 00:00:00,158
Dress Shoes,2026-01-31 00:00:00,149
Dress Shoes,2026-02-28 00:00:00,113
Dress Shoes,2026-03-31 00:00:00,171
Dress Shoes,2026-04-30 00:00:00,179
Dress Shoes,2026-05-31 00:00:00,142
Dress Shoes,2026-06-30 00:00:00,160
Dress Shoes,2026-07-31 00:00:00,164
Dress Shoes,2026-08-31 00:00:00,145
Dress Shoes,2026-09-30 00:00:00,154
Dress Shoes,2026-10-31 00:00:00,152
Dress Shoes,2026-11-30 00:00:00,150
Dress Shoes,2026-12-31 00:00:00,160
Dress Shoes,2027-01-31 00:00:00,150
Dress Shoes,2027-02-28 00:00:00,116
Dress Shoes,2027-03-31 00:00:00,172
Dress Shoes,2027-04-30 00:00:00,180
Dress Shoes,2027-05-31 00:00:00,143
Dress Shoes,2027-06-30 00:00:00,162
Dress Shoes,2027-07-31 00:00:00,166
Dress Shoes,2027-08-31 00:00:00,147
Dress Shoes,2027-09-30 00:00:00,155
Dress Shoes,2027-10-31 00:00:00,151
Dress Shoes,2027-11-30 00:00:00,150
Dress Shoes,2027-12-31 00:00:00,160
Dress Shoes,2028-01-31 00:00:00,152
Dress Shoes,2028-02-29 00:00:00,117
Dress Shoes,2028-03-31 00:00:00,174
Dress Shoes,2028-04-30 00:00:00,181
Dress Shoes,2028-05-31 00:00:00,145
Dress Shoes,2028-06-30 00:00:00,164
Dress Shoes,2028-07-31 00:00:00,168
Dress Shoes,2028-08-31 00:00:00,148
Dress Shoes,2028-09-30 00:00:00,155
E-Reader,2015-01-31 00:00:00,76
E-Reader,2015-02-28 00:00:00,77
E-Reader,2015-03-31 00:00:00,96
E-Reader,2015-04-30 00:00:00,103
E-Reader,2015-05-31 00:00:00,145
E-Reader,2015-06-30 00:00:00,127
E-Reader,2015-07-31 00:00:00,100
E-Reader,2015-08-31 00:00:00,75
E-Reader,2015-09-30 00:00:00,125
E-Reader,2015-10-31 00:00:00,74
E-Reader,2015-11-30 00:00:00,55
E-Reader,2015-12-31 00:00:00,36
E-Reader,2016-01-31 00:00:00,59
E-Reader,2016-02-29 00:00:00,99
E-Reader,2016-03-31 00:00:00,68
E-Reader,2016-04-30 00:00:00,61
E-Reader,2016-05-31 00:00:00,128
E-Reader,2016-06-30 00:00:00,89
E-Reader,2016-07-31 00:00:00,76
E-Reader,2016-08-31 00:00:00,132
E-Reader,2016-09-30 00:00:00,64
E-Reader,2016-10-31 00:00:00,173
E-Reader,2016-11-30 00:00:00,155
E-Reader,2016-12-31 00:00:00,77
E-Reader,2017-01-31 00:00:00,110
E-Reader,2017-02-28 00:00:00,106
E-Reader,2017-03-31 00:00:00,221
E-Reader,2017-04-30 00:00:00,68
E-Reader,2017-05-31 00:00:00,64
E-Reader,2017-06-30 00:00:00,84
E-Reader,2017-07-31 00:00:00,175
E-Reader,2017-08-31 00:00:00,114
E-Reader,2017-09-30 00:00:00,91
E-Reader,2017-10-31 00:00:00,89
E-Reader,2017-11-30 00:00:00,157
E-Reader,2017-12-31 00:00:00,81
E-Reader,2018-01-31 00:00:00,109
E-Reader,2018-02-28 00:00:00,60
E-Reader,2018-03-31 00:00:00,92
E-Reader,2018-04-30 00:00:00,61
E-Reader,2018-05-31 00:00:00,47
E-Reader,2018-06-30 00:00:00,162
E-Reader,2018-07-31 00:00:00,63
E-Reader,2018-08-31 00:00:00,105
E-Reader,2018-09-30 00:00:00,77
E-Reader,2018-10-31 00:00:00,110
E-Reader,2018-11-30 00:00:00,136
E-Reader,2018-12-31 00:00:00,68
E-Reader,2019-01-31 00:00:00,51
E-Reader,2019-02-28 00:00:00,143
E-Reader,2019-03-31 00:00:00,73
E-Reader,2019-04-30 00:00:00,88
E-Reader,2019-05-31 00:00:00,148
E-Reader,2019-06-30 00:00:00,102
E-Reader,2019-07-31 00:00:00,112
E-Reader,2019-08-31 00:00:00,90
E-Reader,2019-09-30 00:00:00,81
E-Reader,2019-10-31 00:00:00,141
E-Reader,2019-11-30 00:00:00,86
E-Reader,2019-12-31 00:00:00,95
E-Reader,2020-01-31 00:00:00,106
E-Reader,2020-02-29 00:00:00,68
E-Reader,2020-03-31 00:00:00,40
E-Reader,2020-04-30 00:00:00,68
E-Reader,2020-05-31 00:00:00,57
E-Reader,2020-06-30 00:00:00,40
E-Reader,2020-07-31 00:00:00,154
E-Reader,2020-08-31 00:00:00,83
E-Reader,2020-09-30 00:00:00,72
E-Reader,2020-10-31 00:00:00,137
E-Reader,2020-11-30 00:00:00,86
E-Reader,2020-12-31 00:00:00,63
E-Reader,2021-01-31 00:00:00,62
E-Reader,2021-02-28 00:00:00,45
E-Reader,2021-03-31 00:00:00,102
E-Reader,2021-04-30 00:00:00,75
E-Reader,2021-05-31 00:00:00,176
E-Reader,2021-06-30 00:00:00,105
E-Reader,2021-07-31 00:00:00,137
E-Reader,2021-08-31 00:00:00,94
E-Reader,2021-09-30 00:00:00,93
E-Reader,2021-10-31 00:00:00,50
E-Reader,2021-11-30 00:00:00,89
E-Reader,2021-12-31 00:00:00,138
E-Reader,2022-01-31 00:00:00,104
E-Reader,2022-02-28 00:00:00,77
E-Reader,2022-03-31 00:00:00,134
E-Reader,2022-04-30 00:00:00,53
E-Reader,2022-05-31 00:00:00,99
E-Reader,2022-06-30 00:00:00,145
E-Reader,2022-07-31 00:00:00,131
E-Reader,2022-08-31 00:00:00,87
E-Reader,2022-09-30 00:00:00,67
E-Reader,2022-10-31 00:00:00,124
E-Reader,2022-11-30 00:00:00,67
E-Reader,2022-12-31 00:00:00,65
E-Reader,2023-01-31 00:00:00,114
E-Reader,2023-02-28 00:00:00,131
E-Reader,2023-03-31 00:00:00,198
E-Reader,2023-04-30 00:00:00,121
E-Reader,2023-05-31 00:00:00,112
E-Reader,2023-06-30 00:00:00,137
E-Reader,2023-07-31 00:00:00,124
E-Reader,2023-08-31 00:00:00,92
E-Reader,2023-09-30 00:00:00,69
E-Reader,2023-10-31 00:00:00,57
E-Reader,2023-11-30 00:00:00,57
E-Reader,2023-12-31 00:00:00,95
E-Reader,2024-01-31 00:00:00,70
E-Reader,2024-02-29 00:00:00,56
E-Reader,2024-03-31 00:00:00,112
E-Reader,2024-04-30 00:00:00,58
E-Reader,2024-05-31 00:00:00,101
E-Reader,2024-06-30 00:00:00,101
E-Reader,2024-07-31 00:00:00,101
E-Reader,2024-08-31 00:00:00,64
E-Reader,2024-09-30 00:00:00,52
E-Reader,2024-10-31 00:00:00,56
E-Reader,2024-11-30 00:00:00,47
E-Reader,2024-12-31 00:00:00,72
E-Reader,2025-01-31 00:00:00,76
E-Reader,2025-02-28 00:00:00,72
E-Reader,2025-03-31 00:00:00,134
E-Reader,2025-04-30 00:00:00,61
E-Reader,2025-05-31 00:00:00,82
E-Reader,2025-06-30 00:00:00,105
E-Reader,2025-07-31 00:00:00,94
E-Reader,2025-08-31 00:00:00,59
E-Reader,2025-09-30 00:00:00,42
E-Reader,2025-10-31 00:00:00,57
E-Reader,2025-11-30 00:00:00,38
E-Reader,2025-12-31 00:00:00,59
E-Reader,2026-01-31 00:00:00,68
E-Reader,2026-02-28 00:00:00,66
E-Reader,2026-03-31 00:00:00,120
E-Reader,2026-04-30 00:00:00,59
E-Reader,2026-05-31 00:00:00,78
E-Reader,2026-06-30 00:00:00,93
E-Reader,2026-07-31 00:00:00,86
E-Reader,2026-08-31 00:00:00,55
E-Reader,2026-09-30 00:00:00,36
E-Reader,2026-10-31 00:00:00,38
E-Reader,2026-11-30 00:00:00,30
E-Reader,2026-12-31 00:00:00,56
E-Reader,2027-01-31 00:00:00,56
E-Reader,2027-02-28 00:00:00,51
E-Reader,2027-03-31 00:00:00,106
E-Reader,2027-04-30 00:00:00,44
E-Reader,2027-05-31 00:00:00,72
E-Reader,2027-06-30 00:00:00,85
E-Reader,2027-07-31 00:00:00,80
E-Reader,2027-08-31 00:00:00,44
E-Reader,2027-09-30 00:00:00,30
E-Reader,2027-10-31 00:00:00,37
E-Reader,2027-11-30 00:00:00,23
E-Reader,2027-12-31 00:00:00,45
E-Reader,2028-01-31 00:00:00,49
E-Reader,2028-02-29 00:00:00,46
E-Reader,2028-03-31 00:00:00,103
E-Reader,2028-04-30 00:00:00,39
E-Reader,2028-05-31 00:00:00,63
E-Reader,2028-06-30 00:00:00,79
E-Reader,2028-07-31 00:00:00,73
E-Reader,2028-08-31 00:00:00,40
E-Reader,2028-09-30 00:00:00,22
Electric Kettle,2015-01-31 00:00:00,18
Electric Kettle,2015-02-28 00:00:00,48
Electric Kettle,2015-03-31 00:00:00,44
Electric Kettle,2015-04-30 00:00:00,26
Electric Kettle,2015-05-31 00:00:00,29
Electric Kettle,2015-06-30 00:00:00,83
Electric Kettle,2015-07-31 00:00:00,44
Electric Kettle,2015-08-31 00:00:00,64
Electric Kettle,2015-09-30 00:00:00,75
Electric Kettle,2015-10-31 00:00:00,71
Electric Kettle,2015-11-30 00:00:00,51
Electric Kettle,2015-12-31 00:00:00,89
Electric Kettle,2016-01-31 00:00:00,54
Electric Kettle,2016-02-29 00:00:00,59
Electric Kettle,2016-03-31 00:00:00,73
Electric Kettle,2016-04-30 00:00:00,5
Electric Kettle,2016-05-31 00:00:00,61
Electric Kettle,2016-06-30 00:00:00,59
Electric Kettle,2016-07-31 00:00:00,15
Electric Kettle,2016-08-31 00:00:00,35
Electric Kettle,2016-09-30 00:00:00,42
Electric Kettle,2016-10-31 00:00:00,121
Electric Kettle,2016-11-30 00:00:00,52
Electric Kettle,2016-12-31 00:00:00,99
Electric Kettle,2017-01-31 00:00:00,63
Electric Kettle,2017-02-28 00:00:00,6
Electric Kettle,2017-03-31 00:00:00,38
Electric Kettle,2017-04-30 00:00:00,19
Electric Kettle,2017-05-31 00:00:00,7
Electric Kettle,2017-06-30 00:00:00,107
Electric Kettle,2017-07-31 00:00:00,43
Electric Kettle,2017-08-31 00:00:00,21
Electric Kettle,2017-09-30 00:00:00,22
Electric Kettle,2017-10-31 00:00:00,56
Electric Kettle,2017-11-30 00:00:00,20
Electric Kettle,2017-12-31 00:00:00,69
Electric Kettle,2018-01-31 00:00:00,50
Electric Kettle,2018-02-28 00:00:00,69
Electric Kettle,2018-03-31 00:00:00,34
Electric Kettle,2018-04-30 00:00:00,40
Electric Kettle,2018-05-31 00:00:00,38
Electric Kettle,2018-06-30 00:00:00,7
Electric Kettle,2018-07-31 00:00:00,81
Electric Kettle,2018-08-31 00:00:00,25
Electric Kettle,2018-09-30 00:00:00,53
Electric Kettle,2018-10-31 00:00:00,43
Electric Kettle,2018-11-30 00:00:00,25
Electric Kettle,2018-12-31 00:00:00,46
Electric Kettle,2019-01-31 00:00:00,76
Electric Kettle,2019-02-28 00:00:00,9
Electric Kettle,2019-03-31 00:00:00,37
Electric Kettle,2019-04-30 00:00:00,30
Electric Kettle,2019-05-31 00:00:00,83
Electric Kettle,2019-06-30 00:00:00,19
Electric Kettle,2019-07-31 00:00:00,44
Electric Kettle,2019-08-31 00:00:00,58
Electric Kettle,2019-09-30 00:00:00,44
Electric Kettle,2019-10-31 00:00:00,18
Electric Kettle,2019-11-30 00:00:00,44
Electric Kettle,2019-12-31 00:00:00,50
Electric Kettle,2020-01-31 00:00:00,49
Electric Kettle,2020-02-29 00:00:00,48
Electric Kettle,2020-03-31 00:00:00,8
Electric Kettle,2020-04-30 00:00:00,56
Electric Kettle,2020-05-31 00:00:00,40
Electric Kettle,2020-06-30 00:00:00,42
Electric Kettle,2020-07-31 00:00:00,25
Electric Kettle,2020-08-31 00:00:00,46
Electric Kettle,2020-09-30 00:00:00,68
Electric Kettle,2020-10-31 00:00:00,15
Electric Kettle,2020-11-30 00:00:00,70
Electric Kettle,2020-12-31 00:00:00,32
Electric Kettle,2021-01-31 00:00:00,38
Electric Kettle,2021-02-28 00:00:00,53
Electric Kettle,2021-03-31 00:00:00,50
Electric Kettle,2021-04-30 00:00:00,26
Electric Kettle,2021-05-31 00:00:00,56
Electric Kettle,2021-06-30 00:00:00,58
Electric Kettle,2021-07-31 00:00:00,44
Electric Kettle,2021-08-31 00:00:00,7
Electric Kettle,2021-09-30 00:00:00,86
Electric Kettle,2021-10-31 00:00:00,113
Electric Kettle,2021-11-30 00:00:00,83
Electric Kettle,2021-12-31 00:00:00,61
Electric Kettle,2022-01-31 00:00:00,36
Electric Kettle,2022-02-28 00:00:00,79
Electric Kettle,2022-03-31 00:00:00,55
Electric Kettle,2022-04-30 00:00:00,29
Electric Kettle,2022-05-31 00:00:00,21
Electric Kettle,2022-06-30 00:00:00,38
Electric Kettle,2022-07-31 00:00:00,37
Electric Kettle,2022-08-31 00:00:00,61
Electric Kettle,2022-09-30 00:00:00,59
Electric Kettle,2022-10-31 00:00:00,41
Electric Kettle,2022-11-30 00:00:00,38
Electric Kettle,2022-12-31 00:00:00,37
Electric Kettle,2023-01-31 00:00:00,51
Electric Kettle,2023-02-28 00:00:00,48
Electric Kettle,2023-03-31 00:00:00,99
Electric Kettle,2023-04-30 00:00:00,54
Electric Kettle,2023-05-31 00:00:00,18
Electric Kettle,2023-06-30 00:00:00,93
Electric Kettle,2023-07-31 00:00:00,91
Electric Kettle,2023-08-31 00:00:00,68
Electric Kettle,2023-09-30 00:00:00,53
Electric Kettle,2023-10-31 00:00:00,68
Electric Kettle,2023-11-30 00:00:00,116
Electric Kettle,2023-12-31 00:00:00,48
Electric Kettle,2024-01-31 00:00:00,54
Electric Kettle,2024-02-29 00:00:00,57
Electric Kettle,2024-03-31 00:00:00,63
Electric Kettle,2024-04-30 00:00:00,44
Electric Kettle,2024-05-31 00:00:00,42
Electric Kettle,2024-06-30 00:00:00,65
Electric Kettle,2024-07-31 00:00:00,61
Electric Kettle,2024-08-31 00:00:00,54
Electric Kettle,2024-09-30 00:00:00,64
Electric Kettle,2024-10-31 00:00:00,65
Electric Kettle,2024-11-30 00:00:00,73
Electric Kettle,2024-12-31 00:00:00,61
Electric Kettle,2025-01-31 00:00:00,57
Electric Kettle,2025-02-28 00:00:00,59
Electric Kettle,2025-03-31 00:00:00,65
Electric Kettle,2025-04-30 00:00:00,48
Electric Kettle,2025-05-31 00:00:00,46
Electric Kettle,2025-06-30 00:00:00,66
Electric Kettle,2025-07-31 00:00:00,63
Electric Kettle,2025-08-31 00:00:00,56
Electric Kettle,2025-09-30 00:00:00,66
Electric Kettle,2025-10-31 00:00:00,68
Electric Kettle,2025-11-30 00:00:00,75
Electric Kettle,2025-12-31 00:00:00,61
Electric Kettle,2026-01-31 00:00:00,61
Electric Kettle,2026-02-28 00:00:00,63
Electric Kettle,2026-03-31 00:00:00,68
Electric Kettle,2026-04-30 00:00:00,51
Electric Kettle,2026-05-31 00:00:00,50
Electric Kettle,2026-06-30 00:00:00,69
Electric Kettle,2026-07-31 00:00:00,63
Electric Kettle,2026-08-31 00:00:00,58
Electric Kettle,2026-09-30 00:00:00,69
Electric Kettle,2026-10-31 00:00:00,72
Electric Kettle,2026-11-30 00:00:00,78
Electric Kettle,2026-12-31 00:00:00,64
Electric Kettle,2027-01-31 00:00:00,63
Electric Kettle,2027-02-28 00:00:00,66
Electric Kettle,2027-03-31 00:00:00,70
Electric Kettle,2027-04-30 00:00:00,52
Electric Kettle,2027-05-31 00:00:00,51
Electric Kettle,2027-06-30 00:00:00,71
Electric Kettle,2027-07-31 00:00:00,68
Electric Kettle,2027-08-31 00:00:00,62
Electric Kettle,2027-09-30 00:00:00,71
Electric Kettle,2027-10-31 00:00:00,72
Electric Kettle,2027-11-30 00:00:00,79
Electric Kettle,2027-12-31 00:00:00,66
Electric Kettle,2028-01-31 00:00:00,65
Electric Kettle,2028-02-29 00:00:00,69
Electric Kettle,2028-03-31 00:00:00,72
Electric Kettle,2028-04-30 00:00:00,54
Electric Kettle,2028-05-31 00:00:00,54
Electric Kettle,2028-06-30 00:00:00,75
Electric Kettle,2028-07-31 00:00:00,70
Electric Kettle,2028-08-31 00:00:00,65
Electric Kettle,2028-09-30 00:00:00,76
External Hard Drive,2015-01-31 00:00:00,181
External Hard Drive,2015-02-28 00:00:00,149
External Hard Drive,2015-03-31 00:00:00,205
External Hard Drive,2015-04-30 00:00:00,81
External Hard Drive,2015-05-31 00:00:00,167
External Hard Drive,2015-06-30 00:00:00,84
External Hard Drive,2015-07-31 00:00:00,132
External Hard Drive,2015-08-31 00:00:00,123
External Hard Drive,2015-09-30 00:00:00,102
External Hard Drive,2015-10-31 00:00:00,164
External Hard Drive,2015-11-30 00:00:00,72
External Hard Drive,2015-12-31 00:00:00,139
External Hard Drive,2016-01-31 00:00:00,126
External Hard Drive,2016-02-29 00:00:00,182
External Hard Drive,2016-03-31 00:00:00,130
External Hard Drive,2016-04-30 00:00:00,149
External Hard Drive,2016-05-31 00:00:00,116
External Hard Drive,2016-06-30 00:00:00,116
External Hard Drive,2016-07-31 00:00:00,19
External Hard Drive,2016-08-31 00:00:00,186
External Hard Drive,2016-09-30 00:00:00,121
External Hard Drive,2016-10-31 00:00:00,133
External Hard Drive,2016-11-30 00:00:00,135
External Hard Drive,2016-12-31 00:00:00,137
External Hard Drive,2017-01-31 00:00:00,127
External Hard Drive,2017-02-28 00:00:00,215
External Hard Drive,2017-03-31 00:00:00,104
External Hard Drive,2017-04-30 00:00:00,167
External Hard Drive,2017-05-31 00:00:00,151
External Hard Drive,2017-06-30 00:00:00,111
External Hard Drive,2017-07-31 00:00:00,91
External Hard Drive,2017-08-31 00:00:00,108
External Hard Drive,2017-09-30 00:00:00,122
External Hard Drive,2017-10-31 00:00:00,168
External Hard Drive,2017-11-30 00:00:00,77
External Hard Drive,2017-12-31 00:00:00,143
External Hard Drive,2018-01-31 00:00:00,91
External Hard Drive,2018-02-28 00:00:00,178
External Hard Drive,2018-03-31 00:00:00,81
External Hard Drive,2018-04-30 00:00:00,143
External Hard Drive,2018-05-31 00:00:00,168
External Hard Drive,2018-06-30 00:00:00,144
External Hard Drive,2018-07-31 00:00:00,92
External Hard Drive,2018-08-31 00:00:00,27
External Hard Drive,2018-09-30 00:00:00,149
External Hard Drive,2018-10-31 00:00:00,107
External Hard Drive,2018-11-30 00:00:00,109
External Hard Drive,2018-12-31 00:00:00,212
External Hard Drive,2019-01-31 00:00:00,134
External Hard Drive,2019-02-28 00:00:00,195
External Hard Drive,2019-03-31 00:00:00,118
External Hard Drive,2019-04-30 00:00:00,98
External Hard Drive,2019-05-31 00:00:00,168
External Hard Drive,2019-06-30 00:00:00,123
External Hard Drive,2019-07-31 00:00:00,138
External Hard Drive,2019-08-31 00:00:00,151
External Hard Drive,2019-09-30 00:00:00,186
External Hard Drive,2019-10-31 00:00:00,110
External Hard Drive,2019-11-30 00:00:00,179
External Hard Drive,2019-12-31 00:00:00,197
External Hard Drive,2020-01-31 00:00:00,125
External Hard Drive,2020-02-29 00:00:00,104
External Hard Drive,2020-03-31 00:00:00,101
External Hard Drive,2020-04-30 00:00:00,106
External Hard Drive,2020-05-31 00:00:00,74
External Hard Drive,2020-06-30 00:00:00,206
External Hard Drive,2020-07-31 00:00:00,78
External Hard Drive,2020-08-31 00:00:00,106
External Hard Drive,2020-09-30 00:00:00,124
External Hard Drive,2020-10-31 00:00:00,102
External Hard Drive,2020-11-30 00:00:00,94
External Hard Drive,2020-12-31 00:00:00,199
External Hard Drive,2021-01-31 00:00:00,232
External Hard Drive,2021-02-28 00:00:00,151
External Hard Drive,2021-03-31 00:00:00,134
External Hard Drive,2021-04-30 00:00:00,128
External Hard Drive,2021-05-31 00:00:00,138
External Hard Drive,2021-06-30 00:00:00,162
External Hard Drive,2021-07-31 00:00:00,124
External Hard Drive,2021-08-31 00:00:00,110
External Hard Drive,2021-09-30 00:00:00,83
External Hard Drive,2021-10-31 00:00:00,158
External Hard Drive,2021-11-30 00:00:00,111
External Hard Drive,2021-12-31 00:00:00,152
External Hard Drive,2022-01-31 00:00:00,62
External Hard Drive,2022-02-28 00:00:00,161
External Hard Drive,2022-03-31 00:00:00,104
External Hard Drive,2022-04-30 00:00:00,173
External Hard Drive,2022-05-31 00:00:00,116
External Hard Drive,2022-06-30 00:00:00,50
External Hard Drive,2022-07-31 00:00:00,115
External Hard Drive,2022-08-31 00:00:00,139
External Hard Drive,2022-09-30 00:00:00,194
External Hard Drive,2022-10-31 00:00:00,153
External Hard Drive,2022-11-30 00:00:00,161
External Hard Drive,2022-12-31 00:00:00,164
External Hard Drive,2023-01-31 00:00:00,155
External Hard Drive,2023-02-28 00:00:00,76
External Hard Drive,2023-03-31 00:00:00,175
External Hard Drive,2023-04-30 00:00:00,121
External Hard Drive,2023-05-31 00:00:00,205
External Hard Drive,2023-06-30 00:00:00,144
External Hard Drive,2023-07-31 00:00:00,130
External Hard Drive,2023-08-31 00:00:00,143
External Hard Drive,2023-09-30 00:00:00,106
External Hard Drive,2023-10-31 00:00:00,166
External Hard Drive,2023-11-30 00:00:00,140
External Hard Drive,2023-12-31 00:00:00,127
External Hard Drive,2024-01-31 00:00:00,155
External Hard Drive,2024-02-29 00:00:00,110
External Hard Drive,2024-03-31 00:00:00,129
External Hard Drive,2024-04-30 00:00:00,139
External Hard Drive,2024-05-31 00:00:00,132
External Hard Drive,2024-06-30 00:00:00,100
External Hard Drive,2024-07-31 00:00:00,114
External Hard Drive,2024-08-31 00:00:00,114
External Hard Drive,2024-09-30 00:00:00,124
External Hard Drive,2024-10-31 00:00:00,145
External Hard Drive,2024-11-30 00:00:00,124
External Hard Drive,2024-12-31 00:00:00,136
External Hard Drive,2025-01-31 00:00:00,116
External Hard Drive,2025-02-28 00:00:00,109
External Hard Drive,2025-03-31 00:00:00,123
External Hard Drive,2025-04-30 00:00:00,136
External Hard Drive,2025-05-31 00:00:00,145
External Hard Drive,2025-06-30 00:00:00,94
External Hard Drive,2025-07-31 00:00:00,110
External Hard Drive,2025-08-31 00:00:00,125
External Hard Drive,2025-09-30 00:00:00,131
External Hard Drive,2025-10-31 00:00:00,139
External Hard Drive,2025-11-30 00:00:00,134
External Hard Drive,2025-12-31 00:00:00,133
External Hard Drive,2026-01-31 00:00:00,139
External Hard Drive,2026-02-28 00:00:00,96
External Hard Drive,2026-03-31 00:00:00,141
External Hard Drive,2026-04-30 00:00:00,129
External Hard Drive,2026-05-31 00:00:00,155
External Hard Drive,2026-06-30 00:00:00,110
External Hard Drive,2026-07-31 00:00:00,117
External Hard Drive,2026-08-31 00:00:00,124
External Hard Drive,2026-09-30 00:00:00,117
External Hard Drive,2026-10-31 00:00:00,149
External Hard Drive,2026-11-30 00:00:00,129
External Hard Drive,2026-12-31 00:00:00,129
External Hard Drive,2027-01-31 00:00:00,133
External Hard Drive,2027-02-28 00:00:00,106
External Hard Drive,2027-03-31 00:00:00,134
External Hard Drive,2027-04-30 00:00:00,136
External Hard Drive,2027-05-31 00:00:00,139
External Hard Drive,2027-06-30 00:00:00,98
External Hard Drive,2027-07-31 00:00:00,115
External Hard Drive,2027-08-31 00:00:00,122
External Hard Drive,2027-09-30 00:00:00,126
External Hard Drive,2027-10-31 00:00:00,147
External Hard Drive,2027-11-30 00:00:00,130
External Hard Drive,2027-12-31 00:00:00,134
External Hard Drive,2028-01-31 00:00:00,131
External Hard Drive,2028-02-29 00:00:00,105
External Hard Drive,2028-03-31 00:00:00,135
External Hard Drive,2028-04-30 00:00:00,134
External Hard Drive,2028-05-31 00:00:00,148
External Hard Drive,2028-06-30 00:00:00,102
External Hard Drive,2028-07-31 00:00:00,116
External Hard Drive,2028-08-31 00:00:00,125
External Hard Drive,2028-09-30 00:00:00,127
Fiction Novel,2015-01-31 00:00:00,76
Fiction Novel,2015-02-28 00:00:00,70
Fiction Novel,2015-03-31 00:00:00,77
Fiction Novel,2015-04-30 00:00:00,60
Fiction Novel,2015-05-31 00:00:00,96
Fiction Novel,2015-06-30 00:00:00,94
Fiction Novel,2015-07-31 00:00:00,49
Fiction Novel,2015-08-31 00:00:00,131
Fiction Novel,2015-09-30 00:00:00,132
Fiction Novel,2015-10-31 00:00:00,101
Fiction Novel,2015-11-30 00:00:00,101
Fiction Novel,2015-12-31 00:00:00,69
Fiction Novel,2016-01-31 00:00:00,157
Fiction Novel,2016-02-29 00:00:00,54
Fiction Novel,2016-03-31 00:00:00,120
Fiction Novel,2016-04-30 00:00:00,56
Fiction Novel,2016-05-31 00:00:00,121
Fiction Novel,2016-06-30 00:00:00,84
Fiction Novel,2016-07-31 00:00:00,136
Fiction Novel,2016-08-31 00:00:00,62
Fiction Novel,2016-09-30 00:00:00,97
Fiction Novel,2016-10-31 00:00:00,129
Fiction Novel,2016-11-30 00:00:00,111
Fiction Novel,2016-12-31 00:00:00,151
Fiction Novel,2017-01-31 00:00:00,119
Fiction Novel,2017-02-28 00:00:00,41
Fiction Novel,2017-03-31 00:00:00,131
Fiction Novel,2017-04-30 00:00:00,95
Fiction Novel,2017-05-31 00:00:00,101
Fiction Novel,2017-06-30 00:00:00,67
Fiction Novel,2017-07-31 00:00:00,147
Fiction Novel,2017-08-31 00:00:00,105
Fiction Novel,2017-09-30 00:00:00,165
Fiction Novel,2017-10-31 00:00:00,88
Fiction Novel,2017-11-30 00:00:00,89
Fiction Novel,2017-12-31 00:00:00,108
Fiction Novel,2018-01-31 00:00:00,64
Fiction Novel,2018-02-28 00:00:00,76
Fiction Novel,2018-03-31 00:00:00,50
Fiction Novel,2018-04-30 00:00:00,73
Fiction Novel,2018-05-31 00:00:00,86
Fiction Novel,2018-06-30 00:00:00,100
Fiction Novel,2018-07-31 00:00:00,111
Fiction Novel,2018-08-31 00:00:00,148
Fiction Novel,2018-09-30 00:00:00,50
Fiction Novel,2018-10-31 00:00:00,60
Fiction Novel,2018-11-30 00:00:00,99
Fiction Novel,2018-12-31 00:00:00,70
Fiction Novel,2019-01-31 00:00:00,53
Fiction Novel,2019-02-28 00:00:00,124
Fiction Novel,2019-03-31 00:00:00,88
Fiction Novel,2019-04-30 00:00:00,83
Fiction Novel,2019-05-31 00:00:00,63
Fiction Novel,2019-06-30 00:00:00,160
Fiction Novel,2019-07-31 00:00:00,54
Fiction Novel,2019-08-31 00:00:00,61
Fiction Novel,2019-09-30 00:00:00,74
Fiction Novel,2019-10-31 00:00:00,132
Fiction Novel,2019-11-30 00:00:00,126
Fiction Novel,2019-12-31 00:00:00,91
Fiction Novel,2020-01-31 00:00:00,126
Fiction Novel,2020-02-29 00:00:00,137
Fiction Novel,2020-03-31 00:00:00,87
Fiction Novel,2020-04-30 00:00:00,108
Fiction Novel,2020-05-31 00:00:00,57
Fiction Novel,2020-06-30 00:00:00,127
Fiction Novel,2020-07-31 00:00:00,119
Fiction Novel,2020-08-31 00:00:00,52
Fiction Novel,2020-09-30 00:00:00,68
Fiction Novel,2020-10-31 00:00:00,96
Fiction Novel,2020-11-30 00:00:00,66
Fiction Novel,2020-12-31 00:00:00,129
Fiction Novel,2021-01-31 00:00:00,122
Fiction Novel,2021-02-28 00:00:00,78
Fiction Novel,2021-03-31 00:00:00,82
Fiction Novel,2021-04-30 00:00:00,69
Fiction Novel,2021-05-31 00:00:00,112
Fiction Novel,2021-06-30 00:00:00,13
Fiction Novel,2021-07-31 00:00:00,124
Fiction Novel,2021-08-31 00:00:00,124
Fiction Novel,2021-09-30 00:00:00,150
Fiction Novel,2021-10-31 00:00:00,40
Fiction Novel,2021-11-30 00:00:00,130
Fiction Novel,2021-12-31 00:00:00,137
Fiction Novel,2022-01-31 00:00:00,165
Fiction Novel,2022-02-28 00:00:00,76
Fiction Novel,2022-03-31 00:00:00,113
Fiction Novel,2022-04-30 00:00:00,91
Fiction Novel,2022-05-31 00:00:00,103
Fiction Novel,2022-06-30 00:00:00,161
Fiction Novel,2022-07-31 00:00:00,94
Fiction Novel,2022-08-31 00:00:00,64
Fiction Novel,2022-09-30 00:00:00,87
Fiction Novel,2022-10-31 00:00:00,117
Fiction Novel,2022-11-30 00:00:00,99
Fiction Novel,2022-12-31 00:00:00,94
Fiction Novel,2023-01-31 00:00:00,97
Fiction Novel,2023-02-28 00:00:00,90
Fiction Novel,2023-03-31 00:00:00,55
Fiction Novel,2023-04-30 00:00:00,108
Fiction Novel,2023-05-31 00:00:00,119
Fiction Novel,2023-06-30 00:00:00,55
Fiction Novel,2023-07-31 00:00:00,104
Fiction Novel,2023-08-31 00:00:00,79
Fiction Novel,2023-09-30 00:00:00,89
Fiction Novel,2023-10-31 00:00:00,93
Fiction Novel,2023-11-30 00:00:00,83
Fiction Novel,2023-12-31 00:00:00,162
Fiction Novel,2024-01-31 00:00:00,99
Fiction Novel,2024-02-29 00:00:00,94
Fiction Novel,2024-03-31 00:00:00,85
Fiction Novel,2024-04-30 00:00:00,107
Fiction Novel,2024-05-31 00:00:00,92
Fiction Novel,2024-06-30 00:00:00,92
Fiction Novel,2024-07-31 00:00:00,108
Fiction Novel,2024-08-31 00:00:00,106
Fiction Novel,2024-09-30 00:00:00,110
Fiction Novel,2024-10-31 00:00:00,90
Fiction Novel,2024-11-30 00:00:00,108
Fiction Novel,2024-12-31 00:00:00,124
Fiction Novel,2025-01-31 00:00:00,124
Fiction Novel,2025-02-28 00:00:00,97
Fiction Novel,2025-03-31 00:00:00,100
Fiction Novel,2025-04-30 00:00:00,92
Fiction Novel,2025-05-31 00:00:00,99
Fiction Novel,2025-06-30 00:00:00,111
Fiction Novel,2025-07-31 00:00:00,109
Fiction Novel,2025-08-31 00:00:00,95
Fiction Novel,2025-09-30 00:00:00,106
Fiction Novel,2025-10-31 00:00:00,99
Fiction Novel,2025-11-30 00:00:00,110
Fiction Novel,2025-12-31 00:00:00,114
Fiction Novel,2026-01-31 00:00:00,121
Fiction Novel,2026-02-28 00:00:00,96
Fiction Novel,2026-03-31 00:00:00,92
Fiction Novel,2026-04-30 00:00:00,97
Fiction Novel,2026-05-31 00:00:00,103
Fiction Novel,2026-06-30 00:00:00,95
Fiction Novel,2026-07-31 00:00:00,114
Fiction Novel,2026-08-31 00:00:00,89
Fiction Novel,2026-09-30 00:00:00,103
Fiction Novel,2026-10-31 00:00:00,98
Fiction Novel,2026-11-30 00:00:00,107
Fiction Novel,2026-12-31 00:00:00,127
Fiction Novel,2027-01-31 00:00:00,120
Fiction Novel,2027-02-28 00:00:00,100
Fiction Novel,2027-03-31 00:00:00,93
Fiction Novel,2027-04-30 00:00:00,107
Fiction Novel,2027-05-31 00:00:00,108
Fiction Novel,2027-06-30 00:00:00,103
Fiction Novel,2027-07-31 00:00:00,116
Fiction Novel,2027-08-31 00:00:00,102
Fiction Novel,2027-09-30 00:00:00,109
Fiction Novel,2027-10-31 00:00:00,100
Fiction Novel,2027-11-30 00:00:00,110
Fiction Novel,2027-12-31 00:00:00,132
Fiction Novel,2028-01-31 00:00:00,125
Fiction Novel,2028-02-29 00:00:00,103
Fiction Novel,2028-03-31 00:00:00,101
Fiction Novel,2028-04-30 00:00:00,105
Fiction Novel,2028-05-31 00:00:00,107
Fiction Novel,2028-06-30 00:00:00,108
Fiction Novel,2028-07-31 00:00:00,119
Fiction Novel,2028-08-31 00:00:00,104
Fiction Novel,2028-09-30 00:00:00,113
Fitness Tracker,2015-01-31 00:00:00,58
Fitness Tracker,2015-02-28 00:00:00,103
Fitness Tracker,2015-03-31 00:00:00,55
Fitness Tracker,2015-04-30 00:00:00,58
Fitness Tracker,2015-05-31 00:00:00,50
Fitness Tracker,2015-06-30 00:00:00,69
Fitness Tracker,2015-07-31 00:00:00,41
Fitness Tracker,2015-08-31 00:00:00,37
Fitness Tracker,2015-09-30 00:00:00,46
Fitness Tracker,2015-10-31 00:00:00,60
Fitness Tracker,2015-11-30 00:00:00,73
Fitness Tracker,2015-12-31 00:00:00,109
Fitness Tracker,2016-01-31 00:00:00,46
Fitness Tracker,2016-02-29 00:00:00,90
Fitness Tracker,2016-03-31 00:00:00,86
Fitness Tracker,2016-04-30 00:00:00,124
Fitness Tracker,2016-05-31 00:00:00,23
Fitness Tracker,2016-06-30 00:00:00,67
Fitness Tracker,2016-07-31 00:00:00,69
Fitness Tracker,2016-08-31 00:00:00,82
Fitness Tracker,2016-09-30 00:00:00,111
Fitness Tracker,2016-10-31 00:00:00,98
Fitness Tracker,2016-11-30 00:00:00,49
Fitness Tracker,2016-12-31 00:00:00,22
Fitness Tracker,2017-01-31 00:00:00,90
Fitness Tracker,2017-02-28 00:00:00,46
Fitness Tracker,2017-03-31 00:00:00,92
Fitness Tracker,2017-04-30 00:00:00,71
Fitness Tracker,2017-05-31 00:00:00,78
Fitness Tracker,2017-06-30 00:00:00,47
Fitness Tracker,2017-07-31 00:00:00,74
Fitness Tracker,2017-08-31 00:00:00,109
Fitness Tracker,2017-09-30 00:00:00,131
Fitness Tracker,2017-10-31 00:00:00,86
Fitness Tracker,2017-11-30 00:00:00,114
Fitness Tracker,2017-12-31 00:00:00,56
Fitness Tracker,2018-01-31 00:00:00,109
Fitness Tracker,2018-02-28 00:00:00,46
Fitness Tracker,2018-03-31 00:00:00,123
Fitness Tracker,2018-04-30 00:00:00,32
Fitness Tracker,2018-05-31 00:00:00,109
Fitness Tracker,2018-06-30 00:00:00,64
Fitness Tracker,2018-07-31 00:00:00,63
Fitness Tracker,2018-08-31 00:00:00,105
Fitness Tracker,2018-09-30 00:00:00,81
Fitness Tracker,2018-10-31 00:00:00,68
Fitness Tracker,2018-11-30 00:00:00,68
Fitness Tracker,2018-12-31 00:00:00,89
Fitness Tracker,2019-01-31 00:00:00,33
Fitness Tracker,2019-02-28 00:00:00,39
Fitness Tracker,2019-03-31 00:00:00,79
Fitness Tracker,2019-04-30 00:00:00,157
Fitness Tracker,2019-05-31 00:00:00,44
Fitness Tracker,2019-06-30 00:00:00,74
Fitness Tracker,2019-07-31 00:00:00,61
Fitness Tracker,2019-08-31 00:00:00,24
Fitness Tracker,2019-09-30 00:00:00,58
Fitness Tracker,2019-10-31 00:00:00,36
Fitness Tracker,2019-11-30 00:00:00,98
Fitness Tracker,2019-12-31 00:00:00,135
Fitness Tracker,2020-01-31 00:00:00,122
Fitness Tracker,2020-02-29 00:00:00,48
Fitness Tracker,2020-03-31 00:00:00,106
Fitness Tracker,2020-04-30 00:00:00,53
Fitness Tracker,2020-05-31 00:00:00,98
Fitness Tracker,2020-06-30 00:00:00,112
Fitness Tracker,2020-07-31 00:00:00,61
Fitness Tracker,2020-08-31 00:00:00,99
Fitness Tracker,2020-09-30 00:00:00,137
Fitness Tracker,2020-10-31 00:00:00,26
Fitness Tracker,2020-11-30 00:00:00,56
Fitness Tracker,2020-12-31 00:00:00,107
Fitness Tracker,2021-01-31 00:00:00,58
Fitness Tracker,2021-02-28 00:00:00,56
Fitness Tracker,2021-03-31 00:00:00,95
Fitness Tracker,2021-04-30 00:00:00,47
Fitness Tracker,2021-05-31 00:00:00,155
Fitness Tracker,2021-06-30 00:00:00,58
Fitness Tracker,2021-07-31 00:00:00,67
Fitness Tracker,2021-08-31 00:00:00,47
Fitness Tracker,2021-09-30 00:00:00,64
Fitness Tracker,2021-10-31 00:00:00,54
Fitness Tracker,2021-11-30 00:00:00,137
Fitness Tracker,2021-12-31 00:00:00,97
Fitness Tracker,2022-01-31 00:00:00,55
Fitness Tracker,2022-02-28 00:00:00,64
Fitness Tracker,2022-03-31 00:00:00,60
Fitness Tracker,2022-04-30 00:00:00,50
Fitness Tracker,2022-05-31 00:00:00,86
Fitness Tracker,2022-06-30 00:00:00,120
Fitness Tracker,2022-07-31 00:00:00,65
Fitness Tracker,2022-08-31 00:00:00,97
Fitness Tracker,2022-09-30 00:00:00,50
Fitness Tracker,2022-10-31 00:00:00,91
Fitness Tracker,2022-11-30 00:00:00,85
Fitness Tracker,2022-12-31 00:00:00,46
Fitness Tracker,2023-01-31 00:00:00,139
Fitness Tracker,2023-02-28 00:00:00,87
Fitness Tracker,2023-03-31 00:00:00,28
Fitness Tracker,2023-04-30 00:00:00,92
Fitness Tracker,2023-05-31 00:00:00,80
Fitness Tracker,2023-06-30 00:00:00,80
Fitness Tracker,2023-07-31 00:00:00,86
Fitness Tracker,2023-08-31 00:00:00,35
Fitness Tracker,2023-09-30 00:00:00,18
Fitness Tracker,2023-10-31 00:00:00,133
Fitness Tracker,2023-11-30 00:00:00,118
Fitness Tracker,2023-12-31 00:00:00,50
Fitness Tracker,2024-01-31 00:00:00,69
Fitness Tracker,2024-02-29 00:00:00,63
Fitness Tracker,2024-03-31 00:00:00,81
Fitness Tracker,2024-04-30 00:00:00,69
Fitness Tracker,2024-05-31 00:00:00,73
Fitness Tracker,2024-06-30 00:00:00,73
Fitness Tracker,2024-07-31 00:00:00,62
Fitness Tracker,2024-08-31 00:00:00,62
Fitness Tracker,2024-09-30 00:00:00,66
Fitness Tracker,2024-10-31 00:00:00,71
Fitness Tracker,2024-11-30 00:00:00,85
Fitness Tracker,2024-12-31 00:00:00,71
Fitness Tracker,2025-01-31 00:00:00,76
Fitness Tracker,2025-02-28 00:00:00,61
Fitness Tracker,2025-03-31 00:00:00,73
Fitness Tracker,2025-04-30 00:00:00,71
Fitness Tracker,2025-05-31 00:00:00,76
Fitness Tracker,2025-06-30 00:00:00,74
Fitness Tracker,2025-07-31 00:00:00,64
Fitness Tracker,2025-08-31 00:00:00,65
Fitness Tracker,2025-09-30 00:00:00,66
Fitness Tracker,2025-10-31 00:00:00,69
Fitness Tracker,2025-11-30 00:00:00,85
Fitness Tracker,2025-12-31 00:00:00,71
Fitness Tracker,2026-01-31 00:00:00,76
Fitness Tracker,2026-02-28 00:00:00,61
Fitness Tracker,2026-03-31 00:00:00,75
Fitness Tracker,2026-04-30 00:00:00,72
Fitness Tracker,2026-05-31 00:00:00,78
Fitness Tracker,2026-06-30 00:00:00,74
Fitness Tracker,2026-07-31 00:00:00,63
Fitness Tracker,2026-08-31 00:00:00,65
Fitness Tracker,2026-09-30 00:00:00,69
Fitness Tracker,2026-10-31 00:00:00,72
Fitness Tracker,2026-11-30 00:00:00,84
Fitness Tracker,2026-12-31 00:00:00,72
Fitness Tracker,2027-01-31 00:00:00,76
Fitness Tracker,2027-02-28 00:00:00,61
Fitness Tracker,2027-03-31 00:00:00,74
Fitness Tracker,2027-04-30 00:00:00,72
Fitness Tracker,2027-05-31 00:00:00,79
Fitness Tracker,2027-06-30 00:00:00,75
Fitness Tracker,2027-07-31 00:00:00,64
Fitness Tracker,2027-08-31 00:00:00,66
Fitness Tracker,2027-09-30 00:00:00,71
Fitness Tracker,2027-10-31 00:00:00,70
Fitness Tracker,2027-11-30 00:00:00,87
Fitness Tracker,2027-12-31 00:00:00,76
Fitness Tracker,2028-01-31 00:00:00,76
Fitness Tracker,2028-02-29 00:00:00,63
Fitness Tracker,2028-03-31 00:00:00,77
Fitness Tracker,2028-04-30 00:00:00,71
Fitness Tracker,2028-05-31 00:00:00,80
Fitness Tracker,2028-06-30 00:00:00,76
Fitness Tracker,2028-07-31 00:00:00,61
Fitness Tracker,2028-08-31 00:00:00,64
Fitness Tracker,2028-09-30 00:00:00,74
Flip-Flops,2015-01-31 00:00:00,100
Flip-Flops,2015-02-28 00:00:00,113
Flip-Flops,2015-03-31 00:00:00,243
Flip-Flops,2015-04-30 00:00:00,166
Flip-Flops,2015-05-31 00:00:00,183
Flip-Flops,2015-06-30 00:00:00,282
Flip-Flops,2015-07-31 00:00:00,159
Flip-Flops,2015-08-31 00:00:00,166
Flip-Flops,2015-09-30 00:00:00,269
Flip-Flops,2015-10-31 00:00:00,211
Flip-Flops,2015-11-30 00:00:00,112
Flip-Flops,2015-12-31 00:00:00,163
Flip-Flops,2016-01-31 00:00:00,146
Flip-Flops,2016-02-29 00:00:00,126
Flip-Flops,2016-03-31 00:00:00,196
Flip-Flops,2016-04-30 00:00:00,183
Flip-Flops,2016-05-31 00:00:00,188
Flip-Flops,2016-06-30 00:00:00,163
Flip-Flops,2016-07-31 00:00:00,207
Flip-Flops,2016-08-31 00:00:00,300
Flip-Flops,2016-09-30 00:00:00,236
Flip-Flops,2016-10-31 00:00:00,255
Flip-Flops,2016-11-30 00:00:00,170
Flip-Flops,2016-12-31 00:00:00,266
Flip-Flops,2017-01-31 00:00:00,182
Flip-Flops,2017-02-28 00:00:00,154
Flip-Flops,2017-03-31 00:00:00,156
Flip-Flops,2017-04-30 00:00:00,202
Flip-Flops,2017-05-31 00:00:00,238
Flip-Flops,2017-06-30 00:00:00,130
Flip-Flops,2017-07-31 00:00:00,154
Flip-Flops,2017-08-31 00:00:00,203
Flip-Flops,2017-09-30 00:00:00,135
Flip-Flops,2017-10-31 00:00:00,164
Flip-Flops,2017-11-30 00:00:00,184
Flip-Flops,2017-12-31 00:00:00,203
Flip-Flops,2018-01-31 00:00:00,202
Flip-Flops,2018-02-28 00:00:00,211
Flip-Flops,2018-03-31 00:00:00,213
Flip-Flops,2018-04-30 00:00:00,209
Flip-Flops,2018-05-31 00:00:00,119
Flip-Flops,2018-06-30 00:00:00,151
Flip-Flops,2018-07-31 00:00:00,174
Flip-Flops,2018-08-31 00:00:00,217
Flip-Flops,2018-09-30 00:00:00,136
Flip-Flops,2018-10-31 00:00:00,177
Flip-Flops,2018-11-30 00:00:00,81
Flip-Flops,2018-12-31 00:00:00,146
Flip-Flops,2019-01-31 00:00:00,180
Flip-Flops,2019-02-28 00:00:00,159
Flip-Flops,2019-03-31 00:00:00,119
Flip-Flops,2019-04-30 00:00:00,210
Flip-Flops,2019-05-31 00:00:00,241
Flip-Flops,2019-06-30 00:00:00,177
Flip-Flops,2019-07-31 00:00:00,195
Flip-Flops,2019-08-31 00:00:00,180
Flip-Flops,2019-09-30 00:00:00,144
Flip-Flops,2019-10-31 00:00:00,206
Flip-Flops,2019-11-30 00:00:00,108
Flip-Flops,2019-12-31 00:00:00,161
Flip-Flops,2020-01-31 00:00:00,199
Flip-Flops,2020-02-29 00:00:00,158
Flip-Flops,2020-03-31 00:00:00,134
Flip-Flops,2020-04-30 00:00:00,117
Flip-Flops,2020-05-31 00:00:00,83
Flip-Flops,2020-06-30 00:00:00,116
Flip-Flops,2020-07-31 00:00:00,208
Flip-Flops,2020-08-31 00:00:00,111
Flip-Flops,2020-09-30 00:00:00,317
Flip-Flops,2020-10-31 00:00:00,222
Flip-Flops,2020-11-30 00:00:00,208
Flip-Flops,2020-12-31 00:00:00,153
Flip-Flops,2021-01-31 00:00:00,161
Flip-Flops,2021-02-28 00:00:00,148
Flip-Flops,2021-03-31 00:00:00,182
Flip-Flops,2021-04-30 00:00:00,282
Flip-Flops,2021-05-31 00:00:00,171
Flip-Flops,2021-06-30 00:00:00,205
Flip-Flops,2021-07-31 00:00:00,283
Flip-Flops,2021-08-31 00:00:00,202
Flip-Flops,2021-09-30 00:00:00,163
Flip-Flops,2021-10-31 00:00:00,190
Flip-Flops,2021-11-30 00:00:00,106
Flip-Flops,2021-12-31 00:00:00,191
Flip-Flops,2022-01-31 00:00:00,154
Flip-Flops,2022-02-28 00:00:00,203
Flip-Flops,2022-03-31 00:00:00,173
Flip-Flops,2022-04-30 00:00:00,157
Flip-Flops,2022-05-31 00:00:00,124
Flip-Flops,2022-06-30 00:00:00,106
Flip-Flops,2022-07-31 00:00:00,224
Flip-Flops,2022-08-31 00:00:00,136
Flip-Flops,2022-09-30 00:00:00,217
Flip-Flops,2022-10-31 00:00:00,170
Flip-Flops,2022-11-30 00:00:00,163
Flip-Flops,2022-12-31 00:00:00,179
Flip-Flops,2023-01-31 00:00:00,208
Flip-Flops,2023-02-28 00:00:00,265
Flip-Flops,2023-03-31 00:00:00,193
Flip-Flops,2023-04-30 00:00:00,170
Flip-Flops,2023-05-31 00:00:00,203
Flip-Flops,2023-06-30 00:00:00,194
Flip-Flops,2023-07-31 00:00:00,238
Flip-Flops,2023-08-31 00:00:00,149
Flip-Flops,2023-09-30 00:00:00,104
Flip-Flops,2023-10-31 00:00:00,136
Flip-Flops,2023-11-30 00:00:00,183
Flip-Flops,2023-12-31 00:00:00,199
Flip-Flops,2024-01-31 00:00:00,157
Flip-Flops,2024-02-29 00:00:00,189
Flip-Flops,2024-03-31 00:00:00,169
Flip-Flops,2024-04-30 00:00:00,180
Flip-Flops,2024-05-31 00:00:00,153
Flip-Flops,2024-06-30 00:00:00,151
Flip-Flops,2024-07-31 00:00:00,221
Flip-Flops,2024-08-31 00:00:00,157
Flip-Flops,2024-09-30 00:00:00,185
Flip-Flops,2024-10-31 00:00:00,176
Flip-Flops,2024-11-30 00:00:00,152
Flip-Flops,2024-12-31 00:00:00,177
Flip-Flops,2025-01-31 00:00:00,182
Flip-Flops,2025-02-28 00:00:00,213
Flip-Flops,2025-03-31 00:00:00,182
Flip-Flops,2025-04-30 00:00:00,181
Flip-Flops,2025-05-31 00:00:00,168
Flip-Flops,2025-06-30 00:00:00,164
Flip-Flops,2025-07-31 00:00:00,218
Flip-Flops,2025-08-31 00:00:00,151
Flip-Flops,2025-09-30 00:00:00,165
Flip-Flops,2025-10-31 00:00:00,166
Flip-Flops,2025-11-30 00:00:00,164
Flip-Flops,2025-12-31 00:00:00,186
Flip-Flops,2026-01-31 00:00:00,175
Flip-Flops,2026-02-28 00:00:00,208
Flip-Flops,2026-03-31 00:00:00,180
Flip-Flops,2026-04-30 00:00:00,186
Flip-Flops,2026-05-31 00:00:00,168
Flip-Flops,2026-06-30 00:00:00,166
Flip-Flops,2026-07-31 00:00:00,232
Flip-Flops,2026-08-31 00:00:00,163
Flip-Flops,2026-09-30 00:00:00,177
Flip-Flops,2026-10-31 00:00:00,175
Flip-Flops,2026-11-30 00:00:00,165
Flip-Flops,2026-12-31 00:00:00,189
Flip-Flops,2027-01-31 00:00:00,184
Flip-Flops,2027-02-28 00:00:00,217
Flip-Flops,2027-03-31 00:00:00,188
Flip-Flops,2027-04-30 00:00:00,192
Flip-Flops,2027-05-31 00:00:00,173
Flip-Flops,2027-06-30 00:00:00,171
Flip-Flops,2027-07-31 00:00:00,233
Flip-Flops,2027-08-31 00:00:00,165
Flip-Flops,2027-09-30 00:00:00,180
Flip-Flops,2027-10-31 00:00:00,178
Flip-Flops,2027-11-30 00:00:00,170
Flip-Flops,2027-12-31 00:00:00,192
Flip-Flops,2028-01-31 00:00:00,189
Flip-Flops,2028-02-29 00:00:00,222
Flip-Flops,2028-03-31 00:00:00,190
Flip-Flops,2028-04-30 00:00:00,193
Flip-Flops,2028-05-31 00:00:00,179
Flip-Flops,2028-06-30 00:00:00,176
Flip-Flops,2028-07-31 00:00:00,243
Flip-Flops,2028-08-31 00:00:00,170
Flip-Flops,2028-09-30 00:00:00,184
Formal Suit,2015-01-31 00:00:00,202
Formal Suit,2015-02-28 00:00:00,161
Formal Suit,2015-03-31 00:00:00,169
Formal Suit,2015-04-30 00:00:00,66
Formal Suit,2015-05-31 00:00:00,169
Formal Suit,2015-06-30 00:00:00,245
Formal Suit,2015-07-31 00:00:00,241
Formal Suit,2015-08-31 00:00:00,194
Formal Suit,2015-09-30 00:00:00,122
Formal Suit,2015-10-31 00:00:00,246
Formal Suit,2015-11-30 00:00:00,150
Formal Suit,2015-12-31 00:00:00,70
Formal Suit,2016-01-31 00:00:00,212
Formal Suit,2016-02-29 00:00:00,198
Formal Suit,2016-03-31 00:00:00,209
Formal Suit,2016-04-30 00:00:00,132
Formal Suit,2016-05-31 00:00:00,160
Formal Suit,2016-06-30 00:00:00,198
Formal Suit,2016-07-31 00:00:00,171
Formal Suit,2016-08-31 00:00:00,226
Formal Suit,2016-09-30 00:00:00,136
Formal Suit,2016-10-31 00:00:00,183
Formal Suit,2016-11-30 00:00:00,149
Formal Suit,2016-12-31 00:00:00,189
Formal Suit,2017-01-31 00:00:00,137
Formal Suit,2017-02-28 00:00:00,260
Formal Suit,2017-03-31 00:00:00,153
Formal Suit,2017-04-30 00:00:00,133
Formal Suit,2017-05-31 00:00:00,115
Formal Suit,2017-06-30 00:00:00,171
Formal Suit,2017-07-31 00:00:00,192
Formal Suit,2017-08-31 00:00:00,226
Formal Suit,2017-09-30 00:00:00,108
Formal Suit,2017-10-31 00:00:00,167
Formal Suit,2017-11-30 00:00:00,185
Formal Suit,2017-12-31 00:00:00,273
Formal Suit,2018-01-31 00:00:00,141
Formal Suit,2018-02-28 00:00:00,126
Formal Suit,2018-03-31 00:00:00,199
Formal Suit,2018-04-30 00:00:00,183
Formal Suit,2018-05-31 00:00:00,138
Formal Suit,2018-06-30 00:00:00,197
Formal Suit,2018-07-31 00:00:00,107
Formal Suit,2018-08-31 00:00:00,208
Formal Suit,2018-09-30 00:00:00,140
Formal Suit,2018-10-31 00:00:00,190
Formal Suit,2018-11-30 00:00:00,118
Formal Suit,2018-12-31 00:00:00,202
Formal Suit,2019-01-31 00:00:00,162
Formal Suit,2019-02-28 00:00:00,186
Formal Suit,2019-03-31 00:00:00,217
Formal Suit,2019-04-30 00:00:00,132
Formal Suit,2019-05-31 00:00:00,131
Formal Suit,2019-06-30 00:00:00,162
Formal Suit,2019-07-31 00:00:00,166
Formal Suit,2019-08-31 00:00:00,249
Formal Suit,2019-09-30 00:00:00,156
Formal Suit,2019-10-31 00:00:00,119
Formal Suit,2019-11-30 00:00:00,179
Formal Suit,2019-12-31 00:00:00,102
Formal Suit,2020-01-31 00:00:00,121
Formal Suit,2020-02-29 00:00:00,172
Formal Suit,2020-03-31 00:00:00,101
Formal Suit,2020-04-30 00:00:00,188
Formal Suit,2020-05-31 00:00:00,170
Formal Suit,2020-06-30 00:00:00,220
Formal Suit,2020-07-31 00:00:00,259
Formal Suit,2020-08-31 00:00:00,247
Formal Suit,2020-09-30 00:00:00,161
Formal Suit,2020-10-31 00:00:00,195
Formal Suit,2020-11-30 00:00:00,128
Formal Suit,2020-12-31 00:00:00,209
Formal Suit,2021-01-31 00:00:00,159
Formal Suit,2021-02-28 00:00:00,192
Formal Suit,2021-03-31 00:00:00,142
Formal Suit,2021-04-30 00:00:00,159
Formal Suit,2021-05-31 00:00:00,142
Formal Suit,2021-06-30 00:00:00,172
Formal Suit,2021-07-31 00:00:00,200
Formal Suit,2021-08-31 00:00:00,109
Formal Suit,2021-09-30 00:00:00,134
Formal Suit,2021-10-31 00:00:00,171
Formal Suit,2021-11-30 00:00:00,236
Formal Suit,2021-12-31 00:00:00,144
Formal Suit,2022-01-31 00:00:00,111
Formal Suit,2022-02-28 00:00:00,130
Formal Suit,2022-03-31 00:00:00,195
Formal Suit,2022-04-30 00:00:00,163
Formal Suit,2022-05-31 00:00:00,167
Formal Suit,2022-06-30 00:00:00,171
Formal Suit,2022-07-31 00:00:00,123
Formal Suit,2022-08-31 00:00:00,300
Formal Suit,2022-09-30 00:00:00,242
Formal Suit,2022-10-31 00:00:00,159
Formal Suit,2022-11-30 00:00:00,154
Formal Suit,2022-12-31 00:00:00,118
Formal Suit,2023-01-31 00:00:00,109
Formal Suit,2023-02-28 00:00:00,194
Formal Suit,2023-03-31 00:00:00,125
Formal Suit,2023-04-30 00:00:00,284
Formal Suit,2023-05-31 00:00:00,168
Formal Suit,2023-06-30 00:00:00,77
Formal Suit,2023-07-31 00:00:00,177
Formal Suit,2023-08-31 00:00:00,187
Formal Suit,2023-09-30 00:00:00,149
Formal Suit,2023-10-31 00:00:00,126
Formal Suit,2023-11-30 00:00:00,165
Formal Suit,2023-12-31 00:00:00,218
Formal Suit,2024-01-31 00:00:00,120
Formal Suit,2024-02-29 00:00:00,146
Formal Suit,2024-03-31 00:00:00,138
Formal Suit,2024-04-30 00:00:00,157
Formal Suit,2024-05-31 00:00:00,153
Formal Suit,2024-06-30 00:00:00,159
Formal Suit,2024-07-31 00:00:00,159
Formal Suit,2024-08-31 00:00:00,199
Formal Suit,2024-09-30 00:00:00,162
Formal Suit,2024-10-31 00:00:00,154
Formal Suit,2024-11-30 00:00:00,158
Formal Suit,2024-12-31 00:00:00,141
Formal Suit,2025-01-31 00:00:00,115
Formal Suit,2025-02-28 00:00:00,157
Formal Suit,2025-03-31 00:00:00,142
Formal Suit,2025-04-30 00:00:00,183
Formal Suit,2025-05-31 00:00:00,146
Formal Suit,2025-06-30 00:00:00,137
Formal Suit,2025-07-31 00:00:00,161
Formal Suit,2025-08-31 00:00:00,198
Formal Suit,2025-09-30 00:00:00,159
Formal Suit,2025-10-31 00:00:00,141
Formal Suit,2025-11-30 00:00:00,158
Formal Suit,2025-12-31 00:00:00,155
Formal Suit,2026-01-31 00:00:00,117
Formal Suit,2026-02-28 00:00:00,155
Formal Suit,2026-03-31 00:00:00,138
Formal Suit,2026-04-30 00:00:00,185
Formal Suit,2026-05-31 00:00:00,151
Formal Suit,2026-06-30 00:00:00,137
Formal Suit,2026-07-31 00:00:00,156
Formal Suit,2026-08-31 00:00:00,193
Formal Suit,2026-09-30 00:00:00,161
Formal Suit,2026-10-31 00:00:00,144
Formal Suit,2026-11-30 00:00:00,159
Formal Suit,2026-12-31 00:00:00,153
Formal Suit,2027-01-31 00:00:00,116
Formal Suit,2027-02-28 00:00:00,156
Formal Suit,2027-03-31 00:00:00,140
Formal Suit,2027-04-30 00:00:00,186
Formal Suit,2027-05-31 00:00:00,151
Formal Suit,2027-06-30 00:00:00,136
Formal Suit,2027-07-31 00:00:00,158
Formal Suit,2027-08-31 00:00:00,200
Formal Suit,2027-09-30 00:00:00,164
Formal Suit,2027-10-31 00:00:00,143
Formal Suit,2027-11-30 00:00:00,158
Formal Suit,2027-12-31 00:00:00,154
Formal Suit,2028-01-31 00:00:00,117
Formal Suit,2028-02-29 00:00:00,156
Formal Suit,2028-03-31 00:00:00,141
Formal Suit,2028-04-30 00:00:00,188
Formal Suit,2028-05-31 00:00:00,152
Formal Suit,2028-06-30 00:00:00,139
Formal Suit,2028-07-31 00:00:00,159
Formal Suit,2028-08-31 00:00:00,198
Formal Suit,2028-09-30 00:00:00,162
Gaming Mouse,2015-01-31 00:00:00,163
Gaming Mouse,2015-02-28 00:00:00,189
Gaming Mouse,2015-03-31 00:00:00,157
Gaming Mouse,2015-04-30 00:00:00,176
Gaming Mouse,2015-05-31 00:00:00,190
Gaming Mouse,2015-06-30 00:00:00,234
Gaming Mouse,2015-07-31 00:00:00,137
Gaming Mouse,2015-08-31 00:00:00,91
Gaming Mouse,2015-09-30 00:00:00,126
Gaming Mouse,2015-10-31 00:00:00,198
Gaming Mouse,2015-11-30 00:00:00,108
Gaming Mouse,2015-12-31 00:00:00,112
Gaming Mouse,2016-01-31 00:00:00,157
Gaming Mouse,2016-02-29 00:00:00,236
Gaming Mouse,2016-03-31 00:00:00,195
Gaming Mouse,2016-04-30 00:00:00,118
Gaming Mouse,2016-05-31 00:00:00,176
Gaming Mouse,2016-06-30 00:00:00,167
Gaming Mouse,2016-07-31 00:00:00,194
Gaming Mouse,2016-08-31 00:00:00,178
Gaming Mouse,2016-09-30 00:00:00,177
Gaming Mouse,2016-10-31 00:00:00,173
Gaming Mouse,2016-11-30 00:00:00,58
Gaming Mouse,2016-12-31 00:00:00,135
Gaming Mouse,2017-01-31 00:00:00,195
Gaming Mouse,2017-02-28 00:00:00,311
Gaming Mouse,2017-03-31 00:00:00,152
Gaming Mouse,2017-04-30 00:00:00,176
Gaming Mouse,2017-05-31 00:00:00,130
Gaming Mouse,2017-06-30 00:00:00,80
Gaming Mouse,2017-07-31 00:00:00,217
Gaming Mouse,2017-08-31 00:00:00,171
Gaming Mouse,2017-09-30 00:00:00,74
Gaming Mouse,2017-10-31 00:00:00,157
Gaming Mouse,2017-11-30 00:00:00,143
Gaming Mouse,2017-12-31 00:00:00,107
Gaming Mouse,2018-01-31 00:00:00,145
Gaming Mouse,2018-02-28 00:00:00,125
Gaming Mouse,2018-03-31 00:00:00,128
Gaming Mouse,2018-04-30 00:00:00,101
Gaming Mouse,2018-05-31 00:00:00,170
Gaming Mouse,2018-06-30 00:00:00,90
Gaming Mouse,2018-07-31 00:00:00,141
Gaming Mouse,2018-08-31 00:00:00,215
Gaming Mouse,2018-09-30 00:00:00,109
Gaming Mouse,2018-10-31 00:00:00,145
Gaming Mouse,2018-11-30 00:00:00,127
Gaming Mouse,2018-12-31 00:00:00,232
Gaming Mouse,2019-01-31 00:00:00,98
Gaming Mouse,2019-02-28 00:00:00,164
Gaming Mouse,2019-03-31 00:00:00,141
Gaming Mouse,2019-04-30 00:00:00,96
Gaming Mouse,2019-05-31 00:00:00,90
Gaming Mouse,2019-06-30 00:00:00,118
Gaming Mouse,2019-07-31 00:00:00,126
Gaming Mouse,2019-08-31 00:00:00,175
Gaming Mouse,2019-09-30 00:00:00,192
Gaming Mouse,2019-10-31 00:00:00,87
Gaming Mouse,2019-11-30 00:00:00,73
Gaming Mouse,2019-12-31 00:00:00,152
Gaming Mouse,2020-01-31 00:00:00,133
Gaming Mouse,2020-02-29 00:00:00,79
Gaming Mouse,2020-03-31 00:00:00,115
Gaming Mouse,2020-04-30 00:00:00,140
Gaming Mouse,2020-05-31 00:00:00,85
Gaming Mouse,2020-06-30 00:00:00,151
Gaming Mouse,2020-07-31 00:00:00,228
Gaming Mouse,2020-08-31 00:00:00,165
Gaming Mouse,2020-09-30 00:00:00,150
Gaming Mouse,2020-10-31 00:00:00,218
Gaming Mouse,2020-11-30 00:00:00,70
Gaming Mouse,2020-12-31 00:00:00,177
Gaming Mouse,2021-01-31 00:00:00,84
Gaming Mouse,2021-02-28 00:00:00,210
Gaming Mouse,2021-03-31 00:00:00,74
Gaming Mouse,2021-04-30 00:00:00,193
Gaming Mouse,2021-05-31 00:00:00,133
Gaming Mouse,2021-06-30 00:00:00,99
Gaming Mouse,2021-07-31 00:00:00,115
Gaming Mouse,2021-08-31 00:00:00,97
Gaming Mouse,2021-09-30 00:00:00,132
Gaming Mouse,2021-10-31 00:00:00,165
Gaming Mouse,2021-11-30 00:00:00,204
Gaming Mouse,2021-12-31 00:00:00,94
Gaming Mouse,2022-01-31 00:00:00,99
Gaming Mouse,2022-02-28 00:00:00,115
Gaming Mouse,2022-03-31 00:00:00,121
Gaming Mouse,2022-04-30 00:00:00,192
Gaming Mouse,2022-05-31 00:00:00,121
Gaming Mouse,2022-06-30 00:00:00,178
Gaming Mouse,2022-07-31 00:00:00,83
Gaming Mouse,2022-08-31 00:00:00,63
Gaming Mouse,2022-09-30 00:00:00,128
Gaming Mouse,2022-10-31 00:00:00,164
Gaming Mouse,2022-11-30 00:00:00,121
Gaming Mouse,2022-12-31 00:00:00,127
Gaming Mouse,2023-01-31 00:00:00,182
Gaming Mouse,2023-02-28 00:00:00,195
Gaming Mouse,2023-03-31 00:00:00,148
Gaming Mouse,2023-04-30 00:00:00,121
Gaming Mouse,2023-05-31 00:00:00,158
Gaming Mouse,2023-06-30 00:00:00,146
Gaming Mouse,2023-07-31 00:00:00,170
Gaming Mouse,2023-08-31 00:00:00,172
Gaming Mouse,2023-09-30 00:00:00,64
Gaming Mouse,2023-10-31 00:00:00,201
Gaming Mouse,2023-11-30 00:00:00,213
Gaming Mouse,2023-12-31 00:00:00,144
Gaming Mouse,2024-01-31 00:00:00,133
Gaming Mouse,2024-02-29 00:00:00,162
Gaming Mouse,2024-03-31 00:00:00,138
Gaming Mouse,2024-04-30 00:00:00,153
Gaming Mouse,2024-05-31 00:00:00,142
Gaming Mouse,2024-06-30 00:00:00,165
Gaming Mouse,2024-07-31 00:00:00,135
Gaming Mouse,2024-08-31 00:00:00,130
Gaming Mouse,2024-09-30 00:00:00,98
Gaming Mouse,2024-10-31 00:00:00,183
Gaming Mouse,2024-11-30 00:00:00,171
Gaming Mouse,2024-12-31 00:00:00,140
Gaming Mouse,2025-01-31 00:00:00,164
Gaming Mouse,2025-02-28 00:00:00,186
Gaming Mouse,2025-03-31 00:00:00,150
Gaming Mouse,2025-04-30 00:00:00,149
Gaming Mouse,2025-05-31 00:00:00,158
Gaming Mouse,2025-06-30 00:00:00,165
Gaming Mouse,2025-07-31 00:00:00,157
Gaming Mouse,2025-08-31 00:00:00,160
Gaming Mouse,2025-09-30 00:00:00,95
Gaming Mouse,2025-10-31 00:00:00,203
Gaming Mouse,2025-11-30 00:00:00,195
Gaming Mouse,2025-12-31 00:00:00,155
Gaming Mouse,2026-01-31 00:00:00,162
Gaming Mouse,2026-02-28 00:00:00,189
Gaming Mouse,2026-03-31 00:00:00,158
Gaming Mouse,2026-04-30 00:00:00,166
Gaming Mouse,2026-05-31 00:00:00,164
Gaming Mouse,2026-06-30 00:00:00,178
Gaming Mouse,2026-07-31 00:00:00,158
Gaming Mouse,2026-08-31 00:00:00,153
Gaming Mouse,2026-09-30 00:00:00,117
Gaming Mouse,2026-10-31 00:00:00,203
Gaming Mouse,2026-11-30 00:00:00,196
Gaming Mouse,2026-12-31 00:00:00,157
Gaming Mouse,2027-01-31 00:00:00,175
Gaming Mouse,2027-02-28 00:00:00,199
Gaming Mouse,2027-03-31 00:00:00,167
Gaming Mouse,2027-04-30 00:00:00,173
Gaming Mouse,2027-05-31 00:00:00,175
Gaming Mouse,2027-06-30 00:00:00,184
Gaming Mouse,2027-07-31 00:00:00,174
Gaming Mouse,2027-08-31 00:00:00,170
Gaming Mouse,2027-09-30 00:00:00,120
Gaming Mouse,2027-10-31 00:00:00,213
Gaming Mouse,2027-11-30 00:00:00,211
Gaming Mouse,2027-12-31 00:00:00,168
Gaming Mouse,2028-01-31 00:00:00,185
Gaming Mouse,2028-02-29 00:00:00,206
Gaming Mouse,2028-03-31 00:00:00,176
Gaming Mouse,2028-04-30 00:00:00,180
Gaming Mouse,2028-05-31 00:00:00,183
Gaming Mouse,2028-06-30 00:00:00,195
Gaming Mouse,2028-07-31 00:00:00,181
Gaming Mouse,2028-08-31 00:00:00,176
Gaming Mouse,2028-09-30 00:00:00,130
HD Webcam,2015-01-31 00:00:00,256
HD Webcam,2015-02-28 00:00:00,177
HD Webcam,2015-03-31 00:00:00,284
HD Webcam,2015-04-30 00:00:00,245
HD Webcam,2015-05-31 00:00:00,273
HD Webcam,2015-06-30 00:00:00,147
HD Webcam,2015-07-31 00:00:00,201
HD Webcam,2015-08-31 00:00:00,357
HD Webcam,2015-09-30 00:00:00,187
HD Webcam,2015-10-31 00:00:00,157
HD Webcam,2015-11-30 00:00:00,225
HD Webcam,2015-12-31 00:00:00,264
HD Webcam,2016-01-31 00:00:00,160
HD Webcam,2016-02-29 00:00:00,212
HD Webcam,2016-03-31 00:00:00,131
HD Webcam,2016-04-30 00:00:00,190
HD Webcam,2016-05-31 00:00:00,174
HD Webcam,2016-06-30 00:00:00,195
HD Webcam,2016-07-31 00:00:00,209
HD Webcam,2016-08-31 00:00:00,152
HD Webcam,2016-09-30 00:00:00,280
HD Webcam,2016-10-31 00:00:00,104
HD Webcam,2016-11-30 00:00:00,156
HD Webcam,2016-12-31 00:00:00,163
HD Webcam,2017-01-31 00:00:00,223
HD Webcam,2017-02-28 00:00:00,203
HD Webcam,2017-03-31 00:00:00,209
HD Webcam,2017-04-30 00:00:00,211
HD Webcam,2017-05-31 00:00:00,212
HD Webcam,2017-06-30 00:00:00,210
HD Webcam,2017-07-31 00:00:00,142
HD Webcam,2017-08-31 00:00:00,282
HD Webcam,2017-09-30 00:00:00,216
HD Webcam,2017-10-31 00:00:00,207
HD Webcam,2017-11-30 00:00:00,202
HD Webcam,2017-12-31 00:00:00,189
HD Webcam,2018-01-31 00:00:00,175
HD Webcam,2018-02-28 00:00:00,207
HD Webcam,2018-03-31 00:00:00,289
HD Webcam,2018-04-30 00:00:00,321
HD Webcam,2018-05-31 00:00:00,218
HD Webcam,2018-06-30 00:00:00,176
HD Webcam,2018-07-31 00:00:00,249
HD Webcam,2018-08-31 00:00:00,188
HD Webcam,2018-09-30 00:00:00,251
HD Webcam,2018-10-31 00:00:00,223
HD Webcam,2018-11-30 00:00:00,185
HD Webcam,2018-12-31 00:00:00,254
HD Webcam,2019-01-31 00:00:00,302
HD Webcam,2019-02-28 00:00:00,176
HD Webcam,2019-03-31 00:00:00,261
HD Webcam,2019-04-30 00:00:00,315
HD Webcam,2019-05-31 00:00:00,184
HD Webcam,2019-06-30 00:00:00,183
HD Webcam,2019-07-31 00:00:00,154
HD Webcam,2019-08-31 00:00:00,232
HD Webcam,2019-09-30 00:00:00,244
HD Webcam,2019-10-31 00:00:00,235
HD Webcam,2019-11-30 00:00:00,144
HD Webcam,2019-12-31 00:00:00,248
HD Webcam,2020-01-31 00:00:00,264
HD Webcam,2020-02-29 00:00:00,247
HD Webcam,2020-03-31 00:00:00,203
HD Webcam,2020-04-30 00:00:00,221
HD Webcam,2020-05-31 00:00:00,146
HD Webcam,2020-06-30 00:00:00,222
HD Webcam,2020-07-31 00:00:00,295
HD Webcam,2020-08-31 00:00:00,182
HD Webcam,2020-09-30 00:00:00,245
HD Webcam,2020-10-31 00:00:00,199
HD Webcam,2020-11-30 00:00:00,195
HD Webcam,2020-12-31 00:00:00,244
HD Webcam,2021-01-31 00:00:00,203
HD Webcam,2021-02-28 00:00:00,226
HD Webcam,2021-03-31 00:00:00,170
HD Webcam,2021-04-30 00:00:00,185
HD Webcam,2021-05-31 00:00:00,211
HD Webcam,2021-06-30 00:00:00,203
HD Webcam,2021-07-31 00:00:00,173
HD Webcam,2021-08-31 00:00:00,308
HD Webcam,2021-09-30 00:00:00,345
HD Webcam,2021-10-31 00:00:00,232
HD Webcam,2021-11-30 00:00:00,232
HD Webcam,2021-12-31 00:00:00,184
HD Webcam,2022-01-31 00:00:00,189
HD Webcam,2022-02-28 00:00:00,262
HD Webcam,2022-03-31 00:00:00,189
HD Webcam,2022-04-30 00:00:00,195
HD Webcam,2022-05-31 00:00:00,174
HD Webcam,2022-06-30 00:00:00,252
HD Webcam,2022-07-31 00:00:00,233
HD Webcam,2022-08-31 00:00:00,245
HD Webcam,2022-09-30 00:00:00,177
HD Webcam,2022-10-31 00:00:00,178
HD Webcam,2022-11-30 00:00:00,178
HD Webcam,2022-12-31 00:00:00,195
HD Webcam,2023-01-31 00:00:00,108
HD Webcam,2023-02-28 00:00:00,148
HD Webcam,2023-03-31 00:00:00,307
HD Webcam,2023-04-30 00:00:00,250
HD Webcam,2023-05-31 00:00:00,205
HD Webcam,2023-06-30 00:00:00,196
HD Webcam,2023-07-31 00:00:00,258
HD Webcam,2023-08-31 00:00:00,261
HD Webcam,2023-09-30 00:00:00,186
HD Webcam,2023-10-31 00:00:00,178
HD Webcam,2023-11-30 00:00:00,279
HD Webcam,2023-12-31 00:00:00,307
HD Webcam,2024-01-31 00:00:00,140
HD Webcam,2024-02-29 00:00:00,196
HD Webcam,2024-03-31 00:00:00,265
HD Webcam,2024-04-30 00:00:00,257
HD Webcam,2024-05-31 00:00:00,219
HD Webcam,2024-06-30 00:00:00,232
HD Webcam,2024-07-31 00:00:00,255
HD Webcam,2024-08-31 00:00:00,274
HD Webcam,2024-09-30 00:00:00,210
HD Webcam,2024-10-31 00:00:00,195
HD Webcam,2024-11-30 00:00:00,237
HD Webcam,2024-12-31 00:00:00,272
HD Webcam,2025-01-31 00:00:00,168
HD Webcam,2025-02-28 00:00:00,202
HD Webcam,2025-03-31 00:00:00,313
HD Webcam,2025-04-30 00:00:00,273
HD Webcam,2025-05-31 00:00:00,240
HD Webcam,2025-06-30 00:00:00,244
HD Webcam,2025-07-31 00:00:00,274
HD Webcam,2025-08-31 00:00:00,299
HD Webcam,2025-09-30 00:00:00,227
HD Webcam,2025-10-31 00:00:00,217
HD Webcam,2025-11-30 00:00:00,281
HD Webcam,2025-12-31 00:00:00,312
HD Webcam,2026-01-31 00:00:00,196
HD Webcam,2026-02-28 00:00:00,240
HD Webcam,2026-03-31 00:00:00,321
HD Webcam,2026-04-30 00:00:00,306
HD Webcam,2026-05-31 00:00:00,265
HD Webcam,2026-06-30 00:00:00,268
HD Webcam,2026-07-31 00:00:00,305
HD Webcam,2026-08-31 00:00:00,321
HD Webcam,2026-09-30 00:00:00,254
HD Webcam,2026-10-31 00:00:00,247
HD Webcam,2026-11-30 00:00:00,292
HD Webcam,2026-12-31 00:00:00,328
HD Webcam,2027-01-31 00:00:00,214
HD Webcam,2027-02-28 00:00:00,259
HD Webcam,2027-03-31 00:00:00,354
HD Webcam,2027-04-30 00:00:00,325
HD Webcam,2027-05-31 00:00:00,290
HD Webcam,2027-06-30 00:00:00,295
HD Webcam,2027-07-31 00:00:00,333
HD Webcam,2027-08-31 00:00:00,342
HD Webcam,2027-09-30 00:00:00,279
HD Webcam,2027-10-31 00:00:00,273
HD Webcam,2027-11-30 00:00:00,333
HD Webcam,2027-12-31 00:00:00,358
HD Webcam,2028-01-31 00:00:00,239
HD Webcam,2028-02-29 00:00:00,287
HD Webcam,2028-03-31 00:00:00,372
HD Webcam,2028-04-30 00:00:00,353
HD Webcam,2028-05-31 00:00:00,313
HD Webcam,2028-06-30 00:00:00,324
HD Webcam,2028-07-31 00:00:00,356
HD Webcam,2028-08-31 00:00:00,367
HD Webcam,2028-09-30 00:00:00,299
Hiking Boots,2015-01-31 00:00:00,292
Hiking Boots,2015-02-28 00:00:00,263
Hiking Boots,2015-03-31 00:00:00,257
Hiking Boots,2015-04-30 00:00:00,244
Hiking Boots,2015-05-31 00:00:00,368
Hiking Boots,2015-06-30 00:00:00,264
Hiking Boots,2015-07-31 00:00:00,300
Hiking Boots,2015-08-31 00:00:00,321
Hiking Boots,2015-09-30 00:00:00,336
Hiking Boots,2015-10-31 00:00:00,213
Hiking Boots,2015-11-30 00:00:00,271
Hiking Boots,2015-12-31 00:00:00,159
Hiking Boots,2016-01-31 00:00:00,240
Hiking Boots,2016-02-29 00:00:00,241
Hiking Boots,2016-03-31 00:00:00,202
Hiking Boots,2016-04-30 00:00:00,278
Hiking Boots,2016-05-31 00:00:00,293
Hiking Boots,2016-06-30 00:00:00,294
Hiking Boots,2016-07-31 00:00:00,283
Hiking Boots,2016-08-31 00:00:00,279
Hiking Boots,2016-09-30 00:00:00,373
Hiking Boots,2016-10-31 00:00:00,209
Hiking Boots,2016-11-30 00:00:00,212
Hiking Boots,2016-12-31 00:00:00,248
Hiking Boots,2017-01-31 00:00:00,262
Hiking Boots,2017-02-28 00:00:00,283
Hiking Boots,2017-03-31 00:00:00,270
Hiking Boots,2017-04-30 00:00:00,243
Hiking Boots,2017-05-31 00:00:00,196
Hiking Boots,2017-06-30 00:00:00,393
Hiking Boots,2017-07-31 00:00:00,270
Hiking Boots,2017-08-31 00:00:00,237
Hiking Boots,2017-09-30 00:00:00,191
Hiking Boots,2017-10-31 00:00:00,349
Hiking Boots,2017-11-30 00:00:00,237
Hiking Boots,2017-12-31 00:00:00,183
Hiking Boots,2018-01-31 00:00:00,278
Hiking Boots,2018-02-28 00:00:00,318
Hiking Boots,2018-03-31 00:00:00,263
Hiking Boots,2018-04-30 00:00:00,289
Hiking Boots,2018-05-31 00:00:00,320
Hiking Boots,2018-06-30 00:00:00,137
Hiking Boots,2018-07-31 00:00:00,179
Hiking Boots,2018-08-31 00:00:00,225
Hiking Boots,2018-09-30 00:00:00,260
Hiking Boots,2018-10-31 00:00:00,258
Hiking Boots,2018-11-30 00:00:00,217
Hiking Boots,2018-12-31 00:00:00,281
Hiking Boots,2019-01-31 00:00:00,201
Hiking Boots,2019-02-28 00:00:00,226
Hiking Boots,2019-03-31 00:00:00,219
Hiking Boots,2019-04-30 00:00:00,139
Hiking Boots,2019-05-31 00:00:00,266
Hiking Boots,2019-06-30 00:00:00,256
Hiking Boots,2019-07-31 00:00:00,286
Hiking Boots,2019-08-31 00:00:00,260
Hiking Boots,2019-09-30 00:00:00,270
Hiking Boots,2019-10-31 00:00:00,192
Hiking Boots,2019-11-30 00:00:00,157
Hiking Boots,2019-12-31 00:00:00,298
Hiking Boots,2020-01-31 00:00:00,337
Hiking Boots,2020-02-29 00:00:00,235
Hiking Boots,2020-03-31 00:00:00,361
Hiking Boots,2020-04-30 00:00:00,299
Hiking Boots,2020-05-31 00:00:00,176
Hiking Boots,2020-06-30 00:00:00,259
Hiking Boots,2020-07-31 00:00:00,284
Hiking Boots,2020-08-31 00:00:00,192
Hiking Boots,2020-09-30 00:00:00,234
Hiking Boots,2020-10-31 00:00:00,225
Hiking Boots,2020-11-30 00:00:00,260
Hiking Boots,2020-12-31 00:00:00,206
Hiking Boots,2021-01-31 00:00:00,172
Hiking Boots,2021-02-28 00:00:00,272
Hiking Boots,2021-03-31 00:00:00,145
Hiking Boots,2021-04-30 00:00:00,218
Hiking Boots,2021-05-31 00:00:00,308
Hiking Boots,2021-06-30 00:00:00,235
Hiking Boots,2021-07-31 00:00:00,195
Hiking Boots,2021-08-31 00:00:00,307
Hiking Boots,2021-09-30 00:00:00,374
Hiking Boots,2021-10-31 00:00:00,265
Hiking Boots,2021-11-30 00:00:00,271
Hiking Boots,2021-12-31 00:00:00,225
Hiking Boots,2022-01-31 00:00:00,307
Hiking Boots,2022-02-28 00:00:00,218
Hiking Boots,2022-03-31 00:00:00,294
Hiking Boots,2022-04-30 00:00:00,241
Hiking Boots,2022-05-31 00:00:00,215
Hiking Boots,2022-06-30 00:00:00,300
Hiking Boots,2022-07-31 00:00:00,284
Hiking Boots,2022-08-31 00:00:00,216
Hiking Boots,2022-09-30 00:00:00,173
Hiking Boots,2022-10-31 00:00:00,210
Hiking Boots,2022-11-30 00:00:00,247
Hiking Boots,2022-12-31 00:00:00,244
Hiking Boots,2023-01-31 00:00:00,288
Hiking Boots,2023-02-28 00:00:00,267
Hiking Boots,2023-03-31 00:00:00,203
Hiking Boots,2023-04-30 00:00:00,420
Hiking Boots,2023-05-31 00:00:00,329
Hiking Boots,2023-06-30 00:00:00,195
Hiking Boots,2023-07-31 00:00:00,146
Hiking Boots,2023-08-31 00:00:00,227
Hiking Boots,2023-09-30 00:00:00,210
Hiking Boots,2023-10-31 00:00:00,362
Hiking Boots,2023-11-30 00:00:00,381
Hiking Boots,2023-12-31 00:00:00,213
Hiking Boots,2024-01-31 00:00:00,257
Hiking Boots,2024-02-29 00:00:00,301
Hiking Boots,2024-03-31 00:00:00,289
Hiking Boots,2024-04-30 00:00:00,228
Hiking Boots,2024-05-31 00:00:00,269
Hiking Boots,2024-06-30 00:00:00,298
Hiking Boots,2024-07-31 00:00:00,292
Hiking Boots,2024-08-31 00:00:00,273
Hiking Boots,2024-09-30 00:00:00,303
Hiking Boots,2024-10-31 00:00:00,245
Hiking Boots,2024-11-30 00:00:00,240
Hiking Boots,2024-12-31 00:00:00,265
Hiking Boots,2025-01-31 00:00:00,280
Hiking Boots,2025-02-28 00:00:00,268
Hiking Boots,2025-03-31 00:00:00,266
Hiking Boots,2025-04-30 00:00:00,289
Hiking Boots,2025-05-31 00:00:00,283
Hiking Boots,2025-06-30 00:00:00,268
Hiking Boots,2025-07-31 00:00:00,255
Hiking Boots,2025-08-31 00:00:00,261
Hiking Boots,2025-09-30 00:00:00,269
Hiking Boots,2025-10-31 00:00:00,274
Hiking Boots,2025-11-30 00:00:00,278
Hiking Boots,2025-12-31 00:00:00,251
Hiking Boots,2026-01-31 00:00:00,289
Hiking Boots,2026-02-28 00:00:00,281
Hiking Boots,2026-03-31 00:00:00,272
Hiking Boots,2026-04-30 00:00:00,293
Hiking Boots,2026-05-31 00:00:00,288
Hiking Boots,2026-06-30 00:00:00,273
Hiking Boots,2026-07-31 00:00:00,262
Hiking Boots,2026-08-31 00:00:00,266
Hiking Boots,2026-09-30 00:00:00,279
Hiking Boots,2026-10-31 00:00:00,282
Hiking Boots,2026-11-30 00:00:00,285
Hiking Boots,2026-12-31 00:00:00,260
Hiking Boots,2027-01-31 00:00:00,292
Hiking Boots,2027-02-28 00:00:00,291
Hiking Boots,2027-03-31 00:00:00,279
Hiking Boots,2027-04-30 00:00:00,297
Hiking Boots,2027-05-31 00:00:00,299
Hiking Boots,2027-06-30 00:00:00,284
Hiking Boots,2027-07-31 00:00:00,270
Hiking Boots,2027-08-31 00:00:00,275
Hiking Boots,2027-09-30 00:00:00,287
Hiking Boots,2027-10-31 00:00:00,290
Hiking Boots,2027-11-30 00:00:00,294
Hiking Boots,2027-12-31 00:00:00,267
Hiking Boots,2028-01-31 00:00:00,299
Hiking Boots,2028-02-29 00:00:00,290
Hiking Boots,2028-03-31 00:00:00,297
Hiking Boots,2028-04-30 00:00:00,313
Hiking Boots,2028-05-31 00:00:00,306
Hiking Boots,2028-06-30 00:00:00,294
Hiking Boots,2028-07-31 00:00:00,278
Hiking Boots,2028-08-31 00:00:00,279
Hiking Boots,2028-09-30 00:00:00,298
Hoodie,2015-01-31 00:00:00,124
Hoodie,2015-02-28 00:00:00,140
Hoodie,2015-03-31 00:00:00,204
Hoodie,2015-04-30 00:00:00,118
Hoodie,2015-05-31 00:00:00,158
Hoodie,2015-06-30 00:00:00,103
Hoodie,2015-07-31 00:00:00,82
Hoodie,2015-08-31 00:00:00,135
Hoodie,2015-09-30 00:00:00,241
Hoodie,2015-10-31 00:00:00,209
Hoodie,2015-11-30 00:00:00,198
Hoodie,2015-12-31 00:00:00,136
Hoodie,2016-01-31 00:00:00,199
Hoodie,2016-02-29 00:00:00,85
Hoodie,2016-03-31 00:00:00,147
Hoodie,2016-04-30 00:00:00,152
Hoodie,2016-05-31 00:00:00,222
Hoodie,2016-06-30 00:00:00,98
Hoodie,2016-07-31 00:00:00,137
Hoodie,2016-08-31 00:00:00,209
Hoodie,2016-09-30 00:00:00,232
Hoodie,2016-10-31 00:00:00,112
Hoodie,2016-11-30 00:00:00,104
Hoodie,2016-12-31 00:00:00,139
Hoodie,2017-01-31 00:00:00,144
Hoodie,2017-02-28 00:00:00,158
Hoodie,2017-03-31 00:00:00,128
Hoodie,2017-04-30 00:00:00,90
Hoodie,2017-05-31 00:00:00,38
Hoodie,2017-06-30 00:00:00,135
Hoodie,2017-07-31 00:00:00,145
Hoodie,2017-08-31 00:00:00,125
Hoodie,2017-09-30 00:00:00,107
Hoodie,2017-10-31 00:00:00,172
Hoodie,2017-11-30 00:00:00,170
Hoodie,2017-12-31 00:00:00,63
Hoodie,2018-01-31 00:00:00,111
Hoodie,2018-02-28 00:00:00,129
Hoodie,2018-03-31 00:00:00,154
Hoodie,2018-04-30 00:00:00,150
Hoodie,2018-05-31 00:00:00,91
Hoodie,2018-06-30 00:00:00,247
Hoodie,2018-07-31 00:00:00,152
Hoodie,2018-08-31 00:00:00,145
Hoodie,2018-09-30 00:00:00,104
Hoodie,2018-10-31 00:00:00,89
Hoodie,2018-11-30 00:00:00,147
Hoodie,2018-12-31 00:00:00,170
Hoodie,2019-01-31 00:00:00,118
Hoodie,2019-02-28 00:00:00,203
Hoodie,2019-03-31 00:00:00,205
Hoodie,2019-04-30 00:00:00,167
Hoodie,2019-05-31 00:00:00,98
Hoodie,2019-06-30 00:00:00,92
Hoodie,2019-07-31 00:00:00,109
Hoodie,2019-08-31 00:00:00,101
Hoodie,2019-09-30 00:00:00,69
Hoodie,2019-10-31 00:00:00,105
Hoodie,2019-11-30 00:00:00,181
Hoodie,2019-12-31 00:00:00,181
Hoodie,2020-01-31 00:00:00,93
Hoodie,2020-02-29 00:00:00,135
Hoodie,2020-03-31 00:00:00,201
Hoodie,2020-04-30 00:00:00,174
Hoodie,2020-05-31 00:00:00,110
Hoodie,2020-06-30 00:00:00,136
Hoodie,2020-07-31 00:00:00,86
Hoodie,2020-08-31 00:00:00,98
Hoodie,2020-09-30 00:00:00,64
Hoodie,2020-10-31 00:00:00,116
Hoodie,2020-11-30 00:00:00,101
Hoodie,2020-12-31 00:00:00,46
Hoodie,2021-01-31 00:00:00,66
Hoodie,2021-02-28 00:00:00,183
Hoodie,2021-03-31 00:00:00,116
Hoodie,2021-04-30 00:00:00,143
Hoodie,2021-05-31 00:00:00,204
Hoodie,2021-06-30 00:00:00,128
Hoodie,2021-07-31 00:00:00,240
Hoodie,2021-08-31 00:00:00,138
Hoodie,2021-09-30 00:00:00,103
Hoodie,2021-10-31 00:00:00,220
Hoodie,2021-11-30 00:00:00,112
Hoodie,2021-12-31 00:00:00,92
Hoodie,2022-01-31 00:00:00,231
Hoodie,2022-02-28 00:00:00,149
Hoodie,2022-03-31 00:00:00,111
Hoodie,2022-04-30 00:00:00,234
Hoodie,2022-05-31 00:00:00,146
Hoodie,2022-06-30 00:00:00,181
Hoodie,2022-07-31 00:00:00,157
Hoodie,2022-08-31 00:00:00,84
Hoodie,2022-09-30 00:00:00,150
Hoodie,2022-10-31 00:00:00,134
Hoodie,2022-11-30 00:00:00,89
Hoodie,2022-12-31 00:00:00,102
Hoodie,2023-01-31 00:00:00,185
Hoodie,2023-02-28 00:00:00,127
Hoodie,2023-03-31 00:00:00,122
Hoodie,2023-04-30 00:00:00,127
Hoodie,2023-05-31 00:00:00,94
Hoodie,2023-06-30 00:00:00,175
Hoodie,2023-07-31 00:00:00,133
Hoodie,2023-08-31 00:00:00,181
Hoodie,2023-09-30 00:00:00,56
Hoodie,2023-10-31 00:00:00,121
Hoodie,2023-11-30 00:00:00,203
Hoodie,2023-12-31 00:00:00,96
Hoodie,2024-01-31 00:00:00,133
Hoodie,2024-02-29 00:00:00,145
Hoodie,2024-03-31 00:00:00,131
Hoodie,2024-04-30 00:00:00,155
Hoodie,2024-05-31 00:00:00,121
Hoodie,2024-06-30 00:00:00,145
Hoodie,2024-07-31 00:00:00,141
Hoodie,2024-08-31 00:00:00,129
Hoodie,2024-09-30 00:00:00,102
Hoodie,2024-10-31 00:00:00,134
Hoodie,2024-11-30 00:00:00,138
Hoodie,2024-12-31 00:00:00,94
Hoodie,2025-01-31 00:00:00,142
Hoodie,2025-02-28 00:00:00,142
Hoodie,2025-03-31 00:00:00,135
Hoodie,2025-04-30 00:00:00,153
Hoodie,2025-05-31 00:00:00,124
Hoodie,2025-06-30 00:00:00,147
Hoodie,2025-07-31 00:00:00,141
Hoodie,2025-08-31 00:00:00,130
Hoodie,2025-09-30 00:00:00,104
Hoodie,2025-10-31 00:00:00,135
Hoodie,2025-11-30 00:00:00,139
Hoodie,2025-12-31 00:00:00,104
Hoodie,2026-01-31 00:00:00,144
Hoodie,2026-02-28 00:00:00,142
Hoodie,2026-03-31 00:00:00,137
Hoodie,2026-04-30 00:00:00,152
Hoodie,2026-05-31 00:00:00,122
Hoodie,2026-06-30 00:00:00,145
Hoodie,2026-07-31 00:00:00,135
Hoodie,2026-08-31 00:00:00,131
Hoodie,2026-09-30 00:00:00,104
Hoodie,2026-10-31 00:00:00,129
Hoodie,2026-11-30 00:00:00,139
Hoodie,2026-12-31 00:00:00,104
Hoodie,2027-01-31 00:00:00,139
Hoodie,2027-02-28 00:00:00,145
Hoodie,2027-03-31 00:00:00,138
Hoodie,2027-04-30 00:00:00,154
Hoodie,2027-05-31 00:00:00,127
Hoodie,2027-06-30 00:00:00,149
Hoodie,2027-07-31 00:00:00,143
Hoodie,2027-08-31 00:00:00,131
Hoodie,2027-09-30 00:00:00,104
Hoodie,2027-10-31 00:00:00,138
Hoodie,2027-11-30 00:00:00,141
Hoodie,2027-12-31 00:00:00,107
Hoodie,2028-01-31 00:00:00,145
Hoodie,2028-02-29 00:00:00,147
Hoodie,2028-03-31 00:00:00,141
Hoodie,2028-04-30 00:00:00,157
Hoodie,2028-05-31 00:00:00,127
Hoodie,2028-06-30 00:00:00,151
Hoodie,2028-07-31 00:00:00,143
Hoodie,2028-08-31 00:00:00,130
Hoodie,2028-09-30 00:00:00,107
Laptop Stand,2015-01-31 00:00:00,198
Laptop Stand,2015-02-28 00:00:00,165
Laptop Stand,2015-03-31 00:00:00,129
Laptop Stand,2015-04-30 00:00:00,158
Laptop Stand,2015-05-31 00:00:00,173
Laptop Stand,2015-06-30 00:00:00,264
Laptop Stand,2015-07-31 00:00:00,229
Laptop Stand,2015-08-31 00:00:00,143
Laptop Stand,2015-09-30 00:00:00,192
Laptop Stand,2015-10-31 00:00:00,190
Laptop Stand,2015-11-30 00:00:00,238
Laptop Stand,2015-12-31 00:00:00,151
Laptop Stand,2016-01-31 00:00:00,82
Laptop Stand,2016-02-29 00:00:00,146
Laptop Stand,2016-03-31 00:00:00,178
Laptop Stand,2016-04-30 00:00:00,272
Laptop Stand,2016-05-31 00:00:00,235
Laptop Stand,2016-06-30 00:00:00,155
Laptop Stand,2016-07-31 00:00:00,212
Laptop Stand,2016-08-31 00:00:00,270
Laptop Stand,2016-09-30 00:00:00,171
Laptop Stand,2016-10-31 00:00:00,192
Laptop Stand,2016-11-30 00:00:00,197
Laptop Stand,2016-12-31 00:00:00,185
Laptop Stand,2017-01-31 00:00:00,154
Laptop Stand,2017-02-28 00:00:00,140
Laptop Stand,2017-03-31 00:00:00,145
Laptop Stand,2017-04-30 00:00:00,136
Laptop Stand,2017-05-31 00:00:00,160
Laptop Stand,2017-06-30 00:00:00,184
Laptop Stand,2017-07-31 00:00:00,98
Laptop Stand,2017-08-31 00:00:00,225
Laptop Stand,2017-09-30 00:00:00,150
Laptop Stand,2017-10-31 00:00:00,209
Laptop Stand,2017-11-30 00:00:00,266
Laptop Stand,2017-12-31 00:00:00,235
Laptop Stand,2018-01-31 00:00:00,243
Laptop Stand,2018-02-28 00:00:00,254
Laptop Stand,2018-03-31 00:00:00,233
Laptop Stand,2018-04-30 00:00:00,276
Laptop Stand,2018-05-31 00:00:00,209
Laptop Stand,2018-06-30 00:00:00,198
Laptop Stand,2018-07-31 00:00:00,167
Laptop Stand,2018-08-31 00:00:00,248
Laptop Stand,2018-09-30 00:00:00,206
Laptop Stand,2018-10-31 00:00:00,298
Laptop Stand,2018-11-30 00:00:00,242
Laptop Stand,2018-12-31 00:00:00,201
Laptop Stand,2019-01-31 00:00:00,146
Laptop Stand,2019-02-28 00:00:00,283
Laptop Stand,2019-03-31 00:00:00,186
Laptop Stand,2019-04-30 00:00:00,134
Laptop Stand,2019-05-31 00:00:00,168
Laptop Stand,2019-06-30 00:00:00,224
Laptop Stand,2019-07-31 00:00:00,284
Laptop Stand,2019-08-31 00:00:00,123
Laptop Stand,2019-09-30 00:00:00,161
Laptop Stand,2019-10-31 00:00:00,138
Laptop Stand,2019-11-30 00:00:00,204
Laptop Stand,2019-12-31 00:00:00,165
Laptop Stand,2020-01-31 00:00:00,202
Laptop Stand,2020-02-29 00:00:00,264
Laptop Stand,2020-03-31 00:00:00,189
Laptop Stand,2020-04-30 00:00:00,214
Laptop Stand,2020-05-31 00:00:00,186
Laptop Stand,2020-06-30 00:00:00,186
Laptop Stand,2020-07-31 00:00:00,195
Laptop Stand,2020-08-31 00:00:00,150
Laptop Stand,2020-09-30 00:00:00,212
Laptop Stand,2020-10-31 00:00:00,126
Laptop Stand,2020-11-30 00:00:00,230
Laptop Stand,2020-12-31 00:00:00,177
Laptop Stand,2021-01-31 00:00:00,166
Laptop Stand,2021-02-28 00:00:00,152
Laptop Stand,2021-03-31 00:00:00,156
Laptop Stand,2021-04-30 00:00:00,212
Laptop Stand,2021-05-31 00:00:00,204
Laptop Stand,2021-06-30 00:00:00,212
Laptop Stand,2021-07-31 00:00:00,172
Laptop Stand,2021-08-31 00:00:00,195
Laptop Stand,2021-09-30 00:00:00,249
Laptop Stand,2021-10-31 00:00:00,177
Laptop Stand,2021-11-30 00:00:00,122
Laptop Stand,2021-12-31 00:00:00,169
Laptop Stand,2022-01-31 00:00:00,182
Laptop Stand,2022-02-28 00:00:00,215
Laptop Stand,2022-03-31 00:00:00,119
Laptop Stand,2022-04-30 00:00:00,147
Laptop Stand,2022-05-31 00:00:00,172
Laptop Stand,2022-06-30 00:00:00,140
Laptop Stand,2022-07-31 00:00:00,189
Laptop Stand,2022-08-31 00:00:00,252
Laptop Stand,2022-09-30 00:00:00,225
Laptop Stand,2022-10-31 00:00:00,222
Laptop Stand,2022-11-30 00:00:00,191
Laptop Stand,2022-12-31 00:00:00,134
Laptop Stand,2023-01-31 00:00:00,306
Laptop Stand,2023-02-28 00:00:00,168
Laptop Stand,2023-03-31 00:00:00,254
Laptop Stand,2023-04-30 00:00:00,149
Laptop Stand,2023-05-31 00:00:00,194
Laptop Stand,2023-06-30 00:00:00,180
Laptop Stand,2023-07-31 00:00:00,236
Laptop Stand,2023-08-31 00:00:00,118
Laptop Stand,2023-09-30 00:00:00,267
Laptop Stand,2023-10-31 00:00:00,140
Laptop Stand,2023-11-30 00:00:00,242
Laptop Stand,2023-12-31 00:00:00,230
Laptop Stand,2024-01-31 00:00:00,206
Laptop Stand,2024-02-29 00:00:00,224
Laptop Stand,2024-03-31 00:00:00,202
Laptop Stand,2024-04-30 00:00:00,205
Laptop Stand,2024-05-31 00:00:00,213
Laptop Stand,2024-06-30 00:00:00,215
Laptop Stand,2024-07-31 00:00:00,223
Laptop Stand,2024-08-31 00:00:00,209
Laptop Stand,2024-09-30 00:00:00,230
Laptop Stand,2024-10-31 00:00:00,205
Laptop Stand,2024-11-30 00:00:00,232
Laptop Stand,2024-12-31 00:00:00,206
Laptop Stand,2025-01-31 00:00:00,222
Laptop Stand,2025-02-28 00:00:00,227
Laptop Stand,2025-03-31 00:00:00,209
Laptop Stand,2025-04-30 00:00:00,213
Laptop Stand,2025-05-31 00:00:00,217
Laptop Stand,2025-06-30 00:00:00,218
Laptop Stand,2025-07-31 00:00:00,227
Laptop Stand,2025-08-31 00:00:00,215
Laptop Stand,2025-09-30 00:00:00,237
Laptop Stand,2025-10-31 00:00:00,211
Laptop Stand,2025-11-30 00:00:00,238
Laptop Stand,2025-12-31 00:00:00,211
Laptop Stand,2026-01-31 00:00:00,226
Laptop Stand,2026-02-28 00:00:00,231
Laptop Stand,2026-03-31 00:00:00,214
Laptop Stand,2026-04-30 00:00:00,219
Laptop Stand,2026-05-31 00:00:00,223
Laptop Stand,2026-06-30 00:00:00,224
Laptop Stand,2026-07-31 00:00:00,232
Laptop Stand,2026-08-31 00:00:00,222
Laptop Stand,2026-09-30 00:00:00,243
Laptop Stand,2026-10-31 00:00:00,219
Laptop Stand,2026-11-30 00:00:00,244
Laptop Stand,2026-12-31 00:00:00,217
Laptop Stand,2027-01-31 00:00:00,233
Laptop Stand,2027-02-28 00:00:00,238
Laptop Stand,2027-03-31 00:00:00,220
Laptop Stand,2027-04-30 00:00:00,224
Laptop Stand,2027-05-31 00:00:00,228
Laptop Stand,2027-06-30 00:00:00,229
Laptop Stand,2027-07-31 00:00:00,239
Laptop Stand,2027-08-31 00:00:00,228
Laptop Stand,2027-09-30 00:00:00,250
Laptop Stand,2027-10-31 00:00:00,224
Laptop Stand,2027-11-30 00:00:00,249
Laptop Stand,2027-12-31 00:00:00,220
Laptop Stand,2028-01-31 00:00:00,243
Laptop Stand,2028-02-29 00:00:00,242
Laptop Stand,2028-03-31 00:00:00,226
Laptop Stand,2028-04-30 00:00:00,230
Laptop Stand,2028-05-31 00:00:00,235
Laptop Stand,2028-06-30 00:00:00,236
Laptop Stand,2028-07-31 00:00:00,245
Laptop Stand,2028-08-31 00:00:00,232
Laptop Stand,2028-09-30 00:00:00,255
Leather Loafers,2015-01-31 00:00:00,111
Leather Loafers,2015-02-28 00:00:00,113
Leather Loafers,2015-03-31 00:00:00,191
Leather Loafers,2015-04-30 00:00:00,192
Leather Loafers,2015-05-31 00:00:00,109
Leather Loafers,2015-06-30 00:00:00,159
Leather Loafers,2015-07-31 00:00:00,113
Leather Loafers,2015-08-31 00:00:00,124
Leather Loafers,2015-09-30 00:00:00,176
Leather Loafers,2015-10-31 00:00:00,105
Leather Loafers,2015-11-30 00:00:00,155
Leather Loafers,2015-12-31 00:00:00,132
Leather Loafers,2016-01-31 00:00:00,167
Leather Loafers,2016-02-29 00:00:00,88
Leather Loafers,2016-03-31 00:00:00,156
Leather Loafers,2016-04-30 00:00:00,109
Leather Loafers,2016-05-31 00:00:00,164
Leather Loafers,2016-06-30 00:00:00,103
Leather Loafers,2016-07-31 00:00:00,73
Leather Loafers,2016-08-31 00:00:00,96
Leather Loafers,2016-09-30 00:00:00,155
Leather Loafers,2016-10-31 00:00:00,171
Leather Loafers,2016-11-30 00:00:00,168
Leather Loafers,2016-12-31 00:00:00,59
Leather Loafers,2017-01-31 00:00:00,108
Leather Loafers,2017-02-28 00:00:00,175
Leather Loafers,2017-03-31 00:00:00,195
Leather Loafers,2017-04-30 00:00:00,104
Leather Loafers,2017-05-31 00:00:00,185
Leather Loafers,2017-06-30 00:00:00,121
Leather Loafers,2017-07-31 00:00:00,111
Leather Loafers,2017-08-31 00:00:00,184
Leather Loafers,2017-09-30 00:00:00,195
Leather Loafers,2017-10-31 00:00:00,128
Leather Loafers,2017-11-30 00:00:00,107
Leather Loafers,2017-12-31 00:00:00,224
Leather Loafers,2018-01-31 00:00:00,184
Leather Loafers,2018-02-28 00:00:00,65
Leather Loafers,2018-03-31 00:00:00,134
Leather Loafers,2018-04-30 00:00:00,103
Leather Loafers,2018-05-31 00:00:00,109
Leather Loafers,2018-06-30 00:00:00,115
Leather Loafers,2018-07-31 00:00:00,155
Leather Loafers,2018-08-31 00:00:00,212
Leather Loafers,2018-09-30 00:00:00,128
Leather Loafers,2018-10-31 00:00:00,111
Leather Loafers,2018-11-30 00:00:00,139
Leather Loafers,2018-12-31 00:00:00,172
Leather Loafers,2019-01-31 00:00:00,158
Leather Loafers,2019-02-28 00:00:00,101
Leather Loafers,2019-03-31 00:00:00,103
Leather Loafers,2019-04-30 00:00:00,151
Leather Loafers,2019-05-31 00:00:00,111
Leather Loafers,2019-06-30 00:00:00,181
Leather Loafers,2019-07-31 00:00:00,56
Leather Loafers,2019-08-31 00:00:00,81
Leather Loafers,2019-09-30 00:00:00,67
Leather Loafers,2019-10-31 00:00:00,64
Leather Loafers,2019-11-30 00:00:00,117
Leather Loafers,2019-12-31 00:00:00,164
Leather Loafers,2020-01-31 00:00:00,165
Leather Loafers,2020-02-29 00:00:00,165
Leather Loafers,2020-03-31 00:00:00,144
Leather Loafers,2020-04-30 00:00:00,73
Leather Loafers,2020-05-31 00:00:00,179
Leather Loafers,2020-06-30 00:00:00,200
Leather Loafers,2020-07-31 00:00:00,123
Leather Loafers,2020-08-31 00:00:00,152
Leather Loafers,2020-09-30 00:00:00,165
Leather Loafers,2020-10-31 00:00:00,170
Leather Loafers,2020-11-30 00:00:00,154
Leather Loafers,2020-12-31 00:00:00,84
Leather Loafers,2021-01-31 00:00:00,104
Leather Loafers,2021-02-28 00:00:00,145
Leather Loafers,2021-03-31 00:00:00,185
Leather Loafers,2021-04-30 00:00:00,216
Leather Loafers,2021-05-31 00:00:00,144
Leather Loafers,2021-06-30 00:00:00,144
Leather Loafers,2021-07-31 00:00:00,200
Leather Loafers,2021-08-31 00:00:00,95
Leather Loafers,2021-09-30 00:00:00,153
Leather Loafers,2021-10-31 00:00:00,151
Leather Loafers,2021-11-30 00:00:00,101
Leather Loafers,2021-12-31 00:00:00,150
Leather Loafers,2022-01-31 00:00:00,163
Leather Loafers,2022-02-28 00:00:00,185
Leather Loafers,2022-03-31 00:00:00,148
Leather Loafers,2022-04-30 00:00:00,109
Leather Loafers,2022-05-31 00:00:00,158
Leather Loafers,2022-06-30 00:00:00,218
Leather Loafers,2022-07-31 00:00:00,191
Leather Loafers,2022-08-31 00:00:00,89
Leather Loafers,2022-09-30 00:00:00,58
Leather Loafers,2022-10-31 00:00:00,169
Leather Loafers,2022-11-30 00:00:00,131
Leather Loafers,2022-12-31 00:00:00,211
Leather Loafers,2023-01-31 00:00:00,192
Leather Loafers,2023-02-28 00:00:00,112
Leather Loafers,2023-03-31 00:00:00,180
Leather Loafers,2023-04-30 00:00:00,119
Leather Loafers,2023-05-31 00:00:00,172
Leather Loafers,2023-06-30 00:00:00,162
Leather Loafers,2023-07-31 00:00:00,222
Leather Loafers,2023-08-31 00:00:00,94
Leather Loafers,2023-09-30 00:00:00,195
Leather Loafers,2023-10-31 00:00:00,224
Leather Loafers,2023-11-30 00:00:00,74
Leather Loafers,2023-12-31 00:00:00,88
Leather Loafers,2024-01-31 00:00:00,158
Leather Loafers,2024-02-29 00:00:00,141
Leather Loafers,2024-03-31 00:00:00,158
Leather Loafers,2024-04-30 00:00:00,116
Leather Loafers,2024-05-31 00:00:00,121
Leather Loafers,2024-06-30 00:00:00,149
Leather Loafers,2024-07-31 00:00:00,164
Leather Loafers,2024-08-31 00:00:00,111
Leather Loafers,2024-09-30 00:00:00,127
Leather Loafers,2024-10-31 00:00:00,137
Leather Loafers,2024-11-30 00:00:00,103
Leather Loafers,2024-12-31 00:00:00,129
Leather Loafers,2025-01-31 00:00:00,150
Leather Loafers,2025-02-28 00:00:00,128
Leather Loafers,2025-03-31 00:00:00,145
Leather Loafers,2025-04-30 00:00:00,114
Leather Loafers,2025-05-31 00:00:00,137
Leather Loafers,2025-06-30 00:00:00,150
Leather Loafers,2025-07-31 00:00:00,149
Leather Loafers,2025-08-31 00:00:00,106
Leather Loafers,2025-09-30 00:00:00,129
Leather Loafers,2025-10-31 00:00:00,147
Leather Loafers,2025-11-30 00:00:00,107
Leather Loafers,2025-12-31 00:00:00,125
Leather Loafers,2026-01-31 00:00:00,144
Leather Loafers,2026-02-28 00:00:00,129
Leather Loafers,2026-03-31 00:00:00,151
Leather Loafers,2026-04-30 00:00:00,112
Leather Loafers,2026-05-31 00:00:00,134
Leather Loafers,2026-06-30 00:00:00,148
Leather Loafers,2026-07-31 00:00:00,149
Leather Loafers,2026-08-31 00:00:00,103
Leather Loafers,2026-09-30 00:00:00,127
Leather Loafers,2026-10-31 00:00:00,143
Leather Loafers,2026-11-30 00:00:00,104
Leather Loafers,2026-12-31 00:00:00,129
Leather Loafers,2027-01-31 00:00:00,148
Leather Loafers,2027-02-28 00:00:00,126
Leather Loafers,2027-03-31 00:00:00,147
Leather Loafers,2027-04-30 00:00:00,116
Leather Loafers,2027-05-31 00:00:00,137
Leather Loafers,2027-06-30 00:00:00,150
Leather Loafers,2027-07-31 00:00:00,150
Leather Loafers,2027-08-31 00:00:00,102
Leather Loafers,2027-09-30 00:00:00,124
Leather Loafers,2027-10-31 00:00:00,147
Leather Loafers,2027-11-30 00:00:00,108
Leather Loafers,2027-12-31 00:00:00,128
Leather Loafers,2028-01-31 00:00:00,147
Leather Loafers,2028-02-29 00:00:00,125
Leather Loafers,2028-03-31 00:00:00,149
Leather Loafers,2028-04-30 00:00:00,116
Leather Loafers,2028-05-31 00:00:00,136
Leather Loafers,2028-06-30 00:00:00,149
Leather Loafers,2028-07-31 00:00:00,148
Leather Loafers,2028-08-31 00:00:00,106
Leather Loafers,2028-09-30 00:00:00,132
LED Desk Lamp,2015-01-31 00:00:00,58
LED Desk Lamp,2015-02-28 00:00:00,196
LED Desk Lamp,2015-03-31 00:00:00,126
LED Desk Lamp,2015-04-30 00:00:00,84
LED Desk Lamp,2015-05-31 00:00:00,61
LED Desk Lamp,2015-06-30 00:00:00,122
LED Desk Lamp,2015-07-31 00:00:00,103
LED Desk Lamp,2015-08-31 00:00:00,139
LED Desk Lamp,2015-09-30 00:00:00,125
LED Desk Lamp,2015-10-31 00:00:00,145
LED Desk Lamp,2015-11-30 00:00:00,100
LED Desk Lamp,2015-12-31 00:00:00,60
LED Desk Lamp,2016-01-31 00:00:00,61
LED Desk Lamp,2016-02-29 00:00:00,69
LED Desk Lamp,2016-03-31 00:00:00,158
LED Desk Lamp,2016-04-30 00:00:00,95
LED Desk Lamp,2016-05-31 00:00:00,93
LED Desk Lamp,2016-06-30 00:00:00,83
LED Desk Lamp,2016-07-31 00:00:00,155
LED Desk Lamp,2016-08-31 00:00:00,106
LED Desk Lamp,2016-09-30 00:00:00,107
LED Desk Lamp,2016-10-31 00:00:00,177
LED Desk Lamp,2016-11-30 00:00:00,147
LED Desk Lamp,2016-12-31 00:00:00,100
LED Desk Lamp,2017-01-31 00:00:00,75
LED Desk Lamp,2017-02-28 00:00:00,55
LED Desk Lamp,2017-03-31 00:00:00,101
LED Desk Lamp,2017-04-30 00:00:00,101
LED Desk Lamp,2017-05-31 00:00:00,132
LED Desk Lamp,2017-06-30 00:00:00,104
LED Desk Lamp,2017-07-31 00:00:00,123
LED Desk Lamp,2017-08-31 00:00:00,161
LED Desk Lamp,2017-09-30 00:00:00,63
LED Desk Lamp,2017-10-31 00:00:00,132
LED Desk Lamp,2017-11-30 00:00:00,95
LED Desk Lamp,2017-12-31 00:00:00,148
LED Desk Lamp,2018-01-31 00:00:00,123
LED Desk Lamp,2018-02-28 00:00:00,162
LED Desk Lamp,2018-03-31 00:00:00,116
LED Desk Lamp,2018-04-30 00:00:00,106
LED Desk Lamp,2018-05-31 00:00:00,132
LED Desk Lamp,2018-06-30 00:00:00,172
LED Desk Lamp,2018-07-31 00:00:00,137
LED Desk Lamp,2018-08-31 00:00:00,165
LED Desk Lamp,2018-09-30 00:00:00,245
LED Desk Lamp,2018-10-31 00:00:00,84
LED Desk Lamp,2018-11-30 00:00:00,108
LED Desk Lamp,2018-12-31 00:00:00,129
LED Desk Lamp,2019-01-31 00:00:00,218
LED Desk Lamp,2019-02-28 00:00:00,124
LED Desk Lamp,2019-03-31 00:00:00,156
LED Desk Lamp,2019-04-30 00:00:00,139
LED Desk Lamp,2019-05-31 00:00:00,166
LED Desk Lamp,2019-06-30 00:00:00,127
LED Desk Lamp,2019-07-31 00:00:00,139
LED Desk Lamp,2019-08-31 00:00:00,72
LED Desk Lamp,2019-09-30 00:00:00,125
LED Desk Lamp,2019-10-31 00:00:00,98
LED Desk Lamp,2019-11-30 00:00:00,133
LED Desk Lamp,2019-12-31 00:00:00,111
LED Desk Lamp,2020-01-31 00:00:00,72
LED Desk Lamp,2020-02-29 00:00:00,103
LED Desk Lamp,2020-03-31 00:00:00,105
LED Desk Lamp,2020-04-30 00:00:00,221
LED Desk Lamp,2020-05-31 00:00:00,108
LED Desk Lamp,2020-06-30 00:00:00,81
LED Desk Lamp,2020-07-31 00:00:00,124
LED Desk Lamp,2020-08-31 00:00:00,178
LED Desk Lamp,2020-09-30 00:00:00,107
LED Desk Lamp,2020-10-31 00:00:00,144
LED Desk Lamp,2020-11-30 00:00:00,138
LED Desk Lamp,2020-12-31 00:00:00,203
LED Desk Lamp,2021-01-31 00:00:00,109
LED Desk Lamp,2021-02-28 00:00:00,177
LED Desk Lamp,2021-03-31 00:00:00,115
LED Desk Lamp,2021-04-30 00:00:00,84
LED Desk Lamp,2021-05-31 00:00:00,92
LED Desk Lamp,2021-06-30 00:00:00,111
LED Desk Lamp,2021-07-31 00:00:00,145
LED Desk Lamp,2021-08-31 00:00:00,107
LED Desk Lamp,2021-09-30 00:00:00,151
LED Desk Lamp,2021-10-31 00:00:00,110
LED Desk Lamp,2021-11-30 00:00:00,101
LED Desk Lamp,2021-12-31 00:00:00,158
LED Desk Lamp,2022-01-31 00:00:00,110
LED Desk Lamp,2022-02-28 00:00:00,163
LED Desk Lamp,2022-03-31 00:00:00,183
LED Desk Lamp,2022-04-30 00:00:00,136
LED Desk Lamp,2022-05-31 00:00:00,87
LED Desk Lamp,2022-06-30 00:00:00,149
LED Desk Lamp,2022-07-31 00:00:00,112
LED Desk Lamp,2022-08-31 00:00:00,97
LED Desk Lamp,2022-09-30 00:00:00,150
LED Desk Lamp,2022-10-31 00:00:00,79
LED Desk Lamp,2022-11-30 00:00:00,151
LED Desk Lamp,2022-12-31 00:00:00,119
LED Desk Lamp,2023-01-31 00:00:00,149
LED Desk Lamp,2023-02-28 00:00:00,59
LED Desk Lamp,2023-03-31 00:00:00,100
LED Desk Lamp,2023-04-30 00:00:00,75
LED Desk Lamp,2023-05-31 00:00:00,165
LED Desk Lamp,2023-06-30 00:00:00,114
LED Desk Lamp,2023-07-31 00:00:00,184
LED Desk Lamp,2023-08-31 00:00:00,105
LED Desk Lamp,2023-09-30 00:00:00,154
LED Desk Lamp,2023-10-31 00:00:00,97
LED Desk Lamp,2023-11-30 00:00:00,161
LED Desk Lamp,2023-12-31 00:00:00,41
LED Desk Lamp,2024-01-31 00:00:00,68
LED Desk Lamp,2024-02-29 00:00:00,23
LED Desk Lamp,2024-03-31 00:00:00,37
LED Desk Lamp,2024-04-30 00:00:00,1
LED Desk Lamp,2024-05-31 00:00:00,41
LED Desk Lamp,2024-06-30 00:00:00,30
LED Desk Lamp,2024-07-31 00:00:00,74
LED Desk Lamp,2024-08-31 00:00:00,24
LED Desk Lamp,2024-09-30 00:00:00,66
LED Desk Lamp,2024-10-31 00:00:00,20
LED Desk Lamp,2024-11-30 00:00:00,46
LED Desk Lamp,2024-12-31 00:00:00,24
LED Desk Lamp,2025-01-31 00:00:00,22
LED Desk Lamp,2025-02-28 00:00:00,18
LED Desk Lamp,2025-03-31 00:00:00,35
LED Desk Lamp,2025-04-30 00:00:00,1
LED Desk Lamp,2025-05-31 00:00:00,1
LED Desk Lamp,2025-06-30 00:00:00,18
LED Desk Lamp,2025-07-31 00:00:00,22
LED Desk Lamp,2025-08-31 00:00:00,1
LED Desk Lamp,2025-09-30 00:00:00,36
LED Desk Lamp,2025-10-31 00:00:00,1
LED Desk Lamp,2025-11-30 00:00:00,26
LED Desk Lamp,2025-12-31 00:00:00,1
LED Desk Lamp,2026-01-31 00:00:00,9
LED Desk Lamp,2026-02-28 00:00:00,1
LED Desk Lamp,2026-03-31 00:00:00,1
LED Desk Lamp,2026-04-30 00:00:00,1
LED Desk Lamp,2026-05-31 00:00:00,9
LED Desk Lamp,2026-06-30 00:00:00,1
LED Desk Lamp,2026-07-31 00:00:00,29
LED Desk Lamp,2026-08-31 00:00:00,1
LED Desk Lamp,2026-09-30 00:00:00,20
LED Desk Lamp,2026-10-31 00:00:00,1
LED Desk Lamp,2026-11-30 00:00:00,17
LED Desk Lamp,2026-12-31 00:00:00,1
LED Desk Lamp,2027-01-31 00:00:00,1
LED Desk Lamp,2027-02-28 00:00:00,1
LED Desk Lamp,2027-03-31 00:00:00,1
LED Desk Lamp,2027-04-30 00:00:00,1
LED Desk Lamp,2027-05-31 00:00:00,1
LED Desk Lamp,2027-06-30 00:00:00,1
LED Desk Lamp,2027-07-31 00:00:00,1
LED Desk Lamp,2027-08-31 00:00:00,1
LED Desk Lamp,2027-09-30 00:00:00,1
LED Desk Lamp,2027-10-31 00:00:00,1
LED Desk Lamp,2027-11-30 00:00:00,1
LED Desk Lamp,2027-12-31 00:00:00,1
LED Desk Lamp,2028-01-31 00:00:00,1
LED Desk Lamp,2028-02-29 00:00:00,1
LED Desk Lamp,2028-03-31 00:00:00,1
LED Desk Lamp,2028-04-30 00:00:00,1
LED Desk Lamp,2028-05-31 00:00:00,1
LED Desk Lamp,2028-06-30 00:00:00,1
LED Desk Lamp,2028-07-31 00:00:00,1
LED Desk Lamp,2028-08-31 00:00:00,1
LED Desk Lamp,2028-09-30 00:00:00,1
Mechanical Keyboard,2015-01-31 00:00:00,63
Mechanical Keyboard,2015-02-28 00:00:00,80
Mechanical Keyboard,2015-03-31 00:00:00,76
Mechanical Keyboard,2015-04-30 00:00:00,93
Mechanical Keyboard,2015-05-31 00:00:00,98
Mechanical Keyboard,2015-06-30 00:00:00,48
Mechanical Keyboard,2015-07-31 00:00:00,96
Mechanical Keyboard,2015-08-31 00:00:00,104
Mechanical Keyboard,2015-09-30 00:00:00,24
Mechanical Keyboard,2015-10-31 00:00:00,82
Mechanical Keyboard,2015-11-30 00:00:00,64
Mechanical Keyboard,2015-12-31 00:00:00,85
Mechanical Keyboard,2016-01-31 00:00:00,34
Mechanical Keyboard,2016-02-29 00:00:00,55
Mechanical Keyboard,2016-03-31 00:00:00,65
Mechanical Keyboard,2016-04-30 00:00:00,87
Mechanical Keyboard,2016-05-31 00:00:00,92
Mechanical Keyboard,2016-06-30 00:00:00,95
Mechanical Keyboard,2016-07-31 00:00:00,65
Mechanical Keyboard,2016-08-31 00:00:00,61
Mechanical Keyboard,2016-09-30 00:00:00,85
Mechanical Keyboard,2016-10-31 00:00:00,69
Mechanical Keyboard,2016-11-30 00:00:00,82
Mechanical Keyboard,2016-12-31 00:00:00,42
Mechanical Keyboard,2017-01-31 00:00:00,39
Mechanical Keyboard,2017-02-28 00:00:00,37
Mechanical Keyboard,2017-03-31 00:00:00,64
Mechanical Keyboard,2017-04-30 00:00:00,73
Mechanical Keyboard,2017-05-31 00:00:00,91
Mechanical Keyboard,2017-06-30 00:00:00,63
Mechanical Keyboard,2017-07-31 00:00:00,72
Mechanical Keyboard,2017-08-31 00:00:00,53
Mechanical Keyboard,2017-09-30 00:00:00,23
Mechanical Keyboard,2017-10-31 00:00:00,19
Mechanical Keyboard,2017-11-30 00:00:00,35
Mechanical Keyboard,2017-12-31 00:00:00,50
Mechanical Keyboard,2018-01-31 00:00:00,72
Mechanical Keyboard,2018-02-28 00:00:00,34
Mechanical Keyboard,2018-03-31 00:00:00,99
Mechanical Keyboard,2018-04-30 00:00:00,105
Mechanical Keyboard,2018-05-31 00:00:00,37
Mechanical Keyboard,2018-06-30 00:00:00,56
Mechanical Keyboard,2018-07-31 00:00:00,13
Mechanical Keyboard,2018-08-31 00:00:00,39
Mechanical Keyboard,2018-09-30 00:00:00,89
Mechanical Keyboard,2018-10-31 00:00:00,53
Mechanical Keyboard,2018-11-30 00:00:00,142
Mechanical Keyboard,2018-12-31 00:00:00,100
Mechanical Keyboard,2019-01-31 00:00:00,36
Mechanical Keyboard,2019-02-28 00:00:00,134
Mechanical Keyboard,2019-03-31 00:00:00,41
Mechanical Keyboard,2019-04-30 00:00:00,107
Mechanical Keyboard,2019-05-31 00:00:00,63
Mechanical Keyboard,2019-06-30 00:00:00,28
Mechanical Keyboard,2019-07-31 00:00:00,66
Mechanical Keyboard,2019-08-31 00:00:00,53
Mechanical Keyboard,2019-09-30 00:00:00,62
Mechanical Keyboard,2019-10-31 00:00:00,106
Mechanical Keyboard,2019-11-30 00:00:00,70
Mechanical Keyboard,2019-12-31 00:00:00,38
Mechanical Keyboard,2020-01-31 00:00:00,33
Mechanical Keyboard,2020-02-29 00:00:00,53
Mechanical Keyboard,2020-03-31 00:00:00,141
Mechanical Keyboard,2020-04-30 00:00:00,113
Mechanical Keyboard,2020-05-31 00:00:00,108
Mechanical Keyboard,2020-06-30 00:00:00,58
Mechanical Keyboard,2020-07-31 00:00:00,83
Mechanical Keyboard,2020-08-31 00:00:00,82
Mechanical Keyboard,2020-09-30 00:00:00,83
Mechanical Keyboard,2020-10-31 00:00:00,38
Mechanical Keyboard,2020-11-30 00:00:00,43
Mechanical Keyboard,2020-12-31 00:00:00,86
Mechanical Keyboard,2021-01-31 00:00:00,107
Mechanical Keyboard,2021-02-28 00:00:00,86
Mechanical Keyboard,2021-03-31 00:00:00,77
Mechanical Keyboard,2021-04-30 00:00:00,94
Mechanical Keyboard,2021-05-31 00:00:00,118
Mechanical Keyboard,2021-06-30 00:00:00,24
Mechanical Keyboard,2021-07-31 00:00:00,107
Mechanical Keyboard,2021-08-31 00:00:00,109
Mechanical Keyboard,2021-09-30 00:00:00,107
Mechanical Keyboard,2021-10-31 00:00:00,19
Mechanical Keyboard,2021-11-30 00:00:00,65
Mechanical Keyboard,2021-12-31 00:00:00,79
Mechanical Keyboard,2022-01-31 00:00:00,58
Mechanical Keyboard,2022-02-28 00:00:00,96
Mechanical Keyboard,2022-03-31 00:00:00,30
Mechanical Keyboard,2022-04-30 00:00:00,31
Mechanical Keyboard,2022-05-31 00:00:00,19
Mechanical Keyboard,2022-06-30 00:00:00,42
Mechanical Keyboard,2022-07-31 00:00:00,145
Mechanical Keyboard,2022-08-31 00:00:00,92
Mechanical Keyboard,2022-09-30 00:00:00,85
Mechanical Keyboard,2022-10-31 00:00:00,35
Mechanical Keyboard,2022-11-30 00:00:00,101
Mechanical Keyboard,2022-12-31 00:00:00,77
Mechanical Keyboard,2023-01-31 00:00:00,42
Mechanical Keyboard,2023-02-28 00:00:00,49
Mechanical Keyboard,2023-03-31 00:00:00,68
Mechanical Keyboard,2023-04-30 00:00:00,63
Mechanical Keyboard,2023-05-31 00:00:00,30
Mechanical Keyboard,2023-06-30 00:00:00,104
Mechanical Keyboard,2023-07-31 00:00:00,107
Mechanical Keyboard,2023-08-31 00:00:00,102
Mechanical Keyboard,2023-09-30 00:00:00,44
Mechanical Keyboard,2023-10-31 00:00:00,48
Mechanical Keyboard,2023-11-30 00:00:00,36
Mechanical Keyboard,2023-12-31 00:00:00,34
Mechanical Keyboard,2024-01-31 00:00:00,34
Mechanical Keyboard,2024-02-29 00:00:00,25
Mechanical Keyboard,2024-03-31 00:00:00,19
Mechanical Keyboard,2024-04-30 00:00:00,29
Mechanical Keyboard,2024-05-31 00:00:00,22
Mechanical Keyboard,2024-06-30 00:00:00,21
Mechanical Keyboard,2024-07-31 00:00:00,63
Mechanical Keyboard,2024-08-31 00:00:00,53
Mechanical Keyboard,2024-09-30 00:00:00,31
Mechanical Keyboard,2024-10-31 00:00:00,1
Mechanical Keyboard,2024-11-30 00:00:00,18
Mechanical Keyboard,2024-12-31 00:00:00,16
Mechanical Keyboard,2025-01-31 00:00:00,4
Mechanical Keyboard,2025-02-28 00:00:00,15
Mechanical Keyboard,2025-03-31 00:00:00,1
Mechanical Keyboard,2025-04-30 00:00:00,1
Mechanical Keyboard,2025-05-31 00:00:00,1
Mechanical Keyboard,2025-06-30 00:00:00,6
Mechanical Keyboard,2025-07-31 00:00:00,60
Mechanical Keyboard,2025-08-31 00:00:00,37
Mechanical Keyboard,2025-09-30 00:00:00,16
Mechanical Keyboard,2025-10-31 00:00:00,1
Mechanical Keyboard,2025-11-30 00:00:00,10
Mechanical Keyboard,2025-12-31 00:00:00,1
Mechanical Keyboard,2026-01-31 00:00:00,1
Mechanical Keyboard,2026-02-28 00:00:00,1
Mechanical Keyboard,2026-03-31 00:00:00,1
Mechanical Keyboard,2026-04-30 00:00:00,1
Mechanical Keyboard,2026-05-31 00:00:00,1
Mechanical Keyboard,2026-06-30 00:00:00,6
Mechanical Keyboard,2026-07-31 00:00:00,39
Mechanical Keyboard,2026-08-31 00:00:00,28
Mechanical Keyboard,2026-09-30 00:00:00,1
Mechanical Keyboard,2026-10-31 00:00:00,1
Mechanical Keyboard,2026-11-30 00:00:00,1
Mechanical Keyboard,2026-12-31 00:00:00,1
Mechanical Keyboard,2027-01-31 00:00:00,1
Mechanical Keyboard,2027-02-28 00:00:00,1
Mechanical Keyboard,2027-03-31 00:00:00,1
Mechanical Keyboard,2027-04-30 00:00:00,1
Mechanical Keyboard,2027-05-31 00:00:00,1
Mechanical Keyboard,2027-06-30 00:00:00,1
Mechanical Keyboard,2027-07-31 00:00:00,21
Mechanical Keyboard,2027-08-31 00:00:00,6
Mechanical Keyboard,2027-09-30 00:00:00,1
Mechanical Keyboard,2027-10-31 00:00:00,1
Mechanical Keyboard,2027-11-30 00:00:00,1
Mechanical Keyboard,2027-12-31 00:00:00,1
Mechanical Keyboard,2028-01-31 00:00:00,1
Mechanical Keyboard,2028-02-29 00:00:00,1
Mechanical Keyboard,2028-03-31 00:00:00,1
Mechanical Keyboard,2028-04-30 00:00:00,1
Mechanical Keyboard,2028-05-31 00:00:00,1
Mechanical Keyboard,2028-06-30 00:00:00,1
Mechanical Keyboard,2028-07-31 00:00:00,7
Mechanical Keyboard,2028-08-31 00:00:00,1
Mechanical Keyboard,2028-09-30 00:00:00,1
Microwave Oven,2015-01-31 00:00:00,72
Microwave Oven,2015-02-28 00:00:00,144
Microwave Oven,2015-03-31 00:00:00,138
Microwave Oven,2015-04-30 00:00:00,149
Microwave Oven,2015-05-31 00:00:00,115
Microwave Oven,2015-06-30 00:00:00,127
Microwave Oven,2015-07-31 00:00:00,94
Microwave Oven,2015-08-31 00:00:00,81
Microwave Oven,2015-09-30 00:00:00,113
Microwave Oven,2015-10-31 00:00:00,192
Microwave Oven,2015-11-30 00:00:00,137
Microwave Oven,2015-12-31 00:00:00,89
Microwave Oven,2016-01-31 00:00:00,94
Microwave Oven,2016-02-29 00:00:00,102
Microwave Oven,2016-03-31 00:00:00,125
Microwave Oven,2016-04-30 00:00:00,107
Microwave Oven,2016-05-31 00:00:00,77
Microwave Oven,2016-06-30 00:00:00,125
Microwave Oven,2016-07-31 00:00:00,66
Microwave Oven,2016-08-31 00:00:00,91
Microwave Oven,2016-09-30 00:00:00,111
Microwave Oven,2016-10-31 00:00:00,176
Microwave Oven,2016-11-30 00:00:00,73
Microwave Oven,2016-12-31 00:00:00,174
Microwave Oven,2017-01-31 00:00:00,114
Microwave Oven,2017-02-28 00:00:00,99
Microwave Oven,2017-03-31 00:00:00,97
Microwave Oven,2017-04-30 00:00:00,119
Microwave Oven,2017-05-31 00:00:00,190
Microwave Oven,2017-06-30 00:00:00,54
Microwave Oven,2017-07-31 00:00:00,82
Microwave Oven,2017-08-31 00:00:00,153
Microwave Oven,2017-09-30 00:00:00,109
Microwave Oven,2017-10-31 00:00:00,75
Microwave Oven,2017-11-30 00:00:00,137
Microwave Oven,2017-12-31 00:00:00,108
Microwave Oven,2018-01-31 00:00:00,91
Microwave Oven,2018-02-28 00:00:00,160
Microwave Oven,2018-03-31 00:00:00,135
Microwave Oven,2018-04-30 00:00:00,143
Microwave Oven,2018-05-31 00:00:00,77
Microwave Oven,2018-06-30 00:00:00,137
Microwave Oven,2018-07-31 00:00:00,196
Microwave Oven,2018-08-31 00:00:00,49
Microwave Oven,2018-09-30 00:00:00,129
Microwave Oven,2018-10-31 00:00:00,93
Microwave Oven,2018-11-30 00:00:00,107
Microwave Oven,2018-12-31 00:00:00,119
Microwave Oven,2019-01-31 00:00:00,173
Microwave Oven,2019-02-28 00:00:00,83
Microwave Oven,2019-03-31 00:00:00,125
Microwave Oven,2019-04-30 00:00:00,79
Microwave Oven,2019-05-31 00:00:00,111
Microwave Oven,2019-06-30 00:00:00,56
Microwave Oven,2019-07-31 00:00:00,133
Microwave Oven,2019-08-31 00:00:00,127
Microwave Oven,2019-09-30 00:00:00,153
Microwave Oven,2019-10-31 00:00:00,63
Microwave Oven,2019-11-30 00:00:00,95
Microwave Oven,2019-12-31 00:00:00,113
Microwave Oven,2020-01-31 00:00:00,148
Microwave Oven,2020-02-29 00:00:00,109
Microwave Oven,2020-03-31 00:00:00,170
Microwave Oven,2020-04-30 00:00:00,120
Microwave Oven,2020-05-31 00:00:00,227
Microwave Oven,2020-06-30 00:00:00,165
Microwave Oven,2020-07-31 00:00:00,96
Microwave Oven,2020-08-31 00:00:00,147
Microwave Oven,2020-09-30 00:00:00,81
Microwave Oven,2020-10-31 00:00:00,110
Microwave Oven,2020-11-30 00:00:00,87
Microwave Oven,2020-12-31 00:00:00,118
Microwave Oven,2021-01-31 00:00:00,141
Microwave Oven,2021-02-28 00:00:00,96
Microwave Oven,2021-03-31 00:00:00,51
Microwave Oven,2021-04-30 00:00:00,141
Microwave Oven,2021-05-31 00:00:00,170
Microwave Oven,2021-06-30 00:00:00,129
Microwave Oven,2021-07-31 00:00:00,88
Microwave Oven,2021-08-31 00:00:00,131
Microwave Oven,2021-09-30 00:00:00,109
Microwave Oven,2021-10-31 00:00:00,116
Microwave Oven,2021-11-30 00:00:00,167
Microwave Oven,2021-12-31 00:00:00,81
Microwave Oven,2022-01-31 00:00:00,125
Microwave Oven,2022-02-28 00:00:00,43
Microwave Oven,2022-03-31 00:00:00,59
Microwave Oven,2022-04-30 00:00:00,79
Microwave Oven,2022-05-31 00:00:00,142
Microwave Oven,2022-06-30 00:00:00,162
Microwave Oven,2022-07-31 00:00:00,127
Microwave Oven,2022-08-31 00:00:00,160
Microwave Oven,2022-09-30 00:00:00,138
Microwave Oven,2022-10-31 00:00:00,106
Microwave Oven,2022-11-30 00:00:00,94
Microwave Oven,2022-12-31 00:00:00,164
Microwave Oven,2023-01-31 00:00:00,103
Microwave Oven,2023-02-28 00:00:00,144
Microwave Oven,2023-03-31 00:00:00,100
Microwave Oven,2023-04-30 00:00:00,126
Microwave Oven,2023-05-31 00:00:00,132
Microwave Oven,2023-06-30 00:00:00,109
Microwave Oven,2023-07-31 00:00:00,157
Microwave Oven,2023-08-31 00:00:00,137
Microwave Oven,2023-09-30 00:00:00,64
Microwave Oven,2023-10-31 00:00:00,137
Microwave Oven,2023-11-30 00:00:00,92
Microwave Oven,2023-12-31 00:00:00,95
Microwave Oven,2024-01-31 00:00:00,92
Microwave Oven,2024-02-29 00:00:00,87
Microwave Oven,2024-03-31 00:00:00,75
Microwave Oven,2024-04-30 00:00:00,86
Microwave Oven,2024-05-31 00:00:00,109
Microwave Oven,2024-06-30 00:00:00,90
Microwave Oven,2024-07-31 00:00:00,89
Microwave Oven,2024-08-31 00:00:00,98
Microwave Oven,2024-09-30 00:00:00,83
Microwave Oven,2024-10-31 00:00:00,84
Microwave Oven,2024-11-30 00:00:00,78
Microwave Oven,2024-12-31 00:00:00,86
Microwave Oven,2025-01-31 00:00:00,86
Microwave Oven,2025-02-28 00:00:00,74
Microwave Oven,2025-03-31 00:00:00,70
Microwave Oven,2025-04-30 00:00:00,82
Microwave Oven,2025-05-31 00:00:00,105
Microwave Oven,2025-06-30 00:00:00,91
Microwave Oven,2025-07-31 00:00:00,88
Microwave Oven,2025-08-31 00:00:00,94
Microwave Oven,2025-09-30 00:00:00,74
Microwave Oven,2025-10-31 00:00:00,82
Microwave Oven,2025-11-30 00:00:00,75
Microwave Oven,2025-12-31 00:00:00,83
Microwave Oven,2026-01-31 00:00:00,84
Microwave Oven,2026-02-28 00:00:00,72
Microwave Oven,2026-03-31 00:00:00,68
Microwave Oven,2026-04-30 00:00:00,78
Microwave Oven,2026-05-31 00:00:00,102
Microwave Oven,2026-06-30 00:00:00,86
Microwave Oven,2026-07-31 00:00:00,83
Microwave Oven,2026-08-31 00:00:00,89
Microwave Oven,2026-09-30 00:00:00,71
Microwave Oven,2026-10-31 00:00:00,81
Microwave Oven,2026-11-30 00:00:00,77
Microwave Oven,2026-12-31 00:00:00,83
Microwave Oven,2027-01-31 00:00:00,83
Microwave Oven,2027-02-28 00:00:00,67
Microwave Oven,2027-03-31 00:00:00,62
Microwave Oven,2027-04-30 00:00:00,75
Microwave Oven,2027-05-31 00:00:00,99
Microwave Oven,2027-06-30 00:00:00,81
Microwave Oven,2027-07-31 00:00:00,80
Microwave Oven,2027-08-31 00:00:00,85
Microwave Oven,2027-09-30 00:00:00,66
Microwave Oven,2027-10-31 00:00:00,76
Microwave Oven,2027-11-30 00:00:00,68
Microwave Oven,2027-12-31 00:00:00,76
Microwave Oven,2028-01-31 00:00:00,75
Microwave Oven,2028-02-29 00:00:00,63
Microwave Oven,2028-03-31 00:00:00,60
Microwave Oven,2028-04-30 00:00:00,71
Microwave Oven,2028-05-31 00:00:00,96
Microwave Oven,2028-06-30 00:00:00,77
Microwave Oven,2028-07-31 00:00:00,76
Microwave Oven,2028-08-31 00:00:00,85
Microwave Oven,2028-09-30 00:00:00,65
Monitor Arm,2015-01-31 00:00:00,110
Monitor Arm,2015-02-28 00:00:00,68
Monitor Arm,2015-03-31 00:00:00,109
Monitor Arm,2015-04-30 00:00:00,45
Monitor Arm,2015-05-31 00:00:00,69
Monitor Arm,2015-06-30 00:00:00,94
Monitor Arm,2015-07-31 00:00:00,60
Monitor Arm,2015-08-31 00:00:00,35
Monitor Arm,2015-09-30 00:00:00,108
Monitor Arm,2015-10-31 00:00:00,71
Monitor Arm,2015-11-30 00:00:00,40
Monitor Arm,2015-12-31 00:00:00,45
Monitor Arm,2016-01-31 00:00:00,42
Monitor Arm,2016-02-29 00:00:00,52
Monitor Arm,2016-03-31 00:00:00,48
Monitor Arm,2016-04-30 00:00:00,61
Monitor Arm,2016-05-31 00:00:00,62
Monitor Arm,2016-06-30 00:00:00,27
Monitor Arm,2016-07-31 00:00:00,90
Monitor Arm,2016-08-31 00:00:00,84
Monitor Arm,2016-09-30 00:00:00,56
Monitor Arm,2016-10-31 00:00:00,115
Monitor Arm,2016-11-30 00:00:00,30
Monitor Arm,2016-12-31 00:00:00,90
Monitor Arm,2017-01-31 00:00:00,65
Monitor Arm,2017-02-28 00:00:00,87
Monitor Arm,2017-03-31 00:00:00,106
Monitor Arm,2017-04-30 00:00:00,91
Monitor Arm,2017-05-31 00:00:00,27
Monitor Arm,2017-06-30 00:00:00,48
Monitor Arm,2017-07-31 00:00:00,55
Monitor Arm,2017-08-31 00:00:00,78
Monitor Arm,2017-09-30 00:00:00,31
Monitor Arm,2017-10-31 00:00:00,44
Monitor Arm,2017-11-30 00:00:00,76
Monitor Arm,2017-12-31 00:00:00,46
Monitor Arm,2018-01-31 00:00:00,18
Monitor Arm,2018-02-28 00:00:00,83
Monitor Arm,2018-03-31 00:00:00,116
Monitor Arm,2018-04-30 00:00:00,52
Monitor Arm,2018-05-31 00:00:00,125
Monitor Arm,2018-06-30 00:00:00,18
Monitor Arm,2018-07-31 00:00:00,86
Monitor Arm,2018-08-31 00:00:00,60
Monitor Arm,2018-09-30 00:00:00,44
Monitor Arm,2018-10-31 00:00:00,48
Monitor Arm,2018-11-30 00:00:00,48
Monitor Arm,2018-12-31 00:00:00,45
Monitor Arm,2019-01-31 00:00:00,66
Monitor Arm,2019-02-28 00:00:00,90
Monitor Arm,2019-03-31 00:00:00,78
Monitor Arm,2019-04-30 00:00:00,79
Monitor Arm,2019-05-31 00:00:00,87
Monitor Arm,2019-06-30 00:00:00,98
Monitor Arm,2019-07-31 00:00:00,118
Monitor Arm,2019-08-31 00:00:00,66
Monitor Arm,2019-09-30 00:00:00,77
Monitor Arm,2019-10-31 00:00:00,78
Monitor Arm,2019-11-30 00:00:00,71
Monitor Arm,2019-12-31 00:00:00,47
Monitor Arm,2020-01-31 00:00:00,85
Monitor Arm,2020-02-29 00:00:00,68
Monitor Arm,2020-03-31 00:00:00,68
Monitor Arm,2020-04-30 00:00:00,62
Monitor Arm,2020-05-31 00:00:00,68
Monitor Arm,2020-06-30 00:00:00,87
Monitor Arm,2020-07-31 00:00:00,69
Monitor Arm,2020-08-31 00:00:00,54
Monitor Arm,2020-09-30 00:00:00,117
Monitor Arm,2020-10-31 00:00:00,107
Monitor Arm,2020-11-30 00:00:00,137
Monitor Arm,2020-12-31 00:00:00,71
Monitor Arm,2021-01-31 00:00:00,117
Monitor Arm,2021-02-28 00:00:00,58
Monitor Arm,2021-03-31 00:00:00,86
Monitor Arm,2021-04-30 00:00:00,164
Monitor Arm,2021-05-31 00:00:00,62
Monitor Arm,2021-06-30 00:00:00,44
Monitor Arm,2021-07-31 00:00:00,109
Monitor Arm,2021-08-31 00:00:00,84
Monitor Arm,2021-09-30 00:00:00,86
Monitor Arm,2021-10-31 00:00:00,85
Monitor Arm,2021-11-30 00:00:00,117
Monitor Arm,2021-12-31 00:00:00,67
Monitor Arm,2022-01-31 00:00:00,90
Monitor Arm,2022-02-28 00:00:00,94
Monitor Arm,2022-03-31 00:00:00,49
Monitor Arm,2022-04-30 00:00:00,136
Monitor Arm,2022-05-31 00:00:00,90
Monitor Arm,2022-06-30 00:00:00,43
Monitor Arm,2022-07-31 00:00:00,64
Monitor Arm,2022-08-31 00:00:00,81
Monitor Arm,2022-09-30 00:00:00,85
Monitor Arm,2022-10-31 00:00:00,16
Monitor Arm,2022-11-30 00:00:00,54
Monitor Arm,2022-12-31 00:00:00,88
Monitor Arm,2023-01-31 00:00:00,103
Monitor Arm,2023-02-28 00:00:00,90
Monitor Arm,2023-03-31 00:00:00,98
Monitor Arm,2023-04-30 00:00:00,65
Monitor Arm,2023-05-31 00:00:00,83
Monitor Arm,2023-06-30 00:00:00,63
Monitor Arm,2023-07-31 00:00:00,87
Monitor Arm,2023-08-31 00:00:00,74
Monitor Arm,2023-09-30 00:00:00,70
Monitor Arm,2023-10-31 00:00:00,108
Monitor Arm,2023-11-30 00:00:00,28
Monitor Arm,2023-12-31 00:00:00,70
Monitor Arm,2024-01-31 00:00:00,93
Monitor Arm,2024-02-29 00:00:00,70
Monitor Arm,2024-03-31 00:00:00,74
Monitor Arm,2024-04-30 00:00:00,96
Monitor Arm,2024-05-31 00:00:00,69
Monitor Arm,2024-06-30 00:00:00,46
Monitor Arm,2024-07-31 00:00:00,77
Monitor Arm,2024-08-31 00:00:00,70
Monitor Arm,2024-09-30 00:00:00,69
Monitor Arm,2024-10-31 00:00:00,73
Monitor Arm,2024-11-30 00:00:00,51
Monitor Arm,2024-12-31 00:00:00,65
Monitor Arm,2025-01-31 00:00:00,88
Monitor Arm,2025-02-28 00:00:00,75
Monitor Arm,2025-03-31 00:00:00,65
Monitor Arm,2025-04-30 00:00:00,95
Monitor Arm,2025-05-31 00:00:00,71
Monitor Arm,2025-06-30 00:00:00,42
Monitor Arm,2025-07-31 00:00:00,69
Monitor Arm,2025-08-31 00:00:00,65
Monitor Arm,2025-09-30 00:00:00,69
Monitor Arm,2025-10-31 00:00:00,58
Monitor Arm,2025-11-30 00:00:00,47
Monitor Arm,2025-12-31 00:00:00,66
Monitor Arm,2026-01-31 00:00:00,87
Monitor Arm,2026-02-28 00:00:00,74
Monitor Arm,2026-03-31 00:00:00,73
Monitor Arm,2026-04-30 00:00:00,81
Monitor Arm,2026-05-31 00:00:00,71
Monitor Arm,2026-06-30 00:00:00,46
Monitor Arm,2026-07-31 00:00:00,73
Monitor Arm,2026-08-31 00:00:00,66
Monitor Arm,2026-09-30 00:00:00,65
Monitor Arm,2026-10-31 00:00:00,72
Monitor Arm,2026-11-30 00:00:00,38
Monitor Arm,2026-12-31 00:00:00,64
Monitor Arm,2027-01-31 00:00:00,87
Monitor Arm,2027-02-28 00:00:00,70
Monitor Arm,2027-03-31 00:00:00,68
Monitor Arm,2027-04-30 00:00:00,87
Monitor Arm,2027-05-31 00:00:00,67
Monitor Arm,2027-06-30 00:00:00,44
Monitor Arm,2027-07-31 00:00:00,73
Monitor Arm,2027-08-31 00:00:00,64
Monitor Arm,2027-09-30 00:00:00,62
Monitor Arm,2027-10-31 00:00:00,67
Monitor Arm,2027-11-30 00:00:00,42
Monitor Arm,2027-12-31 00:00:00,62
Monitor Arm,2028-01-31 00:00:00,86
Monitor Arm,2028-02-29 00:00:00,71
Monitor Arm,2028-03-31 00:00:00,66
Monitor Arm,2028-04-30 00:00:00,88
Monitor Arm,2028-05-31 00:00:00,68
Monitor Arm,2028-06-30 00:00:00,43
Monitor Arm,2028-07-31 00:00:00,70
Monitor Arm,2028-08-31 00:00:00,65
Monitor Arm,2028-09-30 00:00:00,63
Mystery Novel,2015-01-31 00:00:00,176
Mystery Novel,2015-02-28 00:00:00,128
Mystery Novel,2015-03-31 00:00:00,144
Mystery Novel,2015-04-30 00:00:00,153
Mystery Novel,2015-05-31 00:00:00,81
Mystery Novel,2015-06-30 00:00:00,131
Mystery Novel,2015-07-31 00:00:00,54
Mystery Novel,2015-08-31 00:00:00,116
Mystery Novel,2015-09-30 00:00:00,234
Mystery Novel,2015-10-31 00:00:00,89
Mystery Novel,2015-11-30 00:00:00,153
Mystery Novel,2015-12-31 00:00:00,183
Mystery Novel,2016-01-31 00:00:00,121
Mystery Novel,2016-02-29 00:00:00,176
Mystery Novel,2016-03-31 00:00:00,110
Mystery Novel,2016-04-30 00:00:00,112
Mystery Novel,2016-05-31 00:00:00,95
Mystery Novel,2016-06-30 00:00:00,135
Mystery Novel,2016-07-31 00:00:00,263
Mystery Novel,2016-08-31 00:00:00,181
Mystery Novel,2016-09-30 00:00:00,148
Mystery Novel,2016-10-31 00:00:00,73
Mystery Novel,2016-11-30 00:00:00,124
Mystery Novel,2016-12-31 00:00:00,159
Mystery Novel,2017-01-31 00:00:00,126
Mystery Novel,2017-02-28 00:00:00,79
Mystery Novel,2017-03-31 00:00:00,143
Mystery Novel,2017-04-30 00:00:00,74
Mystery Novel,2017-05-31 00:00:00,111
Mystery Novel,2017-06-30 00:00:00,97
Mystery Novel,2017-07-31 00:00:00,165
Mystery Novel,2017-08-31 00:00:00,83
Mystery Novel,2017-09-30 00:00:00,144
Mystery Novel,2017-10-31 00:00:00,83
Mystery Novel,2017-11-30 00:00:00,110
Mystery Novel,2017-12-31 00:00:00,90
Mystery Novel,2018-01-31 00:00:00,132
Mystery Novel,2018-02-28 00:00:00,173
Mystery Novel,2018-03-31 00:00:00,119
Mystery Novel,2018-04-30 00:00:00,104
Mystery Novel,2018-05-31 00:00:00,161
Mystery Novel,2018-06-30 00:00:00,78
Mystery Novel,2018-07-31 00:00:00,57
Mystery Novel,2018-08-31 00:00:00,170
Mystery Novel,2018-09-30 00:00:00,120
Mystery Novel,2018-10-31 00:00:00,182
Mystery Novel,2018-11-30 00:00:00,80
Mystery Novel,2018-12-31 00:00:00,68
Mystery Novel,2019-01-31 00:00:00,136
Mystery Novel,2019-02-28 00:00:00,177
Mystery Novel,2019-03-31 00:00:00,71
Mystery Novel,2019-04-30 00:00:00,162
Mystery Novel,2019-05-31 00:00:00,67
Mystery Novel,2019-06-30 00:00:00,92
Mystery Novel,2019-07-31 00:00:00,106
Mystery Novel,2019-08-31 00:00:00,116
Mystery Novel,2019-09-30 00:00:00,183
Mystery Novel,2019-10-31 00:00:00,153
Mystery Novel,2019-11-30 00:00:00,137
Mystery Novel,2019-12-31 00:00:00,120
Mystery Novel,2020-01-31 00:00:00,127
Mystery Novel,2020-02-29 00:00:00,175
Mystery Novel,2020-03-31 00:00:00,154
Mystery Novel,2020-04-30 00:00:00,141
Mystery Novel,2020-05-31 00:00:00,129
Mystery Novel,2020-06-30 00:00:00,142
Mystery Novel,2020-07-31 00:00:00,149
Mystery Novel,2020-08-31 00:00:00,124
Mystery Novel,2020-09-30 00:00:00,152
Mystery Novel,2020-10-31 00:00:00,126
Mystery Novel,2020-11-30 00:00:00,106
Mystery Novel,2020-12-31 00:00:00,79
Mystery Novel,2021-01-31 00:00:00,152
Mystery Novel,2021-02-28 00:00:00,234
Mystery Novel,2021-03-31 00:00:00,122
Mystery Novel,2021-04-30 00:00:00,135
Mystery Novel,2021-05-31 00:00:00,143
Mystery Novel,2021-06-30 00:00:00,139
Mystery Novel,2021-07-31 00:00:00,142
Mystery Novel,2021-08-31 00:00:00,91
Mystery Novel,2021-09-30 00:00:00,80
Mystery Novel,2021-10-31 00:00:00,98
Mystery Novel,2021-11-30 00:00:00,139
Mystery Novel,2021-12-31 00:00:00,135
Mystery Novel,2022-01-31 00:00:00,140
Mystery Novel,2022-02-28 00:00:00,122
Mystery Novel,2022-03-31 00:00:00,154
Mystery Novel,2022-04-30 00:00:00,103
Mystery Novel,2022-05-31 00:00:00,112
Mystery Novel,2022-06-30 00:00:00,75
Mystery Novel,2022-07-31 00:00:00,72
Mystery Novel,2022-08-31 00:00:00,82
Mystery Novel,2022-09-30 00:00:00,130
Mystery Novel,2022-10-31 00:00:00,135
Mystery Novel,2022-11-30 00:00:00,178
Mystery Novel,2022-12-31 00:00:00,115
Mystery Novel,2023-01-31 00:00:00,108
Mystery Novel,2023-02-28 00:00:00,131
Mystery Novel,2023-03-31 00:00:00,140
Mystery Novel,2023-04-30 00:00:00,139
Mystery Novel,2023-05-31 00:00:00,109
Mystery Novel,2023-06-30 00:00:00,105
Mystery Novel,2023-07-31 00:00:00,100
Mystery Novel,2023-08-31 00:00:00,135
Mystery Novel,2023-09-30 00:00:00,64
Mystery Novel,2023-10-31 00:00:00,127
Mystery Novel,2023-11-30 00:00:00,128
Mystery Novel,2023-12-31 00:00:00,126
Mystery Novel,2024-01-31 00:00:00,116
Mystery Novel,2024-02-29 00:00:00,139
Mystery Novel,2024-03-31 00:00:00,99
Mystery Novel,2024-04-30 00:00:00,117
Mystery Novel,2024-05-31 00:00:00,105
Mystery Novel,2024-06-30 00:00:00,101
Mystery Novel,2024-07-31 00:00:00,103
Mystery Novel,2024-08-31 00:00:00,97
Mystery Novel,2024-09-30 00:00:00,94
Mystery Novel,2024-10-31 00:00:00,104
Mystery Novel,2024-11-30 00:00:00,107
Mystery Novel,2024-12-31 00:00:00,97
Mystery Novel,2025-01-31 00:00:00,113
Mystery Novel,2025-02-28 00:00:00,137
Mystery Novel,2025-03-31 00:00:00,107
Mystery Novel,2025-04-30 00:00:00,105
Mystery Novel,2025-05-31 00:00:00,99
Mystery Novel,2025-06-30 00:00:00,90
Mystery Novel,2025-07-31 00:00:00,95
Mystery Novel,2025-08-31 00:00:00,89
Mystery Novel,2025-09-30 00:00:00,106
Mystery Novel,2025-10-31 00:00:00,103
Mystery Novel,2025-11-30 00:00:00,111
Mystery Novel,2025-12-31 00:00:00,93
Mystery Novel,2026-01-31 00:00:00,108
Mystery Novel,2026-02-28 00:00:00,130
Mystery Novel,2026-03-31 00:00:00,109
Mystery Novel,2026-04-30 00:00:00,105
Mystery Novel,2026-05-31 00:00:00,95
Mystery Novel,2026-06-30 00:00:00,88
Mystery Novel,2026-07-31 00:00:00,92
Mystery Novel,2026-08-31 00:00:00,91
Mystery Novel,2026-09-30 00:00:00,91
Mystery Novel,2026-10-31 00:00:00,101
Mystery Novel,2026-11-30 00:00:00,113
Mystery Novel,2026-12-31 00:00:00,96
Mystery Novel,2027-01-31 00:00:00,108
Mystery Novel,2027-02-28 00:00:00,130
Mystery Novel,2027-03-31 00:00:00,107
Mystery Novel,2027-04-30 00:00:00,105
Mystery Novel,2027-05-31 00:00:00,95
Mystery Novel,2027-06-30 00:00:00,87
Mystery Novel,2027-07-31 00:00:00,88
Mystery Novel,2027-08-31 00:00:00,91
Mystery Novel,2027-09-30 00:00:00,90
Mystery Novel,2027-10-31 00:00:00,101
Mystery Novel,2027-11-30 00:00:00,110
Mystery Novel,2027-12-31 00:00:00,94
Mystery Novel,2028-01-31 00:00:00,104
Mystery Novel,2028-02-29 00:00:00,127
Mystery Novel,2028-03-31 00:00:00,103
Mystery Novel,2028-04-30 00:00:00,103
Mystery Novel,2028-05-31 00:00:00,93
Mystery Novel,2028-06-30 00:00:00,86
Mystery Novel,2028-07-31 00:00:00,90
Mystery Novel,2028-08-31 00:00:00,91
Mystery Novel,2028-09-30 00:00:00,90
Portable Fan,2015-01-31 00:00:00,69
Portable Fan,2015-02-28 00:00:00,46
Portable Fan,2015-03-31 00:00:00,60
Portable Fan,2015-04-30 00:00:00,90
Portable Fan,2015-05-31 00:00:00,65
Portable Fan,2015-06-30 00:00:00,67
Portable Fan,2015-07-31 00:00:00,71
Portable Fan,2015-08-31 00:00:00,100
Portable Fan,2015-09-30 00:00:00,133
Portable Fan,2015-10-31 00:00:00,82
Portable Fan,2015-11-30 00:00:00,52
Portable Fan,2015-12-31 00:00:00,87
Portable Fan,2016-01-31 00:00:00,64
Portable Fan,2016-02-29 00:00:00,95
Portable Fan,2016-03-31 00:00:00,53
Portable Fan,2016-04-30 00:00:00,115
Portable Fan,2016-05-31 00:00:00,17
Portable Fan,2016-06-30 00:00:00,58
Portable Fan,2016-07-31 00:00:00,134
Portable Fan,2016-08-31 00:00:00,64
Portable Fan,2016-09-30 00:00:00,86
Portable Fan,2016-10-31 00:00:00,152
Portable Fan,2016-11-30 00:00:00,70
Portable Fan,2016-12-31 00:00:00,114
Portable Fan,2017-01-31 00:00:00,66
Portable Fan,2017-02-28 00:00:00,116
Portable Fan,2017-03-31 00:00:00,86
Portable Fan,2017-04-30 00:00:00,83
Portable Fan,2017-05-31 00:00:00,136
Portable Fan,2017-06-30 00:00:00,104
Portable Fan,2017-07-31 00:00:00,39
Portable Fan,2017-08-31 00:00:00,110
Portable Fan,2017-09-30 00:00:00,56
Portable Fan,2017-10-31 00:00:00,75
Portable Fan,2017-11-30 00:00:00,90
Portable Fan,2017-12-31 00:00:00,123
Portable Fan,2018-01-31 00:00:00,65
Portable Fan,2018-02-28 00:00:00,122
Portable Fan,2018-03-31 00:00:00,99
Portable Fan,2018-04-30 00:00:00,103
Portable Fan,2018-05-31 00:00:00,62
Portable Fan,2018-06-30 00:00:00,77
Portable Fan,2018-07-31 00:00:00,54
Portable Fan,2018-08-31 00:00:00,91
Portable Fan,2018-09-30 00:00:00,118
Portable Fan,2018-10-31 00:00:00,47
Portable Fan,2018-11-30 00:00:00,180
Portable Fan,2018-12-31 00:00:00,102
Portable Fan,2019-01-31 00:00:00,38
Portable Fan,2019-02-28 00:00:00,56
Portable Fan,2019-03-31 00:00:00,96
Portable Fan,2019-04-30 00:00:00,94
Portable Fan,2019-05-31 00:00:00,59
Portable Fan,2019-06-30 00:00:00,61
Portable Fan,2019-07-31 00:00:00,107
Portable Fan,2019-08-31 00:00:00,120
Portable Fan,2019-09-30 00:00:00,105
Portable Fan,2019-10-31 00:00:00,109
Portable Fan,2019-11-30 00:00:00,52
Portable Fan,2019-12-31 00:00:00,49
Portable Fan,2020-01-31 00:00:00,80
Portable Fan,2020-02-29 00:00:00,147
Portable Fan,2020-03-31 00:00:00,182
Portable Fan,2020-04-30 00:00:00,183
Portable Fan,2020-05-31 00:00:00,105
Portable Fan,2020-06-30 00:00:00,114
Portable Fan,2020-07-31 00:00:00,40
Portable Fan,2020-08-31 00:00:00,67
Portable Fan,2020-09-30 00:00:00,101
Portable Fan,2020-10-31 00:00:00,44
Portable Fan,2020-11-30 00:00:00,91
Portable Fan,2020-12-31 00:00:00,132
Portable Fan,2021-01-31 00:00:00,128
Portable Fan,2021-02-28 00:00:00,144
Portable Fan,2021-03-31 00:00:00,102
Portable Fan,2021-04-30 00:00:00,120
Portable Fan,2021-05-31 00:00:00,94
Portable Fan,2021-06-30 00:00:00,88
Portable Fan,2021-07-31 00:00:00,44
Portable Fan,2021-08-31 00:00:00,87
Portable Fan,2021-09-30 00:00:00,102
Portable Fan,2021-10-31 00:00:00,78
Portable Fan,2021-11-30 00:00:00,57
Portable Fan,2021-12-31 00:00:00,149
Portable Fan,2022-01-31 00:00:00,69
Portable Fan,2022-02-28 00:00:00,31
Portable Fan,2022-03-31 00:00:00,40
Portable Fan,2022-04-30 00:00:00,41
Portable Fan,2022-05-31 00:00:00,94
Portable Fan,2022-06-30 00:00:00,66
Portable Fan,2022-07-31 00:00:00,87
Portable Fan,2022-08-31 00:00:00,34
Portable Fan,2022-09-30 00:00:00,79
Portable Fan,2022-10-31 00:00:00,47
Portable Fan,2022-11-30 00:00:00,117
Portable Fan,2022-12-31 00:00:00,53
Portable Fan,2023-01-31 00:00:00,71
Portable Fan,2023-02-28 00:00:00,67
Portable Fan,2023-03-31 00:00:00,43
Portable Fan,2023-04-30 00:00:00,108
Portable Fan,2023-05-31 00:00:00,64
Portable Fan,2023-06-30 00:00:00,56
Portable Fan,2023-07-31 00:00:00,70
Portable Fan,2023-08-31 00:00:00,162
Portable Fan,2023-09-30 00:00:00,116
Portable Fan,2023-10-31 00:00:00,128
Portable Fan,2023-11-30 00:00:00,78
Portable Fan,2023-12-31 00:00:00,86
Portable Fan,2024-01-31 00:00:00,85
Portable Fan,2024-02-29 00:00:00,71
Portable Fan,2024-03-31 00:00:00,51
Portable Fan,2024-04-30 00:00:00,77
Portable Fan,2024-05-31 00:00:00,67
Portable Fan,2024-06-30 00:00:00,56
Portable Fan,2024-07-31 00:00:00,50
Portable Fan,2024-08-31 00:00:00,80
Portable Fan,2024-09-30 00:00:00,83
Portable Fan,2024-10-31 00:00:00,70
Portable Fan,2024-11-30 00:00:00,62
Portable Fan,2024-12-31 00:00:00,73
Portable Fan,2025-01-31 00:00:00,51
Portable Fan,2025-02-28 00:00:00,38
Portable Fan,2025-03-31 00:00:00,31
Portable Fan,2025-04-30 00:00:00,59
Portable Fan,2025-05-31 00:00:00,65
Portable Fan,2025-06-30 00:00:00,50
Portable Fan,2025-07-31 00:00:00,56
Portable Fan,2025-08-31 00:00:00,70
Portable Fan,2025-09-30 00:00:00,75
Portable Fan,2025-10-31 00:00:00,60
Portable Fan,2025-11-30 00:00:00,72
Portable Fan,2025-12-31 00:00:00,56
Portable Fan,2026-01-31 00:00:00,59
Portable Fan,2026-02-28 00:00:00,48
Portable Fan,2026-03-31 00:00:00,32
Portable Fan,2026-04-30 00:00:00,73
Portable Fan,2026-05-31 00:00:00,57
Portable Fan,2026-06-30 00:00:00,45
Portable Fan,2026-07-31 00:00:00,49
Portable Fan,2026-08-31 00:00:00,95
Portable Fan,2026-09-30 00:00:00,81
Portable Fan,2026-10-31 00:00:00,76
Portable Fan,2026-11-30 00:00:00,63
Portable Fan,2026-12-31 00:00:00,67
Portable Fan,2027-01-31 00:00:00,63
Portable Fan,2027-02-28 00:00:00,48
Portable Fan,2027-03-31 00:00:00,32
Portable Fan,2027-04-30 00:00:00,64
Portable Fan,2027-05-31 00:00:00,58
Portable Fan,2027-06-30 00:00:00,44
Portable Fan,2027-07-31 00:00:00,47
Portable Fan,2027-08-31 00:00:00,74
Portable Fan,2027-09-30 00:00:00,73
Portable Fan,2027-10-31 00:00:00,65
Portable Fan,2027-11-30 00:00:00,61
Portable Fan,2027-12-31 00:00:00,64
Portable Fan,2028-01-31 00:00:00,56
Portable Fan,2028-02-29 00:00:00,41
Portable Fan,2028-03-31 00:00:00,27
Portable Fan,2028-04-30 00:00:00,59
Portable Fan,2028-05-31 00:00:00,52
Portable Fan,2028-06-30 00:00:00,35
Portable Fan,2028-07-31 00:00:00,43
Portable Fan,2028-08-31 00:00:00,71
Portable Fan,2028-09-30 00:00:00,70
Raincoat,2015-01-31 00:00:00,176
Raincoat,2015-02-28 00:00:00,187
Raincoat,2015-03-31 00:00:00,289
Raincoat,2015-04-30 00:00:00,167
Raincoat,2015-05-31 00:00:00,204
Raincoat,2015-06-30 00:00:00,129
Raincoat,2015-07-31 00:00:00,94
Raincoat,2015-08-31 00:00:00,232
Raincoat,2015-09-30 00:00:00,181
Raincoat,2015-10-31 00:00:00,141
Raincoat,2015-11-30 00:00:00,149
Raincoat,2015-12-31 00:00:00,143
Raincoat,2016-01-31 00:00:00,221
Raincoat,2016-02-29 00:00:00,229
Raincoat,2016-03-31 00:00:00,176
Raincoat,2016-04-30 00:00:00,254
Raincoat,2016-05-31 00:00:00,162
Raincoat,2016-06-30 00:00:00,255
Raincoat,2016-07-31 00:00:00,172
Raincoat,2016-08-31 00:00:00,238
Raincoat,2016-09-30 00:00:00,190
Raincoat,2016-10-31 00:00:00,213
Raincoat,2016-11-30 00:00:00,195
Raincoat,2016-12-31 00:00:00,173
Raincoat,2017-01-31 00:00:00,141
Raincoat,2017-02-28 00:00:00,159
Raincoat,2017-03-31 00:00:00,171
Raincoat,2017-04-30 00:00:00,137
Raincoat,2017-05-31 00:00:00,146
Raincoat,2017-06-30 00:00:00,239
Raincoat,2017-07-31 00:00:00,190
Raincoat,2017-08-31 00:00:00,193
Raincoat,2017-09-30 00:00:00,191
Raincoat,2017-10-31 00:00:00,167
Raincoat,2017-11-30 00:00:00,209
Raincoat,2017-12-31 00:00:00,134
Raincoat,2018-01-31 00:00:00,102
Raincoat,2018-02-28 00:00:00,76
Raincoat,2018-03-31 00:00:00,261
Raincoat,2018-04-30 00:00:00,217
Raincoat,2018-05-31 00:00:00,192
Raincoat,2018-06-30 00:00:00,115
Raincoat,2018-07-31 00:00:00,176
Raincoat,2018-08-31 00:00:00,163
Raincoat,2018-09-30 00:00:00,79
Raincoat,2018-10-31 00:00:00,250
Raincoat,2018-11-30 00:00:00,228
Raincoat,2018-12-31 00:00:00,301
Raincoat,2019-01-31 00:00:00,212
Raincoat,2019-02-28 00:00:00,178
Raincoat,2019-03-31 00:00:00,266
Raincoat,2019-04-30 00:00:00,164
Raincoat,2019-05-31 00:00:00,147
Raincoat,2019-06-30 00:00:00,209
Raincoat,2019-07-31 00:00:00,208
Raincoat,2019-08-31 00:00:00,110
Raincoat,2019-09-30 00:00:00,312
Raincoat,2019-10-31 00:00:00,200
Raincoat,2019-11-30 00:00:00,144
Raincoat,2019-12-31 00:00:00,283
Raincoat,2020-01-31 00:00:00,203
Raincoat,2020-02-29 00:00:00,171
Raincoat,2020-03-31 00:00:00,174
Raincoat,2020-04-30 00:00:00,262
Raincoat,2020-05-31 00:00:00,227
Raincoat,2020-06-30 00:00:00,174
Raincoat,2020-07-31 00:00:00,135
Raincoat,2020-08-31 00:00:00,185
Raincoat,2020-09-30 00:00:00,212
Raincoat,2020-10-31 00:00:00,227
Raincoat,2020-11-30 00:00:00,158
Raincoat,2020-12-31 00:00:00,209
Raincoat,2021-01-31 00:00:00,139
Raincoat,2021-02-28 00:00:00,191
Raincoat,2021-03-31 00:00:00,142
Raincoat,2021-04-30 00:00:00,211
Raincoat,2021-05-31 00:00:00,186
Raincoat,2021-06-30 00:00:00,124
Raincoat,2021-07-31 00:00:00,263
Raincoat,2021-08-31 00:00:00,154
Raincoat,2021-09-30 00:00:00,123
Raincoat,2021-10-31 00:00:00,180
Raincoat,2021-11-30 00:00:00,89
Raincoat,2021-12-31 00:00:00,138
Raincoat,2022-01-31 00:00:00,217
Raincoat,2022-02-28 00:00:00,219
Raincoat,2022-03-31 00:00:00,175
Raincoat,2022-04-30 00:00:00,169
Raincoat,2022-05-31 00:00:00,151
Raincoat,2022-06-30 00:00:00,154
Raincoat,2022-07-31 00:00:00,234
Raincoat,2022-08-31 00:00:00,214
Raincoat,2022-09-30 00:00:00,217
Raincoat,2022-10-31 00:00:00,195
Raincoat,2022-11-30 00:00:00,168
Raincoat,2022-12-31 00:00:00,136
Raincoat,2023-01-31 00:00:00,166
Raincoat,2023-02-28 00:00:00,148
Raincoat,2023-03-31 00:00:00,167
Raincoat,2023-04-30 00:00:00,200
Raincoat,2023-05-31 00:00:00,171
Raincoat,2023-06-30 00:00:00,143
Raincoat,2023-07-31 00:00:00,159
Raincoat,2023-08-31 00:00:00,208
Raincoat,2023-09-30 00:00:00,231
Raincoat,2023-10-31 00:00:00,245
Raincoat,2023-11-30 00:00:00,161
Raincoat,2023-12-31 00:00:00,174
Raincoat,2024-01-31 00:00:00,166
Raincoat,2024-02-29 00:00:00,185
Raincoat,2024-03-31 00:00:00,160
Raincoat,2024-04-30 00:00:00,200
Raincoat,2024-05-31 00:00:00,174
Raincoat,2024-06-30 00:00:00,140
Raincoat,2024-07-31 00:00:00,214
Raincoat,2024-08-31 00:00:00,192
Raincoat,2024-09-30 00:00:00,182
Raincoat,2024-10-31 00:00:00,209
Raincoat,2024-11-30 00:00:00,144
Raincoat,2024-12-31 00:00:00,148
Raincoat,2025-01-31 00:00:00,191
Raincoat,2025-02-28 00:00:00,196
Raincoat,2025-03-31 00:00:00,180
Raincoat,2025-04-30 00:00:00,198
Raincoat,2025-05-31 00:00:00,173
Raincoat,2025-06-30 00:00:00,159
Raincoat,2025-07-31 00:00:00,214
Raincoat,2025-08-31 00:00:00,210
Raincoat,2025-09-30 00:00:00,216
Raincoat,2025-10-31 00:00:00,219
Raincoat,2025-11-30 00:00:00,166
Raincoat,2025-12-31 00:00:00,162
Raincoat,2026-01-31 00:00:00,189
Raincoat,2026-02-28 00:00:00,189
Raincoat,2026-03-31 00:00:00,184
Raincoat,2026-04-30 00:00:00,210
Raincoat,2026-05-31 00:00:00,186
Raincoat,2026-06-30 00:00:00,165
Raincoat,2026-07-31 00:00:00,210
Raincoat,2026-08-31 00:00:00,220
Raincoat,2026-09-30 00:00:00,230
Raincoat,2026-10-31 00:00:00,238
Raincoat,2026-11-30 00:00:00,170
Raincoat,2026-12-31 00:00:00,178
Raincoat,2027-01-31 00:00:00,198
Raincoat,2027-02-28 00:00:00,207
Raincoat,2027-03-31 00:00:00,197
Raincoat,2027-04-30 00:00:00,221
Raincoat,2027-05-31 00:00:00,196
Raincoat,2027-06-30 00:00:00,172
Raincoat,2027-07-31 00:00:00,228
Raincoat,2027-08-31 00:00:00,224
Raincoat,2027-09-30 00:00:00,228
Raincoat,2027-10-31 00:00:00,241
Raincoat,2027-11-30 00:00:00,179
Raincoat,2027-12-31 00:00:00,188
Raincoat,2028-01-31 00:00:00,213
Raincoat,2028-02-29 00:00:00,217
Raincoat,2028-03-31 00:00:00,205
Raincoat,2028-04-30 00:00:00,228
Raincoat,2028-05-31 00:00:00,207
Raincoat,2028-06-30 00:00:00,184
Raincoat,2028-07-31 00:00:00,235
Raincoat,2028-08-31 00:00:00,234
Raincoat,2028-09-30 00:00:00,241
Running Shoes,2015-01-31 00:00:00,233
Running Shoes,2015-02-28 00:00:00,233
Running Shoes,2015-03-31 00:00:00,99
Running Shoes,2015-04-30 00:00:00,153
Running Shoes,2015-05-31 00:00:00,125
Running Shoes,2015-06-30 00:00:00,217
Running Shoes,2015-07-31 00:00:00,136
Running Shoes,2015-08-31 00:00:00,243
Running Shoes,2015-09-30 00:00:00,163
Running Shoes,2015-10-31 00:00:00,106
Running Shoes,2015-11-30 00:00:00,150
Running Shoes,2015-12-31 00:00:00,211
Running Shoes,2016-01-31 00:00:00,116
Running Shoes,2016-02-29 00:00:00,83
Running Shoes,2016-03-31 00:00:00,94
Running Shoes,2016-04-30 00:00:00,122
Running Shoes,2016-05-31 00:00:00,183
Running Shoes,2016-06-30 00:00:00,170
Running Shoes,2016-07-31 00:00:00,161
Running Shoes,2016-08-31 00:00:00,179
Running Shoes,2016-09-30 00:00:00,137
Running Shoes,2016-10-31 00:00:00,167
Running Shoes,2016-11-30 00:00:00,156
Running Shoes,2016-12-31 00:00:00,82
Running Shoes,2017-01-31 00:00:00,114
Running Shoes,2017-02-28 00:00:00,171
Running Shoes,2017-03-31 00:00:00,144
Running Shoes,2017-04-30 00:00:00,136
Running Shoes,2017-05-31 00:00:00,285
Running Shoes,2017-06-30 00:00:00,207
Running Shoes,2017-07-31 00:00:00,123
Running Shoes,2017-08-31 00:00:00,165
Running Shoes,2017-09-30 00:00:00,137
Running Shoes,2017-10-31 00:00:00,131
Running Shoes,2017-11-30 00:00:00,147
Running Shoes,2017-12-31 00:00:00,156
Running Shoes,2018-01-31 00:00:00,209
Running Shoes,2018-02-28 00:00:00,155
Running Shoes,2018-03-31 00:00:00,105
Running Shoes,2018-04-30 00:00:00,182
Running Shoes,2018-05-31 00:00:00,193
Running Shoes,2018-06-30 00:00:00,89
Running Shoes,2018-07-31 00:00:00,160
Running Shoes,2018-08-31 00:00:00,117
Running Shoes,2018-09-30 00:00:00,64
Running Shoes,2018-10-31 00:00:00,208
Running Shoes,2018-11-30 00:00:00,138
Running Shoes,2018-12-31 00:00:00,107
Running Shoes,2019-01-31 00:00:00,159
Running Shoes,2019-02-28 00:00:00,122
Running Shoes,2019-03-31 00:00:00,128
Running Shoes,2019-04-30 00:00:00,48
Running Shoes,2019-05-31 00:00:00,198
Running Shoes,2019-06-30 00:00:00,200
Running Shoes,2019-07-31 00:00:00,101
Running Shoes,2019-08-31 00:00:00,252
Running Shoes,2019-09-30 00:00:00,271
Running Shoes,2019-10-31 00:00:00,138
Running Shoes,2019-11-30 00:00:00,146
Running Shoes,2019-12-31 00:00:00,244
Running Shoes,2020-01-31 00:00:00,237
Running Shoes,2020-02-29 00:00:00,209
Running Shoes,2020-03-31 00:00:00,120
Running Shoes,2020-04-30 00:00:00,136
Running Shoes,2020-05-31 00:00:00,176
Running Shoes,2020-06-30 00:00:00,130
Running Shoes,2020-07-31 00:00:00,194
Running Shoes,2020-08-31 00:00:00,176
Running Shoes,2020-09-30 00:00:00,185
Running Shoes,2020-10-31 00:00:00,244
Running Shoes,2020-11-30 00:00:00,168
Running Shoes,2020-12-31 00:00:00,187
Running Shoes,2021-01-31 00:00:00,159
Running Shoes,2021-02-28 00:00:00,64
Running Shoes,2021-03-31 00:00:00,127
Running Shoes,2021-04-30 00:00:00,143
Running Shoes,2021-05-31 00:00:00,230
Running Shoes,2021-06-30 00:00:00,255
Running Shoes,2021-07-31 00:00:00,192
Running Shoes,2021-08-31 00:00:00,218
Running Shoes,2021-09-30 00:00:00,150
Running Shoes,2021-10-31 00:00:00,285
Running Shoes,2021-11-30 00:00:00,131
Running Shoes,2021-12-31 00:00:00,130
Running Shoes,2022-01-31 00:00:00,183
Running Shoes,2022-02-28 00:00:00,167
Running Shoes,2022-03-31 00:00:00,165
Running Shoes,2022-04-30 00:00:00,224
Running Shoes,2022-05-31 00:00:00,88
Running Shoes,2022-06-30 00:00:00,261
Running Shoes,2022-07-31 00:00:00,113
Running Shoes,2022-08-31 00:00:00,283
Running Shoes,2022-09-30 00:00:00,149
Running Shoes,2022-10-31 00:00:00,179
Running Shoes,2022-11-30 00:00:00,267
Running Shoes,2022-12-31 00:00:00,205
Running Shoes,2023-01-31 00:00:00,118
Running Shoes,2023-02-28 00:00:00,196
Running Shoes,2023-03-31 00:00:00,163
Running Shoes,2023-04-30 00:00:00,178
Running Shoes,2023-05-31 00:00:00,150
Running Shoes,2023-06-30 00:00:00,60
Running Shoes,2023-07-31 00:00:00,139
Running Shoes,2023-08-31 00:00:00,192
Running Shoes,2023-09-30 00:00:00,114
Running Shoes,2023-10-31 00:00:00,113
Running Shoes,2023-11-30 00:00:00,115
Running Shoes,2023-12-31 00:00:00,173
Running Shoes,2024-01-31 00:00:00,77
Running Shoes,2024-02-29 00:00:00,58
Running Shoes,2024-03-31 00:00:00,92
Running Shoes,2024-04-30 00:00:00,122
Running Shoes,2024-05-31 00:00:00,83
Running Shoes,2024-06-30 00:00:00,132
Running Shoes,2024-07-31 00:00:00,82
Running Shoes,2024-08-31 00:00:00,158
Running Shoes,2024-09-30 00:00:00,70
Running Shoes,2024-10-31 00:00:00,128
Running Shoes,2024-11-30 00:00:00,107
Running Shoes,2024-12-31 00:00:00,97
Running Shoes,2025-01-31 00:00:00,66
Running Shoes,2025-02-28 00:00:00,85
Running Shoes,2025-03-31 00:00:00,82
Running Shoes,2025-04-30 00:00:00,113
Running Shoes,2025-05-31 00:00:00,50
Running Shoes,2025-06-30 00:00:00,89
Running Shoes,2025-07-31 00:00:00,54
Running Shoes,2025-08-31 00:00:00,148
Running Shoes,2025-09-30 00:00:00,54
Running Shoes,2025-10-31 00:00:00,77
Running Shoes,2025-11-30 00:00:00,103
Running Shoes,2025-12-31 00:00:00,101
Running Shoes,2026-01-31 00:00:00,38
Running Shoes,2026-02-28 00:00:00,61
Running Shoes,2026-03-31 00:00:00,60
Running Shoes,2026-04-30 00:00:00,81
Running Shoes,2026-05-31 00:00:00,40
Running Shoes,2026-06-30 00:00:00,39
Running Shoes,2026-07-31 00:00:00,41
Running Shoes,2026-08-31 00:00:00,112
Running Shoes,2026-09-30 00:00:00,29
Running Shoes,2026-10-31 00:00:00,52
Running Shoes,2026-11-30 00:00:00,57
Running Shoes,2026-12-31 00:00:00,70
Running Shoes,2027-01-31 00:00:00,15
Running Shoes,2027-02-28 00:00:00,21
Running Shoes,2027-03-31 00:00:00,32
Running Shoes,2027-04-30 00:00:00,59
Running Shoes,2027-05-31 00:00:00,13
Running Shoes,2027-06-30 00:00:00,42
Running Shoes,2027-07-31 00:00:00,15
Running Shoes,2027-08-31 00:00:00,94
Running Shoes,2027-09-30 00:00:00,8
Running Shoes,2027-10-31 00:00:00,43
Running Shoes,2027-11-30 00:00:00,42
Running Shoes,2027-12-31 00:00:00,45
Running Shoes,2028-01-31 00:00:00,1
Running Shoes,2028-02-29 00:00:00,10
Running Shoes,2028-03-31 00:00:00,14
Running Shoes,2028-04-30 00:00:00,42
Running Shoes,2028-05-31 00:00:00,1
Running Shoes,2028-06-30 00:00:00,16
Running Shoes,2028-07-31 00:00:00,1
Running Shoes,2028-08-31 00:00:00,77
Running Shoes,2028-09-30 00:00:00,1
Science Textbook,2015-01-31 00:00:00,219
Science Textbook,2015-02-28 00:00:00,169
Science Textbook,2015-03-31 00:00:00,172
Science Textbook,2015-04-30 00:00:00,161
Science Textbook,2015-05-31 00:00:00,79
Science Textbook,2015-06-30 00:00:00,128
Science Textbook,2015-07-31 00:00:00,181
Science Textbook,2015-08-31 00:00:00,261
Science Textbook,2015-09-30 00:00:00,209
Science Textbook,2015-10-31 00:00:00,226
Science Textbook,2015-11-30 00:00:00,169
Science Textbook,2015-12-31 00:00:00,126
Science Textbook,2016-01-31 00:00:00,182
Science Textbook,2016-02-29 00:00:00,151
Science Textbook,2016-03-31 00:00:00,166
Science Textbook,2016-04-30 00:00:00,139
Science Textbook,2016-05-31 00:00:00,167
Science Textbook,2016-06-30 00:00:00,151
Science Textbook,2016-07-31 00:00:00,250
Science Textbook,2016-08-31 00:00:00,192
Science Textbook,2016-09-30 00:00:00,114
Science Textbook,2016-10-31 00:00:00,190
Science Textbook,2016-11-30 00:00:00,210
Science Textbook,2016-12-31 00:00:00,211
Science Textbook,2017-01-31 00:00:00,168
Science Textbook,2017-02-28 00:00:00,121
Science Textbook,2017-03-31 00:00:00,143
Science Textbook,2017-04-30 00:00:00,182
Science Textbook,2017-05-31 00:00:00,192
Science Textbook,2017-06-30 00:00:00,120
Science Textbook,2017-07-31 00:00:00,152
Science Textbook,2017-08-31 00:00:00,184
Science Textbook,2017-09-30 00:00:00,195
Science Textbook,2017-10-31 00:00:00,131
Science Textbook,2017-11-30 00:00:00,178
Science Textbook,2017-12-31 00:00:00,110
Science Textbook,2018-01-31 00:00:00,156
Science Textbook,2018-02-28 00:00:00,146
Science Textbook,2018-03-31 00:00:00,282
Science Textbook,2018-04-30 00:00:00,91
Science Textbook,2018-05-31 00:00:00,157
Science Textbook,2018-06-30 00:00:00,117
Science Textbook,2018-07-31 00:00:00,76
Science Textbook,2018-08-31 00:00:00,151
Science Textbook,2018-09-30 00:00:00,149
Science Textbook,2018-10-31 00:00:00,149
Science Textbook,2018-11-30 00:00:00,243
Science Textbook,2018-12-31 00:00:00,111
Science Textbook,2019-01-31 00:00:00,100
Science Textbook,2019-02-28 00:00:00,115
Science Textbook,2019-03-31 00:00:00,111
Science Textbook,2019-04-30 00:00:00,149
Science Textbook,2019-05-31 00:00:00,148
Science Textbook,2019-06-30 00:00:00,220
Science Textbook,2019-07-31 00:00:00,177
Science Textbook,2019-08-31 00:00:00,182
Science Textbook,2019-09-30 00:00:00,151
Science Textbook,2019-10-31 00:00:00,113
Science Textbook,2019-11-30 00:00:00,208
Science Textbook,2019-12-31 00:00:00,252
Science Textbook,2020-01-31 00:00:00,85
Science Textbook,2020-02-29 00:00:00,171
Science Textbook,2020-03-31 00:00:00,138
Science Textbook,2020-04-30 00:00:00,174
Science Textbook,2020-05-31 00:00:00,179
Science Textbook,2020-06-30 00:00:00,95
Science Textbook,2020-07-31 00:00:00,148
Science Textbook,2020-08-31 00:00:00,192
Science Textbook,2020-09-30 00:00:00,174
Science Textbook,2020-10-31 00:00:00,192
Science Textbook,2020-11-30 00:00:00,158
Science Textbook,2020-12-31 00:00:00,137
Science Textbook,2021-01-31 00:00:00,195
Science Textbook,2021-02-28 00:00:00,139
Science Textbook,2021-03-31 00:00:00,162
Science Textbook,2021-04-30 00:00:00,90
Science Textbook,2021-05-31 00:00:00,161
Science Textbook,2021-06-30 00:00:00,201
Science Textbook,2021-07-31 00:00:00,138
Science Textbook,2021-08-31 00:00:00,76
Science Textbook,2021-09-30 00:00:00,143
Science Textbook,2021-10-31 00:00:00,155
Science Textbook,2021-11-30 00:00:00,113
Science Textbook,2021-12-31 00:00:00,139
Science Textbook,2022-01-31 00:00:00,176
Science Textbook,2022-02-28 00:00:00,105
Science Textbook,2022-03-31 00:00:00,107
Science Textbook,2022-04-30 00:00:00,206
Science Textbook,2022-05-31 00:00:00,137
Science Textbook,2022-06-30 00:00:00,170
Science Textbook,2022-07-31 00:00:00,132
Science Textbook,2022-08-31 00:00:00,195
Science Textbook,2022-09-30 00:00:00,154
Science Textbook,2022-10-31 00:00:00,170
Science Textbook,2022-11-30 00:00:00,202
Science Textbook,2022-12-31 00:00:00,253
Science Textbook,2023-01-31 00:00:00,204
Science Textbook,2023-02-28 00:00:00,150
Science Textbook,2023-03-31 00:00:00,78
Science Textbook,2023-04-30 00:00:00,99
Science Textbook,2023-05-31 00:00:00,205
Science Textbook,2023-06-30 00:00:00,107
Science Textbook,2023-07-31 00:00:00,107
Science Textbook,2023-08-31 00:00:00,116
Science Textbook,2023-09-30 00:00:00,172
Science Textbook,2023-10-31 00:00:00,228
Science Textbook,2023-11-30 00:00:00,179
Science Textbook,2023-12-31 00:00:00,112
Science Textbook,2024-01-31 00:00:00,160
Science Textbook,2024-02-29 00:00:00,109
Science Textbook,2024-03-31 00:00:00,124
Science Textbook,2024-04-30 00:00:00,135
Science Textbook,2024-05-31 00:00:00,147
Science Textbook,2024-06-30 00:00:00,152
Science Textbook,2024-07-31 00:00:00,118
Science Textbook,2024-08-31 00:00:00,108
Science Textbook,2024-09-30 00:00:00,138
Science Textbook,2024-10-31 00:00:00,163
Science Textbook,2024-11-30 00:00:00,133
Science Textbook,2024-12-31 00:00:00,151
Science Textbook,2025-01-31 00:00:00,167
Science Textbook,2025-02-28 00:00:00,114
Science Textbook,2025-03-31 00:00:00,95
Science Textbook,2025-04-30 00:00:00,148
Science Textbook,2025-05-31 00:00:00,147
Science Textbook,2025-06-30 00:00:00,131
Science Textbook,2025-07-31 00:00:00,113
Science Textbook,2025-08-31 00:00:00,146
Science Textbook,2025-09-30 00:00:00,146
Science Textbook,2025-10-31 00:00:00,172
Science Textbook,2025-11-30 00:00:00,170
Science Textbook,2025-12-31 00:00:00,173
Science Textbook,2026-01-31 00:00:00,174
Science Textbook,2026-02-28 00:00:00,124
Science Textbook,2026-03-31 00:00:00,89
Science Textbook,2026-04-30 00:00:00,112
Science Textbook,2026-05-31 00:00:00,169
Science Textbook,2026-06-30 00:00:00,119
Science Textbook,2026-07-31 00:00:00,105
Science Textbook,2026-08-31 00:00:00,114
Science Textbook,2026-09-30 00:00:00,151
Science Textbook,2026-10-31 00:00:00,188
Science Textbook,2026-11-30 00:00:00,153
Science Textbook,2026-12-31 00:00:00,127
Science Textbook,2027-01-31 00:00:00,162
Science Textbook,2027-02-28 00:00:00,112
Science Textbook,2027-03-31 00:00:00,110
Science Textbook,2027-04-30 00:00:00,136
Science Textbook,2027-05-31 00:00:00,148
Science Textbook,2027-06-30 00:00:00,142
Science Textbook,2027-07-31 00:00:00,115
Science Textbook,2027-08-31 00:00:00,123
Science Textbook,2027-09-30 00:00:00,141
Science Textbook,2027-10-31 00:00:00,168
Science Textbook,2027-11-30 00:00:00,153
Science Textbook,2027-12-31 00:00:00,162
Science Textbook,2028-01-31 00:00:00,171
Science Textbook,2028-02-29 00:00:00,116
Science Textbook,2028-03-31 00:00:00,95
Science Textbook,2028-04-30 00:00:00,134
Science Textbook,2028-05-31 00:00:00,154
Science Textbook,2028-06-30 00:00:00,129
Science Textbook,2028-07-31 00:00:00,108
Science Textbook,2028-08-31 00:00:00,129
Science Textbook,2028-09-30 00:00:00,149
Self-Help Book,2015-01-31 00:00:00,191
Self-Help Book,2015-02-28 00:00:00,65
Self-Help Book,2015-03-31 00:00:00,89
Self-Help Book,2015-04-30 00:00:00,136
Self-Help Book,2015-05-31 00:00:00,79
Self-Help Book,2015-06-30 00:00:00,144
Self-Help Book,2015-07-31 00:00:00,156
Self-Help Book,2015-08-31 00:00:00,148
Self-Help Book,2015-09-30 00:00:00,120
Self-Help Book,2015-10-31 00:00:00,105
Self-Help Book,2015-11-30 00:00:00,118
Self-Help Book,2015-12-31 00:00:00,158
Self-Help Book,2016-01-31 00:00:00,91
Self-Help Book,2016-02-29 00:00:00,146
Self-Help Book,2016-03-31 00:00:00,144
Self-Help Book,2016-04-30 00:00:00,140
Self-Help Book,2016-05-31 00:00:00,50
Self-Help Book,2016-06-30 00:00:00,164
Self-Help Book,2016-07-31 00:00:00,105
Self-Help Book,2016-08-31 00:00:00,100
Self-Help Book,2016-09-30 00:00:00,105
Self-Help Book,2016-10-31 00:00:00,84
Self-Help Book,2016-11-30 00:00:00,129
Self-Help Book,2016-12-31 00:00:00,173
Self-Help Book,2017-01-31 00:00:00,201
Self-Help Book,2017-02-28 00:00:00,176
Self-Help Book,2017-03-31 00:00:00,130
Self-Help Book,2017-04-30 00:00:00,116
Self-Help Book,2017-05-31 00:00:00,143
Self-Help Book,2017-06-30 00:00:00,166
Self-Help Book,2017-07-31 00:00:00,158
Self-Help Book,2017-08-31 00:00:00,169
Self-Help Book,2017-09-30 00:00:00,195
Self-Help Book,2017-10-31 00:00:00,169
Self-Help Book,2017-11-30 00:00:00,118
Self-Help Book,2017-12-31 00:00:00,257
Self-Help Book,2018-01-31 00:00:00,195
Self-Help Book,2018-02-28 00:00:00,100
Self-Help Book,2018-03-31 00:00:00,171
Self-Help Book,2018-04-30 00:00:00,239
Self-Help Book,2018-05-31 00:00:00,88
Self-Help Book,2018-06-30 00:00:00,109
Self-Help Book,2018-07-31 00:00:00,207
Self-Help Book,2018-08-31 00:00:00,142
Self-Help Book,2018-09-30 00:00:00,123
Self-Help Book,2018-10-31 00:00:00,174
Self-Help Book,2018-11-30 00:00:00,133
Self-Help Book,2018-12-31 00:00:00,169
Self-Help Book,2019-01-31 00:00:00,113
Self-Help Book,2019-02-28 00:00:00,169
Self-Help Book,2019-03-31 00:00:00,162
Self-Help Book,2019-04-30 00:00:00,121
Self-Help Book,2019-05-31 00:00:00,143
Self-Help Book,2019-06-30 00:00:00,83
Self-Help Book,2019-07-31 00:00:00,101
Self-Help Book,2019-08-31 00:00:00,84
Self-Help Book,2019-09-30 00:00:00,123
Self-Help Book,2019-10-31 00:00:00,206
Self-Help Book,2019-11-30 00:00:00,132
Self-Help Book,2019-12-31 00:00:00,166
Self-Help Book,2020-01-31 00:00:00,95
Self-Help Book,2020-02-29 00:00:00,138
Self-Help Book,2020-03-31 00:00:00,113
Self-Help Book,2020-04-30 00:00:00,92
Self-Help Book,2020-05-31 00:00:00,111
Self-Help Book,2020-06-30 00:00:00,167
Self-Help Book,2020-07-31 00:00:00,101
Self-Help Book,2020-08-31 00:00:00,151
Self-Help Book,2020-09-30 00:00:00,152
Self-Help Book,2020-10-31 00:00:00,101
Self-Help Book,2020-11-30 00:00:00,107
Self-Help Book,2020-12-31 00:00:00,251
Self-Help Book,2021-01-31 00:00:00,105
Self-Help Book,2021-02-28 00:00:00,216
Self-Help Book,2021-03-31 00:00:00,157
Self-Help Book,2021-04-30 00:00:00,203
Self-Help Book,2021-05-31 00:00:00,87
Self-Help Book,2021-06-30 00:00:00,110
Self-Help Book,2021-07-31 00:00:00,136
Self-Help Book,2021-08-31 00:00:00,166
Self-Help Book,2021-09-30 00:00:00,217
Self-Help Book,2021-10-31 00:00:00,160
Self-Help Book,2021-11-30 00:00:00,110
Self-Help Book,2021-12-31 00:00:00,164
Self-Help Book,2022-01-31 00:00:00,81
Self-Help Book,2022-02-28 00:00:00,144
Self-Help Book,2022-03-31 00:00:00,146
Self-Help Book,2022-04-30 00:00:00,142
Self-Help Book,2022-05-31 00:00:00,141
Self-Help Book,2022-06-30 00:00:00,113
Self-Help Book,2022-07-31 00:00:00,128
Self-Help Book,2022-08-31 00:00:00,94
Self-Help Book,2022-09-30 00:00:00,105
Self-Help Book,2022-10-31 00:00:00,130
Self-Help Book,2022-11-30 00:00:00,126
Self-Help Book,2022-12-31 00:00:00,87
Self-Help Book,2023-01-31 00:00:00,150
Self-Help Book,2023-02-28 00:00:00,263
Self-Help Book,2023-03-31 00:00:00,134
Self-Help Book,2023-04-30 00:00:00,104
Self-Help Book,2023-05-31 00:00:00,75
Self-Help Book,2023-06-30 00:00:00,87
Self-Help Book,2023-07-31 00:00:00,142
Self-Help Book,2023-08-31 00:00:00,85
Self-Help Book,2023-09-30 00:00:00,140
Self-Help Book,2023-10-31 00:00:00,131
Self-Help Book,2023-11-30 00:00:00,91
Self-Help Book,2023-12-31 00:00:00,168
Self-Help Book,2024-01-31 00:00:00,63
Self-Help Book,2024-02-29 00:00:00,113
Self-Help Book,2024-03-31 00:00:00,89
Self-Help Book,2024-04-30 00:00:00,94
Self-Help Book,2024-05-31 00:00:00,61
Self-Help Book,2024-06-30 00:00:00,64
Self-Help Book,2024-07-31 00:00:00,71
Self-Help Book,2024-08-31 00:00:00,72
Self-Help Book,2024-09-30 00:00:00,93
Self-Help Book,2024-10-31 00:00:00,86
Self-Help Book,2024-11-30 00:00:00,62
Self-Help Book,2024-12-31 00:00:00,101
Self-Help Book,2025-01-31 00:00:00,58
Self-Help Book,2025-02-28 00:00:00,130
Self-Help Book,2025-03-31 00:00:00,83
Self-Help Book,2025-04-30 00:00:00,79
Self-Help Book,2025-05-31 00:00:00,47
Self-Help Book,2025-06-30 00:00:00,50
Self-Help Book,2025-07-31 00:00:00,74
Self-Help Book,2025-08-31 00:00:00,58
Self-Help Book,2025-09-30 00:00:00,87
Self-Help Book,2025-10-31 00:00:00,80
Self-Help Book,2025-11-30 00:00:00,52
Self-Help Book,2025-12-31 00:00:00,92
Self-Help Book,2026-01-31 00:00:00,47
Self-Help Book,2026-02-28 00:00:00,118
Self-Help Book,2026-03-31 00:00:00,71
Self-Help Book,2026-04-30 00:00:00,67
Self-Help Book,2026-05-31 00:00:00,38
Self-Help Book,2026-06-30 00:00:00,37
Self-Help Book,2026-07-31 00:00:00,59
Self-Help Book,2026-08-31 00:00:00,46
Self-Help Book,2026-09-30 00:00:00,74
Self-Help Book,2026-10-31 00:00:00,67
Self-Help Book,2026-11-30 00:00:00,42
Self-Help Book,2026-12-31 00:00:00,82
Self-Help Book,2027-01-31 00:00:00,38
Self-Help Book,2027-02-28 00:00:00,108
Self-Help Book,2027-03-31 00:00:00,59
Self-Help Book,2027-04-30 00:00:00,55
Self-Help Book,2027-05-31 00:00:00,27
Self-Help Book,2027-06-30 00:00:00,30
Self-Help Book,2027-07-31 00:00:00,50
Self-Help Book,2027-08-31 00:00:00,34
Self-Help Book,2027-09-30 00:00:00,62
Self-Help Book,2027-10-31 00:00:00,55
Self-Help Book,2027-11-30 00:00:00,24
Self-Help Book,2027-12-31 00:00:00,68
Self-Help Book,2028-01-31 00:00:00,26
Self-Help Book,2028-02-29 00:00:00,96
Self-Help Book,2028-03-31 00:00:00,48
Self-Help Book,2028-04-30 00:00:00,43
Self-Help Book,2028-05-31 00:00:00,12
Self-Help Book,2028-06-30 00:00:00,17
Self-Help Book,2028-07-31 00:00:00,37
Self-Help Book,2028-08-31 00:00:00,20
Self-Help Book,2028-09-30 00:00:00,50
Shorts,2015-01-31 00:00:00,193
Shorts,2015-02-28 00:00:00,131
Shorts,2015-03-31 00:00:00,103
Shorts,2015-04-30 00:00:00,118
Shorts,2015-05-31 00:00:00,68
Shorts,2015-06-30 00:00:00,99
Shorts,2015-07-31 00:00:00,96
Shorts,2015-08-31 00:00:00,151
Shorts,2015-09-30 00:00:00,110
Shorts,2015-10-31 00:00:00,163
Shorts,2015-11-30 00:00:00,168
Shorts,2015-12-31 00:00:00,121
Shorts,2016-01-31 00:00:00,112
Shorts,2016-02-29 00:00:00,220
Shorts,2016-03-31 00:00:00,139
Shorts,2016-04-30 00:00:00,100
Shorts,2016-05-31 00:00:00,146
Shorts,2016-06-30 00:00:00,52
Shorts,2016-07-31 00:00:00,147
Shorts,2016-08-31 00:00:00,135
Shorts,2016-09-30 00:00:00,156
Shorts,2016-10-31 00:00:00,76
Shorts,2016-11-30 00:00:00,148
Shorts,2016-12-31 00:00:00,162
Shorts,2017-01-31 00:00:00,179
Shorts,2017-02-28 00:00:00,87
Shorts,2017-03-31 00:00:00,76
Shorts,2017-04-30 00:00:00,94
Shorts,2017-05-31 00:00:00,214
Shorts,2017-06-30 00:00:00,125
Shorts,2017-07-31 00:00:00,130
Shorts,2017-08-31 00:00:00,63
Shorts,2017-09-30 00:00:00,84
Shorts,2017-10-31 00:00:00,67
Shorts,2017-11-30 00:00:00,71
Shorts,2017-12-31 00:00:00,102
Shorts,2018-01-31 00:00:00,109
Shorts,2018-02-28 00:00:00,90
Shorts,2018-03-31 00:00:00,136
Shorts,2018-04-30 00:00:00,184
Shorts,2018-05-31 00:00:00,70
Shorts,2018-06-30 00:00:00,175
Shorts,2018-07-31 00:00:00,148
Shorts,2018-08-31 00:00:00,119
Shorts,2018-09-30 00:00:00,77
Shorts,2018-10-31 00:00:00,55
Shorts,2018-11-30 00:00:00,33
Shorts,2018-12-31 00:00:00,105
Shorts,2019-01-31 00:00:00,141
Shorts,2019-02-28 00:00:00,152
Shorts,2019-03-31 00:00:00,78
Shorts,2019-04-30 00:00:00,83
Shorts,2019-05-31 00:00:00,152
Shorts,2019-06-30 00:00:00,98
Shorts,2019-07-31 00:00:00,83
Shorts,2019-08-31 00:00:00,114
Shorts,2019-09-30 00:00:00,62
Shorts,2019-10-31 00:00:00,187
Shorts,2019-11-30 00:00:00,27
Shorts,2019-12-31 00:00:00,96
Shorts,2020-01-31 00:00:00,77
Shorts,2020-02-29 00:00:00,118
Shorts,2020-03-31 00:00:00,87
Shorts,2020-04-30 00:00:00,112
Shorts,2020-05-31 00:00:00,125
Shorts,2020-06-30 00:00:00,143
Shorts,2020-07-31 00:00:00,114
Shorts,2020-08-31 00:00:00,87
Shorts,2020-09-30 00:00:00,161
Shorts,2020-10-31 00:00:00,182
Shorts,2020-11-30 00:00:00,146
Shorts,2020-12-31 00:00:00,31
Shorts,2021-01-31 00:00:00,101
Shorts,2021-02-28 00:00:00,126
Shorts,2021-03-31 00:00:00,140
Shorts,2021-04-30 00:00:00,104
Shorts,2021-05-31 00:00:00,167
Shorts,2021-06-30 00:00:00,100
Shorts,2021-07-31 00:00:00,86
Shorts,2021-08-31 00:00:00,85
Shorts,2021-09-30 00:00:00,163
Shorts,2021-10-31 00:00:00,91
Shorts,2021-11-30 00:00:00,156
Shorts,2021-12-31 00:00:00,138
Shorts,2022-01-31 00:00:00,194
Shorts,2022-02-28 00:00:00,76
Shorts,2022-03-31 00:00:00,152
Shorts,2022-04-30 00:00:00,107
Shorts,2022-05-31 00:00:00,128
Shorts,2022-06-30 00:00:00,133
Shorts,2022-07-31 00:00:00,89
Shorts,2022-08-31 00:00:00,189
Shorts,2022-09-30 00:00:00,38
Shorts,2022-10-31 00:00:00,145
Shorts,2022-11-30 00:00:00,75
Shorts,2022-12-31 00:00:00,73
Shorts,2023-01-31 00:00:00,58
Shorts,2023-02-28 00:00:00,151
Shorts,2023-03-31 00:00:00,212
Shorts,2023-04-30 00:00:00,123
Shorts,2023-05-31 00:00:00,73
Shorts,2023-06-30 00:00:00,73
Shorts,2023-07-31 00:00:00,144
Shorts,2023-08-31 00:00:00,145
Shorts,2023-09-30 00:00:00,80
Shorts,2023-10-31 00:00:00,130
Shorts,2023-11-30 00:00:00,91
Shorts,2023-12-31 00:00:00,126
Shorts,2024-01-31 00:00:00,92
Shorts,2024-02-29 00:00:00,111
Shorts,2024-03-31 00:00:00,139
Shorts,2024-04-30 00:00:00,118
Shorts,2024-05-31 00:00:00,113
Shorts,2024-06-30 00:00:00,94
Shorts,2024-07-31 00:00:00,92
Shorts,2024-08-31 00:00:00,127
Shorts,2024-09-30 00:00:00,91
Shorts,2024-10-31 00:00:00,111
Shorts,2024-11-30 00:00:00,101
Shorts,2024-12-31 00:00:00,110
Shorts,2025-01-31 00:00:00,115
Shorts,2025-02-28 00:00:00,104
Shorts,2025-03-31 00:00:00,153
Shorts,2025-04-30 00:00:00,112
Shorts,2025-05-31 00:00:00,106
Shorts,2025-06-30 00:00:00,100
Shorts,2025-07-31 00:00:00,97
Shorts,2025-08-31 00:00:00,142
Shorts,2025-09-30 00:00:00,76
Shorts,2025-10-31 00:00:00,124
Shorts,2025-11-30 00:00:00,85
Shorts,2025-12-31 00:00:00,97
Shorts,2026-01-31 00:00:00,87
Shorts,2026-02-28 00:00:00,121
Shorts,2026-03-31 00:00:00,166
Shorts,2026-04-30 00:00:00,116
Shorts,2026-05-31 00:00:00,97
Shorts,2026-06-30 00:00:00,86
Shorts,2026-07-31 00:00:00,112
Shorts,2026-08-31 00:00:00,136
Shorts,2026-09-30 00:00:00,80
Shorts,2026-10-31 00:00:00,119
Shorts,2026-11-30 00:00:00,97
Shorts,2026-12-31 00:00:00,111
Shorts,2027-01-31 00:00:00,101
Shorts,2027-02-28 00:00:00,117
Shorts,2027-03-31 00:00:00,155
Shorts,2027-04-30 00:00:00,118
Shorts,2027-05-31 00:00:00,107
Shorts,2027-06-30 00:00:00,97
Shorts,2027-07-31 00:00:00,103
Shorts,2027-08-31 00:00:00,139
Shorts,2027-09-30 00:00:00,83
Shorts,2027-10-31 00:00:00,119
Shorts,2027-11-30 00:00:00,94
Shorts,2027-12-31 00:00:00,109
Shorts,2028-01-31 00:00:00,104
Shorts,2028-02-29 00:00:00,120
Shorts,2028-03-31 00:00:00,161
Shorts,2028-04-30 00:00:00,115
Shorts,2028-05-31 00:00:00,104
Shorts,2028-06-30 00:00:00,98
Shorts,2028-07-31 00:00:00,109
Shorts,2028-08-31 00:00:00,145
Shorts,2028-09-30 00:00:00,78
Smart Thermostat,2015-01-31 00:00:00,98
Smart Thermostat,2015-02-28 00:00:00,154
Smart Thermostat,2015-03-31 00:00:00,143
Smart Thermostat,2015-04-30 00:00:00,93
Smart Thermostat,2015-05-31 00:00:00,108
Smart Thermostat,2015-06-30 00:00:00,93
Smart Thermostat,2015-07-31 00:00:00,78
Smart Thermostat,2015-08-31 00:00:00,138
Smart Thermostat,2015-09-30 00:00:00,41
Smart Thermostat,2015-10-31 00:00:00,93
Smart Thermostat,2015-11-30 00:00:00,90
Smart Thermostat,2015-12-31 00:00:00,83
Smart Thermostat,2016-01-31 00:00:00,75
Smart Thermostat,2016-02-29 00:00:00,161
Smart Thermostat,2016-03-31 00:00:00,105
Smart Thermostat,2016-04-30 00:00:00,33
Smart Thermostat,2016-05-31 00:00:00,93
Smart Thermostat,2016-06-30 00:00:00,40
Smart Thermostat,2016-07-31 00:00:00,113
Smart Thermostat,2016-08-31 00:00:00,69
Smart Thermostat,2016-09-30 00:00:00,115
Smart Thermostat,2016-10-31 00:00:00,162
Smart Thermostat,2016-11-30 00:00:00,87
Smart Thermostat,2016-12-31 00:00:00,79
Smart Thermostat,2017-01-31 00:00:00,158
Smart Thermostat,2017-02-28 00:00:00,52
Smart Thermostat,2017-03-31 00:00:00,89
Smart Thermostat,2017-04-30 00:00:00,104
Smart Thermostat,2017-05-31 00:00:00,58
Smart Thermostat,2017-06-30 00:00:00,87
Smart Thermostat,2017-07-31 00:00:00,123
Smart Thermostat,2017-08-31 00:00:00,157
Smart Thermostat,2017-09-30 00:00:00,117
Smart Thermostat,2017-10-31 00:00:00,140
Smart Thermostat,2017-11-30 00:00:00,94
Smart Thermostat,2017-12-31 00:00:00,127
Smart Thermostat,2018-01-31 00:00:00,147
Smart Thermostat,2018-02-28 00:00:00,110
Smart Thermostat,2018-03-31 00:00:00,103
Smart Thermostat,2018-04-30 00:00:00,94
Smart Thermostat,2018-05-31 00:00:00,95
Smart Thermostat,2018-06-30 00:00:00,124
Smart Thermostat,2018-07-31 00:00:00,86
Smart Thermostat,2018-08-31 00:00:00,73
Smart Thermostat,2018-09-30 00:00:00,83
Smart Thermostat,2018-10-31 00:00:00,99
Smart Thermostat,2018-11-30 00:00:00,111
Smart Thermostat,2018-12-31 00:00:00,88
Smart Thermostat,2019-01-31 00:00:00,108
Smart Thermostat,2019-02-28 00:00:00,102
Smart Thermostat,2019-03-31 00:00:00,126
Smart Thermostat,2019-04-30 00:00:00,135
Smart Thermostat,2019-05-31 00:00:00,169
Smart Thermostat,2019-06-30 00:00:00,115
Smart Thermostat,2019-07-31 00:00:00,95
Smart Thermostat,2019-08-31 00:00:00,118
Smart Thermostat,2019-09-30 00:00:00,137
Smart Thermostat,2019-10-31 00:00:00,114
Smart Thermostat,2019-11-30 00:00:00,85
Smart Thermostat,2019-12-31 00:00:00,72
Smart Thermostat,2020-01-31 00:00:00,133
Smart Thermostat,2020-02-29 00:00:00,116
Smart Thermostat,2020-03-31 00:00:00,226
Smart Thermostat,2020-04-30 00:00:00,142
Smart Thermostat,2020-05-31 00:00:00,102
Smart Thermostat,2020-06-30 00:00:00,134
Smart Thermostat,2020-07-31 00:00:00,124
Smart Thermostat,2020-08-31 00:00:00,84
Smart Thermostat,2020-09-30 00:00:00,119
Smart Thermostat,2020-10-31 00:00:00,153
Smart Thermostat,2020-11-30 00:00:00,104
Smart Thermostat,2020-12-31 00:00:00,44
Smart Thermostat,2021-01-31 00:00:00,80
Smart Thermostat,2021-02-28 00:00:00,140
Smart Thermostat,2021-03-31 00:00:00,122
Smart Thermostat,2021-04-30 00:00:00,111
Smart Thermostat,2021-05-31 00:00:00,119
Smart Thermostat,2021-06-30 00:00:00,79
Smart Thermostat,2021-07-31 00:00:00,69
Smart Thermostat,2021-08-31 00:00:00,123
Smart Thermostat,2021-09-30 00:00:00,126
Smart Thermostat,2021-10-31 00:00:00,57
Smart Thermostat,2021-11-30 00:00:00,125
Smart Thermostat,2021-12-31 00:00:00,35
Smart Thermostat,2022-01-31 00:00:00,53
Smart Thermostat,2022-02-28 00:00:00,206
Smart Thermostat,2022-03-31 00:00:00,103
Smart Thermostat,2022-04-30 00:00:00,61
Smart Thermostat,2022-05-31 00:00:00,112
Smart Thermostat,2022-06-30 00:00:00,174
Smart Thermostat,2022-07-31 00:00:00,27
Smart Thermostat,2022-08-31 00:00:00,71
Smart Thermostat,2022-09-30 00:00:00,94
Smart Thermostat,2022-10-31 00:00:00,108
Smart Thermostat,2022-11-30 00:00:00,124
Smart Thermostat,2022-12-31 00:00:00,48
Smart Thermostat,2023-01-31 00:00:00,103
Smart Thermostat,2023-02-28 00:00:00,129
Smart Thermostat,2023-03-31 00:00:00,76
Smart Thermostat,2023-04-30 00:00:00,67
Smart Thermostat,2023-05-31 00:00:00,130
Smart Thermostat,2023-06-30 00:00:00,156
Smart Thermostat,2023-07-31 00:00:00,129
Smart Thermostat,2023-08-31 00:00:00,179
Smart Thermostat,2023-09-30 00:00:00,48
Smart Thermostat,2023-10-31 00:00:00,109
Smart Thermostat,2023-11-30 00:00:00,90
Smart Thermostat,2023-12-31 00:00:00,97
Smart Thermostat,2024-01-31 00:00:00,93
Smart Thermostat,2024-02-29 00:00:00,123
Smart Thermostat,2024-03-31 00:00:00,109
Smart Thermostat,2024-04-30 00:00:00,85
Smart Thermostat,2024-05-31 00:00:00,103
Smart Thermostat,2024-06-30 00:00:00,108
Smart Thermostat,2024-07-31 00:00:00,85
Smart Thermostat,2024-08-31 00:00:00,105
Smart Thermostat,2024-09-30 00:00:00,88
Smart Thermostat,2024-10-31 00:00:00,102
Smart Thermostat,2024-11-30 00:00:00,94
Smart Thermostat,2024-12-31 00:00:00,67
Smart Thermostat,2025-01-31 00:00:00,95
Smart Thermostat,2025-02-28 00:00:00,123
Smart Thermostat,2025-03-31 00:00:00,109
Smart Thermostat,2025-04-30 00:00:00,85
Smart Thermostat,2025-05-31 00:00:00,104
Smart Thermostat,2025-06-30 00:00:00,109
Smart Thermostat,2025-07-31 00:00:00,86
Smart Thermostat,2025-08-31 00:00:00,107
Smart Thermostat,2025-09-30 00:00:00,89
Smart Thermostat,2025-10-31 00:00:00,104
Smart Thermostat,2025-11-30 00:00:00,93
Smart Thermostat,2025-12-31 00:00:00,66
Smart Thermostat,2026-01-31 00:00:00,95
Smart Thermostat,2026-02-28 00:00:00,123
Smart Thermostat,2026-03-31 00:00:00,110
Smart Thermostat,2026-04-30 00:00:00,85
Smart Thermostat,2026-05-31 00:00:00,103
Smart Thermostat,2026-06-30 00:00:00,109
Smart Thermostat,2026-07-31 00:00:00,87
Smart Thermostat,2026-08-31 00:00:00,106
Smart Thermostat,2026-09-30 00:00:00,91
Smart Thermostat,2026-10-31 00:00:00,109
Smart Thermostat,2026-11-30 00:00:00,94
Smart Thermostat,2026-12-31 00:00:00,70
Smart Thermostat,2027-01-31 00:00:00,101
Smart Thermostat,2027-02-28 00:00:00,124
Smart Thermostat,2027-03-31 00:00:00,109
Smart Thermostat,2027-04-30 00:00:00,88
Smart Thermostat,2027-05-31 00:00:00,106
Smart Thermostat,2027-06-30 00:00:00,112
Smart Thermostat,2027-07-31 00:00:00,87
Smart Thermostat,2027-08-31 00:00:00,107
Smart Thermostat,2027-09-30 00:00:00,90
Smart Thermostat,2027-10-31 00:00:00,104
Smart Thermostat,2027-11-30 00:00:00,95
Smart Thermostat,2027-12-31 00:00:00,68
Smart Thermostat,2028-01-31 00:00:00,95
Smart Thermostat,2028-02-29 00:00:00,122
Smart Thermostat,2028-03-31 00:00:00,111
Smart Thermostat,2028-04-30 00:00:00,88
Smart Thermostat,2028-05-31 00:00:00,105
Smart Thermostat,2028-06-30 00:00:00,111
Smart Thermostat,2028-07-31 00:00:00,88
Smart Thermostat,2028-08-31 00:00:00,109
Smart Thermostat,2028-09-30 00:00:00,91
Smartphone Case,2015-01-31 00:00:00,106
Smartphone Case,2015-02-28 00:00:00,138
Smartphone Case,2015-03-31 00:00:00,271
Smartphone Case,2015-04-30 00:00:00,127
Smartphone Case,2015-05-31 00:00:00,214
Smartphone Case,2015-06-30 00:00:00,124
Smartphone Case,2015-07-31 00:00:00,148
Smartphone Case,2015-08-31 00:00:00,149
Smartphone Case,2015-09-30 00:00:00,181
Smartphone Case,2015-10-31 00:00:00,142
Smartphone Case,2015-11-30 00:00:00,153
Smartphone Case,2015-12-31 00:00:00,153
Smartphone Case,2016-01-31 00:00:00,134
Smartphone Case,2016-02-29 00:00:00,77
Smartphone Case,2016-03-31 00:00:00,125
Smartphone Case,2016-04-30 00:00:00,102
Smartphone Case,2016-05-31 00:00:00,92
Smartphone Case,2016-06-30 00:00:00,102
Smartphone Case,2016-07-31 00:00:00,156
Smartphone Case,2016-08-31 00:00:00,111
Smartphone Case,2016-09-30 00:00:00,84
Smartphone Case,2016-10-31 00:00:00,93
Smartphone Case,2016-11-30 00:00:00,109
Smartphone Case,2016-12-31 00:00:00,123
Smartphone Case,2017-01-31 00:00:00,105
Smartphone Case,2017-02-28 00:00:00,171
Smartphone Case,2017-03-31 00:00:00,138
Smartphone Case,2017-04-30 00:00:00,192
Smartphone Case,2017-05-31 00:00:00,193
Smartphone Case,2017-06-30 00:00:00,192
Smartphone Case,2017-07-31 00:00:00,98
Smartphone Case,2017-08-31 00:00:00,135
Smartphone Case,2017-09-30 00:00:00,173
Smartphone Case,2017-10-31 00:00:00,129
Smartphone Case,2017-11-30 00:00:00,158
Smartphone Case,2017-12-31 00:00:00,150
Smartphone Case,2018-01-31 00:00:00,83
Smartphone Case,2018-02-28 00:00:00,185
Smartphone Case,2018-03-31 00:00:00,121
Smartphone Case,2018-04-30 00:00:00,136
Smartphone Case,2018-05-31 00:00:00,157
Smartphone Case,2018-06-30 00:00:00,90
Smartphone Case,2018-07-31 00:00:00,235
Smartphone Case,2018-08-31 00:00:00,100
Smartphone Case,2018-09-30 00:00:00,86
Smartphone Case,2018-10-31 00:00:00,173
Smartphone Case,2018-11-30 00:00:00,163
Smartphone Case,2018-12-31 00:00:00,88
Smartphone Case,2019-01-31 00:00:00,152
Smartphone Case,2019-02-28 00:00:00,140
Smartphone Case,2019-03-31 00:00:00,130
Smartphone Case,2019-04-30 00:00:00,93
Smartphone Case,2019-05-31 00:00:00,110
Smartphone Case,2019-06-30 00:00:00,160
Smartphone Case,2019-07-31 00:00:00,78
Smartphone Case,2019-08-31 00:00:00,68
Smartphone Case,2019-09-30 00:00:00,99
Smartphone Case,2019-10-31 00:00:00,103
Smartphone Case,2019-11-30 00:00:00,167
Smartphone Case,2019-12-31 00:00:00,139
Smartphone Case,2020-01-31 00:00:00,146
Smartphone Case,2020-02-29 00:00:00,117
Smartphone Case,2020-03-31 00:00:00,99
Smartphone Case,2020-04-30 00:00:00,202
Smartphone Case,2020-05-31 00:00:00,139
Smartphone Case,2020-06-30 00:00:00,67
Smartphone Case,2020-07-31 00:00:00,190
Smartphone Case,2020-08-31 00:00:00,96
Smartphone Case,2020-09-30 00:00:00,189
Smartphone Case,2020-10-31 00:00:00,154
Smartphone Case,2020-11-30 00:00:00,130
Smartphone Case,2020-12-31 00:00:00,198
Smartphone Case,2021-01-31 00:00:00,119
Smartphone Case,2021-02-28 00:00:00,173
Smartphone Case,2021-03-31 00:00:00,126
Smartphone Case,2021-04-30 00:00:00,121
Smartphone Case,2021-05-31 00:00:00,113
Smartphone Case,2021-06-30 00:00:00,126
Smartphone Case,2021-07-31 00:00:00,124
Smartphone Case,2021-08-31 00:00:00,102
Smartphone Case,2021-09-30 00:00:00,131
Smartphone Case,2021-10-31 00:00:00,163
Smartphone Case,2021-11-30 00:00:00,127
Smartphone Case,2021-12-31 00:00:00,158
Smartphone Case,2022-01-31 00:00:00,176
Smartphone Case,2022-02-28 00:00:00,128
Smartphone Case,2022-03-31 00:00:00,160
Smartphone Case,2022-04-30 00:00:00,95
Smartphone Case,2022-05-31 00:00:00,165
Smartphone Case,2022-06-30 00:00:00,90
Smartphone Case,2022-07-31 00:00:00,104
Smartphone Case,2022-08-31 00:00:00,118
Smartphone Case,2022-09-30 00:00:00,327
Smartphone Case,2022-10-31 00:00:00,190
Smartphone Case,2022-11-30 00:00:00,127
Smartphone Case,2022-12-31 00:00:00,126
Smartphone Case,2023-01-31 00:00:00,133
Smartphone Case,2023-02-28 00:00:00,124
Smartphone Case,2023-03-31 00:00:00,191
Smartphone Case,2023-04-30 00:00:00,113
Smartphone Case,2023-05-31 00:00:00,139
Smartphone Case,2023-06-30 00:00:00,114
Smartphone Case,2023-07-31 00:00:00,136
Smartphone Case,2023-08-31 00:00:00,140
Smartphone Case,2023-09-30 00:00:00,136
Smartphone Case,2023-10-31 00:00:00,125
Smartphone Case,2023-11-30 00:00:00,71
Smartphone Case,2023-12-31 00:00:00,64
Smartphone Case,2024-01-31 00:00:00,102
Smartphone Case,2024-02-29 00:00:00,68
Smartphone Case,2024-03-31 00:00:00,80
Smartphone Case,2024-04-30 00:00:00,46
Smartphone Case,2024-05-31 00:00:00,72
Smartphone Case,2024-06-30 00:00:00,44
Smartphone Case,2024-07-31 00:00:00,57
Smartphone Case,2024-08-31 00:00:00,47
Smartphone Case,2024-09-30 00:00:00,149
Smartphone Case,2024-10-31 00:00:00,94
Smartphone Case,2024-11-30 00:00:00,50
Smartphone Case,2024-12-31 00:00:00,57
Smartphone Case,2025-01-31 00:00:00,69
Smartphone Case,2025-02-28 00:00:00,55
Smartphone Case,2025-03-31 00:00:00,89
Smartphone Case,2025-04-30 00:00:00,39
Smartphone Case,2025-05-31 00:00:00,62
Smartphone Case,2025-06-30 00:00:00,34
Smartphone Case,2025-07-31 00:00:00,51
Smartphone Case,2025-08-31 00:00:00,47
Smartphone Case,2025-09-30 00:00:00,104
Smartphone Case,2025-10-31 00:00:00,65
Smartphone Case,2025-11-30 00:00:00,22
Smartphone Case,2025-12-31 00:00:00,25
Smartphone Case,2026-01-31 00:00:00,52
Smartphone Case,2026-02-28 00:00:00,29
Smartphone Case,2026-03-31 00:00:00,52
Smartphone Case,2026-04-30 00:00:00,8
Smartphone Case,2026-05-31 00:00:00,33
Smartphone Case,2026-06-30 00:00:00,3
Smartphone Case,2026-07-31 00:00:00,21
Smartphone Case,2026-08-31 00:00:00,17
Smartphone Case,2026-09-30 00:00:00,94
Smartphone Case,2026-10-31 00:00:00,44
Smartphone Case,2026-11-30 00:00:00,1
Smartphone Case,2026-12-31 00:00:00,5
Smartphone Case,2027-01-31 00:00:00,24
Smartphone Case,2027-02-28 00:00:00,5
Smartphone Case,2027-03-31 00:00:00,33
Smartphone Case,2027-04-30 00:00:00,1
Smartphone Case,2027-05-31 00:00:00,15
Smartphone Case,2027-06-30 00:00:00,1
Smartphone Case,2027-07-31 00:00:00,1
Smartphone Case,2027-08-31 00:00:00,1
Smartphone Case,2027-09-30 00:00:00,65
Smartphone Case,2027-10-31 00:00:00,22
Smartphone Case,2027-11-30 00:00:00,1
Smartphone Case,2027-12-31 00:00:00,1
Smartphone Case,2028-01-31 00:00:00,4
Smartphone Case,2028-02-29 00:00:00,1
Smartphone Case,2028-03-31 00:00:00,9
Smartphone Case,2028-04-30 00:00:00,1
Smartphone Case,2028-05-31 00:00:00,1
Smartphone Case,2028-06-30 00:00:00,1
Smartphone Case,2028-07-31 00:00:00,1
Smartphone Case,2028-08-31 00:00:00,1
Smartphone Case,2028-09-30 00:00:00,48
Smartwatch,2015-01-31 00:00:00,9
Smartwatch,2015-02-28 00:00:00,85
Smartwatch,2015-03-31 00:00:00,90
Smartwatch,2015-04-30 00:00:00,35
Smartwatch,2015-05-31 00:00:00,104
Smartwatch,2015-06-30 00:00:00,80
Smartwatch,2015-07-31 00:00:00,121
Smartwatch,2015-08-31 00:00:00,28
Smartwatch,2015-09-30 00:00:00,48
Smartwatch,2015-10-31 00:00:00,82
Smartwatch,2015-11-30 00:00:00,95
Smartwatch,2015-12-31 00:00:00,105
Smartwatch,2016-01-31 00:00:00,158
Smartwatch,2016-02-29 00:00:00,151
Smartwatch,2016-03-31 00:00:00,157
Smartwatch,2016-04-30 00:00:00,121
Smartwatch,2016-05-31 00:00:00,51
Smartwatch,2016-06-30 00:00:00,98
Smartwatch,2016-07-31 00:00:00,42
Smartwatch,2016-08-31 00:00:00,59
Smartwatch,2016-09-30 00:00:00,123
Smartwatch,2016-10-31 00:00:00,164
Smartwatch,2016-11-30 00:00:00,59
Smartwatch,2016-12-31 00:00:00,36
Smartwatch,2017-01-31 00:00:00,58
Smartwatch,2017-02-28 00:00:00,98
Smartwatch,2017-03-31 00:00:00,55
Smartwatch,2017-04-30 00:00:00,72
Smartwatch,2017-05-31 00:00:00,48
Smartwatch,2017-06-30 00:00:00,130
Smartwatch,2017-07-31 00:00:00,69
Smartwatch,2017-08-31 00:00:00,109
Smartwatch,2017-09-30 00:00:00,74
Smartwatch,2017-10-31 00:00:00,63
Smartwatch,2017-11-30 00:00:00,23
Smartwatch,2017-12-31 00:00:00,99
Smartwatch,2018-01-31 00:00:00,74
Smartwatch,2018-02-28 00:00:00,152
Smartwatch,2018-03-31 00:00:00,60
Smartwatch,2018-04-30 00:00:00,72
Smartwatch,2018-05-31 00:00:00,91
Smartwatch,2018-06-30 00:00:00,67
Smartwatch,2018-07-31 00:00:00,65
Smartwatch,2018-08-31 00:00:00,76
Smartwatch,2018-09-30 00:00:00,80
Smartwatch,2018-10-31 00:00:00,114
Smartwatch,2018-11-30 00:00:00,59
Smartwatch,2018-12-31 00:00:00,101
Smartwatch,2019-01-31 00:00:00,33
Smartwatch,2019-02-28 00:00:00,101
Smartwatch,2019-03-31 00:00:00,56
Smartwatch,2019-04-30 00:00:00,46
Smartwatch,2019-05-31 00:00:00,79
Smartwatch,2019-06-30 00:00:00,100
Smartwatch,2019-07-31 00:00:00,21
Smartwatch,2019-08-31 00:00:00,140
Smartwatch,2019-09-30 00:00:00,77
Smartwatch,2019-10-31 00:00:00,86
Smartwatch,2019-11-30 00:00:00,98
Smartwatch,2019-12-31 00:00:00,36
Smartwatch,2020-01-31 00:00:00,55
Smartwatch,2020-02-29 00:00:00,59
Smartwatch,2020-03-31 00:00:00,81
Smartwatch,2020-04-30 00:00:00,94
Smartwatch,2020-05-31 00:00:00,108
Smartwatch,2020-06-30 00:00:00,28
Smartwatch,2020-07-31 00:00:00,75
Smartwatch,2020-08-31 00:00:00,34
Smartwatch,2020-09-30 00:00:00,72
Smartwatch,2020-10-31 00:00:00,56
Smartwatch,2020-11-30 00:00:00,111
Smartwatch,2020-12-31 00:00:00,80
Smartwatch,2021-01-31 00:00:00,42
Smartwatch,2021-02-28 00:00:00,56
Smartwatch,2021-03-31 00:00:00,59
Smartwatch,2021-04-30 00:00:00,120
Smartwatch,2021-05-31 00:00:00,88
Smartwatch,2021-06-30 00:00:00,55
Smartwatch,2021-07-31 00:00:00,53
Smartwatch,2021-08-31 00:00:00,77
Smartwatch,2021-09-30 00:00:00,41
Smartwatch,2021-10-31 00:00:00,30
Smartwatch,2021-11-30 00:00:00,61
Smartwatch,2021-12-31 00:00:00,21
Smartwatch,2022-01-31 00:00:00,78
Smartwatch,2022-02-28 00:00:00,86
Smartwatch,2022-03-31 00:00:00,46
Smartwatch,2022-04-30 00:00:00,63
Smartwatch,2022-05-31 00:00:00,21
Smartwatch,2022-06-30 00:00:00,84
Smartwatch,2022-07-31 00:00:00,138
Smartwatch,2022-08-31 00:00:00,16
Smartwatch,2022-09-30 00:00:00,85
Smartwatch,2022-10-31 00:00:00,15
Smartwatch,2022-11-30 00:00:00,61
Smartwatch,2022-12-31 00:00:00,22
Smartwatch,2023-01-31 00:00:00,51
Smartwatch,2023-02-28 00:00:00,19
Smartwatch,2023-03-31 00:00:00,25
Smartwatch,2023-04-30 00:00:00,90
Smartwatch,2023-05-31 00:00:00,27
Smartwatch,2023-06-30 00:00:00,33
Smartwatch,2023-07-31 00:00:00,75
Smartwatch,2023-08-31 00:00:00,105
Smartwatch,2023-09-30 00:00:00,21
Smartwatch,2023-10-31 00:00:00,77
Smartwatch,2023-11-30 00:00:00,47
Smartwatch,2023-12-31 00:00:00,60
Smartwatch,2024-01-31 00:00:00,57
Smartwatch,2024-02-29 00:00:00,73
Smartwatch,2024-03-31 00:00:00,39
Smartwatch,2024-04-30 00:00:00,86
Smartwatch,2024-05-31 00:00:00,32
Smartwatch,2024-06-30 00:00:00,68
Smartwatch,2024-07-31 00:00:00,87
Smartwatch,2024-08-31 00:00:00,52
Smartwatch,2024-09-30 00:00:00,59
Smartwatch,2024-10-31 00:00:00,41
Smartwatch,2024-11-30 00:00:00,60
Smartwatch,2024-12-31 00:00:00,38
Smartwatch,2025-01-31 00:00:00,56
Smartwatch,2025-02-28 00:00:00,52
Smartwatch,2025-03-31 00:00:00,40
Smartwatch,2025-04-30 00:00:00,83
Smartwatch,2025-05-31 00:00:00,42
Smartwatch,2025-06-30 00:00:00,54
Smartwatch,2025-07-31 00:00:00,84
Smartwatch,2025-08-31 00:00:00,72
Smartwatch,2025-09-30 00:00:00,47
Smartwatch,2025-10-31 00:00:00,54
Smartwatch,2025-11-30 00:00:00,56
Smartwatch,2025-12-31 00:00:00,47
Smartwatch,2026-01-31 00:00:00,59
Smartwatch,2026-02-28 00:00:00,63
Smartwatch,2026-03-31 00:00:00,42
Smartwatch,2026-04-30 00:00:00,86
Smartwatch,2026-05-31 00:00:00,41
Smartwatch,2026-06-30 00:00:00,61
Smartwatch,2026-07-31 00:00:00,90
Smartwatch,2026-08-31 00:00:00,67
Smartwatch,2026-09-30 00:00:00,54
Smartwatch,2026-10-31 00:00:00,51
Smartwatch,2026-11-30 00:00:00,60
Smartwatch,2026-12-31 00:00:00,46
Smartwatch,2027-01-31 00:00:00,60
Smartwatch,2027-02-28 00:00:00,60
Smartwatch,2027-03-31 00:00:00,42
Smartwatch,2027-04-30 00:00:00,88
Smartwatch,2027-05-31 00:00:00,43
Smartwatch,2027-06-30 00:00:00,57
Smartwatch,2027-07-31 00:00:00,93
Smartwatch,2027-08-31 00:00:00,72
Smartwatch,2027-09-30 00:00:00,55
Smartwatch,2027-10-31 00:00:00,55
Smartwatch,2027-11-30 00:00:00,61
Smartwatch,2027-12-31 00:00:00,48
Smartwatch,2028-01-31 00:00:00,62
Smartwatch,2028-02-29 00:00:00,66
Smartwatch,2028-03-31 00:00:00,45
Smartwatch,2028-04-30 00:00:00,89
Smartwatch,2028-05-31 00:00:00,45
Smartwatch,2028-06-30 00:00:00,63
Smartwatch,2028-07-31 00:00:00,91
Smartwatch,2028-08-31 00:00:00,73
Smartwatch,2028-09-30 00:00:00,56
Soundbar,2015-01-31 00:00:00,194
Soundbar,2015-02-28 00:00:00,221
Soundbar,2015-03-31 00:00:00,102
Soundbar,2015-04-30 00:00:00,172
Soundbar,2015-05-31 00:00:00,76
Soundbar,2015-06-30 00:00:00,113
Soundbar,2015-07-31 00:00:00,134
Soundbar,2015-08-31 00:00:00,116
Soundbar,2015-09-30 00:00:00,144
Soundbar,2015-10-31 00:00:00,104
Soundbar,2015-11-30 00:00:00,141
Soundbar,2015-12-31 00:00:00,106
Soundbar,2016-01-31 00:00:00,217
Soundbar,2016-02-29 00:00:00,126
Soundbar,2016-03-31 00:00:00,117
Soundbar,2016-04-30 00:00:00,98
Soundbar,2016-05-31 00:00:00,139
Soundbar,2016-06-30 00:00:00,100
Soundbar,2016-07-31 00:00:00,106
Soundbar,2016-08-31 00:00:00,119
Soundbar,2016-09-30 00:00:00,151
Soundbar,2016-10-31 00:00:00,159
Soundbar,2016-11-30 00:00:00,90
Soundbar,2016-12-31 00:00:00,95
Soundbar,2017-01-31 00:00:00,38
Soundbar,2017-02-28 00:00:00,153
Soundbar,2017-03-31 00:00:00,93
Soundbar,2017-04-30 00:00:00,110
Soundbar,2017-05-31 00:00:00,53
Soundbar,2017-06-30 00:00:00,129
Soundbar,2017-07-31 00:00:00,111
Soundbar,2017-08-31 00:00:00,107
Soundbar,2017-09-30 00:00:00,152
Soundbar,2017-10-31 00:00:00,174
Soundbar,2017-11-30 00:00:00,152
Soundbar,2017-12-31 00:00:00,165
Soundbar,2018-01-31 00:00:00,72
Soundbar,2018-02-28 00:00:00,158
Soundbar,2018-03-31 00:00:00,101
Soundbar,2018-04-30 00:00:00,100
Soundbar,2018-05-31 00:00:00,140
Soundbar,2018-06-30 00:00:00,165
Soundbar,2018-07-31 00:00:00,203
Soundbar,2018-08-31 00:00:00,169
Soundbar,2018-09-30 00:00:00,128
Soundbar,2018-10-31 00:00:00,116
Soundbar,2018-11-30 00:00:00,68
Soundbar,2018-12-31 00:00:00,178
Soundbar,2019-01-31 00:00:00,98
Soundbar,2019-02-28 00:00:00,101
Soundbar,2019-03-31 00:00:00,94
Soundbar,2019-04-30 00:00:00,132
Soundbar,2019-05-31 00:00:00,128
Soundbar,2019-06-30 00:00:00,163
Soundbar,2019-07-31 00:00:00,138
Soundbar,2019-08-31 00:00:00,85
Soundbar,2019-09-30 00:00:00,133
Soundbar,2019-10-31 00:00:00,143
Soundbar,2019-11-30 00:00:00,108
Soundbar,2019-12-31 00:00:00,125
Soundbar,2020-01-31 00:00:00,191
Soundbar,2020-02-29 00:00:00,140
Soundbar,2020-03-31 00:00:00,90
Soundbar,2020-04-30 00:00:00,130
Soundbar,2020-05-31 00:00:00,110
Soundbar,2020-06-30 00:00:00,106
Soundbar,2020-07-31 00:00:00,54
Soundbar,2020-08-31 00:00:00,177
Soundbar,2020-09-30 00:00:00,184
Soundbar,2020-10-31 00:00:00,112
Soundbar,2020-11-30 00:00:00,91
Soundbar,2020-12-31 00:00:00,58
Soundbar,2021-01-31 00:00:00,134
Soundbar,2021-02-28 00:00:00,42
Soundbar,2021-03-31 00:00:00,189
Soundbar,2021-04-30 00:00:00,174
Soundbar,2021-05-31 00:00:00,135
Soundbar,2021-06-30 00:00:00,120
Soundbar,2021-07-31 00:00:00,62
Soundbar,2021-08-31 00:00:00,125
Soundbar,2021-09-30 00:00:00,106
Soundbar,2021-10-31 00:00:00,191
Soundbar,2021-11-30 00:00:00,34
Soundbar,2021-12-31 00:00:00,117
Soundbar,2022-01-31 00:00:00,175
Soundbar,2022-02-28 00:00:00,132
Soundbar,2022-03-31 00:00:00,205
Soundbar,2022-04-30 00:00:00,106
Soundbar,2022-05-31 00:00:00,111
Soundbar,2022-06-30 00:00:00,97
Soundbar,2022-07-31 00:00:00,86
Soundbar,2022-08-31 00:00:00,91
Soundbar,2022-09-30 00:00:00,113
Soundbar,2022-10-31 00:00:00,126
Soundbar,2022-11-30 00:00:00,37
Soundbar,2022-12-31 00:00:00,124
Soundbar,2023-01-31 00:00:00,139
Soundbar,2023-02-28 00:00:00,86
Soundbar,2023-03-31 00:00:00,107
Soundbar,2023-04-30 00:00:00,93
Soundbar,2023-05-31 00:00:00,50
Soundbar,2023-06-30 00:00:00,115
Soundbar,2023-07-31 00:00:00,79
Soundbar,2023-08-31 00:00:00,103
Soundbar,2023-09-30 00:00:00,136
Soundbar,2023-10-31 00:00:00,97
Soundbar,2023-11-30 00:00:00,100
Soundbar,2023-12-31 00:00:00,75
Soundbar,2024-01-31 00:00:00,142
Soundbar,2024-02-29 00:00:00,66
Soundbar,2024-03-31 00:00:00,137
Soundbar,2024-04-30 00:00:00,103
Soundbar,2024-05-31 00:00:00,79
Soundbar,2024-06-30 00:00:00,98
Soundbar,2024-07-31 00:00:00,67
Soundbar,2024-08-31 00:00:00,93
Soundbar,2024-09-30 00:00:00,108
Soundbar,2024-10-31 00:00:00,116
Soundbar,2024-11-30 00:00:00,58
Soundbar,2024-12-31 00:00:00,87
Soundbar,2025-01-31 00:00:00,142
Soundbar,2025-02-28 00:00:00,82
Soundbar,2025-03-31 00:00:00,138
Soundbar,2025-04-30 00:00:00,95
Soundbar,2025-05-31 00:00:00,76
Soundbar,2025-06-30 00:00:00,93
Soundbar,2025-07-31 00:00:00,68
Soundbar,2025-08-31 00:00:00,89
Soundbar,2025-09-30 00:00:00,108
Soundbar,2025-10-31 00:00:00,107
Soundbar,2025-11-30 00:00:00,57
Soundbar,2025-12-31 00:00:00,87
Soundbar,2026-01-31 00:00:00,132
Soundbar,2026-02-28 00:00:00,72
Soundbar,2026-03-31 00:00:00,127
Soundbar,2026-04-30 00:00:00,92
Soundbar,2026-05-31 00:00:00,67
Soundbar,2026-06-30 00:00:00,97
Soundbar,2026-07-31 00:00:00,68
Soundbar,2026-08-31 00:00:00,89
Soundbar,2026-09-30 00:00:00,110
Soundbar,2026-10-31 00:00:00,102
Soundbar,2026-11-30 00:00:00,64
Soundbar,2026-12-31 00:00:00,81
Soundbar,2027-01-31 00:00:00,139
Soundbar,2027-02-28 00:00:00,74
Soundbar,2027-03-31 00:00:00,133
Soundbar,2027-04-30 00:00:00,95
Soundbar,2027-05-31 00:00:00,72
Soundbar,2027-06-30 00:00:00,96
Soundbar,2027-07-31 00:00:00,68
Soundbar,2027-08-31 00:00:00,90
Soundbar,2027-09-30 00:00:00,109
Soundbar,2027-10-31 00:00:00,106
Soundbar,2027-11-30 00:00:00,59
Soundbar,2027-12-31 00:00:00,83
Soundbar,2028-01-31 00:00:00,138
Soundbar,2028-02-29 00:00:00,76
Soundbar,2028-03-31 00:00:00,132
Soundbar,2028-04-30 00:00:00,93
Soundbar,2028-05-31 00:00:00,70
Soundbar,2028-06-30 00:00:00,95
Soundbar,2028-07-31 00:00:00,67
Soundbar,2028-08-31 00:00:00,89
Soundbar,2028-09-30 00:00:00,108
Sweatpants,2015-01-31 00:00:00,226
Sweatpants,2015-02-28 00:00:00,175
Sweatpants,2015-03-31 00:00:00,93
Sweatpants,2015-04-30 00:00:00,202
Sweatpants,2015-05-31 00:00:00,199
Sweatpants,2015-06-30 00:00:00,207
Sweatpants,2015-07-31 00:00:00,172
Sweatpants,2015-08-31 00:00:00,231
Sweatpants,2015-09-30 00:00:00,141
Sweatpants,2015-10-31 00:00:00,219
Sweatpants,2015-11-30 00:00:00,131
Sweatpants,2015-12-31 00:00:00,77
Sweatpants,2016-01-31 00:00:00,133
Sweatpants,2016-02-29 00:00:00,188
Sweatpants,2016-03-31 00:00:00,162
Sweatpants,2016-04-30 00:00:00,139
Sweatpants,2016-05-31 00:00:00,214
Sweatpants,2016-06-30 00:00:00,283
Sweatpants,2016-07-31 00:00:00,99
Sweatpants,2016-08-31 00:00:00,144
Sweatpants,2016-09-30 00:00:00,201
Sweatpants,2016-10-31 00:00:00,95
Sweatpants,2016-11-30 00:00:00,235
Sweatpants,2016-12-31 00:00:00,181
Sweatpants,2017-01-31 00:00:00,215
Sweatpants,2017-02-28 00:00:00,186
Sweatpants,2017-03-31 00:00:00,148
Sweatpants,2017-04-30 00:00:00,183
Sweatpants,2017-05-31 00:00:00,110
Sweatpants,2017-06-30 00:00:00,185
Sweatpants,2017-07-31 00:00:00,250
Sweatpants,2017-08-31 00:00:00,153
Sweatpants,2017-09-30 00:00:00,236
Sweatpants,2017-10-31 00:00:00,123
Sweatpants,2017-11-30 00:00:00,133
Sweatpants,2017-12-31 00:00:00,128
Sweatpants,2018-01-31 00:00:00,174
Sweatpants,2018-02-28 00:00:00,151
Sweatpants,2018-03-31 00:00:00,164
Sweatpants,2018-04-30 00:00:00,209
Sweatpants,2018-05-31 00:00:00,121
Sweatpants,2018-06-30 00:00:00,159
Sweatpants,2018-07-31 00:00:00,247
Sweatpants,2018-08-31 00:00:00,97
Sweatpants,2018-09-30 00:00:00,180
Sweatpants,2018-10-31 00:00:00,171
Sweatpants,2018-11-30 00:00:00,202
Sweatpants,2018-12-31 00:00:00,217
Sweatpants,2019-01-31 00:00:00,172
Sweatpants,2019-02-28 00:00:00,184
Sweatpants,2019-03-31 00:00:00,184
Sweatpants,2019-04-30 00:00:00,157
Sweatpants,2019-05-31 00:00:00,138
Sweatpants,2019-06-30 00:00:00,157
Sweatpants,2019-07-31 00:00:00,150
Sweatpants,2019-08-31 00:00:00,120
Sweatpants,2019-09-30 00:00:00,101
Sweatpants,2019-10-31 00:00:00,176
Sweatpants,2019-11-30 00:00:00,97
Sweatpants,2019-12-31 00:00:00,135
Sweatpants,2020-01-31 00:00:00,171
Sweatpants,2020-02-29 00:00:00,81
Sweatpants,2020-03-31 00:00:00,144
Sweatpants,2020-04-30 00:00:00,126
Sweatpants,2020-05-31 00:00:00,122
Sweatpants,2020-06-30 00:00:00,150
Sweatpants,2020-07-31 00:00:00,111
Sweatpants,2020-08-31 00:00:00,230
Sweatpants,2020-09-30 00:00:00,129
Sweatpants,2020-10-31 00:00:00,220
Sweatpants,2020-11-30 00:00:00,149
Sweatpants,2020-12-31 00:00:00,179
Sweatpants,2021-01-31 00:00:00,101
Sweatpants,2021-02-28 00:00:00,145
Sweatpants,2021-03-31 00:00:00,224
Sweatpants,2021-04-30 00:00:00,124
Sweatpants,2021-05-31 00:00:00,230
Sweatpants,2021-06-30 00:00:00,106
Sweatpants,2021-07-31 00:00:00,142
Sweatpants,2021-08-31 00:00:00,163
Sweatpants,2021-09-30 00:00:00,251
Sweatpants,2021-10-31 00:00:00,204
Sweatpants,2021-11-30 00:00:00,135
Sweatpants,2021-12-31 00:00:00,150
Sweatpants,2022-01-31 00:00:00,134
Sweatpants,2022-02-28 00:00:00,223
Sweatpants,2022-03-31 00:00:00,224
Sweatpants,2022-04-30 00:00:00,170
Sweatpants,2022-05-31 00:00:00,170
Sweatpants,2022-06-30 00:00:00,212
Sweatpants,2022-07-31 00:00:00,135
Sweatpants,2022-08-31 00:00:00,151
Sweatpants,2022-09-30 00:00:00,96
Sweatpants,2022-10-31 00:00:00,106
Sweatpants,2022-11-30 00:00:00,128
Sweatpants,2022-12-31 00:00:00,199
Sweatpants,2023-01-31 00:00:00,134
Sweatpants,2023-02-28 00:00:00,139
Sweatpants,2023-03-31 00:00:00,103
Sweatpants,2023-04-30 00:00:00,168
Sweatpants,2023-05-31 00:00:00,170
Sweatpants,2023-06-30 00:00:00,183
Sweatpants,2023-07-31 00:00:00,158
Sweatpants,2023-08-31 00:00:00,121
Sweatpants,2023-09-30 00:00:00,127
Sweatpants,2023-10-31 00:00:00,188
Sweatpants,2023-11-30 00:00:00,160
Sweatpants,2023-12-31 00:00:00,194
Sweatpants,2024-01-31 00:00:00,112
Sweatpants,2024-02-29 00:00:00,144
Sweatpants,2024-03-31 00:00:00,164
Sweatpants,2024-04-30 00:00:00,147
Sweatpants,2024-05-31 00:00:00,177
Sweatpants,2024-06-30 00:00:00,156
Sweatpants,2024-07-31 00:00:00,133
Sweatpants,2024-08-31 00:00:00,131
Sweatpants,2024-09-30 00:00:00,146
Sweatpants,2024-10-31 00:00:00,156
Sweatpants,2024-11-30 00:00:00,132
Sweatpants,2024-12-31 00:00:00,168
Sweatpants,2025-01-31 00:00:00,121
Sweatpants,2025-02-28 00:00:00,160
Sweatpants,2025-03-31 00:00:00,158
Sweatpants,2025-04-30 00:00:00,155
Sweatpants,2025-05-31 00:00:00,167
Sweatpants,2025-06-30 00:00:00,171
Sweatpants,2025-07-31 00:00:00,131
Sweatpants,2025-08-31 00:00:00,131
Sweatpants,2025-09-30 00:00:00,121
Sweatpants,2025-10-31 00:00:00,147
Sweatpants,2025-11-30 00:00:00,135
Sweatpants,2025-12-31 00:00:00,177
Sweatpants,2026-01-31 00:00:00,119
Sweatpants,2026-02-28 00:00:00,146
Sweatpants,2026-03-31 00:00:00,144
Sweatpants,2026-04-30 00:00:00,155
Sweatpants,2026-05-31 00:00:00,170
Sweatpants,2026-06-30 00:00:00,166
Sweatpants,2026-07-31 00:00:00,138
Sweatpants,2026-08-31 00:00:00,126
Sweatpants,2026-09-30 00:00:00,132
Sweatpants,2026-10-31 00:00:00,161
Sweatpants,2026-11-30 00:00:00,140
Sweatpants,2026-12-31 00:00:00,174
Sweatpants,2027-01-31 00:00:00,120
Sweatpants,2027-02-28 00:00:00,154
Sweatpants,2027-03-31 00:00:00,159
Sweatpants,2027-04-30 00:00:00,155
Sweatpants,2027-05-31 00:00:00,174
Sweatpants,2027-06-30 00:00:00,171
Sweatpants,2027-07-31 00:00:00,140
Sweatpants,2027-08-31 00:00:00,133
Sweatpants,2027-09-30 00:00:00,136
Sweatpants,2027-10-31 00:00:00,156
Sweatpants,2027-11-30 00:00:00,139
Sweatpants,2027-12-31 00:00:00,178
Sweatpants,2028-01-31 00:00:00,124
Sweatpants,2028-02-29 00:00:00,156
Sweatpants,2028-03-31 00:00:00,155
Sweatpants,2028-04-30 00:00:00,158
Sweatpants,2028-05-31 00:00:00,173
Sweatpants,2028-06-30 00:00:00,174
Sweatpants,2028-07-31 00:00:00,142
Sweatpants,2028-08-31 00:00:00,133
Sweatpants,2028-09-30 00:00:00,132
T-Shirt,2015-01-31 00:00:00,76
T-Shirt,2015-02-28 00:00:00,56
T-Shirt,2015-03-31 00:00:00,145
T-Shirt,2015-04-30 00:00:00,92
T-Shirt,2015-05-31 00:00:00,117
T-Shirt,2015-06-30 00:00:00,99
T-Shirt,2015-07-31 00:00:00,91
T-Shirt,2015-08-31 00:00:00,60
T-Shirt,2015-09-30 00:00:00,171
T-Shirt,2015-10-31 00:00:00,153
T-Shirt,2015-11-30 00:00:00,69
T-Shirt,2015-12-31 00:00:00,69
T-Shirt,2016-01-31 00:00:00,58
T-Shirt,2016-02-29 00:00:00,109
T-Shirt,2016-03-31 00:00:00,98
T-Shirt,2016-04-30 00:00:00,98
T-Shirt,2016-05-31 00:00:00,90
T-Shirt,2016-06-30 00:00:00,12
T-Shirt,2016-07-31 00:00:00,143
T-Shirt,2016-08-31 00:00:00,175
T-Shirt,2016-09-30 00:00:00,94
T-Shirt,2016-10-31 00:00:00,84
T-Shirt,2016-11-30 00:00:00,73
T-Shirt,2016-12-31 00:00:00,63
T-Shirt,2017-01-31 00:00:00,92
T-Shirt,2017-02-28 00:00:00,108
T-Shirt,2017-03-31 00:00:00,118
T-Shirt,2017-04-30 00:00:00,120
T-Shirt,2017-05-31 00:00:00,60
T-Shirt,2017-06-30 00:00:00,58
T-Shirt,2017-07-31 00:00:00,77
T-Shirt,2017-08-31 00:00:00,108
T-Shirt,2017-09-30 00:00:00,138
T-Shirt,2017-10-31 00:00:00,108
T-Shirt,2017-11-30 00:00:00,48
T-Shirt,2017-12-31 00:00:00,140
T-Shirt,2018-01-31 00:00:00,81
T-Shirt,2018-02-28 00:00:00,57
T-Shirt,2018-03-31 00:00:00,112
T-Shirt,2018-04-30 00:00:00,124
T-Shirt,2018-05-31 00:00:00,70
T-Shirt,2018-06-30 00:00:00,113
T-Shirt,2018-07-31 00:00:00,106
T-Shirt,2018-08-31 00:00:00,103
T-Shirt,2018-09-30 00:00:00,75
T-Shirt,2018-10-31 00:00:00,141
T-Shirt,2018-11-30 00:00:00,41
T-Shirt,2018-12-31 00:00:00,94
T-Shirt,2019-01-31 00:00:00,55
T-Shirt,2019-02-28 00:00:00,83
T-Shirt,2019-03-31 00:00:00,93
T-Shirt,2019-04-30 00:00:00,116
T-Shirt,2019-05-31 00:00:00,138
T-Shirt,2019-06-30 00:00:00,125
T-Shirt,2019-07-31 00:00:00,42
T-Shirt,2019-08-31 00:00:00,35
T-Shirt,2019-09-30 00:00:00,96
T-Shirt,2019-10-31 00:00:00,77
T-Shirt,2019-11-30 00:00:00,97
T-Shirt,2019-12-31 00:00:00,143
T-Shirt,2020-01-31 00:00:00,176
T-Shirt,2020-02-29 00:00:00,144
T-Shirt,2020-03-31 00:00:00,133
T-Shirt,2020-04-30 00:00:00,77
T-Shirt,2020-05-31 00:00:00,99
T-Shirt,2020-06-30 00:00:00,145
T-Shirt,2020-07-31 00:00:00,120
T-Shirt,2020-08-31 00:00:00,144
T-Shirt,2020-09-30 00:00:00,153
T-Shirt,2020-10-31 00:00:00,99
T-Shirt,2020-11-30 00:00:00,93
T-Shirt,2020-12-31 00:00:00,129
T-Shirt,2021-01-31 00:00:00,102
T-Shirt,2021-02-28 00:00:00,185
T-Shirt,2021-03-31 00:00:00,110
T-Shirt,2021-04-30 00:00:00,75
T-Shirt,2021-05-31 00:00:00,91
T-Shirt,2021-06-30 00:00:00,137
T-Shirt,2021-07-31 00:00:00,128
T-Shirt,2021-08-31 00:00:00,64
T-Shirt,2021-09-30 00:00:00,84
T-Shirt,2021-10-31 00:00:00,36
T-Shirt,2021-11-30 00:00:00,128
T-Shirt,2021-12-31 00:00:00,62
T-Shirt,2022-01-31 00:00:00,55
T-Shirt,2022-02-28 00:00:00,43
T-Shirt,2022-03-31 00:00:00,88
T-Shirt,2022-04-30 00:00:00,99
T-Shirt,2022-05-31 00:00:00,53
T-Shirt,2022-06-30 00:00:00,94
T-Shirt,2022-07-31 00:00:00,175
T-Shirt,2022-08-31 00:00:00,90
T-Shirt,2022-09-30 00:00:00,142
T-Shirt,2022-10-31 00:00:00,155
T-Shirt,2022-11-30 00:00:00,124
T-Shirt,2022-12-31 00:00:00,120
T-Shirt,2023-01-31 00:00:00,135
T-Shirt,2023-02-28 00:00:00,173
T-Shirt,2023-03-31 00:00:00,136
T-Shirt,2023-04-30 00:00:00,53
T-Shirt,2023-05-31 00:00:00,64
T-Shirt,2023-06-30 00:00:00,75
T-Shirt,2023-07-31 00:00:00,129
T-Shirt,2023-08-31 00:00:00,116
T-Shirt,2023-09-30 00:00:00,108
T-Shirt,2023-10-31 00:00:00,155
T-Shirt,2023-11-30 00:00:00,90
T-Shirt,2023-12-31 00:00:00,119
T-Shirt,2024-01-31 00:00:00,96
T-Shirt,2024-02-29 00:00:00,126
T-Shirt,2024-03-31 00:00:00,104
T-Shirt,2024-04-30 00:00:00,90
T-Shirt,2024-05-31 00:00:00,70
T-Shirt,2024-06-30 00:00:00,103
T-Shirt,2024-07-31 00:00:00,145
T-Shirt,2024-08-31 00:00:00,96
T-Shirt,2024-09-30 00:00:00,113
T-Shirt,2024-10-31 00:00:00,121
T-Shirt,2024-11-30 00:00:00,111
T-Shirt,2024-12-31 00:00:00,106
T-Shirt,2025-01-31 00:00:00,102
T-Shirt,2025-02-28 00:00:00,124
T-Shirt,2025-03-31 00:00:00,113
T-Shirt,2025-04-30 00:00:00,83
T-Shirt,2025-05-31 00:00:00,69
T-Shirt,2025-06-30 00:00:00,90
T-Shirt,2025-07-31 00:00:00,146
T-Shirt,2025-08-31 00:00:00,106
T-Shirt,2025-09-30 00:00:00,121
T-Shirt,2025-10-31 00:00:00,143
T-Shirt,2025-11-30 00:00:00,109
T-Shirt,2025-12-31 00:00:00,114
T-Shirt,2026-01-31 00:00:00,114
T-Shirt,2026-02-28 00:00:00,142
T-Shirt,2026-03-31 00:00:00,121
T-Shirt,2026-04-30 00:00:00,84
T-Shirt,2026-05-31 00:00:00,74
T-Shirt,2026-06-30 00:00:00,99
T-Shirt,2026-07-31 00:00:00,148
T-Shirt,2026-08-31 00:00:00,112
T-Shirt,2026-09-30 00:00:00,123
T-Shirt,2026-10-31 00:00:00,149
T-Shirt,2026-11-30 00:00:00,115
T-Shirt,2026-12-31 00:00:00,121
T-Shirt,2027-01-31 00:00:00,117
T-Shirt,2027-02-28 00:00:00,142
T-Shirt,2027-03-31 00:00:00,124
T-Shirt,2027-04-30 00:00:00,94
T-Shirt,2027-05-31 00:00:00,77
T-Shirt,2027-06-30 00:00:00,106
T-Shirt,2027-07-31 00:00:00,153
T-Shirt,2027-08-31 00:00:00,112
T-Shirt,2027-09-30 00:00:00,126
T-Shirt,2027-10-31 00:00:00,146
T-Shirt,2027-11-30 00:00:00,119
T-Shirt,2027-12-31 00:00:00,122
T-Shirt,2028-01-31 00:00:00,120
T-Shirt,2028-02-29 00:00:00,148
T-Shirt,2028-03-31 00:00:00,130
T-Shirt,2028-04-30 00:00:00,98
T-Shirt,2028-05-31 00:00:00,84
T-Shirt,2028-06-30 00:00:00,109
T-Shirt,2028-07-31 00:00:00,159
T-Shirt,2028-08-31 00:00:00,118
T-Shirt,2028-09-30 00:00:00,133
Toaster Oven,2015-01-31 00:00:00,114
Toaster Oven,2015-02-28 00:00:00,82
Toaster Oven,2015-03-31 00:00:00,62
Toaster Oven,2015-04-30 00:00:00,91
Toaster Oven,2015-05-31 00:00:00,210
Toaster Oven,2015-06-30 00:00:00,188
Toaster Oven,2015-07-31 00:00:00,133
Toaster Oven,2015-08-31 00:00:00,124
Toaster Oven,2015-09-30 00:00:00,149
Toaster Oven,2015-10-31 00:00:00,119
Toaster Oven,2015-11-30 00:00:00,71
Toaster Oven,2015-12-31 00:00:00,201
Toaster Oven,2016-01-31 00:00:00,104
Toaster Oven,2016-02-29 00:00:00,201
Toaster Oven,2016-03-31 00:00:00,151
Toaster Oven,2016-04-30 00:00:00,158
Toaster Oven,2016-05-31 00:00:00,140
Toaster Oven,2016-06-30 00:00:00,167
Toaster Oven,2016-07-31 00:00:00,163
Toaster Oven,2016-08-31 00:00:00,91
Toaster Oven,2016-09-30 00:00:00,51
Toaster Oven,2016-10-31 00:00:00,150
Toaster Oven,2016-11-30 00:00:00,79
Toaster Oven,2016-12-31 00:00:00,180
Toaster Oven,2017-01-31 00:00:00,133
Toaster Oven,2017-02-28 00:00:00,132
Toaster Oven,2017-03-31 00:00:00,97
Toaster Oven,2017-04-30 00:00:00,119
Toaster Oven,2017-05-31 00:00:00,114
Toaster Oven,2017-06-30 00:00:00,69
Toaster Oven,2017-07-31 00:00:00,93
Toaster Oven,2017-08-31 00:00:00,163
Toaster Oven,2017-09-30 00:00:00,120
Toaster Oven,2017-10-31 00:00:00,101
Toaster Oven,2017-11-30 00:00:00,60
Toaster Oven,2017-12-31 00:00:00,120
Toaster Oven,2018-01-31 00:00:00,85
Toaster Oven,2018-02-28 00:00:00,92
Toaster Oven,2018-03-31 00:00:00,54
Toaster Oven,2018-04-30 00:00:00,59
Toaster Oven,2018-05-31 00:00:00,96
Toaster Oven,2018-06-30 00:00:00,145
Toaster Oven,2018-07-31 00:00:00,97
Toaster Oven,2018-08-31 00:00:00,88
Toaster Oven,2018-09-30 00:00:00,116
Toaster Oven,2018-10-31 00:00:00,140
Toaster Oven,2018-11-30 00:00:00,109
Toaster Oven,2018-12-31 00:00:00,39
Toaster Oven,2019-01-31 00:00:00,168
Toaster Oven,2019-02-28 00:00:00,187
Toaster Oven,2019-03-31 00:00:00,159
Toaster Oven,2019-04-30 00:00:00,120
Toaster Oven,2019-05-31 00:00:00,79
Toaster Oven,2019-06-30 00:00:00,57
Toaster Oven,2019-07-31 00:00:00,60
Toaster Oven,2019-08-31 00:00:00,75
Toaster Oven,2019-09-30 00:00:00,104
Toaster Oven,2019-10-31 00:00:00,134
Toaster Oven,2019-11-30 00:00:00,79
Toaster Oven,2019-12-31 00:00:00,131
Toaster Oven,2020-01-31 00:00:00,139
Toaster Oven,2020-02-29 00:00:00,160
Toaster Oven,2020-03-31 00:00:00,95
Toaster Oven,2020-04-30 00:00:00,113
Toaster Oven,2020-05-31 00:00:00,213
Toaster Oven,2020-06-30 00:00:00,144
Toaster Oven,2020-07-31 00:00:00,180
Toaster Oven,2020-08-31 00:00:00,114
Toaster Oven,2020-09-30 00:00:00,109
Toaster Oven,2020-10-31 00:00:00,121
Toaster Oven,2020-11-30 00:00:00,122
Toaster Oven,2020-12-31 00:00:00,111
Toaster Oven,2021-01-31 00:00:00,101
Toaster Oven,2021-02-28 00:00:00,100
Toaster Oven,2021-03-31 00:00:00,124
Toaster Oven,2021-04-30 00:00:00,143
Toaster Oven,2021-05-31 00:00:00,179
Toaster Oven,2021-06-30 00:00:00,90
Toaster Oven,2021-07-31 00:00:00,176
Toaster Oven,2021-08-31 00:00:00,82
Toaster Oven,2021-09-30 00:00:00,112
Toaster Oven,2021-10-31 00:00:00,121
Toaster Oven,2021-11-30 00:00:00,116
Toaster Oven,2021-12-31 00:00:00,66
Toaster Oven,2022-01-31 00:00:00,86
Toaster Oven,2022-02-28 00:00:00,126
Toaster Oven,2022-03-31 00:00:00,182
Toaster Oven,2022-04-30 00:00:00,126
Toaster Oven,2022-05-31 00:00:00,89
Toaster Oven,2022-06-30 00:00:00,157
Toaster Oven,2022-07-31 00:00:00,119
Toaster Oven,2022-08-31 00:00:00,155
Toaster Oven,2022-09-30 00:00:00,120
Toaster Oven,2022-10-31 00:00:00,175
Toaster Oven,2022-11-30 00:00:00,179
Toaster Oven,2022-12-31 00:00:00,152
Toaster Oven,2023-01-31 00:00:00,87
Toaster Oven,2023-02-28 00:00:00,130
Toaster Oven,2023-03-31 00:00:00,73
Toaster Oven,2023-04-30 00:00:00,83
Toaster Oven,2023-05-31 00:00:00,113
Toaster Oven,2023-06-30 00:00:00,159
Toaster Oven,2023-07-31 00:00:00,135
Toaster Oven,2023-08-31 00:00:00,98
Toaster Oven,2023-09-30 00:00:00,63
Toaster Oven,2023-10-31 00:00:00,147
Toaster Oven,2023-11-30 00:00:00,73
Toaster Oven,2023-12-31 00:00:00,111
Toaster Oven,2024-01-31 00:00:00,52
Toaster Oven,2024-02-29 00:00:00,93
Toaster Oven,2024-03-31 00:00:00,85
Toaster Oven,2024-04-30 00:00:00,96
Toaster Oven,2024-05-31 00:00:00,102
Toaster Oven,2024-06-30 00:00:00,99
Toaster Oven,2024-07-31 00:00:00,108
Toaster Oven,2024-08-31 00:00:00,75
Toaster Oven,2024-09-30 00:00:00,69
Toaster Oven,2024-10-31 00:00:00,107
Toaster Oven,2024-11-30 00:00:00,84
Toaster Oven,2024-12-31 00:00:00,70
Toaster Oven,2025-01-31 00:00:00,51
Toaster Oven,2025-02-28 00:00:00,88
Toaster Oven,2025-03-31 00:00:00,88
Toaster Oven,2025-04-30 00:00:00,72
Toaster Oven,2025-05-31 00:00:00,70
Toaster Oven,2025-06-30 00:00:00,106
Toaster Oven,2025-07-31 00:00:00,92
Toaster Oven,2025-08-31 00:00:00,86
Toaster Oven,2025-09-30 00:00:00,61
Toaster Oven,2025-10-31 00:00:00,115
Toaster Oven,2025-11-30 00:00:00,91
Toaster Oven,2025-12-31 00:00:00,85
Toaster Oven,2026-01-31 00:00:00,42
Toaster Oven,2026-02-28 00:00:00,78
Toaster Oven,2026-03-31 00:00:00,56
Toaster Oven,2026-04-30 00:00:00,60
Toaster Oven,2026-05-31 00:00:00,71
Toaster Oven,2026-06-30 00:00:00,96
Toaster Oven,2026-07-31 00:00:00,89
Toaster Oven,2026-08-31 00:00:00,62
Toaster Oven,2026-09-30 00:00:00,41
Toaster Oven,2026-10-31 00:00:00,99
Toaster Oven,2026-11-30 00:00:00,58
Toaster Oven,2026-12-31 00:00:00,65
Toaster Oven,2027-01-31 00:00:00,29
Toaster Oven,2027-02-28 00:00:00,67
Toaster Oven,2027-03-31 00:00:00,60
Toaster Oven,2027-04-30 00:00:00,59
Toaster Oven,2027-05-31 00:00:00,60
Toaster Oven,2027-06-30 00:00:00,81
Toaster Oven,2027-07-31 00:00:00,76
Toaster Oven,2027-08-31 00:00:00,55
Toaster Oven,2027-09-30 00:00:00,37
Toaster Oven,2027-10-31 00:00:00,87
Toaster Oven,2027-11-30 00:00:00,60
Toaster Oven,2027-12-31 00:00:00,56
Toaster Oven,2028-01-31 00:00:00,24
Toaster Oven,2028-02-29 00:00:00,62
Toaster Oven,2028-03-31 00:00:00,52
Toaster Oven,2028-04-30 00:00:00,45
Toaster Oven,2028-05-31 00:00:00,49
Toaster Oven,2028-06-30 00:00:00,80
Toaster Oven,2028-07-31 00:00:00,69
Toaster Oven,2028-08-31 00:00:00,52
Toaster Oven,2028-09-30 00:00:00,29
Travel Guide,2015-01-31 00:00:00,94
Travel Guide,2015-02-28 00:00:00,135
Travel Guide,2015-03-31 00:00:00,64
Travel Guide,2015-04-30 00:00:00,85
Travel Guide,2015-05-31 00:00:00,118
Travel Guide,2015-06-30 00:00:00,153
Travel Guide,2015-07-31 00:00:00,98
Travel Guide,2015-08-31 00:00:00,111
Travel Guide,2015-09-30 00:00:00,136
Travel Guide,2015-10-31 00:00:00,70
Travel Guide,2015-11-30 00:00:00,56
Travel Guide,2015-12-31 00:00:00,77
Travel Guide,2016-01-31 00:00:00,84
Travel Guide,2016-02-29 00:00:00,146
Travel Guide,2016-03-31 00:00:00,103
Travel Guide,2016-04-30 00:00:00,100
Travel Guide,2016-05-31 00:00:00,94
Travel Guide,2016-06-30 00:00:00,78
Travel Guide,2016-07-31 00:00:00,7
Travel Guide,2016-08-31 00:00:00,113
Travel Guide,2016-09-30 00:00:00,104
Travel Guide,2016-10-31 00:00:00,102
Travel Guide,2016-11-30 00:00:00,139
Travel Guide,2016-12-31 00:00:00,136
Travel Guide,2017-01-31 00:00:00,137
Travel Guide,2017-02-28 00:00:00,130
Travel Guide,2017-03-31 00:00:00,72
Travel Guide,2017-04-30 00:00:00,76
Travel Guide,2017-05-31 00:00:00,186
Travel Guide,2017-06-30 00:00:00,72
Travel Guide,2017-07-31 00:00:00,133
Travel Guide,2017-08-31 00:00:00,183
Travel Guide,2017-09-30 00:00:00,155
Travel Guide,2017-10-31 00:00:00,164
Travel Guide,2017-11-30 00:00:00,123
Travel Guide,2017-12-31 00:00:00,63
Travel Guide,2018-01-31 00:00:00,119
Travel Guide,2018-02-28 00:00:00,153
Travel Guide,2018-03-31 00:00:00,81
Travel Guide,2018-04-30 00:00:00,98
Travel Guide,2018-05-31 00:00:00,86
Travel Guide,2018-06-30 00:00:00,206
Travel Guide,2018-07-31 00:00:00,120
Travel Guide,2018-08-31 00:00:00,136
Travel Guide,2018-09-30 00:00:00,120
Travel Guide,2018-10-31 00:00:00,97
Travel Guide,2018-11-30 00:00:00,119
Travel Guide,2018-12-31 00:00:00,115
Travel Guide,2019-01-31 00:00:00,86
Travel Guide,2019-02-28 00:00:00,131
Travel Guide,2019-03-31 00:00:00,75
Travel Guide,2019-04-30 00:00:00,132
Travel Guide,2019-05-31 00:00:00,138
Travel Guide,2019-06-30 00:00:00,146
Travel Guide,2019-07-31 00:00:00,220
Travel Guide,2019-08-31 00:00:00,58
Travel Guide,2019-09-30 00:00:00,112
Travel Guide,2019-10-31 00:00:00,126
Travel Guide,2019-11-30 00:00:00,225
Travel Guide,2019-12-31 00:00:00,107
Travel Guide,2020-01-31 00:00:00,71
Travel Guide,2020-02-29 00:00:00,83
Travel Guide,2020-03-31 00:00:00,111
Travel Guide,2020-04-30 00:00:00,75
Travel Guide,2020-05-31 00:00:00,131
Travel Guide,2020-06-30 00:00:00,137
Travel Guide,2020-07-31 00:00:00,135
Travel Guide,2020-08-31 00:00:00,72
Travel Guide,2020-09-30 00:00:00,61
Travel Guide,2020-10-31 00:00:00,108
Travel Guide,2020-11-30 00:00:00,125
Travel Guide,2020-12-31 00:00:00,186
Travel Guide,2021-01-31 00:00:00,80
Travel Guide,2021-02-28 00:00:00,191
Travel Guide,2021-03-31 00:00:00,94
Travel Guide,2021-04-30 00:00:00,107
Travel Guide,2021-05-31 00:00:00,87
Travel Guide,2021-06-30 00:00:00,135
Travel Guide,2021-07-31 00:00:00,117
Travel Guide,2021-08-31 00:00:00,104
Travel Guide,2021-09-30 00:00:00,56
Travel Guide,2021-10-31 00:00:00,147
Travel Guide,2021-11-30 00:00:00,140
Travel Guide,2021-12-31 00:00:00,108
Travel Guide,2022-01-31 00:00:00,63
Travel Guide,2022-02-28 00:00:00,120
Travel Guide,2022-03-31 00:00:00,139
Travel Guide,2022-04-30 00:00:00,94
Travel Guide,2022-05-31 00:00:00,85
Travel Guide,2022-06-30 00:00:00,67
Travel Guide,2022-07-31 00:00:00,197
Travel Guide,2022-08-31 00:00:00,164
Travel Guide,2022-09-30 00:00:00,71
Travel Guide,2022-10-31 00:00:00,119
Travel Guide,2022-11-30 00:00:00,113
Travel Guide,2022-12-31 00:00:00,76
Travel Guide,2023-01-31 00:00:00,122
Travel Guide,2023-02-28 00:00:00,70
Travel Guide,2023-03-31 00:00:00,105
Travel Guide,2023-04-30 00:00:00,100
Travel Guide,2023-05-31 00:00:00,116
Travel Guide,2023-06-30 00:00:00,110
Travel Guide,2023-07-31 00:00:00,149
Travel Guide,2023-08-31 00:00:00,55
Travel Guide,2023-09-30 00:00:00,56
Travel Guide,2023-10-31 00:00:00,105
Travel Guide,2023-11-30 00:00:00,105
Travel Guide,2023-12-31 00:00:00,74
Travel Guide,2024-01-31 00:00:00,72
Travel Guide,2024-02-29 00:00:00,95
Travel Guide,2024-03-31 00:00:00,80
Travel Guide,2024-04-30 00:00:00,78
Travel Guide,2024-05-31 00:00:00,89
Travel Guide,2024-06-30 00:00:00,91
Travel Guide,2024-07-31 00:00:00,120
Travel Guide,2024-08-31 00:00:00,76
Travel Guide,2024-09-30 00:00:00,61
Travel Guide,2024-10-31 00:00:00,93
Travel Guide,2024-11-30 00:00:00,105
Travel Guide,2024-12-31 00:00:00,77
Travel Guide,2025-01-31 00:00:00,69
Travel Guide,2025-02-28 00:00:00,91
Travel Guide,2025-03-31 00:00:00,79
Travel Guide,2025-04-30 00:00:00,73
Travel Guide,2025-05-31 00:00:00,86
Travel Guide,2025-06-30 00:00:00,91
Travel Guide,2025-07-31 00:00:00,117
Travel Guide,2025-08-31 00:00:00,77
Travel Guide,2025-09-30 00:00:00,57
Travel Guide,2025-10-31 00:00:00,91
Travel Guide,2025-11-30 00:00:00,98
Travel Guide,2025-12-31 00:00:00,77
Travel Guide,2026-01-31 00:00:00,66
Travel Guide,2026-02-28 00:00:00,93
Travel Guide,2026-03-31 00:00:00,76
Travel Guide,2026-04-30 00:00:00,72
Travel Guide,2026-05-31 00:00:00,81
Travel Guide,2026-06-30 00:00:00,88
Travel Guide,2026-07-31 00:00:00,114
Travel Guide,2026-08-31 00:00:00,76
Travel Guide,2026-09-30 00:00:00,54
Travel Guide,2026-10-31 00:00:00,90
Travel Guide,2026-11-30 00:00:00,97
Travel Guide,2026-12-31 00:00:00,73
Travel Guide,2027-01-31 00:00:00,65
Travel Guide,2027-02-28 00:00:00,89
Travel Guide,2027-03-31 00:00:00,76
Travel Guide,2027-04-30 00:00:00,68
Travel Guide,2027-05-31 00:00:00,78
Travel Guide,2027-06-30 00:00:00,83
Travel Guide,2027-07-31 00:00:00,114
Travel Guide,2027-08-31 00:00:00,76
Travel Guide,2027-09-30 00:00:00,53
Travel Guide,2027-10-31 00:00:00,87
Travel Guide,2027-11-30 00:00:00,94
Travel Guide,2027-12-31 00:00:00,69
Travel Guide,2028-01-31 00:00:00,63
Travel Guide,2028-02-29 00:00:00,83
Travel Guide,2028-03-31 00:00:00,73
Travel Guide,2028-04-30 00:00:00,68
Travel Guide,2028-05-31 00:00:00,79
Travel Guide,2028-06-30 00:00:00,83
Travel Guide,2028-07-31 00:00:00,110
Travel Guide,2028-08-31 00:00:00,70
Travel Guide,2028-09-30 00:00:00,50
USB Flash Drive,2015-01-31 00:00:00,119
USB Flash Drive,2015-02-28 00:00:00,213
USB Flash Drive,2015-03-31 00:00:00,127
USB Flash Drive,2015-04-30 00:00:00,230
USB Flash Drive,2015-05-31 00:00:00,235
USB Flash Drive,2015-06-30 00:00:00,174
USB Flash Drive,2015-07-31 00:00:00,65
USB Flash Drive,2015-08-31 00:00:00,93
USB Flash Drive,2015-09-30 00:00:00,135
USB Flash Drive,2015-10-31 00:00:00,150
USB Flash Drive,2015-11-30 00:00:00,157
USB Flash Drive,2015-12-31 00:00:00,213
USB Flash Drive,2016-01-31 00:00:00,259
USB Flash Drive,2016-02-29 00:00:00,130
USB Flash Drive,2016-03-31 00:00:00,44
USB Flash Drive,2016-04-30 00:00:00,178
USB Flash Drive,2016-05-31 00:00:00,191
USB Flash Drive,2016-06-30 00:00:00,187
USB Flash Drive,2016-07-31 00:00:00,187
USB Flash Drive,2016-08-31 00:00:00,161
USB Flash Drive,2016-09-30 00:00:00,75
USB Flash Drive,2016-10-31 00:00:00,172
USB Flash Drive,2016-11-30 00:00:00,128
USB Flash Drive,2016-12-31 00:00:00,162
USB Flash Drive,2017-01-31 00:00:00,183
USB Flash Drive,2017-02-28 00:00:00,211
USB Flash Drive,2017-03-31 00:00:00,121
USB Flash Drive,2017-04-30 00:00:00,104
USB Flash Drive,2017-05-31 00:00:00,124
USB Flash Drive,2017-06-30 00:00:00,157
USB Flash Drive,2017-07-31 00:00:00,214
USB Flash Drive,2017-08-31 00:00:00,161
USB Flash Drive,2017-09-30 00:00:00,140
USB Flash Drive,2017-10-31 00:00:00,186
USB Flash Drive,2017-11-30 00:00:00,215
USB Flash Drive,2017-12-31 00:00:00,130
USB Flash Drive,2018-01-31 00:00:00,97
USB Flash Drive,2018-02-28 00:00:00,108
USB Flash Drive,2018-03-31 00:00:00,208
USB Flash Drive,2018-04-30 00:00:00,143
USB Flash Drive,2018-05-31 00:00:00,62
USB Flash Drive,2018-06-30 00:00:00,125
USB Flash Drive,2018-07-31 00:00:00,174
USB Flash Drive,2018-08-31 00:00:00,170
USB Flash Drive,2018-09-30 00:00:00,170
USB Flash Drive,2018-10-31 00:00:00,158
USB Flash Drive,2018-11-30 00:00:00,216
USB Flash Drive,2018-12-31 00:00:00,245
USB Flash Drive,2019-01-31 00:00:00,205
USB Flash Drive,2019-02-28 00:00:00,109
USB Flash Drive,2019-03-31 00:00:00,147
USB Flash Drive,2019-04-30 00:00:00,200
USB Flash Drive,2019-05-31 00:00:00,170
USB Flash Drive,2019-06-30 00:00:00,174
USB Flash Drive,2019-07-31 00:00:00,149
USB Flash Drive,2019-08-31 00:00:00,119
USB Flash Drive,2019-09-30 00:00:00,178
USB Flash Drive,2019-10-31 00:00:00,166
USB Flash Drive,2019-11-30 00:00:00,182
USB Flash Drive,2019-12-31 00:00:00,100
USB Flash Drive,2020-01-31 00:00:00,98
USB Flash Drive,2020-02-29 00:00:00,195
USB Flash Drive,2020-03-31 00:00:00,139
USB Flash Drive,2020-04-30 00:00:00,160
USB Flash Drive,2020-05-31 00:00:00,213
USB Flash Drive,2020-06-30 00:00:00,195
USB Flash Drive,2020-07-31 00:00:00,123
USB Flash Drive,2020-08-31 00:00:00,151
USB Flash Drive,2020-09-30 00:00:00,145
USB Flash Drive,2020-10-31 00:00:00,202
USB Flash Drive,2020-11-30 00:00:00,85
USB Flash Drive,2020-12-31 00:00:00,190
USB Flash Drive,2021-01-31 00:00:00,129
USB Flash Drive,2021-02-28 00:00:00,229
USB Flash Drive,2021-03-31 00:00:00,157
USB Flash Drive,2021-04-30 00:00:00,122
USB Flash Drive,2021-05-31 00:00:00,90
USB Flash Drive,2021-06-30 00:00:00,136
USB Flash Drive,2021-07-31 00:00:00,141
USB Flash Drive,2021-08-31 00:00:00,99
USB Flash Drive,2021-09-30 00:00:00,148
USB Flash Drive,2021-10-31 00:00:00,143
USB Flash Drive,2021-11-30 00:00:00,97
USB Flash Drive,2021-12-31 00:00:00,206
USB Flash Drive,2022-01-31 00:00:00,142
USB Flash Drive,2022-02-28 00:00:00,145
USB Flash Drive,2022-03-31 00:00:00,156
USB Flash Drive,2022-04-30 00:00:00,118
USB Flash Drive,2022-05-31 00:00:00,204
USB Flash Drive,2022-06-30 00:00:00,186
USB Flash Drive,2022-07-31 00:00:00,123
USB Flash Drive,2022-08-31 00:00:00,142
USB Flash Drive,2022-09-30 00:00:00,162
USB Flash Drive,2022-10-31 00:00:00,143
USB Flash Drive,2022-11-30 00:00:00,159
USB Flash Drive,2022-12-31 00:00:00,123
USB Flash Drive,2023-01-31 00:00:00,194
USB Flash Drive,2023-02-28 00:00:00,122
USB Flash Drive,2023-03-31 00:00:00,107
USB Flash Drive,2023-04-30 00:00:00,187
USB Flash Drive,2023-05-31 00:00:00,53
USB Flash Drive,2023-06-30 00:00:00,200
USB Flash Drive,2023-07-31 00:00:00,102
USB Flash Drive,2023-08-31 00:00:00,115
USB Flash Drive,2023-09-30 00:00:00,271
USB Flash Drive,2023-10-31 00:00:00,209
USB Flash Drive,2023-11-30 00:00:00,113
USB Flash Drive,2023-12-31 00:00:00,152
USB Flash Drive,2024-01-31 00:00:00,150
USB Flash Drive,2024-02-29 00:00:00,179
USB Flash Drive,2024-03-31 00:00:00,133
USB Flash Drive,2024-04-30 00:00:00,140
USB Flash Drive,2024-05-31 00:00:00,121
USB Flash Drive,2024-06-30 00:00:00,160
USB Flash Drive,2024-07-31 00:00:00,141
USB Flash Drive,2024-08-31 00:00:00,123
USB Flash Drive,2024-09-30 00:00:00,150
USB Flash Drive,2024-10-31 00:00:00,162
USB Flash Drive,2024-11-30 00:00:00,134
USB Flash Drive,2024-12-31 00:00:00,168
USB Flash Drive,2025-01-31 00:00:00,138
USB Flash Drive,2025-02-28 00:00:00,161
USB Flash Drive,2025-03-31 00:00:00,137
USB Flash Drive,2025-04-30 00:00:00,140
USB Flash Drive,2025-05-31 00:00:00,150
USB Flash Drive,2025-06-30 00:00:00,155
USB Flash Drive,2025-07-31 00:00:00,138
USB Flash Drive,2025-08-31 00:00:00,129
USB Flash Drive,2025-09-30 00:00:00,135
USB Flash Drive,2025-10-31 00:00:00,150
USB Flash Drive,2025-11-30 00:00:00,142
USB Flash Drive,2025-12-31 00:00:00,159
USB Flash Drive,2026-01-31 00:00:00,145
USB Flash Drive,2026-02-28 00:00:00,148
USB Flash Drive,2026-03-31 00:00:00,127
USB Flash Drive,2026-04-30 00:00:00,146
USB Flash Drive,2026-05-31 00:00:00,134
USB Flash Drive,2026-06-30 00:00:00,160
USB Flash Drive,2026-07-31 00:00:00,128
USB Flash Drive,2026-08-31 00:00:00,125
USB Flash Drive,2026-09-30 00:00:00,159
USB Flash Drive,2026-10-31 00:00:00,159
USB Flash Drive,2026-11-30 00:00:00,135
USB Flash Drive,2026-12-31 00:00:00,152
USB Flash Drive,2027-01-31 00:00:00,148
USB Flash Drive,2027-02-28 00:00:00,152
USB Flash Drive,2027-03-31 00:00:00,128
USB Flash Drive,2027-04-30 00:00:00,145
USB Flash Drive,2027-05-31 00:00:00,127
USB Flash Drive,2027-06-30 00:00:00,161
USB Flash Drive,2027-07-31 00:00:00,129
USB Flash Drive,2027-08-31 00:00:00,122
USB Flash Drive,2027-09-30 00:00:00,160
USB Flash Drive,2027-10-31 00:00:00,160
USB Flash Drive,2027-11-30 00:00:00,134
USB Flash Drive,2027-12-31 00:00:00,154
USB Flash Drive,2028-01-31 00:00:00,143
USB Flash Drive,2028-02-29 00:00:00,157
USB Flash Drive,2028-03-31 00:00:00,129
USB Flash Drive,2028-04-30 00:00:00,142
USB Flash Drive,2028-05-31 00:00:00,129
USB Flash Drive,2028-06-30 00:00:00,158
USB Flash Drive,2028-07-31 00:00:00,132
USB Flash Drive,2028-08-31 00:00:00,126
USB Flash Drive,2028-09-30 00:00:00,156
VR Headset,2015-01-31 00:00:00,39
VR Headset,2015-02-28 00:00:00,34
VR Headset,2015-03-31 00:00:00,69
VR Headset,2015-04-30 00:00:00,76
VR Headset,2015-05-31 00:00:00,105
VR Headset,2015-06-30 00:00:00,47
VR Headset,2015-07-31 00:00:00,28
VR Headset,2015-08-31 00:00:00,59
VR Headset,2015-09-30 00:00:00,47
VR Headset,2015-10-31 00:00:00,57
VR Headset,2015-11-30 00:00:00,31
VR Headset,2015-12-31 00:00:00,86
VR Headset,2016-01-31 00:00:00,53
VR Headset,2016-02-29 00:00:00,50
VR Headset,2016-03-31 00:00:00,55
VR Headset,2016-04-30 00:00:00,85
VR Headset,2016-05-31 00:00:00,80
VR Headset,2016-06-30 00:00:00,47
VR Headset,2016-07-31 00:00:00,23
VR Headset,2016-08-31 00:00:00,116
VR Headset,2016-09-30 00:00:00,39
VR Headset,2016-10-31 00:00:00,74
VR Headset,2016-11-30 00:00:00,55
VR Headset,2016-12-31 00:00:00,27
VR Headset,2017-01-31 00:00:00,59
VR Headset,2017-02-28 00:00:00,73
VR Headset,2017-03-31 00:00:00,33
VR Headset,2017-04-30 00:00:00,77
VR Headset,2017-05-31 00:00:00,52
VR Headset,2017-06-30 00:00:00,48
VR Headset,2017-07-31 00:00:00,90
VR Headset,2017-08-31 00:00:00,72
VR Headset,2017-09-30 00:00:00,38
VR Headset,2017-10-31 00:00:00,60
VR Headset,2017-11-30 00:00:00,26
VR Headset,2017-12-31 00:00:00,88
VR Headset,2018-01-31 00:00:00,17
VR Headset,2018-02-28 00:00:00,61
VR Headset,2018-03-31 00:00:00,44
VR Headset,2018-04-30 00:00:00,15
VR Headset,2018-05-31 00:00:00,37
VR Headset,2018-06-30 00:00:00,114
VR Headset,2018-07-31 00:00:00,42
VR Headset,2018-08-31 00:00:00,58
VR Headset,2018-09-30 00:00:00,67
VR Headset,2018-10-31 00:00:00,51
VR Headset,2018-11-30 00:00:00,60
VR Headset,2018-12-31 00:00:00,48
VR Headset,2019-01-31 00:00:00,35
VR Headset,2019-02-28 00:00:00,21
VR Headset,2019-03-31 00:00:00,57
VR Headset,2019-04-30 00:00:00,65
VR Headset,2019-05-31 00:00:00,31
VR Headset,2019-06-30 00:00:00,31
VR Headset,2019-07-31 00:00:00,56
VR Headset,2019-08-31 00:00:00,67
VR Headset,2019-09-30 00:00:00,42
VR Headset,2019-10-31 00:00:00,50
VR Headset,2019-11-30 00:00:00,77
VR Headset,2019-12-31 00:00:00,107
VR Headset,2020-01-31 00:00:00,25
VR Headset,2020-02-29 00:00:00,54
VR Headset,2020-03-31 00:00:00,46
VR Headset,2020-04-30 00:00:00,63
VR Headset,2020-05-31 00:00:00,56
VR Headset,2020-06-30 00:00:00,40
VR Headset,2020-07-31 00:00:00,105
VR Headset,2020-08-31 00:00:00,10
VR Headset,2020-09-30 00:00:00,56
VR Headset,2020-10-31 00:00:00,26
VR Headset,2020-11-30 00:00:00,16
VR Headset,2020-12-31 00:00:00,12
VR Headset,2021-01-31 00:00:00,75
VR Headset,2021-02-28 00:00:00,59
VR Headset,2021-03-31 00:00:00,98
VR Headset,2021-04-30 00:00:00,72
VR Headset,2021-05-31 00:00:00,100
VR Headset,2021-06-30 00:00:00,63
VR Headset,2021-07-31 00:00:00,61
VR Headset,2021-08-31 00:00:00,44
VR Headset,2021-09-30 00:00:00,85
VR Headset,2021-10-31 00:00:00,55
VR Headset,2021-11-30 00:00:00,62
VR Headset,2021-12-31 00:00:00,56
VR Headset,2022-01-31 00:00:00,71
VR Headset,2022-02-28 00:00:00,16
VR Headset,2022-03-31 00:00:00,70
VR Headset,2022-04-30 00:00:00,34
VR Headset,2022-05-31 00:00:00,59
VR Headset,2022-06-30 00:00:00,43
VR Headset,2022-07-31 00:00:00,84
VR Headset,2022-08-31 00:00:00,56
VR Headset,2022-09-30 00:00:00,16
VR Headset,2022-10-31 00:00:00,29
VR Headset,2022-11-30 00:00:00,91
VR Headset,2022-12-31 00:00:00,56
VR Headset,2023-01-31 00:00:00,116
VR Headset,2023-02-28 00:00:00,40
VR Headset,2023-03-31 00:00:00,62
VR Headset,2023-04-30 00:00:00,18
VR Headset,2023-05-31 00:00:00,66
VR Headset,2023-06-30 00:00:00,31
VR Headset,2023-07-31 00:00:00,23
VR Headset,2023-08-31 00:00:00,20
VR Headset,2023-09-30 00:00:00,60
VR Headset,2023-10-31 00:00:00,53
VR Headset,2023-11-30 00:00:00,53
VR Headset,2023-12-31 00:00:00,71
VR Headset,2024-01-31 00:00:00,66
VR Headset,2024-02-29 00:00:00,44
VR Headset,2024-03-31 00:00:00,65
VR Headset,2024-04-30 00:00:00,49
VR Headset,2024-05-31 00:00:00,65
VR Headset,2024-06-30 00:00:00,50
VR Headset,2024-07-31 00:00:00,58
VR Headset,2024-08-31 00:00:00,47
VR Headset,2024-09-30 00:00:00,52
VR Headset,2024-10-31 00:00:00,49
VR Headset,2024-11-30 00:00:00,59
VR Headset,2024-12-31 00:00:00,63
VR Headset,2025-01-31 00:00:00,68
VR Headset,2025-02-28 00:00:00,45
VR Headset,2025-03-31 00:00:00,66
VR Headset,2025-04-30 00:00:00,50
VR Headset,2025-05-31 00:00:00,68
VR Headset,2025-06-30 00:00:00,52
VR Headset,2025-07-31 00:00:00,62
VR Headset,2025-08-31 00:00:00,50
VR Headset,2025-09-30 00:00:00,55
VR Headset,2025-10-31 00:00:00,51
VR Headset,2025-11-30 00:00:00,58
VR Headset,2025-12-31 00:00:00,61
VR Headset,2026-01-31 00:00:00,69
VR Headset,2026-02-28 00:00:00,46
VR Headset,2026-03-31 00:00:00,67
VR Headset,2026-04-30 00:00:00,51
VR Headset,2026-05-31 00:00:00,69
VR Headset,2026-06-30 00:00:00,51
VR Headset,2026-07-31 00:00:00,62
VR Headset,2026-08-31 00:00:00,51
VR Headset,2026-09-30 00:00:00,56
VR Headset,2026-10-31 00:00:00,52
VR Headset,2026-11-30 00:00:00,61
VR Headset,2026-12-31 00:00:00,66
VR Headset,2027-01-31 00:00:00,72
VR Headset,2027-02-28 00:00:00,50
VR Headset,2027-03-31 00:00:00,70
VR Headset,2027-04-30 00:00:00,55
VR Headset,2027-05-31 00:00:00,71
VR Headset,2027-06-30 00:00:00,54
VR Headset,2027-07-31 00:00:00,64
VR Headset,2027-08-31 00:00:00,53
VR Headset,2027-09-30 00:00:00,57
VR Headset,2027-10-31 00:00:00,54
VR Headset,2027-11-30 00:00:00,64
VR Headset,2027-12-31 00:00:00,67
VR Headset,2028-01-31 00:00:00,75
VR Headset,2028-02-29 00:00:00,52
VR Headset,2028-03-31 00:00:00,72
VR Headset,2028-04-30 00:00:00,57
VR Headset,2028-05-31 00:00:00,73
VR Headset,2028-06-30 00:00:00,56
VR Headset,2028-07-31 00:00:00,64
VR Headset,2028-08-31 00:00:00,54
VR Headset,2028-09-30 00:00:00,59
Water Filter Pitcher,2015-01-31 00:00:00,87
Water Filter Pitcher,2015-02-28 00:00:00,122
Water Filter Pitcher,2015-03-31 00:00:00,114
Water Filter Pitcher,2015-04-30 00:00:00,93
Water Filter Pitcher,2015-05-31 00:00:00,97
Water Filter Pitcher,2015-06-30 00:00:00,153
Water Filter Pitcher,2015-07-31 00:00:00,96
Water Filter Pitcher,2015-08-31 00:00:00,105
Water Filter Pitcher,2015-09-30 00:00:00,126
Water Filter Pitcher,2015-10-31 00:00:00,136
Water Filter Pitcher,2015-11-30 00:00:00,73
Water Filter Pitcher,2015-12-31 00:00:00,189
Water Filter Pitcher,2016-01-31 00:00:00,105
Water Filter Pitcher,2016-02-29 00:00:00,69
Water Filter Pitcher,2016-03-31 00:00:00,67
Water Filter Pitcher,2016-04-30 00:00:00,117
Water Filter Pitcher,2016-05-31 00:00:00,132
Water Filter Pitcher,2016-06-30 00:00:00,137
Water Filter Pitcher,2016-07-31 00:00:00,56
Water Filter Pitcher,2016-08-31 00:00:00,117
Water Filter Pitcher,2016-09-30 00:00:00,68
Water Filter Pitcher,2016-10-31 00:00:00,66
Water Filter Pitcher,2016-11-30 00:00:00,102
Water Filter Pitcher,2016-12-31 00:00:00,150
Water Filter Pitcher,2017-01-31 00:00:00,69
Water Filter Pitcher,2017-02-28 00:00:00,49
Water Filter Pitcher,2017-03-31 00:00:00,120
Water Filter Pitcher,2017-04-30 00:00:00,93
Water Filter Pitcher,2017-05-31 00:00:00,123
Water Filter Pitcher,2017-06-30 00:00:00,88
Water Filter Pitcher,2017-07-31 00:00:00,89
Water Filter Pitcher,2017-08-31 00:00:00,101
Water Filter Pitcher,2017-09-30 00:00:00,177
Water Filter Pitcher,2017-10-31 00:00:00,142
Water Filter Pitcher,2017-11-30 00:00:00,131
Water Filter Pitcher,2017-12-31 00:00:00,128
Water Filter Pitcher,2018-01-31 00:00:00,175
Water Filter Pitcher,2018-02-28 00:00:00,98
Water Filter Pitcher,2018-03-31 00:00:00,89
Water Filter Pitcher,2018-04-30 00:00:00,105
Water Filter Pitcher,2018-05-31 00:00:00,90
Water Filter Pitcher,2018-06-30 00:00:00,96
Water Filter Pitcher,2018-07-31 00:00:00,86
Water Filter Pitcher,2018-08-31 00:00:00,143
Water Filter Pitcher,2018-09-30 00:00:00,157
Water Filter Pitcher,2018-10-31 00:00:00,152
Water Filter Pitcher,2018-11-30 00:00:00,27
Water Filter Pitcher,2018-12-31 00:00:00,136
Water Filter Pitcher,2019-01-31 00:00:00,90
Water Filter Pitcher,2019-02-28 00:00:00,144
Water Filter Pitcher,2019-03-31 00:00:00,228
Water Filter Pitcher,2019-04-30 00:00:00,115
Water Filter Pitcher,2019-05-31 00:00:00,128
Water Filter Pitcher,2019-06-30 00:00:00,131
Water Filter Pitcher,2019-07-31 00:00:00,120
Water Filter Pitcher,2019-08-31 00:00:00,168
Water Filter Pitcher,2019-09-30 00:00:00,50
Water Filter Pitcher,2019-10-31 00:00:00,63
Water Filter Pitcher,2019-11-30 00:00:00,258
Water Filter Pitcher,2019-12-31 00:00:00,137
Water Filter Pitcher,2020-01-31 00:00:00,69
Water Filter Pitcher,2020-02-29 00:00:00,112
Water Filter Pitcher,2020-03-31 00:00:00,137
Water Filter Pitcher,2020-04-30 00:00:00,72
Water Filter Pitcher,2020-05-31 00:00:00,117
Water Filter Pitcher,2020-06-30 00:00:00,79
Water Filter Pitcher,2020-07-31 00:00:00,148
Water Filter Pitcher,2020-08-31 00:00:00,75
Water Filter Pitcher,2020-09-30 00:00:00,140
Water Filter Pitcher,2020-10-31 00:00:00,92
Water Filter Pitcher,2020-11-30 00:00:00,38
Water Filter Pitcher,2020-12-31 00:00:00,81
Water Filter Pitcher,2021-01-31 00:00:00,69
Water Filter Pitcher,2021-02-28 00:00:00,153
Water Filter Pitcher,2021-03-31 00:00:00,119
Water Filter Pitcher,2021-04-30 00:00:00,79
Water Filter Pitcher,2021-05-31 00:00:00,60
Water Filter Pitcher,2021-06-30 00:00:00,87
Water Filter Pitcher,2021-07-31 00:00:00,147
Water Filter Pitcher,2021-08-31 00:00:00,93
Water Filter Pitcher,2021-09-30 00:00:00,98
Water Filter Pitcher,2021-10-31 00:00:00,136
Water Filter Pitcher,2021-11-30 00:00:00,51
Water Filter Pitcher,2021-12-31 00:00:00,51
Water Filter Pitcher,2022-01-31 00:00:00,79
Water Filter Pitcher,2022-02-28 00:00:00,100
Water Filter Pitcher,2022-03-31 00:00:00,97
Water Filter Pitcher,2022-04-30 00:00:00,74
Water Filter Pitcher,2022-05-31 00:00:00,50
Water Filter Pitcher,2022-06-30 00:00:00,136
Water Filter Pitcher,2022-07-31 00:00:00,64
Water Filter Pitcher,2022-08-31 00:00:00,112
Water Filter Pitcher,2022-09-30 00:00:00,134
Water Filter Pitcher,2022-10-31 00:00:00,103
Water Filter Pitcher,2022-11-30 00:00:00,67
Water Filter Pitcher,2022-12-31 00:00:00,50
Water Filter Pitcher,2023-01-31 00:00:00,79
Water Filter Pitcher,2023-02-28 00:00:00,127
Water Filter Pitcher,2023-03-31 00:00:00,145
Water Filter Pitcher,2023-04-30 00:00:00,45
Water Filter Pitcher,2023-05-31 00:00:00,113
Water Filter Pitcher,2023-06-30 00:00:00,65
Water Filter Pitcher,2023-07-31 00:00:00,179
Water Filter Pitcher,2023-08-31 00:00:00,87
Water Filter Pitcher,2023-09-30 00:00:00,26
Water Filter Pitcher,2023-10-31 00:00:00,40
Water Filter Pitcher,2023-11-30 00:00:00,81
Water Filter Pitcher,2023-12-31 00:00:00,59
Water Filter Pitcher,2024-01-31 00:00:00,54
Water Filter Pitcher,2024-02-29 00:00:00,83
Water Filter Pitcher,2024-03-31 00:00:00,90
Water Filter Pitcher,2024-04-30 00:00:00,50
Water Filter Pitcher,2024-05-31 00:00:00,55
Water Filter Pitcher,2024-06-30 00:00:00,74
Water Filter Pitcher,2024-07-31 00:00:00,81
Water Filter Pitcher,2024-08-31 00:00:00,61
Water Filter Pitcher,2024-09-30 00:00:00,72
Water Filter Pitcher,2024-10-31 00:00:00,72
Water Filter Pitcher,2024-11-30 00:00:00,52
Water Filter Pitcher,2024-12-31 00:00:00,50
Water Filter Pitcher,2025-01-31 00:00:00,51
Water Filter Pitcher,2025-02-28 00:00:00,84
Water Filter Pitcher,2025-03-31 00:00:00,93
Water Filter Pitcher,2025-04-30 00:00:00,42
Water Filter Pitcher,2025-05-31 00:00:00,59
Water Filter Pitcher,2025-06-30 00:00:00,64
Water Filter Pitcher,2025-07-31 00:00:00,93
Water Filter Pitcher,2025-08-31 00:00:00,70
Water Filter Pitcher,2025-09-30 00:00:00,58
Water Filter Pitcher,2025-10-31 00:00:00,55
Water Filter Pitcher,2025-11-30 00:00:00,48
Water Filter Pitcher,2025-12-31 00:00:00,43
Water Filter Pitcher,2026-01-31 00:00:00,45
Water Filter Pitcher,2026-02-28 00:00:00,78
Water Filter Pitcher,2026-03-31 00:00:00,86
Water Filter Pitcher,2026-04-30 00:00:00,37
Water Filter Pitcher,2026-05-31 00:00:00,52
Water Filter Pitcher,2026-06-30 00:00:00,60
Water Filter Pitcher,2026-07-31 00:00:00,84
Water Filter Pitcher,2026-08-31 00:00:00,64
Water Filter Pitcher,2026-09-30 00:00:00,56
Water Filter Pitcher,2026-10-31 00:00:00,52
Water Filter Pitcher,2026-11-30 00:00:00,43
Water Filter Pitcher,2026-12-31 00:00:00,38
Water Filter Pitcher,2027-01-31 00:00:00,40
Water Filter Pitcher,2027-02-28 00:00:00,73
Water Filter Pitcher,2027-03-31 00:00:00,81
Water Filter Pitcher,2027-04-30 00:00:00,32
Water Filter Pitcher,2027-05-31 00:00:00,46
Water Filter Pitcher,2027-06-30 00:00:00,51
Water Filter Pitcher,2027-07-31 00:00:00,79
Water Filter Pitcher,2027-08-31 00:00:00,58
Water Filter Pitcher,2027-09-30 00:00:00,50
Water Filter Pitcher,2027-10-31 00:00:00,47
Water Filter Pitcher,2027-11-30 00:00:00,38
Water Filter Pitcher,2027-12-31 00:00:00,33
Water Filter Pitcher,2028-01-31 00:00:00,35
Water Filter Pitcher,2028-02-29 00:00:00,67
Water Filter Pitcher,2028-03-31 00:00:00,76
Water Filter Pitcher,2028-04-30 00:00:00,27
Water Filter Pitcher,2028-05-31 00:00:00,42
Water Filter Pitcher,2028-06-30 00:00:00,50
Water Filter Pitcher,2028-07-31 00:00:00,74
Water Filter Pitcher,2028-08-31 00:00:00,51
Water Filter Pitcher,2028-09-30 00:00:00,42
Wi-Fi Router,2015-01-31 00:00:00,63
Wi-Fi Router,2015-02-28 00:00:00,89
Wi-Fi Router,2015-03-31 00:00:00,83
Wi-Fi Router,2015-04-30 00:00:00,73
Wi-Fi Router,2015-05-31 00:00:00,112
Wi-Fi Router,2015-06-30 00:00:00,103
Wi-Fi Router,2015-07-31 00:00:00,47
Wi-Fi Router,2015-08-31 00:00:00,33
Wi-Fi Router,2015-09-30 00:00:00,56
Wi-Fi Router,2015-10-31 00:00:00,77
Wi-Fi Router,2015-11-30 00:00:00,96
Wi-Fi Router,2015-12-31 00:00:00,34
Wi-Fi Router,2016-01-31 00:00:00,55
Wi-Fi Router,2016-02-29 00:00:00,68
Wi-Fi Router,2016-03-31 00:00:00,67
Wi-Fi Router,2016-04-30 00:00:00,61
Wi-Fi Router,2016-05-31 00:00:00,27
Wi-Fi Router,2016-06-30 00:00:00,65
Wi-Fi Router,2016-07-31 00:00:00,73
Wi-Fi Router,2016-08-31 00:00:00,38
Wi-Fi Router,2016-09-30 00:00:00,75
Wi-Fi Router,2016-10-31 00:00:00,56
Wi-Fi Router,2016-11-30 00:00:00,49
Wi-Fi Router,2016-12-31 00:00:00,21
Wi-Fi Router,2017-01-31 00:00:00,113
Wi-Fi Router,2017-02-28 00:00:00,30
Wi-Fi Router,2017-03-31 00:00:00,59
Wi-Fi Router,2017-04-30 00:00:00,57
Wi-Fi Router,2017-05-31 00:00:00,127
Wi-Fi Router,2017-06-30 00:00:00,82
Wi-Fi Router,2017-07-31 00:00:00,44
Wi-Fi Router,2017-08-31 00:00:00,119
Wi-Fi Router,2017-09-30 00:00:00,39
Wi-Fi Router,2017-10-31 00:00:00,90
Wi-Fi Router,2017-11-30 00:00:00,112
Wi-Fi Router,2017-12-31 00:00:00,80
Wi-Fi Router,2018-01-31 00:00:00,75
Wi-Fi Router,2018-02-28 00:00:00,124
Wi-Fi Router,2018-03-31 00:00:00,67
Wi-Fi Router,2018-04-30 00:00:00,92
Wi-Fi Router,2018-05-31 00:00:00,45
Wi-Fi Router,2018-06-30 00:00:00,89
Wi-Fi Router,2018-07-31 00:00:00,77
Wi-Fi Router,2018-08-31 00:00:00,82
Wi-Fi Router,2018-09-30 00:00:00,109
Wi-Fi Router,2018-10-31 00:00:00,69
Wi-Fi Router,2018-11-30 00:00:00,20
Wi-Fi Router,2018-12-31 00:00:00,54
Wi-Fi Router,2019-01-31 00:00:00,63
Wi-Fi Router,2019-02-28 00:00:00,126
Wi-Fi Router,2019-03-31 00:00:00,64
Wi-Fi Router,2019-04-30 00:00:00,42
Wi-Fi Router,2019-05-31 00:00:00,45
Wi-Fi Router,2019-06-30 00:00:00,77
Wi-Fi Router,2019-07-31 00:00:00,62
Wi-Fi Router,2019-08-31 00:00:00,86
Wi-Fi Router,2019-09-30 00:00:00,75
Wi-Fi Router,2019-10-31 00:00:00,100
Wi-Fi Router,2019-11-30 00:00:00,95
Wi-Fi Router,2019-12-31 00:00:00,33
Wi-Fi Router,2020-01-31 00:00:00,118
Wi-Fi Router,2020-02-29 00:00:00,46
Wi-Fi Router,2020-03-31 00:00:00,83
Wi-Fi Router,2020-04-30 00:00:00,65
Wi-Fi Router,2020-05-31 00:00:00,16
Wi-Fi Router,2020-06-30 00:00:00,43
Wi-Fi Router,2020-07-31 00:00:00,98
Wi-Fi Router,2020-08-31 00:00:00,36
Wi-Fi Router,2020-09-30 00:00:00,44
Wi-Fi Router,2020-10-31 00:00:00,25
Wi-Fi Router,2020-11-30 00:00:00,24
Wi-Fi Router,2020-12-31 00:00:00,55
Wi-Fi Router,2021-01-31 00:00:00,162
Wi-Fi Router,2021-02-28 00:00:00,63
Wi-Fi Router,2021-03-31 00:00:00,102
Wi-Fi Router,2021-04-30 00:00:00,85
Wi-Fi Router,2021-05-31 00:00:00,125
Wi-Fi Router,2021-06-30 00:00:00,77
Wi-Fi Router,2021-07-31 00:00:00,57
Wi-Fi Router,2021-08-31 00:00:00,71
Wi-Fi Router,2021-09-30 00:00:00,99
Wi-Fi Router,2021-10-31 00:00:00,77
Wi-Fi Router,2021-11-30 00:00:00,109
Wi-Fi Router,2021-12-31 00:00:00,29
Wi-Fi Router,2022-01-31 00:00:00,97
Wi-Fi Router,2022-02-28 00:00:00,64
Wi-Fi Router,2022-03-31 00:00:00,66
Wi-Fi Router,2022-04-30 00:00:00,29
Wi-Fi Router,2022-05-31 00:00:00,90
Wi-Fi Router,2022-06-30 00:00:00,115
Wi-Fi Router,2022-07-31 00:00:00,47
Wi-Fi Router,2022-08-31 00:00:00,68
Wi-Fi Router,2022-09-30 00:00:00,52
Wi-Fi Router,2022-10-31 00:00:00,114
Wi-Fi Router,2022-11-30 00:00:00,15
Wi-Fi Router,2023-01-31 00:00:00,50
Wi-Fi Router,2023-02-28 00:00:00,106
Wi-Fi Router,2023-03-31 00:00:00,75
Wi-Fi Router,2023-04-30 00:00:00,94
Wi-Fi Router,2023-05-31 00:00:00,69
Wi-Fi Router,2023-06-30 00:00:00,91
Wi-Fi Router,2023-07-31 00:00:00,100
Wi-Fi Router,2023-08-31 00:00:00,64
Wi-Fi Router,2023-09-30 00:00:00,26
Wi-Fi Router,2023-10-31 00:00:00,98
Wi-Fi Router,2023-11-30 00:00:00,48
Wi-Fi Router,2023-12-31 00:00:00,45
Wi-Fi Router,2024-01-31 00:00:00,79
Wi-Fi Router,2024-02-29 00:00:00,76
Wi-Fi Router,2024-03-31 00:00:00,63
Wi-Fi Router,2024-04-30 00:00:00,58
Wi-Fi Router,2024-05-31 00:00:00,78
Wi-Fi Router,2024-06-30 00:00:00,91
Wi-Fi Router,2024-07-31 00:00:00,52
Wi-Fi Router,2024-08-31 00:00:00,63
Wi-Fi Router,2024-09-30 00:00:00,52
Wi-Fi Router,2024-10-31 00:00:00,90
Wi-Fi Router,2024-11-30 00:00:00,45
Wi-Fi Router,2024-12-31 00:00:00,16
Wi-Fi Router,2025-01-31 00:00:00,65
Wi-Fi Router,2025-02-28 00:00:00,80
Wi-Fi Router,2025-03-31 00:00:00,64
Wi-Fi Router,2025-04-30 00:00:00,61
Wi-Fi Router,2025-05-31 00:00:00,69
Wi-Fi Router,2025-06-30 00:00:00,91
Wi-Fi Router,2025-07-31 00:00:00,68
Wi-Fi Router,2025-08-31 00:00:00,60
Wi-Fi Router,2025-09-30 00:00:00,35
Wi-Fi Router,2025-10-31 00:00:00,86
Wi-Fi Router,2025-11-30 00:00:00,34
Wi-Fi Router,2025-12-31 00:00:00,19
Wi-Fi Router,2026-01-31 00:00:00,64
Wi-Fi Router,2026-02-28 00:00:00,81
Wi-Fi Router,2026-03-31 00:00:00,65
Wi-Fi Router,2026-04-30 00:00:00,65
Wi-Fi Router,2026-05-31 00:00:00,72
Wi-Fi Router,2026-06-30 00:00:00,87
Wi-Fi Router,2026-07-31 00:00:00,65
Wi-Fi Router,2026-08-31 00:00:00,59
Wi-Fi Router,2026-09-30 00:00:00,40
Wi-Fi Router,2026-10-31 00:00:00,88
Wi-Fi Router,2026-11-30 00:00:00,41
Wi-Fi Router,2026-12-31 00:00:00,24
Wi-Fi Router,2027-01-31 00:00:00,69
Wi-Fi Router,2027-02-28 00:00:00,77
Wi-Fi Router,2027-03-31 00:00:00,62
Wi-Fi Router,2027-04-30 00:00:00,60
Wi-Fi Router,2027-05-31 00:00:00,73
Wi-Fi Router,2027-06-30 00:00:00,90
Wi-Fi Router,2027-07-31 00:00:00,60
Wi-Fi Router,2027-08-31 00:00:00,59
Wi-Fi Router,2027-09-30 00:00:00,40
Wi-Fi Router,2027-10-31 00:00:00,91
Wi-Fi Router,2027-11-30 00:00:00,36
Wi-Fi Router,2027-12-31 00:00:00,19
Wi-Fi Router,2028-01-31 00:00:00,64
Wi-Fi Router,2028-02-29 00:00:00,80
Wi-Fi Router,2028-03-31 00:00:00,62
Wi-Fi Router,2028-04-30 00:00:00,64
Wi-Fi Router,2028-05-31 00:00:00,70
Wi-Fi Router,2028-06-30 00:00:00,88
Wi-Fi Router,2028-07-31 00:00:00,65
Wi-Fi Router,2028-08-31 00:00:00,58
Wi-Fi Router,2028-09-30 00:00:00,36
Winter Jacket,2015-01-31 00:00:00,27
Winter Jacket,2015-02-28 00:00:00,135
Winter Jacket,2015-03-31 00:00:00,128
Winter Jacket,2015-04-30 00:00:00,160
Winter Jacket,2015-05-31 00:00:00,198
Winter Jacket,2015-06-30 00:00:00,49
Winter Jacket,2015-07-31 00:00:00,99
Winter Jacket,2015-08-31 00:00:00,130
Winter Jacket,2015-09-30 00:00:00,63
Winter Jacket,2015-10-31 00:00:00,108
Winter Jacket,2015-11-30 00:00:00,268
Winter Jacket,2015-12-31 00:00:00,59
Winter Jacket,2016-01-31 00:00:00,52
Winter Jacket,2016-02-29 00:00:00,112
Winter Jacket,2016-03-31 00:00:00,139
Winter Jacket,2016-04-30 00:00:00,158
Winter Jacket,2016-05-31 00:00:00,190
Winter Jacket,2016-06-30 00:00:00,111
Winter Jacket,2016-07-31 00:00:00,134
Winter Jacket,2016-08-31 00:00:00,23
Winter Jacket,2016-09-30 00:00:00,105
Winter Jacket,2016-10-31 00:00:00,168
Winter Jacket,2016-11-30 00:00:00,95
Winter Jacket,2016-12-31 00:00:00,82
Winter Jacket,2017-01-31 00:00:00,181
Winter Jacket,2017-02-28 00:00:00,137
Winter Jacket,2017-03-31 00:00:00,71
Winter Jacket,2017-04-30 00:00:00,157
Winter Jacket,2017-05-31 00:00:00,151
Winter Jacket,2017-06-30 00:00:00,149
Winter Jacket,2017-07-31 00:00:00,127
Winter Jacket,2017-08-31 00:00:00,100
Winter Jacket,2017-09-30 00:00:00,121
Winter Jacket,2017-10-31 00:00:00,156
Winter Jacket,2017-11-30 00:00:00,151
Winter Jacket,2017-12-31 00:00:00,83
Winter Jacket,2018-01-31 00:00:00,187
Winter Jacket,2018-02-28 00:00:00,160
Winter Jacket,2018-03-31 00:00:00,30
Winter Jacket,2018-04-30 00:00:00,153
Winter Jacket,2018-05-31 00:00:00,148
Winter Jacket,2018-06-30 00:00:00,110
Winter Jacket,2018-07-31 00:00:00,57
Winter Jacket,2018-08-31 00:00:00,130
Winter Jacket,2018-09-30 00:00:00,107
Winter Jacket,2018-10-31 00:00:00,162
Winter Jacket,2018-11-30 00:00:00,123
Winter Jacket,2018-12-31 00:00:00,162
Winter Jacket,2019-01-31 00:00:00,152
Winter Jacket,2019-02-28 00:00:00,145
Winter Jacket,2019-03-31 00:00:00,183
Winter Jacket,2019-04-30 00:00:00,78
Winter Jacket,2019-05-31 00:00:00,134
Winter Jacket,2019-06-30 00:00:00,144
Winter Jacket,2019-07-31 00:00:00,125
Winter Jacket,2019-08-31 00:00:00,89
Winter Jacket,2019-09-30 00:00:00,122
Winter Jacket,2019-10-31 00:00:00,124
Winter Jacket,2019-11-30 00:00:00,124
Winter Jacket,2019-12-31 00:00:00,176
Winter Jacket,2020-01-31 00:00:00,159
Winter Jacket,2020-02-29 00:00:00,175
Winter Jacket,2020-03-31 00:00:00,115
Winter Jacket,2020-04-30 00:00:00,78
Winter Jacket,2020-05-31 00:00:00,165
Winter Jacket,2020-06-30 00:00:00,206
Winter Jacket,2020-07-31 00:00:00,94
Winter Jacket,2020-08-31 00:00:00,135
Winter Jacket,2020-09-30 00:00:00,123
Winter Jacket,2020-10-31 00:00:00,111
Winter Jacket,2020-11-30 00:00:00,171
Winter Jacket,2020-12-31 00:00:00,140
Winter Jacket,2021-01-31 00:00:00,146
Winter Jacket,2021-02-28 00:00:00,186
Winter Jacket,2021-03-31 00:00:00,105
Winter Jacket,2021-04-30 00:00:00,102
Winter Jacket,2021-05-31 00:00:00,87
Winter Jacket,2021-06-30 00:00:00,104
Winter Jacket,2021-07-31 00:00:00,151
Winter Jacket,2021-08-31 00:00:00,194
Winter Jacket,2021-09-30 00:00:00,135
Winter Jacket,2021-10-31 00:00:00,78
Winter Jacket,2021-11-30 00:00:00,152
Winter Jacket,2021-12-31 00:00:00,99
Winter Jacket,2022-01-31 00:00:00,96
Winter Jacket,2022-02-28 00:00:00,114
Winter Jacket,2022-03-31 00:00:00,165
Winter Jacket,2022-04-30 00:00:00,147
Winter Jacket,2022-05-31 00:00:00,202
Winter Jacket,2022-06-30 00:00:00,129
Winter Jacket,2022-07-31 00:00:00,174
Winter Jacket,2022-08-31 00:00:00,198
Winter Jacket,2022-09-30 00:00:00,73
Winter Jacket,2022-10-31 00:00:00,229
Winter Jacket,2022-11-30 00:00:00,102
Winter Jacket,2022-12-31 00:00:00,78
Winter Jacket,2023-01-31 00:00:00,169
Winter Jacket,2023-02-28 00:00:00,76
Winter Jacket,2023-03-31 00:00:00,136
Winter Jacket,2023-04-30 00:00:00,110
Winter Jacket,2023-05-31 00:00:00,107
Winter Jacket,2023-06-30 00:00:00,192
Winter Jacket,2023-07-31 00:00:00,155
Winter Jacket,2023-08-31 00:00:00,87
Winter Jacket,2023-09-30 00:00:00,167
Winter Jacket,2023-10-31 00:00:00,133
Winter Jacket,2023-11-30 00:00:00,103
Winter Jacket,2023-12-31 00:00:00,191
Winter Jacket,2024-01-31 00:00:00,138
Winter Jacket,2024-02-29 00:00:00,109
Winter Jacket,2024-03-31 00:00:00,168
Winter Jacket,2024-04-30 00:00:00,122
Winter Jacket,2024-05-31 00:00:00,137
Winter Jacket,2024-06-30 00:00:00,174
Winter Jacket,2024-07-31 00:00:00,153
Winter Jacket,2024-08-31 00:00:00,141
Winter Jacket,2024-09-30 00:00:00,143
Winter Jacket,2024-10-31 00:00:00,155
Winter Jacket,2024-11-30 00:00:00,130
Winter Jacket,2024-12-31 00:00:00,152
Winter Jacket,2025-01-31 00:00:00,154
Winter Jacket,2025-02-28 00:00:00,129
Winter Jacket,2025-03-31 00:00:00,163
Winter Jacket,2025-04-30 00:00:00,136
Winter Jacket,2025-05-31 00:00:00,151
Winter Jacket,2025-06-30 00:00:00,177
Winter Jacket,2025-07-31 00:00:00,165
Winter Jacket,2025-08-31 00:00:00,150
Winter Jacket,2025-09-30 00:00:00,150
Winter Jacket,2025-10-31 00:00:00,166
Winter Jacket,2025-11-30 00:00:00,138
Winter Jacket,2025-12-31 00:00:00,158
Winter Jacket,2026-01-31 00:00:00,162
Winter Jacket,2026-02-28 00:00:00,139
Winter Jacket,2026-03-31 00:00:00,172
Winter Jacket,2026-04-30 00:00:00,143
Winter Jacket,2026-05-31 00:00:00,162
Winter Jacket,2026-06-30 00:00:00,189
Winter Jacket,2026-07-31 00:00:00,171
Winter Jacket,2026-08-31 00:00:00,157
Winter Jacket,2026-09-30 00:00:00,159
Winter Jacket,2026-10-31 00:00:00,177
Winter Jacket,2026-11-30 00:00:00,147
Winter Jacket,2026-12-31 00:00:00,167
Winter Jacket,2027-01-31 00:00:00,173
Winter Jacket,2027-02-28 00:00:00,146
Winter Jacket,2027-03-31 00:00:00,178
Winter Jacket,2027-04-30 00:00:00,149
Winter Jacket,2027-05-31 00:00:00,169
Winter Jacket,2027-06-30 00:00:00,196
Winter Jacket,2027-07-31 00:00:00,178
Winter Jacket,2027-08-31 00:00:00,172
Winter Jacket,2027-09-30 00:00:00,173
Winter Jacket,2027-10-31 00:00:00,179
Winter Jacket,2027-11-30 00:00:00,158
Winter Jacket,2027-12-31 00:00:00,178
Winter Jacket,2028-01-31 00:00:00,179
Winter Jacket,2028-02-29 00:00:00,157
Winter Jacket,2028-03-31 00:00:00,187
Winter Jacket,2028-04-30 00:00:00,160
Winter Jacket,2028-05-31 00:00:00,179
Winter Jacket,2028-06-30 00:00:00,200
Winter Jacket,2028-07-31 00:00:00,189
Winter Jacket,2028-08-31 00:00:00,180
Winter Jacket,2028-09-30 00:00:00,173
Wireless Earbuds,2015-01-31 00:00:00,127
Wireless Earbuds,2015-02-28 00:00:00,65
Wireless Earbuds,2015-03-31 00:00:00,74
Wireless Earbuds,2015-04-30 00:00:00,56
Wireless Earbuds,2015-05-31 00:00:00,120
Wireless Earbuds,2015-06-30 00:00:00,48
Wireless Earbuds,2015-07-31 00:00:00,112
Wireless Earbuds,2015-08-31 00:00:00,109
Wireless Earbuds,2015-09-30 00:00:00,163
Wireless Earbuds,2015-10-31 00:00:00,52
Wireless Earbuds,2015-11-30 00:00:00,103
Wireless Earbuds,2015-12-31 00:00:00,64
Wireless Earbuds,2016-01-31 00:00:00,124
Wireless Earbuds,2016-02-29 00:00:00,101
Wireless Earbuds,2016-03-31 00:00:00,98
Wireless Earbuds,2016-04-30 00:00:00,83
Wireless Earbuds,2016-05-31 00:00:00,60
Wireless Earbuds,2016-06-30 00:00:00,42
Wireless Earbuds,2016-07-31 00:00:00,131
Wireless Earbuds,2016-08-31 00:00:00,109
Wireless Earbuds,2016-09-30 00:00:00,103
Wireless Earbuds,2016-10-31 00:00:00,68
Wireless Earbuds,2016-11-30 00:00:00,190
Wireless Earbuds,2016-12-31 00:00:00,20
Wireless Earbuds,2017-01-31 00:00:00,108
Wireless Earbuds,2017-02-28 00:00:00,91
Wireless Earbuds,2017-03-31 00:00:00,97
Wireless Earbuds,2017-04-30 00:00:00,41
Wireless Earbuds,2017-05-31 00:00:00,125
Wireless Earbuds,2017-06-30 00:00:00,81
Wireless Earbuds,2017-07-31 00:00:00,60
Wireless Earbuds,2017-08-31 00:00:00,95
Wireless Earbuds,2017-09-30 00:00:00,73
Wireless Earbuds,2017-10-31 00:00:00,92
Wireless Earbuds,2017-11-30 00:00:00,55
Wireless Earbuds,2017-12-31 00:00:00,149
Wireless Earbuds,2018-01-31 00:00:00,113
Wireless Earbuds,2018-02-28 00:00:00,135
Wireless Earbuds,2018-03-31 00:00:00,113
Wireless Earbuds,2018-04-30 00:00:00,99
Wireless Earbuds,2018-05-31 00:00:00,92
Wireless Earbuds,2018-06-30 00:00:00,103
Wireless Earbuds,2018-07-31 00:00:00,65
Wireless Earbuds,2018-08-31 00:00:00,144
Wireless Earbuds,2018-09-30 00:00:00,43
Wireless Earbuds,2018-10-31 00:00:00,104
Wireless Earbuds,2018-11-30 00:00:00,172
Wireless Earbuds,2018-12-31 00:00:00,100
Wireless Earbuds,2019-01-31 00:00:00,48
Wireless Earbuds,2019-02-28 00:00:00,141
Wireless Earbuds,2019-03-31 00:00:00,113
Wireless Earbuds,2019-04-30 00:00:00,145
Wireless Earbuds,2019-05-31 00:00:00,95
Wireless Earbuds,2019-06-30 00:00:00,55
Wireless Earbuds,2019-07-31 00:00:00,89
Wireless Earbuds,2019-08-31 00:00:00,54
Wireless Earbuds,2019-09-30 00:00:00,35
Wireless Earbuds,2019-10-31 00:00:00,107
Wireless Earbuds,2019-11-30 00:00:00,89
Wireless Earbuds,2019-12-31 00:00:00,67
Wireless Earbuds,2020-01-31 00:00:00,97
Wireless Earbuds,2020-02-29 00:00:00,88
Wireless Earbuds,2020-03-31 00:00:00,71
Wireless Earbuds,2020-04-30 00:00:00,86
Wireless Earbuds,2020-05-31 00:00:00,100
Wireless Earbuds,2020-06-30 00:00:00,80
Wireless Earbuds,2020-07-31 00:00:00,90
Wireless Earbuds,2020-08-31 00:00:00,46
Wireless Earbuds,2020-09-30 00:00:00,108
Wireless Earbuds,2020-10-31 00:00:00,158
Wireless Earbuds,2020-11-30 00:00:00,118
Wireless Earbuds,2020-12-31 00:00:00,141
Wireless Earbuds,2021-01-31 00:00:00,112
Wireless Earbuds,2021-02-28 00:00:00,103
Wireless Earbuds,2021-03-31 00:00:00,98
Wireless Earbuds,2021-04-30 00:00:00,169
Wireless Earbuds,2021-05-31 00:00:00,153
Wireless Earbuds,2021-06-30 00:00:00,76
Wireless Earbuds,2021-07-31 00:00:00,67
Wireless Earbuds,2021-08-31 00:00:00,111
Wireless Earbuds,2021-09-30 00:00:00,37
Wireless Earbuds,2021-10-31 00:00:00,88
Wireless Earbuds,2021-11-30 00:00:00,137
Wireless Earbuds,2021-12-31 00:00:00,133
Wireless Earbuds,2022-01-31 00:00:00,108
Wireless Earbuds,2022-02-28 00:00:00,87
Wireless Earbuds,2022-03-31 00:00:00,136
Wireless Earbuds,2022-04-30 00:00:00,43
Wireless Earbuds,2022-05-31 00:00:00,64
Wireless Earbuds,2022-06-30 00:00:00,137
Wireless Earbuds,2022-07-31 00:00:00,114
Wireless Earbuds,2022-08-31 00:00:00,88
Wireless Earbuds,2022-09-30 00:00:00,77
Wireless Earbuds,2022-10-31 00:00:00,59
Wireless Earbuds,2022-11-30 00:00:00,56
Wireless Earbuds,2022-12-31 00:00:00,85
Wireless Earbuds,2023-01-31 00:00:00,63
Wireless Earbuds,2023-02-28 00:00:00,82
Wireless Earbuds,2023-03-31 00:00:00,113
Wireless Earbuds,2023-04-30 00:00:00,99
Wireless Earbuds,2023-05-31 00:00:00,38
Wireless Earbuds,2023-06-30 00:00:00,167
Wireless Earbuds,2023-07-31 00:00:00,74
Wireless Earbuds,2023-08-31 00:00:00,116
Wireless Earbuds,2023-09-30 00:00:00,105
Wireless Earbuds,2023-10-31 00:00:00,127
Wireless Earbuds,2023-11-30 00:00:00,119
Wireless Earbuds,2023-12-31 00:00:00,157
Wireless Earbuds,2024-01-31 00:00:00,116
Wireless Earbuds,2024-02-29 00:00:00,122
Wireless Earbuds,2024-03-31 00:00:00,132
Wireless Earbuds,2024-04-30 00:00:00,127
Wireless Earbuds,2024-05-31 00:00:00,110
Wireless Earbuds,2024-06-30 00:00:00,140
Wireless Earbuds,2024-07-31 00:00:00,115
Wireless Earbuds,2024-08-31 00:00:00,128
Wireless Earbuds,2024-09-30 00:00:00,111
Wireless Earbuds,2024-10-31 00:00:00,129
Wireless Earbuds,2024-11-30 00:00:00,136
Wireless Earbuds,2024-12-31 00:00:00,145
Wireless Earbuds,2025-01-31 00:00:00,129
Wireless Earbuds,2025-02-28 00:00:00,134
Wireless Earbuds,2025-03-31 00:00:00,145
Wireless Earbuds,2025-04-30 00:00:00,134
Wireless Earbuds,2025-05-31 00:00:00,121
Wireless Earbuds,2025-06-30 00:00:00,149
Wireless Earbuds,2025-07-31 00:00:00,125
Wireless Earbuds,2025-08-31 00:00:00,135
Wireless Earbuds,2025-09-30 00:00:00,119
Wireless Earbuds,2025-10-31 00:00:00,138
Wireless Earbuds,2025-11-30 00:00:00,145
Wireless Earbuds,2025-12-31 00:00:00,152
Wireless Earbuds,2026-01-31 00:00:00,138
Wireless Earbuds,2026-02-28 00:00:00,142
Wireless Earbuds,2026-03-31 00:00:00,152
Wireless Earbuds,2026-04-30 00:00:00,143
Wireless Earbuds,2026-05-31 00:00:00,130
Wireless Earbuds,2026-06-30 00:00:00,160
Wireless Earbuds,2026-07-31 00:00:00,136
Wireless Earbuds,2026-08-31 00:00:00,144
Wireless Earbuds,2026-09-30 00:00:00,131
Wireless Earbuds,2026-10-31 00:00:00,148
Wireless Earbuds,2026-11-30 00:00:00,154
Wireless Earbuds,2026-12-31 00:00:00,162
Wireless Earbuds,2027-01-31 00:00:00,148
Wireless Earbuds,2027-02-28 00:00:00,153
Wireless Earbuds,2027-03-31 00:00:00,162
Wireless Earbuds,2027-04-30 00:00:00,155
Wireless Earbuds,2027-05-31 00:00:00,141
Wireless Earbuds,2027-06-30 00:00:00,167
Wireless Earbuds,2027-07-31 00:00:00,144
Wireless Earbuds,2027-08-31 00:00:00,157
Wireless Earbuds,2027-09-30 00:00:00,143
Wireless Earbuds,2027-10-31 00:00:00,161
Wireless Earbuds,2027-11-30 00:00:00,167
Wireless Earbuds,2027-12-31 00:00:00,175
Wireless Earbuds,2028-01-31 00:00:00,160
Wireless Earbuds,2028-02-29 00:00:00,164
Wireless Earbuds,2028-03-31 00:00:00,175
Wireless Earbuds,2028-04-30 00:00:00,165
Wireless Earbuds,2028-05-31 00:00:00,150
Wireless Earbuds,2028-06-30 00:00:00,176
Wireless Earbuds,2028-07-31 00:00:00,155
Wireless Earbuds,2028-08-31 00:00:00,164
Wireless Earbuds,2028-09-30 00:00:00,148
Wireless Keyboard,2015-01-31 00:00:00,154
Wireless Keyboard,2015-02-28 00:00:00,94
Wireless Keyboard,2015-03-31 00:00:00,117
Wireless Keyboard,2015-04-30 00:00:00,88
Wireless Keyboard,2015-05-31 00:00:00,230
Wireless Keyboard,2015-06-30 00:00:00,197
Wireless Keyboard,2015-07-31 00:00:00,269
Wireless Keyboard,2015-08-31 00:00:00,124
Wireless Keyboard,2015-09-30 00:00:00,171
Wireless Keyboard,2015-10-31 00:00:00,145
Wireless Keyboard,2015-11-30 00:00:00,73
Wireless Keyboard,2015-12-31 00:00:00,185
Wireless Keyboard,2016-01-31 00:00:00,82
Wireless Keyboard,2016-02-29 00:00:00,160
Wireless Keyboard,2016-03-31 00:00:00,83
Wireless Keyboard,2016-04-30 00:00:00,102
Wireless Keyboard,2016-05-31 00:00:00,176
Wireless Keyboard,2016-06-30 00:00:00,127
Wireless Keyboard,2016-07-31 00:00:00,186
Wireless Keyboard,2016-08-31 00:00:00,141
Wireless Keyboard,2016-09-30 00:00:00,92
Wireless Keyboard,2016-10-31 00:00:00,132
Wireless Keyboard,2016-11-30 00:00:00,90
Wireless Keyboard,2016-12-31 00:00:00,131
Wireless Keyboard,2017-01-31 00:00:00,146
Wireless Keyboard,2017-02-28 00:00:00,134
Wireless Keyboard,2017-03-31 00:00:00,168
Wireless Keyboard,2017-04-30 00:00:00,177
Wireless Keyboard,2017-05-31 00:00:00,169
Wireless Keyboard,2017-06-30 00:00:00,123
Wireless Keyboard,2017-07-31 00:00:00,185
Wireless Keyboard,2017-08-31 00:00:00,107
Wireless Keyboard,2017-09-30 00:00:00,181
Wireless Keyboard,2017-10-31 00:00:00,52
Wireless Keyboard,2017-11-30 00:00:00,169
Wireless Keyboard,2017-12-31 00:00:00,264
Wireless Keyboard,2018-01-31 00:00:00,103
Wireless Keyboard,2018-02-28 00:00:00,197
Wireless Keyboard,2018-03-31 00:00:00,127
Wireless Keyboard,2018-04-30 00:00:00,130
Wireless Keyboard,2018-05-31 00:00:00,112
Wireless Keyboard,2018-06-30 00:00:00,198
Wireless Keyboard,2018-07-31 00:00:00,104
Wireless Keyboard,2018-08-31 00:00:00,125
Wireless Keyboard,2018-09-30 00:00:00,140
Wireless Keyboard,2018-10-31 00:00:00,148
Wireless Keyboard,2018-11-30 00:00:00,143
Wireless Keyboard,2018-12-31 00:00:00,123
Wireless Keyboard,2019-01-31 00:00:00,162
Wireless Keyboard,2019-02-28 00:00:00,239
Wireless Keyboard,2019-03-31 00:00:00,106
Wireless Keyboard,2019-04-30 00:00:00,176
Wireless Keyboard,2019-05-31 00:00:00,170
Wireless Keyboard,2019-06-30 00:00:00,162
Wireless Keyboard,2019-07-31 00:00:00,142
Wireless Keyboard,2019-08-31 00:00:00,207
Wireless Keyboard,2019-09-30 00:00:00,104
Wireless Keyboard,2019-10-31 00:00:00,195
Wireless Keyboard,2019-11-30 00:00:00,118
Wireless Keyboard,2019-12-31 00:00:00,104
Wireless Keyboard,2020-01-31 00:00:00,152
Wireless Keyboard,2020-02-29 00:00:00,153
Wireless Keyboard,2020-03-31 00:00:00,148
Wireless Keyboard,2020-04-30 00:00:00,120
Wireless Keyboard,2020-05-31 00:00:00,89
Wireless Keyboard,2020-06-30 00:00:00,102
Wireless Keyboard,2020-07-31 00:00:00,81
Wireless Keyboard,2020-08-31 00:00:00,148
Wireless Keyboard,2020-09-30 00:00:00,154
Wireless Keyboard,2020-10-31 00:00:00,64
Wireless Keyboard,2020-11-30 00:00:00,253
Wireless Keyboard,2020-12-31 00:00:00,125
Wireless Keyboard,2021-01-31 00:00:00,142
Wireless Keyboard,2021-02-28 00:00:00,161
Wireless Keyboard,2021-03-31 00:00:00,146
Wireless Keyboard,2021-04-30 00:00:00,156
Wireless Keyboard,2021-05-31 00:00:00,113
Wireless Keyboard,2021-06-30 00:00:00,145
Wireless Keyboard,2021-07-31 00:00:00,132
Wireless Keyboard,2021-08-31 00:00:00,178
Wireless Keyboard,2021-09-30 00:00:00,90
Wireless Keyboard,2021-10-31 00:00:00,125
Wireless Keyboard,2021-11-30 00:00:00,140
Wireless Keyboard,2021-12-31 00:00:00,53
Wireless Keyboard,2022-01-31 00:00:00,142
Wireless Keyboard,2022-02-28 00:00:00,120
Wireless Keyboard,2022-03-31 00:00:00,222
Wireless Keyboard,2022-04-30 00:00:00,169
Wireless Keyboard,2022-05-31 00:00:00,187
Wireless Keyboard,2022-06-30 00:00:00,96
Wireless Keyboard,2022-07-31 00:00:00,129
Wireless Keyboard,2022-08-31 00:00:00,261
Wireless Keyboard,2022-09-30 00:00:00,160
Wireless Keyboard,2022-10-31 00:00:00,113
Wireless Keyboard,2022-11-30 00:00:00,178
Wireless Keyboard,2022-12-31 00:00:00,194
Wireless Keyboard,2023-01-31 00:00:00,160
Wireless Keyboard,2023-02-28 00:00:00,112
Wireless Keyboard,2023-03-31 00:00:00,73
Wireless Keyboard,2023-04-30 00:00:00,44
Wireless Keyboard,2023-05-31 00:00:00,144
Wireless Keyboard,2023-06-30 00:00:00,136
Wireless Keyboard,2023-07-31 00:00:00,182
Wireless Keyboard,2023-08-31 00:00:00,90
Wireless Keyboard,2023-09-30 00:00:00,61
Wireless Keyboard,2023-10-31 00:00:00,164
Wireless Keyboard,2023-11-30 00:00:00,130
Wireless Keyboard,2023-12-31 00:00:00,180
Wireless Keyboard,2024-01-31 00:00:00,126
Wireless Keyboard,2024-02-29 00:00:00,151
Wireless Keyboard,2024-03-31 00:00:00,130
Wireless Keyboard,2024-04-30 00:00:00,130
Wireless Keyboard,2024-05-31 00:00:00,148
Wireless Keyboard,2024-06-30 00:00:00,138
Wireless Keyboard,2024-07-31 00:00:00,149
Wireless Keyboard,2024-08-31 00:00:00,154
Wireless Keyboard,2024-09-30 00:00:00,122
Wireless Keyboard,2024-10-31 00:00:00,125
Wireless Keyboard,2024-11-30 00:00:00,148
Wireless Keyboard,2024-12-31 00:00:00,147
Wireless Keyboard,2025-01-31 00:00:00,142
Wireless Keyboard,2025-02-28 00:00:00,152
Wireless Keyboard,2025-03-31 00:00:00,138
Wireless Keyboard,2025-04-30 00:00:00,134
Wireless Keyboard,2025-05-31 00:00:00,152
Wireless Keyboard,2025-06-30 00:00:00,142
Wireless Keyboard,2025-07-31 00:00:00,152
Wireless Keyboard,2025-08-31 00:00:00,156
Wireless Keyboard,2025-09-30 00:00:00,125
Wireless Keyboard,2025-10-31 00:00:00,128
Wireless Keyboard,2025-11-30 00:00:00,146
Wireless Keyboard,2025-12-31 00:00:00,151
Wireless Keyboard,2026-01-31 00:00:00,145
Wireless Keyboard,2026-02-28 00:00:00,155
Wireless Keyboard,2026-03-31 00:00:00,139
Wireless Keyboard,2026-04-30 00:00:00,132
Wireless Keyboard,2026-05-31 00:00:00,155
Wireless Keyboard,2026-06-30 00:00:00,145
Wireless Keyboard,2026-07-31 00:00:00,156
Wireless Keyboard,2026-08-31 00:00:00,161
Wireless Keyboard,2026-09-30 00:00:00,131
Wireless Keyboard,2026-10-31 00:00:00,138
Wireless Keyboard,2026-11-30 00:00:00,154
Wireless Keyboard,2026-12-31 00:00:00,148
Wireless Keyboard,2027-01-31 00:00:00,147
Wireless Keyboard,2027-02-28 00:00:00,156
Wireless Keyboard,2027-03-31 00:00:00,143
Wireless Keyboard,2027-04-30 00:00:00,135
Wireless Keyboard,2027-05-31 00:00:00,156
Wireless Keyboard,2027-06-30 00:00:00,146
Wireless Keyboard,2027-07-31 00:00:00,158
Wireless Keyboard,2027-08-31 00:00:00,162
Wireless Keyboard,2027-09-30 00:00:00,132
Wireless Keyboard,2027-10-31 00:00:00,137
Wireless Keyboard,2027-11-30 00:00:00,156
Wireless Keyboard,2027-12-31 00:00:00,156
Wireless Keyboard,2028-01-31 00:00:00,153
Wireless Keyboard,2028-02-29 00:00:00,162
Wireless Keyboard,2028-03-31 00:00:00,144
Wireless Keyboard,2028-04-30 00:00:00,136
Wireless Keyboard,2028-05-31 00:00:00,162
Wireless Keyboard,2028-06-30 00:00:00,150
Wireless Keyboard,2028-07-31 00:00:00,161
Wireless Keyboard,2028-08-31 00:00:00,165
Wireless Keyboard,2028-09-30 00:00:00,133
