ProductName,Date,Sales
1984 by George Orwell,2015-05-31 00:00:00,2
1984 by George Orwell,2017-12-31 00:00:00,13
1984 by George Orwell,2019-07-31 00:00:00,12
1984 by George Orwell,2019-08-31 00:00:00,4
1984 by George Orwell,2019-09-30 00:00:00,6
1984 by George Orwell,2019-10-31 00:00:00,7
1984 by George Orwell,2019-11-30 00:00:00,6
1984 by George Orwell,2019-12-31 00:00:00,10
1984 by George Orwell,2020-01-31 00:00:00,6
1984 by George Orwell,2020-02-29 00:00:00,6
1984 by George Orwell,2020-03-31 00:00:00,6
1984 by George Orwell,2020-04-30 00:00:00,6
1984 by George Orwell,2020-05-31 00:00:00,6
1984 by George Orwell,2020-06-30 00:00:00,6
1984 by George Orwell,2020-07-31 00:00:00,9
1984 by George Orwell,2020-08-31 00:00:00,7
1984 by George Orwell,2020-09-30 00:00:00,7
1984 by George Orwell,2020-10-31 00:00:00,8
1984 by George Orwell,2020-11-30 00:00:00,7
1984 by George Orwell,2020-12-31 00:00:00,14
1984 by George Orwell,2021-01-31 00:00:00,8
1984 by George Orwell,2021-02-28 00:00:00,8
1984 by George Orwell,2021-03-31 00:00:00,8
1984 by George Orwell,2021-04-30 00:00:00,8
1984 by George Orwell,2021-05-31 00:00:00,8
1984 by George Orwell,2021-06-30 00:00:00,8
1984 by George Orwell,2021-07-31 00:00:00,11
1984 by George Orwell,2021-08-31 00:00:00,9
1984 by George Orwell,2021-09-30 00:00:00,9
1984 by George Orwell,2021-10-31 00:00:00,10
1984 by George Orwell,2021-11-30 00:00:00,10
1984 by George Orwell,2021-12-31 00:00:00,12
1984 by George Orwell,2022-01-31 00:00:00,10
1984 by George Orwell,2022-02-28 00:00:00,9
1984 by George Orwell,2022-03-31 00:00:00,10
1984 by George Orwell,2022-04-30 00:00:00,10
1984 by George Orwell,2022-05-31 00:00:00,10
1984 by George Orwell,2022-06-30 00:00:00,10
1984 by George Orwell,2022-07-31 00:00:00,17
1984 by George Orwell,2022-08-31 00:00:00,12
1984 by George Orwell,2022-09-30 00:00:00,13
1984 by George Orwell,2022-10-31 00:00:00,14
1984 by George Orwell,2022-11-30 00:00:00,13
1984 by George Orwell,2022-12-31 00:00:00,18
1984 by George Orwell,2023-01-31 00:00:00,14
1984 by George Orwell,2023-02-28 00:00:00,13
1984 by George Orwell,2023-03-31 00:00:00,13
1984 by George Orwell,2023-04-30 00:00:00,14
1984 by George Orwell,2023-05-31 00:00:00,14
1984 by George Orwell,2023-06-30 00:00:00,14
1984 by George Orwell,2023-07-31 00:00:00,17
Acer Swift Edge 16 Laptop,2015-01-31 00:00:00,111
Acer Swift Edge 16 Laptop,2015-02-28 00:00:00,95
Acer Swift Edge 16 Laptop,2015-03-31 00:00:00,141
Acer Swift Edge 16 Laptop,2015-04-30 00:00:00,200
Acer Swift Edge 16 Laptop,2015-05-31 00:00:00,131
Acer Swift Edge 16 Laptop,2015-06-30 00:00:00,155
Acer Swift Edge 16 Laptop,2015-07-31 00:00:00,48
Acer Swift Edge 16 Laptop,2015-08-31 00:00:00,170
Acer Swift Edge 16 Laptop,2015-09-30 00:00:00,37
Acer Swift Edge 16 Laptop,2015-10-31 00:00:00,137
Acer Swift Edge 16 Laptop,2015-11-30 00:00:00,134
Acer Swift Edge 16 Laptop,2015-12-31 00:00:00,201
Acer Swift Edge 16 Laptop,2016-01-31 00:00:00,148
Acer Swift Edge 16 Laptop,2016-02-29 00:00:00,164
Acer Swift Edge 16 Laptop,2016-03-31 00:00:00,183
Acer Swift Edge 16 Laptop,2016-04-30 00:00:00,48
Acer Swift Edge 16 Laptop,2016-05-31 00:00:00,237
Acer Swift Edge 16 Laptop,2016-06-30 00:00:00,149
Acer Swift Edge 16 Laptop,2016-07-31 00:00:00,158
Acer Swift Edge 16 Laptop,2016-08-31 00:00:00,58
Acer Swift Edge 16 Laptop,2016-09-30 00:00:00,99
Acer Swift Edge 16 Laptop,2016-10-31 00:00:00,193
Acer Swift Edge 16 Laptop,2016-11-30 00:00:00,132
Acer Swift Edge 16 Laptop,2016-12-31 00:00:00,61
Acer Swift Edge 16 Laptop,2017-01-31 00:00:00,105
Acer Swift Edge 16 Laptop,2017-02-28 00:00:00,161
Acer Swift Edge 16 Laptop,2017-03-31 00:00:00,173
Acer Swift Edge 16 Laptop,2017-04-30 00:00:00,116
Acer Swift Edge 16 Laptop,2017-05-31 00:00:00,80
Acer Swift Edge 16 Laptop,2017-06-30 00:00:00,80
Acer Swift Edge 16 Laptop,2017-07-31 00:00:00,193
Acer Swift Edge 16 Laptop,2017-08-31 00:00:00,91
Acer Swift Edge 16 Laptop,2017-09-30 00:00:00,127
Acer Swift Edge 16 Laptop,2017-10-31 00:00:00,173
Acer Swift Edge 16 Laptop,2017-11-30 00:00:00,105
Acer Swift Edge 16 Laptop,2017-12-31 00:00:00,152
Acer Swift Edge 16 Laptop,2018-01-31 00:00:00,94
Acer Swift Edge 16 Laptop,2018-02-28 00:00:00,110
Acer Swift Edge 16 Laptop,2018-03-31 00:00:00,141
Acer Swift Edge 16 Laptop,2018-04-30 00:00:00,86
Acer Swift Edge 16 Laptop,2018-05-31 00:00:00,188
Acer Swift Edge 16 Laptop,2018-06-30 00:00:00,121
Acer Swift Edge 16 Laptop,2018-07-31 00:00:00,129
Acer Swift Edge 16 Laptop,2018-08-31 00:00:00,104
Acer Swift Edge 16 Laptop,2018-09-30 00:00:00,160
Acer Swift Edge 16 Laptop,2018-10-31 00:00:00,135
Acer Swift Edge 16 Laptop,2018-11-30 00:00:00,129
Acer Swift Edge 16 Laptop,2018-12-31 00:00:00,132
Acer Swift Edge 16 Laptop,2019-01-31 00:00:00,120
Acer Swift Edge 16 Laptop,2019-02-28 00:00:00,108
Acer Swift Edge 16 Laptop,2019-03-31 00:00:00,72
Acer Swift Edge 16 Laptop,2019-04-30 00:00:00,152
Acer Swift Edge 16 Laptop,2019-05-31 00:00:00,123
Acer Swift Edge 16 Laptop,2019-06-30 00:00:00,124
Acer Swift Edge 16 Laptop,2019-07-31 00:00:00,96
Acer Swift Edge 16 Laptop,2019-08-31 00:00:00,150
Acer Swift Edge 16 Laptop,2019-09-30 00:00:00,92
Acer Swift Edge 16 Laptop,2019-10-31 00:00:00,109
Acer Swift Edge 16 Laptop,2019-11-30 00:00:00,142
Acer Swift Edge 16 Laptop,2019-12-31 00:00:00,183
Acer Swift Edge 16 Laptop,2020-01-31 00:00:00,83
Acer Swift Edge 16 Laptop,2020-02-29 00:00:00,175
Acer Swift Edge 16 Laptop,2020-03-31 00:00:00,146
Acer Swift Edge 16 Laptop,2020-04-30 00:00:00,192
Acer Swift Edge 16 Laptop,2020-05-31 00:00:00,197
Acer Swift Edge 16 Laptop,2020-06-30 00:00:00,119
Acer Swift Edge 16 Laptop,2020-07-31 00:00:00,197
Acer Swift Edge 16 Laptop,2020-08-31 00:00:00,102
Acer Swift Edge 16 Laptop,2020-09-30 00:00:00,154
Acer Swift Edge 16 Laptop,2020-10-31 00:00:00,54
Acer Swift Edge 16 Laptop,2020-11-30 00:00:00,49
Acer Swift Edge 16 Laptop,2020-12-31 00:00:00,120
Acer Swift Edge 16 Laptop,2021-01-31 00:00:00,102
Acer Swift Edge 16 Laptop,2021-02-28 00:00:00,108
Acer Swift Edge 16 Laptop,2021-03-31 00:00:00,139
Acer Swift Edge 16 Laptop,2021-04-30 00:00:00,92
Acer Swift Edge 16 Laptop,2021-05-31 00:00:00,208
Acer Swift Edge 16 Laptop,2021-06-30 00:00:00,185
Acer Swift Edge 16 Laptop,2021-07-31 00:00:00,270
Acer Swift Edge 16 Laptop,2021-08-31 00:00:00,93
Acer Swift Edge 16 Laptop,2021-09-30 00:00:00,201
Acer Swift Edge 16 Laptop,2021-10-31 00:00:00,107
Acer Swift Edge 16 Laptop,2021-11-30 00:00:00,175
Acer Swift Edge 16 Laptop,2021-12-31 00:00:00,176
Acer Swift Edge 16 Laptop,2022-01-31 00:00:00,149
Acer Swift Edge 16 Laptop,2022-02-28 00:00:00,70
Acer Swift Edge 16 Laptop,2022-03-31 00:00:00,271
Acer Swift Edge 16 Laptop,2022-04-30 00:00:00,232
Acer Swift Edge 16 Laptop,2022-05-31 00:00:00,108
Acer Swift Edge 16 Laptop,2022-06-30 00:00:00,174
Acer Swift Edge 16 Laptop,2022-07-31 00:00:00,124
Acer Swift Edge 16 Laptop,2022-08-31 00:00:00,143
Acer Swift Edge 16 Laptop,2022-09-30 00:00:00,156
Acer Swift Edge 16 Laptop,2022-10-31 00:00:00,107
Acer Swift Edge 16 Laptop,2022-11-30 00:00:00,108
Acer Swift Edge 16 Laptop,2022-12-31 00:00:00,152
Acer Swift Edge 16 Laptop,2023-01-31 00:00:00,180
Acer Swift Edge 16 Laptop,2023-02-28 00:00:00,145
Acer Swift Edge 16 Laptop,2023-03-31 00:00:00,137
Acer Swift Edge 16 Laptop,2023-04-30 00:00:00,181
Acer Swift Edge 16 Laptop,2023-05-31 00:00:00,196
Acer Swift Edge 16 Laptop,2023-06-30 00:00:00,106
Acer Swift Edge 16 Laptop,2023-07-31 00:00:00,178
Acer Swift Edge 16 Laptop,2023-08-31 00:00:00,107
Acer Swift Edge 16 Laptop,2023-09-30 00:00:00,81
Acer Swift Edge 16 Laptop,2023-10-31 00:00:00,114
Acer Swift Edge 16 Laptop,2023-11-30 00:00:00,159
Acer Swift Edge 16 Laptop,2023-12-31 00:00:00,152
Acer Swift Edge 16 Laptop,2024-01-31 00:00:00,126
Acer Swift Edge 16 Laptop,2024-02-29 00:00:00,133
Acer Swift Edge 16 Laptop,2024-03-31 00:00:00,170
Acer Swift Edge 16 Laptop,2024-04-30 00:00:00,155
Acer Swift Edge 16 Laptop,2024-05-31 00:00:00,167
Acer Swift Edge 16 Laptop,2024-06-30 00:00:00,149
Acer Swift Edge 16 Laptop,2024-07-31 00:00:00,166
Acer Swift Edge 16 Laptop,2024-08-31 00:00:00,124
Acer Swift Edge 16 Laptop,2024-09-30 00:00:00,144
Acer Swift Edge 16 Laptop,2024-10-31 00:00:00,130
Acer Swift Edge 16 Laptop,2024-11-30 00:00:00,130
Acer Swift Edge 16 Laptop,2024-12-31 00:00:00,155
Acer Swift Edge 16 Laptop,2025-01-31 00:00:00,136
Acer Swift Edge 16 Laptop,2025-02-28 00:00:00,135
Acer Swift Edge 16 Laptop,2025-03-31 00:00:00,168
Acer Swift Edge 16 Laptop,2025-04-30 00:00:00,161
Acer Swift Edge 16 Laptop,2025-05-31 00:00:00,173
Acer Swift Edge 16 Laptop,2025-06-30 00:00:00,145
Acer Swift Edge 16 Laptop,2025-07-31 00:00:00,171
Acer Swift Edge 16 Laptop,2025-08-31 00:00:00,124
Acer Swift Edge 16 Laptop,2025-09-30 00:00:00,139
Acer Swift Edge 16 Laptop,2025-10-31 00:00:00,131
Acer Swift Edge 16 Laptop,2025-11-30 00:00:00,139
Acer Swift Edge 16 Laptop,2025-12-31 00:00:00,158
Acer Swift Edge 16 Laptop,2026-01-31 00:00:00,139
Acer Swift Edge 16 Laptop,2026-02-28 00:00:00,139
Acer Swift Edge 16 Laptop,2026-03-31 00:00:00,171
Acer Swift Edge 16 Laptop,2026-04-30 00:00:00,162
Acer Swift Edge 16 Laptop,2026-05-31 00:00:00,178
Acer Swift Edge 16 Laptop,2026-06-30 00:00:00,147
Acer Swift Edge 16 Laptop,2026-07-31 00:00:00,175
Acer Swift Edge 16 Laptop,2026-08-31 00:00:00,126
Acer Swift Edge 16 Laptop,2026-09-30 00:00:00,142
Acer Swift Edge 16 Laptop,2026-10-31 00:00:00,134
Acer Swift Edge 16 Laptop,2026-11-30 00:00:00,142
Acer Swift Edge 16 Laptop,2026-12-31 00:00:00,160
Acer Swift Edge 16 Laptop,2027-01-31 00:00:00,140
Acer Swift Edge 16 Laptop,2027-02-28 00:00:00,142
Acer Swift Edge 16 Laptop,2027-03-31 00:00:00,173
Acer Swift Edge 16 Laptop,2027-04-30 00:00:00,168
Acer Swift Edge 16 Laptop,2027-05-31 00:00:00,179
Acer Swift Edge 16 Laptop,2027-06-30 00:00:00,153
Acer Swift Edge 16 Laptop,2027-07-31 00:00:00,176
Acer Swift Edge 16 Laptop,2027-08-31 00:00:00,131
Acer Swift Edge 16 Laptop,2027-09-30 00:00:00,145
Acer Swift Edge 16 Laptop,2027-10-31 00:00:00,137
Acer Swift Edge 16 Laptop,2027-11-30 00:00:00,143
Acer Swift Edge 16 Laptop,2027-12-31 00:00:00,164
Acer Swift Edge 16 Laptop,2028-01-31 00:00:00,145
Acer Swift Edge 16 Laptop,2028-02-29 00:00:00,144
Acer Swift Edge 16 Laptop,2028-03-31 00:00:00,178
Acer Swift Edge 16 Laptop,2028-04-30 00:00:00,169
Acer Swift Edge 16 Laptop,2028-05-31 00:00:00,182
Acer Swift Edge 16 Laptop,2028-06-30 00:00:00,156
Acer Swift Edge 16 Laptop,2028-07-31 00:00:00,180
Acer Swift Edge 16 Laptop,2028-08-31 00:00:00,134
Acer Swift Edge 16 Laptop,2028-09-30 00:00:00,148
Arlo Pro 5S 2K Security Camera,2015-01-31 00:00:00,302
Arlo Pro 5S 2K Security Camera,2015-02-28 00:00:00,115
Arlo Pro 5S 2K Security Camera,2015-03-31 00:00:00,262
Arlo Pro 5S 2K Security Camera,2015-04-30 00:00:00,231
Arlo Pro 5S 2K Security Camera,2015-05-31 00:00:00,138
Arlo Pro 5S 2K Security Camera,2015-06-30 00:00:00,163
Arlo Pro 5S 2K Security Camera,2015-07-31 00:00:00,281
Arlo Pro 5S 2K Security Camera,2015-08-31 00:00:00,138
Arlo Pro 5S 2K Security Camera,2015-09-30 00:00:00,125
Arlo Pro 5S 2K Security Camera,2015-10-31 00:00:00,269
Arlo Pro 5S 2K Security Camera,2015-11-30 00:00:00,188
Arlo Pro 5S 2K Security Camera,2015-12-31 00:00:00,166
Arlo Pro 5S 2K Security Camera,2016-01-31 00:00:00,217
Arlo Pro 5S 2K Security Camera,2016-02-29 00:00:00,140
Arlo Pro 5S 2K Security Camera,2016-03-31 00:00:00,173
Arlo Pro 5S 2K Security Camera,2016-04-30 00:00:00,174
Arlo Pro 5S 2K Security Camera,2016-05-31 00:00:00,231
Arlo Pro 5S 2K Security Camera,2016-06-30 00:00:00,200
Arlo Pro 5S 2K Security Camera,2016-07-31 00:00:00,156
Arlo Pro 5S 2K Security Camera,2016-08-31 00:00:00,43
Arlo Pro 5S 2K Security Camera,2016-09-30 00:00:00,237
Arlo Pro 5S 2K Security Camera,2016-10-31 00:00:00,210
Arlo Pro 5S 2K Security Camera,2016-11-30 00:00:00,193
Arlo Pro 5S 2K Security Camera,2016-12-31 00:00:00,173
Arlo Pro 5S 2K Security Camera,2017-01-31 00:00:00,191
Arlo Pro 5S 2K Security Camera,2017-02-28 00:00:00,202
Arlo Pro 5S 2K Security Camera,2017-03-31 00:00:00,276
Arlo Pro 5S 2K Security Camera,2017-04-30 00:00:00,202
Arlo Pro 5S 2K Security Camera,2017-05-31 00:00:00,200
Arlo Pro 5S 2K Security Camera,2017-06-30 00:00:00,172
Arlo Pro 5S 2K Security Camera,2017-07-31 00:00:00,171
Arlo Pro 5S 2K Security Camera,2017-08-31 00:00:00,184
Arlo Pro 5S 2K Security Camera,2017-09-30 00:00:00,112
Arlo Pro 5S 2K Security Camera,2017-10-31 00:00:00,241
Arlo Pro 5S 2K Security Camera,2017-11-30 00:00:00,96
Arlo Pro 5S 2K Security Camera,2017-12-31 00:00:00,155
Arlo Pro 5S 2K Security Camera,2018-01-31 00:00:00,239
Arlo Pro 5S 2K Security Camera,2018-02-28 00:00:00,184
Arlo Pro 5S 2K Security Camera,2018-03-31 00:00:00,165
Arlo Pro 5S 2K Security Camera,2018-04-30 00:00:00,160
Arlo Pro 5S 2K Security Camera,2018-05-31 00:00:00,121
Arlo Pro 5S 2K Security Camera,2018-06-30 00:00:00,123
Arlo Pro 5S 2K Security Camera,2018-07-31 00:00:00,164
Arlo Pro 5S 2K Security Camera,2018-08-31 00:00:00,160
Arlo Pro 5S 2K Security Camera,2018-09-30 00:00:00,194
Arlo Pro 5S 2K Security Camera,2018-10-31 00:00:00,273
Arlo Pro 5S 2K Security Camera,2018-11-30 00:00:00,154
Arlo Pro 5S 2K Security Camera,2018-12-31 00:00:00,127
Arlo Pro 5S 2K Security Camera,2019-01-31 00:00:00,105
Arlo Pro 5S 2K Security Camera,2019-02-28 00:00:00,201
Arlo Pro 5S 2K Security Camera,2019-03-31 00:00:00,184
Arlo Pro 5S 2K Security Camera,2019-04-30 00:00:00,192
Arlo Pro 5S 2K Security Camera,2019-05-31 00:00:00,172
Arlo Pro 5S 2K Security Camera,2019-06-30 00:00:00,131
Arlo Pro 5S 2K Security Camera,2019-07-31 00:00:00,166
Arlo Pro 5S 2K Security Camera,2019-08-31 00:00:00,112
Arlo Pro 5S 2K Security Camera,2019-09-30 00:00:00,286
Arlo Pro 5S 2K Security Camera,2019-10-31 00:00:00,247
Arlo Pro 5S 2K Security Camera,2019-11-30 00:00:00,189
Arlo Pro 5S 2K Security Camera,2019-12-31 00:00:00,161
Arlo Pro 5S 2K Security Camera,2020-01-31 00:00:00,182
Arlo Pro 5S 2K Security Camera,2020-02-29 00:00:00,197
Arlo Pro 5S 2K Security Camera,2020-03-31 00:00:00,160
Arlo Pro 5S 2K Security Camera,2020-04-30 00:00:00,175
Arlo Pro 5S 2K Security Camera,2020-05-31 00:00:00,150
Arlo Pro 5S 2K Security Camera,2020-06-30 00:00:00,197
Arlo Pro 5S 2K Security Camera,2020-07-31 00:00:00,120
Arlo Pro 5S 2K Security Camera,2020-08-31 00:00:00,180
Arlo Pro 5S 2K Security Camera,2020-09-30 00:00:00,182
Arlo Pro 5S 2K Security Camera,2020-10-31 00:00:00,139
Arlo Pro 5S 2K Security Camera,2020-11-30 00:00:00,101
Arlo Pro 5S 2K Security Camera,2020-12-31 00:00:00,188
Arlo Pro 5S 2K Security Camera,2021-01-31 00:00:00,245
Arlo Pro 5S 2K Security Camera,2021-02-28 00:00:00,151
Arlo Pro 5S 2K Security Camera,2021-03-31 00:00:00,195
Arlo Pro 5S 2K Security Camera,2021-04-30 00:00:00,123
Arlo Pro 5S 2K Security Camera,2021-05-31 00:00:00,264
Arlo Pro 5S 2K Security Camera,2021-06-30 00:00:00,217
Arlo Pro 5S 2K Security Camera,2021-07-31 00:00:00,125
Arlo Pro 5S 2K Security Camera,2021-08-31 00:00:00,205
Arlo Pro 5S 2K Security Camera,2021-09-30 00:00:00,197
Arlo Pro 5S 2K Security Camera,2021-10-31 00:00:00,135
Arlo Pro 5S 2K Security Camera,2021-11-30 00:00:00,165
Arlo Pro 5S 2K Security Camera,2021-12-31 00:00:00,123
Arlo Pro 5S 2K Security Camera,2022-01-31 00:00:00,128
Arlo Pro 5S 2K Security Camera,2022-02-28 00:00:00,221
Arlo Pro 5S 2K Security Camera,2022-03-31 00:00:00,154
Arlo Pro 5S 2K Security Camera,2022-04-30 00:00:00,250
Arlo Pro 5S 2K Security Camera,2022-05-31 00:00:00,198
Arlo Pro 5S 2K Security Camera,2022-06-30 00:00:00,174
Arlo Pro 5S 2K Security Camera,2022-07-31 00:00:00,139
Arlo Pro 5S 2K Security Camera,2022-08-31 00:00:00,148
Arlo Pro 5S 2K Security Camera,2022-09-30 00:00:00,164
Arlo Pro 5S 2K Security Camera,2022-10-31 00:00:00,97
Arlo Pro 5S 2K Security Camera,2022-11-30 00:00:00,147
Arlo Pro 5S 2K Security Camera,2022-12-31 00:00:00,155
Arlo Pro 5S 2K Security Camera,2023-01-31 00:00:00,222
Arlo Pro 5S 2K Security Camera,2023-02-28 00:00:00,98
Arlo Pro 5S 2K Security Camera,2023-03-31 00:00:00,244
Arlo Pro 5S 2K Security Camera,2023-04-30 00:00:00,156
Arlo Pro 5S 2K Security Camera,2023-05-31 00:00:00,249
Arlo Pro 5S 2K Security Camera,2023-06-30 00:00:00,243
Arlo Pro 5S 2K Security Camera,2023-07-31 00:00:00,182
Arlo Pro 5S 2K Security Camera,2023-08-31 00:00:00,139
Arlo Pro 5S 2K Security Camera,2023-09-30 00:00:00,184
Arlo Pro 5S 2K Security Camera,2023-10-31 00:00:00,158
Arlo Pro 5S 2K Security Camera,2023-11-30 00:00:00,207
Arlo Pro 5S 2K Security Camera,2023-12-31 00:00:00,170
Arlo Pro 5S 2K Security Camera,2024-01-31 00:00:00,219
Arlo Pro 5S 2K Security Camera,2024-02-29 00:00:00,161
Arlo Pro 5S 2K Security Camera,2024-03-31 00:00:00,212
Arlo Pro 5S 2K Security Camera,2024-04-30 00:00:00,196
Arlo Pro 5S 2K Security Camera,2024-05-31 00:00:00,263
Arlo Pro 5S 2K Security Camera,2024-06-30 00:00:00,223
Arlo Pro 5S 2K Security Camera,2024-07-31 00:00:00,161
Arlo Pro 5S 2K Security Camera,2024-08-31 00:00:00,178
Arlo Pro 5S 2K Security Camera,2024-09-30 00:00:00,200
Arlo Pro 5S 2K Security Camera,2024-10-31 00:00:00,152
Arlo Pro 5S 2K Security Camera,2024-11-30 00:00:00,193
Arlo Pro 5S 2K Security Camera,2024-12-31 00:00:00,166
Arlo Pro 5S 2K Security Camera,2025-01-31 00:00:00,206
Arlo Pro 5S 2K Security Camera,2025-02-28 00:00:00,184
Arlo Pro 5S 2K Security Camera,2025-03-31 00:00:00,221
Arlo Pro 5S 2K Security Camera,2025-04-30 00:00:00,224
Arlo Pro 5S 2K Security Camera,2025-05-31 00:00:00,253
Arlo Pro 5S 2K Security Camera,2025-06-30 00:00:00,230
Arlo Pro 5S 2K Security Camera,2025-07-31 00:00:00,182
Arlo Pro 5S 2K Security Camera,2025-08-31 00:00:00,178
Arlo Pro 5S 2K Security Camera,2025-09-30 00:00:00,202
Arlo Pro 5S 2K Security Camera,2025-10-31 00:00:00,154
Arlo Pro 5S 2K Security Camera,2025-11-30 00:00:00,200
Arlo Pro 5S 2K Security Camera,2025-12-31 00:00:00,184
Arlo Pro 5S 2K Security Camera,2026-01-31 00:00:00,239
Arlo Pro 5S 2K Security Camera,2026-02-28 00:00:00,168
Arlo Pro 5S 2K Security Camera,2026-03-31 00:00:00,248
Arlo Pro 5S 2K Security Camera,2026-04-30 00:00:00,212
Arlo Pro 5S 2K Security Camera,2026-05-31 00:00:00,275
Arlo Pro 5S 2K Security Camera,2026-06-30 00:00:00,253
Arlo Pro 5S 2K Security Camera,2026-07-31 00:00:00,199
Arlo Pro 5S 2K Security Camera,2026-08-31 00:00:00,188
Arlo Pro 5S 2K Security Camera,2026-09-30 00:00:00,217
Arlo Pro 5S 2K Security Camera,2026-10-31 00:00:00,178
Arlo Pro 5S 2K Security Camera,2026-11-30 00:00:00,222
Arlo Pro 5S 2K Security Camera,2026-12-31 00:00:00,196
Arlo Pro 5S 2K Security Camera,2027-01-31 00:00:00,244
Arlo Pro 5S 2K Security Camera,2027-02-28 00:00:00,195
Arlo Pro 5S 2K Security Camera,2027-03-31 00:00:00,249
Arlo Pro 5S 2K Security Camera,2027-04-30 00:00:00,234
Arlo Pro 5S 2K Security Camera,2027-05-31 00:00:00,289
Arlo Pro 5S 2K Security Camera,2027-06-30 00:00:00,261
Arlo Pro 5S 2K Security Camera,2027-07-31 00:00:00,207
Arlo Pro 5S 2K Security Camera,2027-08-31 00:00:00,207
Arlo Pro 5S 2K Security Camera,2027-09-30 00:00:00,231
Arlo Pro 5S 2K Security Camera,2027-10-31 00:00:00,186
Arlo Pro 5S 2K Security Camera,2027-11-30 00:00:00,229
Arlo Pro 5S 2K Security Camera,2027-12-31 00:00:00,205
Arlo Pro 5S 2K Security Camera,2028-01-31 00:00:00,253
Arlo Pro 5S 2K Security Camera,2028-02-29 00:00:00,206
Arlo Pro 5S 2K Security Camera,2028-03-31 00:00:00,263
Arlo Pro 5S 2K Security Camera,2028-04-30 00:00:00,248
Arlo Pro 5S 2K Security Camera,2028-05-31 00:00:00,296
Arlo Pro 5S 2K Security Camera,2028-06-30 00:00:00,272
Arlo Pro 5S 2K Security Camera,2028-07-31 00:00:00,220
Arlo Pro 5S 2K Security Camera,2028-08-31 00:00:00,214
Arlo Pro 5S 2K Security Camera,2028-09-30 00:00:00,241
Bowers & Wilkins PX7 S2 Headphones,2015-01-31 00:00:00,124
Bowers & Wilkins PX7 S2 Headphones,2015-02-28 00:00:00,235
Bowers & Wilkins PX7 S2 Headphones,2015-03-31 00:00:00,142
Bowers & Wilkins PX7 S2 Headphones,2015-04-30 00:00:00,235
Bowers & Wilkins PX7 S2 Headphones,2015-05-31 00:00:00,139
Bowers & Wilkins PX7 S2 Headphones,2015-06-30 00:00:00,258
Bowers & Wilkins PX7 S2 Headphones,2015-07-31 00:00:00,176
Bowers & Wilkins PX7 S2 Headphones,2015-08-31 00:00:00,199
Bowers & Wilkins PX7 S2 Headphones,2015-09-30 00:00:00,144
Bowers & Wilkins PX7 S2 Headphones,2015-10-31 00:00:00,192
Bowers & Wilkins PX7 S2 Headphones,2015-11-30 00:00:00,240
Bowers & Wilkins PX7 S2 Headphones,2015-12-31 00:00:00,133
Bowers & Wilkins PX7 S2 Headphones,2016-01-31 00:00:00,241
Bowers & Wilkins PX7 S2 Headphones,2016-02-29 00:00:00,143
Bowers & Wilkins PX7 S2 Headphones,2016-03-31 00:00:00,70
Bowers & Wilkins PX7 S2 Headphones,2016-04-30 00:00:00,227
Bowers & Wilkins PX7 S2 Headphones,2016-05-31 00:00:00,306
Bowers & Wilkins PX7 S2 Headphones,2016-06-30 00:00:00,244
Bowers & Wilkins PX7 S2 Headphones,2016-07-31 00:00:00,209
Bowers & Wilkins PX7 S2 Headphones,2016-08-31 00:00:00,158
Bowers & Wilkins PX7 S2 Headphones,2016-09-30 00:00:00,101
Bowers & Wilkins PX7 S2 Headphones,2016-10-31 00:00:00,294
Bowers & Wilkins PX7 S2 Headphones,2016-11-30 00:00:00,170
Bowers & Wilkins PX7 S2 Headphones,2016-12-31 00:00:00,161
Bowers & Wilkins PX7 S2 Headphones,2017-01-31 00:00:00,218
Bowers & Wilkins PX7 S2 Headphones,2017-02-28 00:00:00,178
Bowers & Wilkins PX7 S2 Headphones,2017-03-31 00:00:00,172
Bowers & Wilkins PX7 S2 Headphones,2017-04-30 00:00:00,149
Bowers & Wilkins PX7 S2 Headphones,2017-05-31 00:00:00,113
Bowers & Wilkins PX7 S2 Headphones,2017-06-30 00:00:00,181
Bowers & Wilkins PX7 S2 Headphones,2017-07-31 00:00:00,274
Bowers & Wilkins PX7 S2 Headphones,2017-08-31 00:00:00,142
Bowers & Wilkins PX7 S2 Headphones,2017-09-30 00:00:00,207
Bowers & Wilkins PX7 S2 Headphones,2017-10-31 00:00:00,225
Bowers & Wilkins PX7 S2 Headphones,2017-11-30 00:00:00,138
Bowers & Wilkins PX7 S2 Headphones,2017-12-31 00:00:00,193
Bowers & Wilkins PX7 S2 Headphones,2018-01-31 00:00:00,224
Bowers & Wilkins PX7 S2 Headphones,2018-02-28 00:00:00,114
Bowers & Wilkins PX7 S2 Headphones,2018-03-31 00:00:00,178
Bowers & Wilkins PX7 S2 Headphones,2018-04-30 00:00:00,217
Bowers & Wilkins PX7 S2 Headphones,2018-05-31 00:00:00,119
Bowers & Wilkins PX7 S2 Headphones,2018-06-30 00:00:00,118
Bowers & Wilkins PX7 S2 Headphones,2018-07-31 00:00:00,156
Bowers & Wilkins PX7 S2 Headphones,2018-08-31 00:00:00,88
Bowers & Wilkins PX7 S2 Headphones,2018-09-30 00:00:00,153
Bowers & Wilkins PX7 S2 Headphones,2018-10-31 00:00:00,181
Bowers & Wilkins PX7 S2 Headphones,2018-11-30 00:00:00,179
Bowers & Wilkins PX7 S2 Headphones,2018-12-31 00:00:00,184
Bowers & Wilkins PX7 S2 Headphones,2019-01-31 00:00:00,129
Bowers & Wilkins PX7 S2 Headphones,2019-02-28 00:00:00,124
Bowers & Wilkins PX7 S2 Headphones,2019-03-31 00:00:00,183
Bowers & Wilkins PX7 S2 Headphones,2019-04-30 00:00:00,104
Bowers & Wilkins PX7 S2 Headphones,2019-05-31 00:00:00,125
Bowers & Wilkins PX7 S2 Headphones,2019-06-30 00:00:00,150
Bowers & Wilkins PX7 S2 Headphones,2019-07-31 00:00:00,169
Bowers & Wilkins PX7 S2 Headphones,2019-08-31 00:00:00,167
Bowers & Wilkins PX7 S2 Headphones,2019-09-30 00:00:00,351
Bowers & Wilkins PX7 S2 Headphones,2019-10-31 00:00:00,146
Bowers & Wilkins PX7 S2 Headphones,2019-11-30 00:00:00,189
Bowers & Wilkins PX7 S2 Headphones,2019-12-31 00:00:00,230
Bowers & Wilkins PX7 S2 Headphones,2020-01-31 00:00:00,172
Bowers & Wilkins PX7 S2 Headphones,2020-02-29 00:00:00,178
Bowers & Wilkins PX7 S2 Headphones,2020-03-31 00:00:00,283
Bowers & Wilkins PX7 S2 Headphones,2020-04-30 00:00:00,204
Bowers & Wilkins PX7 S2 Headphones,2020-05-31 00:00:00,247
Bowers & Wilkins PX7 S2 Headphones,2020-06-30 00:00:00,166
Bowers & Wilkins PX7 S2 Headphones,2020-07-31 00:00:00,218
Bowers & Wilkins PX7 S2 Headphones,2020-08-31 00:00:00,249
Bowers & Wilkins PX7 S2 Headphones,2020-09-30 00:00:00,246
Bowers & Wilkins PX7 S2 Headphones,2020-10-31 00:00:00,139
Bowers & Wilkins PX7 S2 Headphones,2020-11-30 00:00:00,117
Bowers & Wilkins PX7 S2 Headphones,2020-12-31 00:00:00,246
Bowers & Wilkins PX7 S2 Headphones,2021-01-31 00:00:00,257
Bowers & Wilkins PX7 S2 Headphones,2021-02-28 00:00:00,139
Bowers & Wilkins PX7 S2 Headphones,2021-03-31 00:00:00,303
Bowers & Wilkins PX7 S2 Headphones,2021-04-30 00:00:00,121
Bowers & Wilkins PX7 S2 Headphones,2021-05-31 00:00:00,170
Bowers & Wilkins PX7 S2 Headphones,2021-06-30 00:00:00,191
Bowers & Wilkins PX7 S2 Headphones,2021-07-31 00:00:00,179
Bowers & Wilkins PX7 S2 Headphones,2021-08-31 00:00:00,255
Bowers & Wilkins PX7 S2 Headphones,2021-09-30 00:00:00,129
Bowers & Wilkins PX7 S2 Headphones,2021-10-31 00:00:00,224
Bowers & Wilkins PX7 S2 Headphones,2021-11-30 00:00:00,223
Bowers & Wilkins PX7 S2 Headphones,2021-12-31 00:00:00,86
Bowers & Wilkins PX7 S2 Headphones,2022-01-31 00:00:00,200
Bowers & Wilkins PX7 S2 Headphones,2022-02-28 00:00:00,189
Bowers & Wilkins PX7 S2 Headphones,2022-03-31 00:00:00,230
Bowers & Wilkins PX7 S2 Headphones,2022-04-30 00:00:00,144
Bowers & Wilkins PX7 S2 Headphones,2022-05-31 00:00:00,115
Bowers & Wilkins PX7 S2 Headphones,2022-06-30 00:00:00,222
Bowers & Wilkins PX7 S2 Headphones,2022-07-31 00:00:00,138
Bowers & Wilkins PX7 S2 Headphones,2022-08-31 00:00:00,247
Bowers & Wilkins PX7 S2 Headphones,2022-09-30 00:00:00,264
Bowers & Wilkins PX7 S2 Headphones,2022-10-31 00:00:00,189
Bowers & Wilkins PX7 S2 Headphones,2022-11-30 00:00:00,152
Bowers & Wilkins PX7 S2 Headphones,2022-12-31 00:00:00,100
Bowers & Wilkins PX7 S2 Headphones,2023-01-31 00:00:00,172
Bowers & Wilkins PX7 S2 Headphones,2023-02-28 00:00:00,125
Bowers & Wilkins PX7 S2 Headphones,2023-03-31 00:00:00,289
Bowers & Wilkins PX7 S2 Headphones,2023-04-30 00:00:00,209
Bowers & Wilkins PX7 S2 Headphones,2023-05-31 00:00:00,269
Bowers & Wilkins PX7 S2 Headphones,2023-06-30 00:00:00,140
Bowers & Wilkins PX7 S2 Headphones,2023-07-31 00:00:00,271
Bowers & Wilkins PX7 S2 Headphones,2023-08-31 00:00:00,175
Bowers & Wilkins PX7 S2 Headphones,2023-09-30 00:00:00,36
Bowers & Wilkins PX7 S2 Headphones,2023-10-31 00:00:00,210
Bowers & Wilkins PX7 S2 Headphones,2023-11-30 00:00:00,270
Bowers & Wilkins PX7 S2 Headphones,2023-12-31 00:00:00,239
Bowers & Wilkins PX7 S2 Headphones,2024-01-31 00:00:00,224
Bowers & Wilkins PX7 S2 Headphones,2024-02-29 00:00:00,154
Bowers & Wilkins PX7 S2 Headphones,2024-03-31 00:00:00,208
Bowers & Wilkins PX7 S2 Headphones,2024-04-30 00:00:00,153
Bowers & Wilkins PX7 S2 Headphones,2024-05-31 00:00:00,183
Bowers & Wilkins PX7 S2 Headphones,2024-06-30 00:00:00,192
Bowers & Wilkins PX7 S2 Headphones,2024-07-31 00:00:00,224
Bowers & Wilkins PX7 S2 Headphones,2024-08-31 00:00:00,219
Bowers & Wilkins PX7 S2 Headphones,2024-09-30 00:00:00,181
Bowers & Wilkins PX7 S2 Headphones,2024-10-31 00:00:00,200
Bowers & Wilkins PX7 S2 Headphones,2024-11-30 00:00:00,196
Bowers & Wilkins PX7 S2 Headphones,2024-12-31 00:00:00,177
Bowers & Wilkins PX7 S2 Headphones,2025-01-31 00:00:00,208
Bowers & Wilkins PX7 S2 Headphones,2025-02-28 00:00:00,166
Bowers & Wilkins PX7 S2 Headphones,2025-03-31 00:00:00,240
Bowers & Wilkins PX7 S2 Headphones,2025-04-30 00:00:00,181
Bowers & Wilkins PX7 S2 Headphones,2025-05-31 00:00:00,195
Bowers & Wilkins PX7 S2 Headphones,2025-06-30 00:00:00,190
Bowers & Wilkins PX7 S2 Headphones,2025-07-31 00:00:00,214
Bowers & Wilkins PX7 S2 Headphones,2025-08-31 00:00:00,211
Bowers & Wilkins PX7 S2 Headphones,2025-09-30 00:00:00,182
Bowers & Wilkins PX7 S2 Headphones,2025-10-31 00:00:00,206
Bowers & Wilkins PX7 S2 Headphones,2025-11-30 00:00:00,206
Bowers & Wilkins PX7 S2 Headphones,2025-12-31 00:00:00,186
Bowers & Wilkins PX7 S2 Headphones,2026-01-31 00:00:00,213
Bowers & Wilkins PX7 S2 Headphones,2026-02-28 00:00:00,168
Bowers & Wilkins PX7 S2 Headphones,2026-03-31 00:00:00,240
Bowers & Wilkins PX7 S2 Headphones,2026-04-30 00:00:00,182
Bowers & Wilkins PX7 S2 Headphones,2026-05-31 00:00:00,198
Bowers & Wilkins PX7 S2 Headphones,2026-06-30 00:00:00,195
Bowers & Wilkins PX7 S2 Headphones,2026-07-31 00:00:00,219
Bowers & Wilkins PX7 S2 Headphones,2026-08-31 00:00:00,216
Bowers & Wilkins PX7 S2 Headphones,2026-09-30 00:00:00,187
Bowers & Wilkins PX7 S2 Headphones,2026-10-31 00:00:00,209
Bowers & Wilkins PX7 S2 Headphones,2026-11-30 00:00:00,208
Bowers & Wilkins PX7 S2 Headphones,2026-12-31 00:00:00,188
Bowers & Wilkins PX7 S2 Headphones,2027-01-31 00:00:00,216
Bowers & Wilkins PX7 S2 Headphones,2027-02-28 00:00:00,171
Bowers & Wilkins PX7 S2 Headphones,2027-03-31 00:00:00,244
Bowers & Wilkins PX7 S2 Headphones,2027-04-30 00:00:00,186
Bowers & Wilkins PX7 S2 Headphones,2027-05-31 00:00:00,201
Bowers & Wilkins PX7 S2 Headphones,2027-06-30 00:00:00,197
Bowers & Wilkins PX7 S2 Headphones,2027-07-31 00:00:00,223
Bowers & Wilkins PX7 S2 Headphones,2027-08-31 00:00:00,219
Bowers & Wilkins PX7 S2 Headphones,2027-09-30 00:00:00,190
Bowers & Wilkins PX7 S2 Headphones,2027-10-31 00:00:00,213
Bowers & Wilkins PX7 S2 Headphones,2027-11-30 00:00:00,211
Bowers & Wilkins PX7 S2 Headphones,2027-12-31 00:00:00,191
Bowers & Wilkins PX7 S2 Headphones,2028-01-31 00:00:00,220
Bowers & Wilkins PX7 S2 Headphones,2028-02-29 00:00:00,175
Bowers & Wilkins PX7 S2 Headphones,2028-03-31 00:00:00,248
Bowers & Wilkins PX7 S2 Headphones,2028-04-30 00:00:00,189
Bowers & Wilkins PX7 S2 Headphones,2028-05-31 00:00:00,205
Bowers & Wilkins PX7 S2 Headphones,2028-06-30 00:00:00,202
Bowers & Wilkins PX7 S2 Headphones,2028-07-31 00:00:00,224
Bowers & Wilkins PX7 S2 Headphones,2028-08-31 00:00:00,220
Bowers & Wilkins PX7 S2 Headphones,2028-09-30 00:00:00,191
Brave New World,2016-12-31 00:00:00,15
Brave New World,2020-03-31 00:00:00,7
Brave New World,2020-12-31 00:00:00,5
Brave New World,2021-12-31 00:00:00,10
Brave New World,2022-02-28 00:00:00,17
Brave New World,2023-08-31 00:00:00,9
Brave New World,2023-09-30 00:00:00,3
Brave New World,2023-10-31 00:00:00,7
Brave New World,2023-11-30 00:00:00,4
Brave New World,2023-12-31 00:00:00,9
Brave New World,2024-01-31 00:00:00,4
Brave New World,2024-02-29 00:00:00,8
Brave New World,2024-03-31 00:00:00,5
Brave New World,2024-04-30 00:00:00,5
Brave New World,2024-05-31 00:00:00,5
Brave New World,2024-06-30 00:00:00,5
Brave New World,2024-07-31 00:00:00,5
Brave New World,2024-08-31 00:00:00,7
Brave New World,2024-09-30 00:00:00,5
Brave New World,2024-10-31 00:00:00,7
Brave New World,2024-11-30 00:00:00,6
Brave New World,2024-12-31 00:00:00,9
Brave New World,2025-01-31 00:00:00,5
Brave New World,2025-02-28 00:00:00,8
Brave New World,2025-03-31 00:00:00,6
Brave New World,2025-04-30 00:00:00,5
Brave New World,2025-05-31 00:00:00,5
Brave New World,2025-06-30 00:00:00,5
Brave New World,2025-07-31 00:00:00,5
Brave New World,2025-08-31 00:00:00,7
Brave New World,2025-09-30 00:00:00,6
Brave New World,2025-10-31 00:00:00,7
Brave New World,2025-11-30 00:00:00,6
Brave New World,2025-12-31 00:00:00,10
Brave New World,2026-01-31 00:00:00,6
Brave New World,2026-02-28 00:00:00,9
Brave New World,2026-03-31 00:00:00,7
Brave New World,2026-04-30 00:00:00,6
Brave New World,2026-05-31 00:00:00,6
Brave New World,2026-06-30 00:00:00,6
Brave New World,2026-07-31 00:00:00,6
Brave New World,2026-08-31 00:00:00,8
Brave New World,2026-09-30 00:00:00,7
Brave New World,2026-10-31 00:00:00,8
Brave New World,2026-11-30 00:00:00,7
Brave New World,2026-12-31 00:00:00,11
Brave New World,2027-01-31 00:00:00,6
Brave New World,2027-02-28 00:00:00,10
Brave New World,2027-03-31 00:00:00,7
Brave New World,2027-04-30 00:00:00,7
Brave New World,2027-05-31 00:00:00,7
Brave New World,2027-06-30 00:00:00,7
Brave New World,2027-07-31 00:00:00,7
Brave New World,2027-08-31 00:00:00,9
Brave New World,2027-09-30 00:00:00,7
Brave New World,2027-10-31 00:00:00,8
Brave New World,2027-11-30 00:00:00,7
Brave New World,2027-12-31 00:00:00,11
Brave New World,2028-01-31 00:00:00,7
Brave New World,2028-02-29 00:00:00,10
Brave New World,2028-03-31 00:00:00,8
Brave New World,2028-04-30 00:00:00,7
Brave New World,2028-05-31 00:00:00,7
Carhartt Duck Chore Coat,2016-01-31 00:00:00,9
Carhartt Duck Chore Coat,2017-09-30 00:00:00,8
Carhartt Duck Chore Coat,2020-02-29 00:00:00,6
Carhartt Duck Chore Coat,2021-02-28 00:00:00,24
Carhartt Duck Chore Coat,2021-03-31 00:00:00,2
Carhartt Duck Chore Coat,2021-04-30 00:00:00,2
Carhartt Duck Chore Coat,2021-05-31 00:00:00,2
Carhartt Duck Chore Coat,2021-06-30 00:00:00,2
Carhartt Duck Chore Coat,2021-07-31 00:00:00,2
Carhartt Duck Chore Coat,2021-08-31 00:00:00,2
Carhartt Duck Chore Coat,2021-09-30 00:00:00,2
Carhartt Duck Chore Coat,2021-10-31 00:00:00,2
Carhartt Duck Chore Coat,2021-11-30 00:00:00,2
Carhartt Duck Chore Coat,2021-12-31 00:00:00,2
Carhartt Duck Chore Coat,2022-01-31 00:00:00,2
Carhartt Duck Chore Coat,2022-02-28 00:00:00,25
Carhartt Duck Chore Coat,2022-03-31 00:00:00,4
Carhartt Duck Chore Coat,2022-04-30 00:00:00,4
Carhartt Duck Chore Coat,2022-05-31 00:00:00,4
Carhartt Duck Chore Coat,2022-06-30 00:00:00,4
Carhartt Duck Chore Coat,2022-07-31 00:00:00,4
Carhartt Duck Chore Coat,2022-08-31 00:00:00,4
Carhartt Duck Chore Coat,2022-09-30 00:00:00,4
Carhartt Duck Chore Coat,2022-10-31 00:00:00,4
Carhartt Duck Chore Coat,2022-11-30 00:00:00,4
Carhartt Duck Chore Coat,2022-12-31 00:00:00,4
Carhartt Duck Chore Coat,2023-01-31 00:00:00,4
Carhartt Duck Chore Coat,2023-02-28 00:00:00,27
Carhartt Duck Chore Coat,2023-03-31 00:00:00,6
Carhartt Duck Chore Coat,2023-04-30 00:00:00,6
Carhartt Duck Chore Coat,2023-05-31 00:00:00,6
Carhartt Duck Chore Coat,2023-06-30 00:00:00,6
Carhartt Duck Chore Coat,2023-07-31 00:00:00,6
Carhartt Duck Chore Coat,2023-08-31 00:00:00,6
Carhartt Duck Chore Coat,2023-09-30 00:00:00,6
Carhartt Duck Chore Coat,2023-10-31 00:00:00,6
Carhartt Duck Chore Coat,2023-11-30 00:00:00,6
Carhartt Duck Chore Coat,2023-12-31 00:00:00,6
Carhartt Duck Chore Coat,2024-01-31 00:00:00,6
Carhartt Duck Chore Coat,2024-02-29 00:00:00,29
Carhartt Duck Chore Coat,2024-03-31 00:00:00,8
Carhartt Duck Chore Coat,2024-04-30 00:00:00,8
Carhartt Duck Chore Coat,2024-05-31 00:00:00,8
Carhartt Duck Chore Coat,2024-06-30 00:00:00,8
Carhartt Duck Chore Coat,2024-07-31 00:00:00,8
Carhartt Duck Chore Coat,2024-08-31 00:00:00,8
Carhartt Duck Chore Coat,2024-09-30 00:00:00,8
Carhartt Duck Chore Coat,2024-10-31 00:00:00,8
Carhartt Duck Chore Coat,2024-11-30 00:00:00,8
Carhartt Duck Chore Coat,2024-12-31 00:00:00,8
Carhartt Duck Chore Coat,2025-01-31 00:00:00,8
Carhartt Duck Chore Coat,2025-02-28 00:00:00,31
Carhartt Duck Chore Coat,2025-03-31 00:00:00,10
Carhartt Duck Chore Coat,2025-04-30 00:00:00,10
Carhartt Duck Chore Coat,2025-05-31 00:00:00,10
Carhartt Duck Chore Coat,2025-06-30 00:00:00,10
Carhartt Duck Chore Coat,2025-07-31 00:00:00,10
Carhartt Duck Chore Coat,2025-08-31 00:00:00,10
Carhartt Duck Chore Coat,2025-09-30 00:00:00,10
Carhartt Duck Chore Coat,2025-10-31 00:00:00,10
Carhartt Duck Chore Coat,2025-11-30 00:00:00,10
Crime and Punishment,2015-03-31 00:00:00,5
Crime and Punishment,2015-04-30 00:00:00,4
Crime and Punishment,2017-02-28 00:00:00,19
Crime and Punishment,2020-10-31 00:00:00,1
Crime and Punishment,2022-03-31 00:00:00,12
Crime and Punishment,2022-04-30 00:00:00,1
Crime and Punishment,2022-05-31 00:00:00,1
Crime and Punishment,2022-06-30 00:00:00,1
Crime and Punishment,2022-07-31 00:00:00,1
Crime and Punishment,2022-08-31 00:00:00,1
Crime and Punishment,2022-09-30 00:00:00,1
Crime and Punishment,2022-10-31 00:00:00,1
Crime and Punishment,2022-11-30 00:00:00,1
Crime and Punishment,2022-12-31 00:00:00,1
Crime and Punishment,2023-01-31 00:00:00,1
Crime and Punishment,2023-02-28 00:00:00,2
Crime and Punishment,2023-03-31 00:00:00,3
Crime and Punishment,2023-04-30 00:00:00,1
Crime and Punishment,2023-05-31 00:00:00,1
Crime and Punishment,2023-06-30 00:00:00,1
Crime and Punishment,2023-07-31 00:00:00,1
Crime and Punishment,2023-08-31 00:00:00,1
Crime and Punishment,2023-09-30 00:00:00,1
Crime and Punishment,2023-10-31 00:00:00,1
Crime and Punishment,2023-11-30 00:00:00,1
Crime and Punishment,2023-12-31 00:00:00,1
Crime and Punishment,2024-01-31 00:00:00,1
Crime and Punishment,2024-02-29 00:00:00,2
Crime and Punishment,2024-03-31 00:00:00,3
Crime and Punishment,2024-04-30 00:00:00,1
Crime and Punishment,2024-05-31 00:00:00,1
Crime and Punishment,2024-06-30 00:00:00,1
Crime and Punishment,2024-07-31 00:00:00,1
Crime and Punishment,2024-08-31 00:00:00,1
Crime and Punishment,2024-09-30 00:00:00,1
Crime and Punishment,2024-10-31 00:00:00,1
Crime and Punishment,2024-11-30 00:00:00,1
Crime and Punishment,2024-12-31 00:00:00,1
Crime and Punishment,2025-01-31 00:00:00,1
Crime and Punishment,2025-02-28 00:00:00,2
Crime and Punishment,2025-03-31 00:00:00,3
Crime and Punishment,2025-04-30 00:00:00,1
Crime and Punishment,2025-05-31 00:00:00,1
Crime and Punishment,2025-06-30 00:00:00,1
Crime and Punishment,2025-07-31 00:00:00,1
Crime and Punishment,2025-08-31 00:00:00,1
Crime and Punishment,2025-09-30 00:00:00,1
Crime and Punishment,2025-10-31 00:00:00,1
Crime and Punishment,2025-11-30 00:00:00,1
Crime and Punishment,2025-12-31 00:00:00,1
Crime and Punishment,2026-01-31 00:00:00,1
Crime and Punishment,2026-02-28 00:00:00,2
Crime and Punishment,2026-03-31 00:00:00,3
Crime and Punishment,2026-04-30 00:00:00,1
Crime and Punishment,2026-05-31 00:00:00,1
Crime and Punishment,2026-06-30 00:00:00,1
Crime and Punishment,2026-07-31 00:00:00,1
Crime and Punishment,2026-08-31 00:00:00,1
Crime and Punishment,2026-09-30 00:00:00,1
Crime and Punishment,2026-10-31 00:00:00,1
Crime and Punishment,2026-11-30 00:00:00,1
Crime and Punishment,2026-12-31 00:00:00,1
Cuisinart Precision Stand Mixer,2015-01-31 00:00:00,220
Cuisinart Precision Stand Mixer,2015-02-28 00:00:00,216
Cuisinart Precision Stand Mixer,2015-03-31 00:00:00,264
Cuisinart Precision Stand Mixer,2015-04-30 00:00:00,331
Cuisinart Precision Stand Mixer,2015-05-31 00:00:00,165
Cuisinart Precision Stand Mixer,2015-06-30 00:00:00,310
Cuisinart Precision Stand Mixer,2015-07-31 00:00:00,202
Cuisinart Precision Stand Mixer,2015-08-31 00:00:00,190
Cuisinart Precision Stand Mixer,2015-09-30 00:00:00,162
Cuisinart Precision Stand Mixer,2015-10-31 00:00:00,264
Cuisinart Precision Stand Mixer,2015-11-30 00:00:00,284
Cuisinart Precision Stand Mixer,2015-12-31 00:00:00,263
Cuisinart Precision Stand Mixer,2016-01-31 00:00:00,229
Cuisinart Precision Stand Mixer,2016-02-29 00:00:00,100
Cuisinart Precision Stand Mixer,2016-03-31 00:00:00,286
Cuisinart Precision Stand Mixer,2016-04-30 00:00:00,177
Cuisinart Precision Stand Mixer,2016-05-31 00:00:00,283
Cuisinart Precision Stand Mixer,2016-06-30 00:00:00,293
Cuisinart Precision Stand Mixer,2016-07-31 00:00:00,266
Cuisinart Precision Stand Mixer,2016-08-31 00:00:00,333
Cuisinart Precision Stand Mixer,2016-09-30 00:00:00,274
Cuisinart Precision Stand Mixer,2016-10-31 00:00:00,290
Cuisinart Precision Stand Mixer,2016-11-30 00:00:00,241
Cuisinart Precision Stand Mixer,2016-12-31 00:00:00,339
Cuisinart Precision Stand Mixer,2017-01-31 00:00:00,367
Cuisinart Precision Stand Mixer,2017-02-28 00:00:00,168
Cuisinart Precision Stand Mixer,2017-03-31 00:00:00,177
Cuisinart Precision Stand Mixer,2017-04-30 00:00:00,137
Cuisinart Precision Stand Mixer,2017-05-31 00:00:00,211
Cuisinart Precision Stand Mixer,2017-06-30 00:00:00,176
Cuisinart Precision Stand Mixer,2017-07-31 00:00:00,246
Cuisinart Precision Stand Mixer,2017-08-31 00:00:00,264
Cuisinart Precision Stand Mixer,2017-09-30 00:00:00,123
Cuisinart Precision Stand Mixer,2017-10-31 00:00:00,142
Cuisinart Precision Stand Mixer,2017-11-30 00:00:00,183
Cuisinart Precision Stand Mixer,2017-12-31 00:00:00,262
Cuisinart Precision Stand Mixer,2018-01-31 00:00:00,234
Cuisinart Precision Stand Mixer,2018-02-28 00:00:00,123
Cuisinart Precision Stand Mixer,2018-03-31 00:00:00,147
Cuisinart Precision Stand Mixer,2018-04-30 00:00:00,282
Cuisinart Precision Stand Mixer,2018-05-31 00:00:00,163
Cuisinart Precision Stand Mixer,2018-06-30 00:00:00,185
Cuisinart Precision Stand Mixer,2018-07-31 00:00:00,170
Cuisinart Precision Stand Mixer,2018-08-31 00:00:00,172
Cuisinart Precision Stand Mixer,2018-09-30 00:00:00,212
Cuisinart Precision Stand Mixer,2018-10-31 00:00:00,268
Cuisinart Precision Stand Mixer,2018-11-30 00:00:00,254
Cuisinart Precision Stand Mixer,2018-12-31 00:00:00,416
Cuisinart Precision Stand Mixer,2019-01-31 00:00:00,221
Cuisinart Precision Stand Mixer,2019-02-28 00:00:00,244
Cuisinart Precision Stand Mixer,2019-03-31 00:00:00,398
Cuisinart Precision Stand Mixer,2019-04-30 00:00:00,161
Cuisinart Precision Stand Mixer,2019-05-31 00:00:00,125
Cuisinart Precision Stand Mixer,2019-06-30 00:00:00,290
Cuisinart Precision Stand Mixer,2019-07-31 00:00:00,129
Cuisinart Precision Stand Mixer,2019-08-31 00:00:00,121
Cuisinart Precision Stand Mixer,2019-09-30 00:00:00,157
Cuisinart Precision Stand Mixer,2019-10-31 00:00:00,222
Cuisinart Precision Stand Mixer,2019-11-30 00:00:00,207
Cuisinart Precision Stand Mixer,2019-12-31 00:00:00,429
Cuisinart Precision Stand Mixer,2020-01-31 00:00:00,253
Cuisinart Precision Stand Mixer,2020-02-29 00:00:00,226
Cuisinart Precision Stand Mixer,2020-03-31 00:00:00,259
Cuisinart Precision Stand Mixer,2020-04-30 00:00:00,293
Cuisinart Precision Stand Mixer,2020-05-31 00:00:00,306
Cuisinart Precision Stand Mixer,2020-06-30 00:00:00,280
Cuisinart Precision Stand Mixer,2020-07-31 00:00:00,216
Cuisinart Precision Stand Mixer,2020-08-31 00:00:00,205
Cuisinart Precision Stand Mixer,2020-09-30 00:00:00,284
Cuisinart Precision Stand Mixer,2020-10-31 00:00:00,223
Cuisinart Precision Stand Mixer,2020-11-30 00:00:00,155
Cuisinart Precision Stand Mixer,2020-12-31 00:00:00,256
Cuisinart Precision Stand Mixer,2021-01-31 00:00:00,235
Cuisinart Precision Stand Mixer,2021-02-28 00:00:00,144
Cuisinart Precision Stand Mixer,2021-03-31 00:00:00,248
Cuisinart Precision Stand Mixer,2021-04-30 00:00:00,190
Cuisinart Precision Stand Mixer,2021-05-31 00:00:00,226
Cuisinart Precision Stand Mixer,2021-06-30 00:00:00,233
Cuisinart Precision Stand Mixer,2021-07-31 00:00:00,311
Cuisinart Precision Stand Mixer,2021-08-31 00:00:00,247
Cuisinart Precision Stand Mixer,2021-09-30 00:00:00,295
Cuisinart Precision Stand Mixer,2021-10-31 00:00:00,180
Cuisinart Precision Stand Mixer,2021-11-30 00:00:00,257
Cuisinart Precision Stand Mixer,2021-12-31 00:00:00,103
Cuisinart Precision Stand Mixer,2022-01-31 00:00:00,312
Cuisinart Precision Stand Mixer,2022-02-28 00:00:00,249
Cuisinart Precision Stand Mixer,2022-03-31 00:00:00,142
Cuisinart Precision Stand Mixer,2022-04-30 00:00:00,199
Cuisinart Precision Stand Mixer,2022-05-31 00:00:00,307
Cuisinart Precision Stand Mixer,2022-06-30 00:00:00,119
Cuisinart Precision Stand Mixer,2022-07-31 00:00:00,150
Cuisinart Precision Stand Mixer,2022-08-31 00:00:00,189
Cuisinart Precision Stand Mixer,2022-09-30 00:00:00,305
Cuisinart Precision Stand Mixer,2022-10-31 00:00:00,180
Cuisinart Precision Stand Mixer,2022-11-30 00:00:00,219
Cuisinart Precision Stand Mixer,2022-12-31 00:00:00,273
Cuisinart Precision Stand Mixer,2023-01-31 00:00:00,299
Cuisinart Precision Stand Mixer,2023-02-28 00:00:00,181
Cuisinart Precision Stand Mixer,2023-03-31 00:00:00,245
Cuisinart Precision Stand Mixer,2023-04-30 00:00:00,239
Cuisinart Precision Stand Mixer,2023-05-31 00:00:00,327
Cuisinart Precision Stand Mixer,2023-06-30 00:00:00,137
Cuisinart Precision Stand Mixer,2023-07-31 00:00:00,245
Cuisinart Precision Stand Mixer,2023-08-31 00:00:00,163
Cuisinart Precision Stand Mixer,2023-09-30 00:00:00,263
Cuisinart Precision Stand Mixer,2023-10-31 00:00:00,207
Cuisinart Precision Stand Mixer,2023-11-30 00:00:00,169
Cuisinart Precision Stand Mixer,2023-12-31 00:00:00,327
Cuisinart Precision Stand Mixer,2024-01-31 00:00:00,259
Cuisinart Precision Stand Mixer,2024-02-29 00:00:00,177
Cuisinart Precision Stand Mixer,2024-03-31 00:00:00,216
Cuisinart Precision Stand Mixer,2024-04-30 00:00:00,223
Cuisinart Precision Stand Mixer,2024-05-31 00:00:00,239
Cuisinart Precision Stand Mixer,2024-06-30 00:00:00,197
Cuisinart Precision Stand Mixer,2024-07-31 00:00:00,206
Cuisinart Precision Stand Mixer,2024-08-31 00:00:00,194
Cuisinart Precision Stand Mixer,2024-09-30 00:00:00,231
Cuisinart Precision Stand Mixer,2024-10-31 00:00:00,203
Cuisinart Precision Stand Mixer,2024-11-30 00:00:00,203
Cuisinart Precision Stand Mixer,2024-12-31 00:00:00,276
Cuisinart Precision Stand Mixer,2025-01-31 00:00:00,254
Cuisinart Precision Stand Mixer,2025-02-28 00:00:00,177
Cuisinart Precision Stand Mixer,2025-03-31 00:00:00,223
Cuisinart Precision Stand Mixer,2025-04-30 00:00:00,213
Cuisinart Precision Stand Mixer,2025-05-31 00:00:00,237
Cuisinart Precision Stand Mixer,2025-06-30 00:00:00,197
Cuisinart Precision Stand Mixer,2025-07-31 00:00:00,205
Cuisinart Precision Stand Mixer,2025-08-31 00:00:00,191
Cuisinart Precision Stand Mixer,2025-09-30 00:00:00,231
Cuisinart Precision Stand Mixer,2025-10-31 00:00:00,201
Cuisinart Precision Stand Mixer,2025-11-30 00:00:00,201
Cuisinart Precision Stand Mixer,2025-12-31 00:00:00,276
Cuisinart Precision Stand Mixer,2026-01-31 00:00:00,254
Cuisinart Precision Stand Mixer,2026-02-28 00:00:00,177
Cuisinart Precision Stand Mixer,2026-03-31 00:00:00,222
Cuisinart Precision Stand Mixer,2026-04-30 00:00:00,211
Cuisinart Precision Stand Mixer,2026-05-31 00:00:00,237
Cuisinart Precision Stand Mixer,2026-06-30 00:00:00,197
Cuisinart Precision Stand Mixer,2026-07-31 00:00:00,204
Cuisinart Precision Stand Mixer,2026-08-31 00:00:00,191
Cuisinart Precision Stand Mixer,2026-09-30 00:00:00,231
Cuisinart Precision Stand Mixer,2026-10-31 00:00:00,201
Cuisinart Precision Stand Mixer,2026-11-30 00:00:00,201
Cuisinart Precision Stand Mixer,2026-12-31 00:00:00,281
Cuisinart Precision Stand Mixer,2027-01-31 00:00:00,253
Cuisinart Precision Stand Mixer,2027-02-28 00:00:00,176
Cuisinart Precision Stand Mixer,2027-03-31 00:00:00,223
Cuisinart Precision Stand Mixer,2027-04-30 00:00:00,211
Cuisinart Precision Stand Mixer,2027-05-31 00:00:00,236
Cuisinart Precision Stand Mixer,2027-06-30 00:00:00,196
Cuisinart Precision Stand Mixer,2027-07-31 00:00:00,204
Cuisinart Precision Stand Mixer,2027-08-31 00:00:00,190
Cuisinart Precision Stand Mixer,2027-09-30 00:00:00,230
Cuisinart Precision Stand Mixer,2027-10-31 00:00:00,200
Cuisinart Precision Stand Mixer,2027-11-30 00:00:00,200
Cuisinart Precision Stand Mixer,2027-12-31 00:00:00,274
Cuisinart Precision Stand Mixer,2028-01-31 00:00:00,252
Cuisinart Precision Stand Mixer,2028-02-29 00:00:00,175
Cuisinart Precision Stand Mixer,2028-03-31 00:00:00,221
Cuisinart Precision Stand Mixer,2028-04-30 00:00:00,210
Cuisinart Precision Stand Mixer,2028-05-31 00:00:00,236
Cuisinart Precision Stand Mixer,2028-06-30 00:00:00,195
Cuisinart Precision Stand Mixer,2028-07-31 00:00:00,203
Cuisinart Precision Stand Mixer,2028-08-31 00:00:00,190
Cuisinart Precision Stand Mixer,2028-09-30 00:00:00,229
De'Longhi Dinamica Espresso Machine,2015-01-31 00:00:00,137
De'Longhi Dinamica Espresso Machine,2015-02-28 00:00:00,170
De'Longhi Dinamica Espresso Machine,2015-03-31 00:00:00,108
De'Longhi Dinamica Espresso Machine,2015-04-30 00:00:00,225
De'Longhi Dinamica Espresso Machine,2015-05-31 00:00:00,142
De'Longhi Dinamica Espresso Machine,2015-06-30 00:00:00,164
De'Longhi Dinamica Espresso Machine,2015-07-31 00:00:00,189
De'Longhi Dinamica Espresso Machine,2015-08-31 00:00:00,152
De'Longhi Dinamica Espresso Machine,2015-09-30 00:00:00,182
De'Longhi Dinamica Espresso Machine,2015-10-31 00:00:00,92
De'Longhi Dinamica Espresso Machine,2015-11-30 00:00:00,148
De'Longhi Dinamica Espresso Machine,2015-12-31 00:00:00,219
De'Longhi Dinamica Espresso Machine,2016-01-31 00:00:00,296
De'Longhi Dinamica Espresso Machine,2016-02-29 00:00:00,143
De'Longhi Dinamica Espresso Machine,2016-03-31 00:00:00,182
De'Longhi Dinamica Espresso Machine,2016-04-30 00:00:00,153
De'Longhi Dinamica Espresso Machine,2016-05-31 00:00:00,215
De'Longhi Dinamica Espresso Machine,2016-06-30 00:00:00,218
De'Longhi Dinamica Espresso Machine,2016-07-31 00:00:00,188
De'Longhi Dinamica Espresso Machine,2016-08-31 00:00:00,138
De'Longhi Dinamica Espresso Machine,2016-09-30 00:00:00,148
De'Longhi Dinamica Espresso Machine,2016-10-31 00:00:00,138
De'Longhi Dinamica Espresso Machine,2016-11-30 00:00:00,154
De'Longhi Dinamica Espresso Machine,2016-12-31 00:00:00,174
De'Longhi Dinamica Espresso Machine,2017-01-31 00:00:00,183
De'Longhi Dinamica Espresso Machine,2017-02-28 00:00:00,128
De'Longhi Dinamica Espresso Machine,2017-03-31 00:00:00,186
De'Longhi Dinamica Espresso Machine,2017-04-30 00:00:00,98
De'Longhi Dinamica Espresso Machine,2017-05-31 00:00:00,30
De'Longhi Dinamica Espresso Machine,2017-06-30 00:00:00,116
De'Longhi Dinamica Espresso Machine,2017-07-31 00:00:00,111
De'Longhi Dinamica Espresso Machine,2017-08-31 00:00:00,119
De'Longhi Dinamica Espresso Machine,2017-09-30 00:00:00,43
De'Longhi Dinamica Espresso Machine,2017-10-31 00:00:00,122
De'Longhi Dinamica Espresso Machine,2017-11-30 00:00:00,147
De'Longhi Dinamica Espresso Machine,2017-12-31 00:00:00,62
De'Longhi Dinamica Espresso Machine,2018-01-31 00:00:00,257
De'Longhi Dinamica Espresso Machine,2018-02-28 00:00:00,152
De'Longhi Dinamica Espresso Machine,2018-03-31 00:00:00,69
De'Longhi Dinamica Espresso Machine,2018-04-30 00:00:00,99
De'Longhi Dinamica Espresso Machine,2018-05-31 00:00:00,220
De'Longhi Dinamica Espresso Machine,2018-06-30 00:00:00,104
De'Longhi Dinamica Espresso Machine,2018-07-31 00:00:00,78
De'Longhi Dinamica Espresso Machine,2018-08-31 00:00:00,114
De'Longhi Dinamica Espresso Machine,2018-09-30 00:00:00,206
De'Longhi Dinamica Espresso Machine,2018-10-31 00:00:00,90
De'Longhi Dinamica Espresso Machine,2018-11-30 00:00:00,120
De'Longhi Dinamica Espresso Machine,2018-12-31 00:00:00,159
De'Longhi Dinamica Espresso Machine,2019-01-31 00:00:00,115
De'Longhi Dinamica Espresso Machine,2019-02-28 00:00:00,136
De'Longhi Dinamica Espresso Machine,2019-03-31 00:00:00,161
De'Longhi Dinamica Espresso Machine,2019-04-30 00:00:00,144
De'Longhi Dinamica Espresso Machine,2019-05-31 00:00:00,140
De'Longhi Dinamica Espresso Machine,2019-06-30 00:00:00,194
De'Longhi Dinamica Espresso Machine,2019-07-31 00:00:00,92
De'Longhi Dinamica Espresso Machine,2019-08-31 00:00:00,109
De'Longhi Dinamica Espresso Machine,2019-09-30 00:00:00,180
De'Longhi Dinamica Espresso Machine,2019-10-31 00:00:00,152
De'Longhi Dinamica Espresso Machine,2019-11-30 00:00:00,212
De'Longhi Dinamica Espresso Machine,2019-12-31 00:00:00,233
De'Longhi Dinamica Espresso Machine,2020-01-31 00:00:00,183
De'Longhi Dinamica Espresso Machine,2020-02-29 00:00:00,117
De'Longhi Dinamica Espresso Machine,2020-03-31 00:00:00,185
De'Longhi Dinamica Espresso Machine,2020-04-30 00:00:00,143
De'Longhi Dinamica Espresso Machine,2020-05-31 00:00:00,100
De'Longhi Dinamica Espresso Machine,2020-06-30 00:00:00,189
De'Longhi Dinamica Espresso Machine,2020-07-31 00:00:00,264
De'Longhi Dinamica Espresso Machine,2020-08-31 00:00:00,94
De'Longhi Dinamica Espresso Machine,2020-09-30 00:00:00,140
De'Longhi Dinamica Espresso Machine,2020-10-31 00:00:00,52
De'Longhi Dinamica Espresso Machine,2020-11-30 00:00:00,118
De'Longhi Dinamica Espresso Machine,2020-12-31 00:00:00,121
De'Longhi Dinamica Espresso Machine,2021-01-31 00:00:00,161
De'Longhi Dinamica Espresso Machine,2021-02-28 00:00:00,112
De'Longhi Dinamica Espresso Machine,2021-03-31 00:00:00,244
De'Longhi Dinamica Espresso Machine,2021-04-30 00:00:00,75
De'Longhi Dinamica Espresso Machine,2021-05-31 00:00:00,178
De'Longhi Dinamica Espresso Machine,2021-06-30 00:00:00,142
De'Longhi Dinamica Espresso Machine,2021-07-31 00:00:00,135
De'Longhi Dinamica Espresso Machine,2021-08-31 00:00:00,183
De'Longhi Dinamica Espresso Machine,2021-09-30 00:00:00,161
De'Longhi Dinamica Espresso Machine,2021-10-31 00:00:00,169
De'Longhi Dinamica Espresso Machine,2021-11-30 00:00:00,118
De'Longhi Dinamica Espresso Machine,2021-12-31 00:00:00,139
De'Longhi Dinamica Espresso Machine,2022-01-31 00:00:00,130
De'Longhi Dinamica Espresso Machine,2022-02-28 00:00:00,228
De'Longhi Dinamica Espresso Machine,2022-03-31 00:00:00,152
De'Longhi Dinamica Espresso Machine,2022-04-30 00:00:00,207
De'Longhi Dinamica Espresso Machine,2022-05-31 00:00:00,209
De'Longhi Dinamica Espresso Machine,2022-06-30 00:00:00,83
De'Longhi Dinamica Espresso Machine,2022-07-31 00:00:00,122
De'Longhi Dinamica Espresso Machine,2022-08-31 00:00:00,169
De'Longhi Dinamica Espresso Machine,2022-09-30 00:00:00,171
De'Longhi Dinamica Espresso Machine,2022-10-31 00:00:00,237
De'Longhi Dinamica Espresso Machine,2022-11-30 00:00:00,95
De'Longhi Dinamica Espresso Machine,2022-12-31 00:00:00,132
De'Longhi Dinamica Espresso Machine,2023-01-31 00:00:00,184
De'Longhi Dinamica Espresso Machine,2023-02-28 00:00:00,115
De'Longhi Dinamica Espresso Machine,2023-03-31 00:00:00,140
De'Longhi Dinamica Espresso Machine,2023-04-30 00:00:00,106
De'Longhi Dinamica Espresso Machine,2023-05-31 00:00:00,259
De'Longhi Dinamica Espresso Machine,2023-06-30 00:00:00,119
De'Longhi Dinamica Espresso Machine,2023-07-31 00:00:00,103
De'Longhi Dinamica Espresso Machine,2023-08-31 00:00:00,127
De'Longhi Dinamica Espresso Machine,2023-09-30 00:00:00,104
De'Longhi Dinamica Espresso Machine,2023-10-31 00:00:00,119
De'Longhi Dinamica Espresso Machine,2023-11-30 00:00:00,147
De'Longhi Dinamica Espresso Machine,2023-12-31 00:00:00,189
De'Longhi Dinamica Espresso Machine,2024-01-31 00:00:00,169
De'Longhi Dinamica Espresso Machine,2024-02-29 00:00:00,121
De'Longhi Dinamica Espresso Machine,2024-03-31 00:00:00,158
De'Longhi Dinamica Espresso Machine,2024-04-30 00:00:00,118
De'Longhi Dinamica Espresso Machine,2024-05-31 00:00:00,137
De'Longhi Dinamica Espresso Machine,2024-06-30 00:00:00,148
De'Longhi Dinamica Espresso Machine,2024-07-31 00:00:00,140
De'Longhi Dinamica Espresso Machine,2024-08-31 00:00:00,121
De'Longhi Dinamica Espresso Machine,2024-09-30 00:00:00,142
De'Longhi Dinamica Espresso Machine,2024-10-31 00:00:00,112
De'Longhi Dinamica Espresso Machine,2024-11-30 00:00:00,134
De'Longhi Dinamica Espresso Machine,2024-12-31 00:00:00,144
De'Longhi Dinamica Espresso Machine,2025-01-31 00:00:00,163
De'Longhi Dinamica Espresso Machine,2025-02-28 00:00:00,139
De'Longhi Dinamica Espresso Machine,2025-03-31 00:00:00,154
De'Longhi Dinamica Espresso Machine,2025-04-30 00:00:00,130
De'Longhi Dinamica Espresso Machine,2025-05-31 00:00:00,148
De'Longhi Dinamica Espresso Machine,2025-06-30 00:00:00,136
De'Longhi Dinamica Espresso Machine,2025-07-31 00:00:00,137
De'Longhi Dinamica Espresso Machine,2025-08-31 00:00:00,127
De'Longhi Dinamica Espresso Machine,2025-09-30 00:00:00,144
De'Longhi Dinamica Espresso Machine,2025-10-31 00:00:00,131
De'Longhi Dinamica Espresso Machine,2025-11-30 00:00:00,124
De'Longhi Dinamica Espresso Machine,2025-12-31 00:00:00,139
De'Longhi Dinamica Espresso Machine,2026-01-31 00:00:00,165
De'Longhi Dinamica Espresso Machine,2026-02-28 00:00:00,133
De'Longhi Dinamica Espresso Machine,2026-03-31 00:00:00,150
De'Longhi Dinamica Espresso Machine,2026-04-30 00:00:00,124
De'Longhi Dinamica Espresso Machine,2026-05-31 00:00:00,163
De'Longhi Dinamica Espresso Machine,2026-06-30 00:00:00,129
De'Longhi Dinamica Espresso Machine,2026-07-31 00:00:00,126
De'Longhi Dinamica Espresso Machine,2026-08-31 00:00:00,124
De'Longhi Dinamica Espresso Machine,2026-09-30 00:00:00,134
De'Longhi Dinamica Espresso Machine,2026-10-31 00:00:00,125
De'Longhi Dinamica Espresso Machine,2026-11-30 00:00:00,126
De'Longhi Dinamica Espresso Machine,2026-12-31 00:00:00,146
De'Longhi Dinamica Espresso Machine,2027-01-31 00:00:00,164
De'Longhi Dinamica Espresso Machine,2027-02-28 00:00:00,130
De'Longhi Dinamica Espresso Machine,2027-03-31 00:00:00,150
De'Longhi Dinamica Espresso Machine,2027-04-30 00:00:00,122
De'Longhi Dinamica Espresso Machine,2027-05-31 00:00:00,157
De'Longhi Dinamica Espresso Machine,2027-06-30 00:00:00,132
De'Longhi Dinamica Espresso Machine,2027-07-31 00:00:00,127
De'Longhi Dinamica Espresso Machine,2027-08-31 00:00:00,124
De'Longhi Dinamica Espresso Machine,2027-09-30 00:00:00,136
De'Longhi Dinamica Espresso Machine,2027-10-31 00:00:00,124
De'Longhi Dinamica Espresso Machine,2027-11-30 00:00:00,126
De'Longhi Dinamica Espresso Machine,2027-12-31 00:00:00,144
De'Longhi Dinamica Espresso Machine,2028-01-31 00:00:00,163
De'Longhi Dinamica Espresso Machine,2028-02-29 00:00:00,130
De'Longhi Dinamica Espresso Machine,2028-03-31 00:00:00,150
De'Longhi Dinamica Espresso Machine,2028-04-30 00:00:00,123
De'Longhi Dinamica Espresso Machine,2028-05-31 00:00:00,155
De'Longhi Dinamica Espresso Machine,2028-06-30 00:00:00,131
De'Longhi Dinamica Espresso Machine,2028-07-31 00:00:00,127
De'Longhi Dinamica Espresso Machine,2028-08-31 00:00:00,122
De'Longhi Dinamica Espresso Machine,2028-09-30 00:00:00,135
Fahrenheit 451,2015-04-30 00:00:00,10
Fahrenheit 451,2019-03-31 00:00:00,14
Fahrenheit 451,2019-04-30 00:00:00,19
Fahrenheit 451,2020-12-31 00:00:00,11
Fahrenheit 451,2021-04-30 00:00:00,11
Fahrenheit 451,2023-08-31 00:00:00,5
Fahrenheit 451,2023-09-30 00:00:00,3
Fahrenheit 451,2023-10-31 00:00:00,2
Fahrenheit 451,2023-11-30 00:00:00,2
Fahrenheit 451,2023-12-31 00:00:00,5
Fahrenheit 451,2024-01-31 00:00:00,2
Fahrenheit 451,2024-02-29 00:00:00,2
Fahrenheit 451,2024-03-31 00:00:00,2
Fahrenheit 451,2024-04-30 00:00:00,5
Fahrenheit 451,2024-05-31 00:00:00,3
Fahrenheit 451,2024-06-30 00:00:00,2
Fahrenheit 451,2024-07-31 00:00:00,2
Fahrenheit 451,2024-08-31 00:00:00,4
Fahrenheit 451,2024-09-30 00:00:00,3
Fahrenheit 451,2024-10-31 00:00:00,3
Fahrenheit 451,2024-11-30 00:00:00,3
Fahrenheit 451,2024-12-31 00:00:00,4
Fahrenheit 451,2025-01-31 00:00:00,3
Fahrenheit 451,2025-02-28 00:00:00,3
Fahrenheit 451,2025-03-31 00:00:00,3
Fahrenheit 451,2025-04-30 00:00:00,4
Fahrenheit 451,2025-05-31 00:00:00,3
Fahrenheit 451,2025-06-30 00:00:00,3
Fahrenheit 451,2025-07-31 00:00:00,3
Fahrenheit 451,2025-08-31 00:00:00,6
Fahrenheit 451,2025-09-30 00:00:00,5
Fahrenheit 451,2025-10-31 00:00:00,4
Fahrenheit 451,2025-11-30 00:00:00,4
Fahrenheit 451,2025-12-31 00:00:00,6
Fahrenheit 451,2026-01-31 00:00:00,5
Fahrenheit 451,2026-02-28 00:00:00,4
Fahrenheit 451,2026-03-31 00:00:00,4
Fahrenheit 451,2026-04-30 00:00:00,6
Fahrenheit 451,2026-05-31 00:00:00,4
Fahrenheit 451,2026-06-30 00:00:00,4
Fahrenheit 451,2026-07-31 00:00:00,4
Fahrenheit 451,2026-08-31 00:00:00,7
Fahrenheit 451,2026-09-30 00:00:00,6
Fahrenheit 451,2026-10-31 00:00:00,6
Fahrenheit 451,2026-11-30 00:00:00,5
Fahrenheit 451,2026-12-31 00:00:00,7
Fahrenheit 451,2027-01-31 00:00:00,6
Fahrenheit 451,2027-02-28 00:00:00,6
Fahrenheit 451,2027-03-31 00:00:00,6
Fahrenheit 451,2027-04-30 00:00:00,7
Fahrenheit 451,2027-05-31 00:00:00,6
Fahrenheit 451,2027-06-30 00:00:00,6
Fahrenheit 451,2027-07-31 00:00:00,6
Fahrenheit 451,2027-08-31 00:00:00,8
Fahrenheit 451,2027-09-30 00:00:00,7
Fahrenheit 451,2027-10-31 00:00:00,7
Fahrenheit 451,2027-11-30 00:00:00,7
Fahrenheit 451,2027-12-31 00:00:00,8
Fahrenheit 451,2028-01-31 00:00:00,7
Fahrenheit 451,2028-02-29 00:00:00,7
Fahrenheit 451,2028-03-31 00:00:00,7
Fahrenheit 451,2028-04-30 00:00:00,8
Fahrenheit 451,2028-05-31 00:00:00,7
Garmin Forerunner 965,2015-01-31 00:00:00,237
Garmin Forerunner 965,2015-02-28 00:00:00,226
Garmin Forerunner 965,2015-03-31 00:00:00,297
Garmin Forerunner 965,2015-04-30 00:00:00,276
Garmin Forerunner 965,2015-05-31 00:00:00,265
Garmin Forerunner 965,2015-06-30 00:00:00,282
Garmin Forerunner 965,2015-07-31 00:00:00,316
Garmin Forerunner 965,2015-08-31 00:00:00,251
Garmin Forerunner 965,2015-09-30 00:00:00,185
Garmin Forerunner 965,2015-10-31 00:00:00,327
Garmin Forerunner 965,2015-11-30 00:00:00,286
Garmin Forerunner 965,2015-12-31 00:00:00,254
Garmin Forerunner 965,2016-01-31 00:00:00,257
Garmin Forerunner 965,2016-02-29 00:00:00,282
Garmin Forerunner 965,2016-03-31 00:00:00,216
Garmin Forerunner 965,2016-04-30 00:00:00,268
Garmin Forerunner 965,2016-05-31 00:00:00,366
Garmin Forerunner 965,2016-06-30 00:00:00,262
Garmin Forerunner 965,2016-07-31 00:00:00,299
Garmin Forerunner 965,2016-08-31 00:00:00,320
Garmin Forerunner 965,2016-09-30 00:00:00,156
Garmin Forerunner 965,2016-10-31 00:00:00,260
Garmin Forerunner 965,2016-11-30 00:00:00,211
Garmin Forerunner 965,2016-12-31 00:00:00,112
Garmin Forerunner 965,2017-01-31 00:00:00,290
Garmin Forerunner 965,2017-02-28 00:00:00,275
Garmin Forerunner 965,2017-03-31 00:00:00,146
Garmin Forerunner 965,2017-04-30 00:00:00,248
Garmin Forerunner 965,2017-05-31 00:00:00,203
Garmin Forerunner 965,2017-06-30 00:00:00,244
Garmin Forerunner 965,2017-07-31 00:00:00,171
Garmin Forerunner 965,2017-08-31 00:00:00,246
Garmin Forerunner 965,2017-09-30 00:00:00,279
Garmin Forerunner 965,2017-10-31 00:00:00,246
Garmin Forerunner 965,2017-11-30 00:00:00,178
Garmin Forerunner 965,2017-12-31 00:00:00,219
Garmin Forerunner 965,2018-01-31 00:00:00,235
Garmin Forerunner 965,2018-02-28 00:00:00,194
Garmin Forerunner 965,2018-03-31 00:00:00,270
Garmin Forerunner 965,2018-04-30 00:00:00,269
Garmin Forerunner 965,2018-05-31 00:00:00,280
Garmin Forerunner 965,2018-06-30 00:00:00,204
Garmin Forerunner 965,2018-07-31 00:00:00,110
Garmin Forerunner 965,2018-08-31 00:00:00,250
Garmin Forerunner 965,2018-09-30 00:00:00,107
Garmin Forerunner 965,2018-10-31 00:00:00,272
Garmin Forerunner 965,2018-11-30 00:00:00,284
Garmin Forerunner 965,2018-12-31 00:00:00,251
Garmin Forerunner 965,2019-01-31 00:00:00,128
Garmin Forerunner 965,2019-02-28 00:00:00,260
Garmin Forerunner 965,2019-03-31 00:00:00,337
Garmin Forerunner 965,2019-04-30 00:00:00,174
Garmin Forerunner 965,2019-05-31 00:00:00,264
Garmin Forerunner 965,2019-06-30 00:00:00,234
Garmin Forerunner 965,2019-07-31 00:00:00,250
Garmin Forerunner 965,2019-08-31 00:00:00,196
Garmin Forerunner 965,2019-09-30 00:00:00,267
Garmin Forerunner 965,2019-10-31 00:00:00,323
Garmin Forerunner 965,2019-11-30 00:00:00,166
Garmin Forerunner 965,2019-12-31 00:00:00,230
Garmin Forerunner 965,2020-01-31 00:00:00,273
Garmin Forerunner 965,2020-02-29 00:00:00,243
Garmin Forerunner 965,2020-03-31 00:00:00,269
Garmin Forerunner 965,2020-04-30 00:00:00,291
Garmin Forerunner 965,2020-05-31 00:00:00,238
Garmin Forerunner 965,2020-06-30 00:00:00,166
Garmin Forerunner 965,2020-07-31 00:00:00,322
Garmin Forerunner 965,2020-08-31 00:00:00,248
Garmin Forerunner 965,2020-09-30 00:00:00,167
Garmin Forerunner 965,2020-10-31 00:00:00,225
Garmin Forerunner 965,2020-11-30 00:00:00,142
Garmin Forerunner 965,2020-12-31 00:00:00,220
Garmin Forerunner 965,2021-01-31 00:00:00,195
Garmin Forerunner 965,2021-02-28 00:00:00,230
Garmin Forerunner 965,2021-03-31 00:00:00,320
Garmin Forerunner 965,2021-04-30 00:00:00,256
Garmin Forerunner 965,2021-05-31 00:00:00,216
Garmin Forerunner 965,2021-06-30 00:00:00,270
Garmin Forerunner 965,2021-07-31 00:00:00,161
Garmin Forerunner 965,2021-08-31 00:00:00,224
Garmin Forerunner 965,2021-09-30 00:00:00,242
Garmin Forerunner 965,2021-10-31 00:00:00,222
Garmin Forerunner 965,2021-11-30 00:00:00,213
Garmin Forerunner 965,2021-12-31 00:00:00,249
Garmin Forerunner 965,2022-01-31 00:00:00,237
Garmin Forerunner 965,2022-02-28 00:00:00,242
Garmin Forerunner 965,2022-03-31 00:00:00,226
Garmin Forerunner 965,2022-04-30 00:00:00,185
Garmin Forerunner 965,2022-05-31 00:00:00,344
Garmin Forerunner 965,2022-06-30 00:00:00,155
Garmin Forerunner 965,2022-07-31 00:00:00,257
Garmin Forerunner 965,2022-08-31 00:00:00,215
Garmin Forerunner 965,2022-09-30 00:00:00,280
Garmin Forerunner 965,2022-10-31 00:00:00,176
Garmin Forerunner 965,2022-11-30 00:00:00,140
Garmin Forerunner 965,2022-12-31 00:00:00,251
Garmin Forerunner 965,2023-01-31 00:00:00,329
Garmin Forerunner 965,2023-02-28 00:00:00,299
Garmin Forerunner 965,2023-03-31 00:00:00,269
Garmin Forerunner 965,2023-04-30 00:00:00,263
Garmin Forerunner 965,2023-05-31 00:00:00,355
Garmin Forerunner 965,2023-06-30 00:00:00,315
Garmin Forerunner 965,2023-07-31 00:00:00,331
Garmin Forerunner 965,2023-08-31 00:00:00,260
Garmin Forerunner 965,2023-09-30 00:00:00,196
Garmin Forerunner 965,2023-10-31 00:00:00,260
Garmin Forerunner 965,2023-11-30 00:00:00,265
Garmin Forerunner 965,2023-12-31 00:00:00,243
Garmin Forerunner 965,2024-01-31 00:00:00,250
Garmin Forerunner 965,2024-02-29 00:00:00,275
Garmin Forerunner 965,2024-03-31 00:00:00,299
Garmin Forerunner 965,2024-04-30 00:00:00,267
Garmin Forerunner 965,2024-05-31 00:00:00,290
Garmin Forerunner 965,2024-06-30 00:00:00,254
Garmin Forerunner 965,2024-07-31 00:00:00,259
Garmin Forerunner 965,2024-08-31 00:00:00,260
Garmin Forerunner 965,2024-09-30 00:00:00,244
Garmin Forerunner 965,2024-10-31 00:00:00,262
Garmin Forerunner 965,2024-11-30 00:00:00,222
Garmin Forerunner 965,2024-12-31 00:00:00,259
Garmin Forerunner 965,2025-01-31 00:00:00,264
Garmin Forerunner 965,2025-02-28 00:00:00,276
Garmin Forerunner 965,2025-03-31 00:00:00,292
Garmin Forerunner 965,2025-04-30 00:00:00,259
Garmin Forerunner 965,2025-05-31 00:00:00,315
Garmin Forerunner 965,2025-06-30 00:00:00,252
Garmin Forerunner 965,2025-07-31 00:00:00,273
Garmin Forerunner 965,2025-08-31 00:00:00,260
Garmin Forerunner 965,2025-09-30 00:00:00,257
Garmin Forerunner 965,2025-10-31 00:00:00,256
Garmin Forerunner 965,2025-11-30 00:00:00,218
Garmin Forerunner 965,2025-12-31 00:00:00,266
Garmin Forerunner 965,2026-01-31 00:00:00,287
Garmin Forerunner 965,2026-02-28 00:00:00,292
Garmin Forerunner 965,2026-03-31 00:00:00,297
Garmin Forerunner 965,2026-04-30 00:00:00,273
Garmin Forerunner 965,2026-05-31 00:00:00,330
Garmin Forerunner 965,2026-06-30 00:00:00,273
Garmin Forerunner 965,2026-07-31 00:00:00,293
Garmin Forerunner 965,2026-08-31 00:00:00,270
Garmin Forerunner 965,2026-09-30 00:00:00,254
Garmin Forerunner 965,2026-10-31 00:00:00,268
Garmin Forerunner 965,2026-11-30 00:00:00,238
Garmin Forerunner 965,2026-12-31 00:00:00,272
Garmin Forerunner 965,2027-01-31 00:00:00,290
Garmin Forerunner 965,2027-02-28 00:00:00,298
Garmin Forerunner 965,2027-03-31 00:00:00,311
Garmin Forerunner 965,2027-04-30 00:00:00,284
Garmin Forerunner 965,2027-05-31 00:00:00,334
Garmin Forerunner 965,2027-06-30 00:00:00,278
Garmin Forerunner 965,2027-07-31 00:00:00,298
Garmin Forerunner 965,2027-08-31 00:00:00,280
Garmin Forerunner 965,2027-09-30 00:00:00,265
Garmin Forerunner 965,2027-10-31 00:00:00,276
Garmin Forerunner 965,2027-11-30 00:00:00,246
Garmin Forerunner 965,2027-12-31 00:00:00,281
Garmin Forerunner 965,2028-01-31 00:00:00,296
Garmin Forerunner 965,2028-02-29 00:00:00,304
Garmin Forerunner 965,2028-03-31 00:00:00,319
Garmin Forerunner 965,2028-04-30 00:00:00,290
Garmin Forerunner 965,2028-05-31 00:00:00,341
Garmin Forerunner 965,2028-06-30 00:00:00,285
Garmin Forerunner 965,2028-07-31 00:00:00,303
Garmin Forerunner 965,2028-08-31 00:00:00,287
Garmin Forerunner 965,2028-09-30 00:00:00,276
Google Pixel Buds Pro,2015-01-31 00:00:00,158
Google Pixel Buds Pro,2015-02-28 00:00:00,119
Google Pixel Buds Pro,2015-03-31 00:00:00,150
Google Pixel Buds Pro,2015-04-30 00:00:00,222
Google Pixel Buds Pro,2015-05-31 00:00:00,228
Google Pixel Buds Pro,2015-06-30 00:00:00,240
Google Pixel Buds Pro,2015-07-31 00:00:00,89
Google Pixel Buds Pro,2015-08-31 00:00:00,124
Google Pixel Buds Pro,2015-09-30 00:00:00,119
Google Pixel Buds Pro,2015-10-31 00:00:00,128
Google Pixel Buds Pro,2015-11-30 00:00:00,199
Google Pixel Buds Pro,2015-12-31 00:00:00,246
Google Pixel Buds Pro,2016-01-31 00:00:00,226
Google Pixel Buds Pro,2016-02-29 00:00:00,211
Google Pixel Buds Pro,2016-03-31 00:00:00,181
Google Pixel Buds Pro,2016-04-30 00:00:00,99
Google Pixel Buds Pro,2016-05-31 00:00:00,197
Google Pixel Buds Pro,2016-06-30 00:00:00,174
Google Pixel Buds Pro,2016-07-31 00:00:00,168
Google Pixel Buds Pro,2016-08-31 00:00:00,208
Google Pixel Buds Pro,2016-09-30 00:00:00,86
Google Pixel Buds Pro,2016-10-31 00:00:00,159
Google Pixel Buds Pro,2016-11-30 00:00:00,160
Google Pixel Buds Pro,2016-12-31 00:00:00,90
Google Pixel Buds Pro,2017-01-31 00:00:00,177
Google Pixel Buds Pro,2017-02-28 00:00:00,142
Google Pixel Buds Pro,2017-03-31 00:00:00,159
Google Pixel Buds Pro,2017-04-30 00:00:00,172
Google Pixel Buds Pro,2017-05-31 00:00:00,144
Google Pixel Buds Pro,2017-06-30 00:00:00,184
Google Pixel Buds Pro,2017-07-31 00:00:00,97
Google Pixel Buds Pro,2017-08-31 00:00:00,179
Google Pixel Buds Pro,2017-09-30 00:00:00,148
Google Pixel Buds Pro,2017-10-31 00:00:00,121
Google Pixel Buds Pro,2017-11-30 00:00:00,108
Google Pixel Buds Pro,2017-12-31 00:00:00,220
Google Pixel Buds Pro,2018-01-31 00:00:00,192
Google Pixel Buds Pro,2018-02-28 00:00:00,164
Google Pixel Buds Pro,2018-03-31 00:00:00,121
Google Pixel Buds Pro,2018-04-30 00:00:00,124
Google Pixel Buds Pro,2018-05-31 00:00:00,166
Google Pixel Buds Pro,2018-06-30 00:00:00,112
Google Pixel Buds Pro,2018-07-31 00:00:00,231
Google Pixel Buds Pro,2018-08-31 00:00:00,79
Google Pixel Buds Pro,2018-09-30 00:00:00,141
Google Pixel Buds Pro,2018-10-31 00:00:00,164
Google Pixel Buds Pro,2018-11-30 00:00:00,208
Google Pixel Buds Pro,2018-12-31 00:00:00,98
Google Pixel Buds Pro,2019-01-31 00:00:00,191
Google Pixel Buds Pro,2019-02-28 00:00:00,183
Google Pixel Buds Pro,2019-03-31 00:00:00,223
Google Pixel Buds Pro,2019-04-30 00:00:00,152
Google Pixel Buds Pro,2019-05-31 00:00:00,152
Google Pixel Buds Pro,2019-06-30 00:00:00,155
Google Pixel Buds Pro,2019-07-31 00:00:00,137
Google Pixel Buds Pro,2019-08-31 00:00:00,129
Google Pixel Buds Pro,2019-09-30 00:00:00,99
Google Pixel Buds Pro,2019-10-31 00:00:00,92
Google Pixel Buds Pro,2019-11-30 00:00:00,200
Google Pixel Buds Pro,2019-12-31 00:00:00,218
Google Pixel Buds Pro,2020-01-31 00:00:00,208
Google Pixel Buds Pro,2020-02-29 00:00:00,220
Google Pixel Buds Pro,2020-03-31 00:00:00,104
Google Pixel Buds Pro,2020-04-30 00:00:00,177
Google Pixel Buds Pro,2020-05-31 00:00:00,183
Google Pixel Buds Pro,2020-06-30 00:00:00,103
Google Pixel Buds Pro,2020-07-31 00:00:00,204
Google Pixel Buds Pro,2020-08-31 00:00:00,130
Google Pixel Buds Pro,2020-09-30 00:00:00,168
Google Pixel Buds Pro,2020-10-31 00:00:00,166
Google Pixel Buds Pro,2020-11-30 00:00:00,112
Google Pixel Buds Pro,2020-12-31 00:00:00,166
Google Pixel Buds Pro,2021-01-31 00:00:00,85
Google Pixel Buds Pro,2021-02-28 00:00:00,142
Google Pixel Buds Pro,2021-03-31 00:00:00,130
Google Pixel Buds Pro,2021-04-30 00:00:00,211
Google Pixel Buds Pro,2021-05-31 00:00:00,204
Google Pixel Buds Pro,2021-06-30 00:00:00,154
Google Pixel Buds Pro,2021-07-31 00:00:00,147
Google Pixel Buds Pro,2021-08-31 00:00:00,138
Google Pixel Buds Pro,2021-09-30 00:00:00,206
Google Pixel Buds Pro,2021-10-31 00:00:00,190
Google Pixel Buds Pro,2021-11-30 00:00:00,207
Google Pixel Buds Pro,2021-12-31 00:00:00,182
Google Pixel Buds Pro,2022-01-31 00:00:00,157
Google Pixel Buds Pro,2022-02-28 00:00:00,210
Google Pixel Buds Pro,2022-03-31 00:00:00,172
Google Pixel Buds Pro,2022-04-30 00:00:00,116
Google Pixel Buds Pro,2022-05-31 00:00:00,169
Google Pixel Buds Pro,2022-06-30 00:00:00,109
Google Pixel Buds Pro,2022-07-31 00:00:00,160
Google Pixel Buds Pro,2022-08-31 00:00:00,234
Google Pixel Buds Pro,2022-09-30 00:00:00,236
Google Pixel Buds Pro,2022-10-31 00:00:00,158
Google Pixel Buds Pro,2022-11-30 00:00:00,83
Google Pixel Buds Pro,2022-12-31 00:00:00,194
Google Pixel Buds Pro,2023-01-31 00:00:00,149
Google Pixel Buds Pro,2023-02-28 00:00:00,118
Google Pixel Buds Pro,2023-03-31 00:00:00,193
Google Pixel Buds Pro,2023-04-30 00:00:00,131
Google Pixel Buds Pro,2023-05-31 00:00:00,229
Google Pixel Buds Pro,2023-06-30 00:00:00,159
Google Pixel Buds Pro,2023-07-31 00:00:00,178
Google Pixel Buds Pro,2023-08-31 00:00:00,115
Google Pixel Buds Pro,2023-09-30 00:00:00,220
Google Pixel Buds Pro,2023-10-31 00:00:00,126
Google Pixel Buds Pro,2023-11-30 00:00:00,221
Google Pixel Buds Pro,2023-12-31 00:00:00,156
Google Pixel Buds Pro,2024-01-31 00:00:00,148
Google Pixel Buds Pro,2024-02-29 00:00:00,176
Google Pixel Buds Pro,2024-03-31 00:00:00,151
Google Pixel Buds Pro,2024-04-30 00:00:00,140
Google Pixel Buds Pro,2024-05-31 00:00:00,177
Google Pixel Buds Pro,2024-06-30 00:00:00,117
Google Pixel Buds Pro,2024-07-31 00:00:00,157
Google Pixel Buds Pro,2024-08-31 00:00:00,174
Google Pixel Buds Pro,2024-09-30 00:00:00,201
Google Pixel Buds Pro,2024-10-31 00:00:00,153
Google Pixel Buds Pro,2024-11-30 00:00:00,124
Google Pixel Buds Pro,2024-12-31 00:00:00,177
Google Pixel Buds Pro,2025-01-31 00:00:00,142
Google Pixel Buds Pro,2025-02-28 00:00:00,145
Google Pixel Buds Pro,2025-03-31 00:00:00,169
Google Pixel Buds Pro,2025-04-30 00:00:00,134
Google Pixel Buds Pro,2025-05-31 00:00:00,197
Google Pixel Buds Pro,2025-06-30 00:00:00,136
Google Pixel Buds Pro,2025-07-31 00:00:00,164
Google Pixel Buds Pro,2025-08-31 00:00:00,143
Google Pixel Buds Pro,2025-09-30 00:00:00,208
Google Pixel Buds Pro,2025-10-31 00:00:00,138
Google Pixel Buds Pro,2025-11-30 00:00:00,169
Google Pixel Buds Pro,2025-12-31 00:00:00,164
Google Pixel Buds Pro,2026-01-31 00:00:00,142
Google Pixel Buds Pro,2026-02-28 00:00:00,161
Google Pixel Buds Pro,2026-03-31 00:00:00,159
Google Pixel Buds Pro,2026-04-30 00:00:00,137
Google Pixel Buds Pro,2026-05-31 00:00:00,187
Google Pixel Buds Pro,2026-06-30 00:00:00,127
Google Pixel Buds Pro,2026-07-31 00:00:00,159
Google Pixel Buds Pro,2026-08-31 00:00:00,161
Google Pixel Buds Pro,2026-09-30 00:00:00,205
Google Pixel Buds Pro,2026-10-31 00:00:00,146
Google Pixel Buds Pro,2026-11-30 00:00:00,146
Google Pixel Buds Pro,2026-12-31 00:00:00,171
Google Pixel Buds Pro,2027-01-31 00:00:00,144
Google Pixel Buds Pro,2027-02-28 00:00:00,153
Google Pixel Buds Pro,2027-03-31 00:00:00,165
Google Pixel Buds Pro,2027-04-30 00:00:00,134
Google Pixel Buds Pro,2027-05-31 00:00:00,191
Google Pixel Buds Pro,2027-06-30 00:00:00,131
Google Pixel Buds Pro,2027-07-31 00:00:00,161
Google Pixel Buds Pro,2027-08-31 00:00:00,152
Google Pixel Buds Pro,2027-09-30 00:00:00,207
Google Pixel Buds Pro,2027-10-31 00:00:00,143
Google Pixel Buds Pro,2027-11-30 00:00:00,159
Google Pixel Buds Pro,2027-12-31 00:00:00,167
Google Pixel Buds Pro,2028-01-31 00:00:00,146
Google Pixel Buds Pro,2028-02-29 00:00:00,158
Google Pixel Buds Pro,2028-03-31 00:00:00,163
Google Pixel Buds Pro,2028-04-30 00:00:00,136
Google Pixel Buds Pro,2028-05-31 00:00:00,190
Google Pixel Buds Pro,2028-06-30 00:00:00,130
Google Pixel Buds Pro,2028-07-31 00:00:00,162
Google Pixel Buds Pro,2028-08-31 00:00:00,157
Google Pixel Buds Pro,2028-09-30 00:00:00,206
Hanes Crewneck T-Shirts,2016-03-31 00:00:00,9
Hanes Crewneck T-Shirts,2016-07-31 00:00:00,9
Hanes Crewneck T-Shirts,2017-01-31 00:00:00,5
Hanes Crewneck T-Shirts,2018-06-30 00:00:00,7
Hanes Crewneck T-Shirts,2019-03-31 00:00:00,5
Hanes Crewneck T-Shirts,2022-01-31 00:00:00,1
Hanes Crewneck T-Shirts,2022-07-31 00:00:00,5
Hanes Crewneck T-Shirts,2023-10-31 00:00:00,19
Hanes Crewneck T-Shirts,2023-11-30 00:00:00,1
Hanes Crewneck T-Shirts,2023-12-31 00:00:00,1
Hanes Crewneck T-Shirts,2024-01-31 00:00:00,2
Hanes Crewneck T-Shirts,2024-02-29 00:00:00,1
Hanes Crewneck T-Shirts,2024-03-31 00:00:00,2
Hanes Crewneck T-Shirts,2024-04-30 00:00:00,1
Hanes Crewneck T-Shirts,2024-05-31 00:00:00,1
Hanes Crewneck T-Shirts,2024-06-30 00:00:00,2
Hanes Crewneck T-Shirts,2024-07-31 00:00:00,3
Hanes Crewneck T-Shirts,2024-08-31 00:00:00,1
Hanes Crewneck T-Shirts,2024-09-30 00:00:00,2
Hanes Crewneck T-Shirts,2024-10-31 00:00:00,11
Hanes Crewneck T-Shirts,2024-11-30 00:00:00,2
Hanes Crewneck T-Shirts,2024-12-31 00:00:00,2
Hanes Crewneck T-Shirts,2025-01-31 00:00:00,3
Hanes Crewneck T-Shirts,2025-02-28 00:00:00,2
Hanes Crewneck T-Shirts,2025-03-31 00:00:00,2
Hanes Crewneck T-Shirts,2025-04-30 00:00:00,2
Hanes Crewneck T-Shirts,2025-05-31 00:00:00,2
Hanes Crewneck T-Shirts,2025-06-30 00:00:00,2
Hanes Crewneck T-Shirts,2025-07-31 00:00:00,4
Hanes Crewneck T-Shirts,2025-08-31 00:00:00,2
Hanes Crewneck T-Shirts,2025-09-30 00:00:00,2
Hanes Crewneck T-Shirts,2025-10-31 00:00:00,11
Hanes Crewneck T-Shirts,2025-11-30 00:00:00,3
Hanes Crewneck T-Shirts,2025-12-31 00:00:00,3
Hanes Crewneck T-Shirts,2026-01-31 00:00:00,3
Hanes Crewneck T-Shirts,2026-02-28 00:00:00,3
Hanes Crewneck T-Shirts,2026-03-31 00:00:00,3
Hanes Crewneck T-Shirts,2026-04-30 00:00:00,3
Hanes Crewneck T-Shirts,2026-05-31 00:00:00,3
Hanes Crewneck T-Shirts,2026-06-30 00:00:00,3
Hanes Crewneck T-Shirts,2026-07-31 00:00:00,4
Hanes Crewneck T-Shirts,2026-08-31 00:00:00,3
Hanes Crewneck T-Shirts,2026-09-30 00:00:00,3
Hanes Crewneck T-Shirts,2026-10-31 00:00:00,12
Hanes Crewneck T-Shirts,2026-11-30 00:00:00,4
Hanes Crewneck T-Shirts,2026-12-31 00:00:00,4
Hanes Crewneck T-Shirts,2027-01-31 00:00:00,4
Hanes Crewneck T-Shirts,2027-02-28 00:00:00,4
Hanes Crewneck T-Shirts,2027-03-31 00:00:00,4
Hanes Crewneck T-Shirts,2027-04-30 00:00:00,4
Hanes Crewneck T-Shirts,2027-05-31 00:00:00,4
Hanes Crewneck T-Shirts,2027-06-30 00:00:00,4
Hanes Crewneck T-Shirts,2027-07-31 00:00:00,5
Hanes Crewneck T-Shirts,2027-08-31 00:00:00,4
Hanes Crewneck T-Shirts,2027-09-30 00:00:00,4
Hanes Crewneck T-Shirts,2027-10-31 00:00:00,13
Hanes Crewneck T-Shirts,2027-11-30 00:00:00,4
Hanes Crewneck T-Shirts,2027-12-31 00:00:00,4
Hanes Crewneck T-Shirts,2028-01-31 00:00:00,5
Hanes Crewneck T-Shirts,2028-02-29 00:00:00,4
Hanes Crewneck T-Shirts,2028-03-31 00:00:00,5
Hanes Crewneck T-Shirts,2028-04-30 00:00:00,4
Hanes Crewneck T-Shirts,2028-05-31 00:00:00,4
Hanes Crewneck T-Shirts,2028-06-30 00:00:00,4
Hanes Crewneck T-Shirts,2028-07-31 00:00:00,6
Honeywell Home T9 Smart Thermostat,2015-01-31 00:00:00,162
Honeywell Home T9 Smart Thermostat,2015-02-28 00:00:00,140
Honeywell Home T9 Smart Thermostat,2015-03-31 00:00:00,146
Honeywell Home T9 Smart Thermostat,2015-04-30 00:00:00,60
Honeywell Home T9 Smart Thermostat,2015-05-31 00:00:00,37
Honeywell Home T9 Smart Thermostat,2015-06-30 00:00:00,109
Honeywell Home T9 Smart Thermostat,2015-07-31 00:00:00,56
Honeywell Home T9 Smart Thermostat,2015-08-31 00:00:00,11
Honeywell Home T9 Smart Thermostat,2015-09-30 00:00:00,31
Honeywell Home T9 Smart Thermostat,2015-10-31 00:00:00,84
Honeywell Home T9 Smart Thermostat,2015-11-30 00:00:00,90
Honeywell Home T9 Smart Thermostat,2015-12-31 00:00:00,52
Honeywell Home T9 Smart Thermostat,2016-01-31 00:00:00,83
Honeywell Home T9 Smart Thermostat,2016-02-29 00:00:00,126
Honeywell Home T9 Smart Thermostat,2016-03-31 00:00:00,68
Honeywell Home T9 Smart Thermostat,2016-04-30 00:00:00,47
Honeywell Home T9 Smart Thermostat,2016-05-31 00:00:00,99
Honeywell Home T9 Smart Thermostat,2016-06-30 00:00:00,136
Honeywell Home T9 Smart Thermostat,2016-07-31 00:00:00,92
Honeywell Home T9 Smart Thermostat,2016-08-31 00:00:00,43
Honeywell Home T9 Smart Thermostat,2016-09-30 00:00:00,94
Honeywell Home T9 Smart Thermostat,2016-10-31 00:00:00,129
Honeywell Home T9 Smart Thermostat,2016-11-30 00:00:00,118
Honeywell Home T9 Smart Thermostat,2016-12-31 00:00:00,114
Honeywell Home T9 Smart Thermostat,2017-01-31 00:00:00,121
Honeywell Home T9 Smart Thermostat,2017-02-28 00:00:00,141
Honeywell Home T9 Smart Thermostat,2017-03-31 00:00:00,51
Honeywell Home T9 Smart Thermostat,2017-04-30 00:00:00,105
Honeywell Home T9 Smart Thermostat,2017-05-31 00:00:00,106
Honeywell Home T9 Smart Thermostat,2017-06-30 00:00:00,98
Honeywell Home T9 Smart Thermostat,2017-07-31 00:00:00,184
Honeywell Home T9 Smart Thermostat,2017-08-31 00:00:00,150
Honeywell Home T9 Smart Thermostat,2017-09-30 00:00:00,44
Honeywell Home T9 Smart Thermostat,2017-10-31 00:00:00,86
Honeywell Home T9 Smart Thermostat,2017-11-30 00:00:00,55
Honeywell Home T9 Smart Thermostat,2017-12-31 00:00:00,73
Honeywell Home T9 Smart Thermostat,2018-01-31 00:00:00,204
Honeywell Home T9 Smart Thermostat,2018-02-28 00:00:00,82
Honeywell Home T9 Smart Thermostat,2018-03-31 00:00:00,141
Honeywell Home T9 Smart Thermostat,2018-04-30 00:00:00,173
Honeywell Home T9 Smart Thermostat,2018-05-31 00:00:00,88
Honeywell Home T9 Smart Thermostat,2018-06-30 00:00:00,23
Honeywell Home T9 Smart Thermostat,2018-07-31 00:00:00,86
Honeywell Home T9 Smart Thermostat,2018-08-31 00:00:00,165
Honeywell Home T9 Smart Thermostat,2018-09-30 00:00:00,45
Honeywell Home T9 Smart Thermostat,2018-10-31 00:00:00,58
Honeywell Home T9 Smart Thermostat,2018-11-30 00:00:00,159
Honeywell Home T9 Smart Thermostat,2018-12-31 00:00:00,64
Honeywell Home T9 Smart Thermostat,2019-01-31 00:00:00,115
Honeywell Home T9 Smart Thermostat,2019-02-28 00:00:00,106
Honeywell Home T9 Smart Thermostat,2019-03-31 00:00:00,152
Honeywell Home T9 Smart Thermostat,2019-04-30 00:00:00,126
Honeywell Home T9 Smart Thermostat,2019-05-31 00:00:00,89
Honeywell Home T9 Smart Thermostat,2019-06-30 00:00:00,94
Honeywell Home T9 Smart Thermostat,2019-07-31 00:00:00,50
Honeywell Home T9 Smart Thermostat,2019-08-31 00:00:00,94
Honeywell Home T9 Smart Thermostat,2019-09-30 00:00:00,90
Honeywell Home T9 Smart Thermostat,2019-10-31 00:00:00,105
Honeywell Home T9 Smart Thermostat,2019-11-30 00:00:00,135
Honeywell Home T9 Smart Thermostat,2019-12-31 00:00:00,73
Honeywell Home T9 Smart Thermostat,2020-01-31 00:00:00,96
Honeywell Home T9 Smart Thermostat,2020-02-29 00:00:00,146
Honeywell Home T9 Smart Thermostat,2020-03-31 00:00:00,75
Honeywell Home T9 Smart Thermostat,2020-04-30 00:00:00,38
Honeywell Home T9 Smart Thermostat,2020-05-31 00:00:00,27
Honeywell Home T9 Smart Thermostat,2020-06-30 00:00:00,128
Honeywell Home T9 Smart Thermostat,2020-07-31 00:00:00,69
Honeywell Home T9 Smart Thermostat,2020-08-31 00:00:00,109
Honeywell Home T9 Smart Thermostat,2020-09-30 00:00:00,125
Honeywell Home T9 Smart Thermostat,2020-10-31 00:00:00,52
Honeywell Home T9 Smart Thermostat,2020-11-30 00:00:00,69
Honeywell Home T9 Smart Thermostat,2020-12-31 00:00:00,83
Honeywell Home T9 Smart Thermostat,2021-01-31 00:00:00,59
Honeywell Home T9 Smart Thermostat,2021-02-28 00:00:00,63
Honeywell Home T9 Smart Thermostat,2021-03-31 00:00:00,122
Honeywell Home T9 Smart Thermostat,2021-04-30 00:00:00,38
Honeywell Home T9 Smart Thermostat,2021-05-31 00:00:00,105
Honeywell Home T9 Smart Thermostat,2021-06-30 00:00:00,148
Honeywell Home T9 Smart Thermostat,2021-07-31 00:00:00,156
Honeywell Home T9 Smart Thermostat,2021-08-31 00:00:00,85
Honeywell Home T9 Smart Thermostat,2021-09-30 00:00:00,73
Honeywell Home T9 Smart Thermostat,2021-10-31 00:00:00,119
Honeywell Home T9 Smart Thermostat,2021-11-30 00:00:00,120
Honeywell Home T9 Smart Thermostat,2021-12-31 00:00:00,113
Honeywell Home T9 Smart Thermostat,2022-01-31 00:00:00,48
Honeywell Home T9 Smart Thermostat,2022-02-28 00:00:00,40
Honeywell Home T9 Smart Thermostat,2022-03-31 00:00:00,95
Honeywell Home T9 Smart Thermostat,2022-04-30 00:00:00,87
Honeywell Home T9 Smart Thermostat,2022-05-31 00:00:00,153
Honeywell Home T9 Smart Thermostat,2022-06-30 00:00:00,26
Honeywell Home T9 Smart Thermostat,2022-07-31 00:00:00,108
Honeywell Home T9 Smart Thermostat,2022-08-31 00:00:00,171
Honeywell Home T9 Smart Thermostat,2022-09-30 00:00:00,134
Honeywell Home T9 Smart Thermostat,2022-10-31 00:00:00,115
Honeywell Home T9 Smart Thermostat,2022-11-30 00:00:00,39
Honeywell Home T9 Smart Thermostat,2022-12-31 00:00:00,87
Honeywell Home T9 Smart Thermostat,2023-01-31 00:00:00,94
Honeywell Home T9 Smart Thermostat,2023-02-28 00:00:00,52
Honeywell Home T9 Smart Thermostat,2023-03-31 00:00:00,143
Honeywell Home T9 Smart Thermostat,2023-04-30 00:00:00,123
Honeywell Home T9 Smart Thermostat,2023-05-31 00:00:00,100
Honeywell Home T9 Smart Thermostat,2023-06-30 00:00:00,96
Honeywell Home T9 Smart Thermostat,2023-07-31 00:00:00,69
Honeywell Home T9 Smart Thermostat,2023-08-31 00:00:00,55
Honeywell Home T9 Smart Thermostat,2023-09-30 00:00:00,124
Honeywell Home T9 Smart Thermostat,2023-10-31 00:00:00,152
Honeywell Home T9 Smart Thermostat,2023-11-30 00:00:00,72
Honeywell Home T9 Smart Thermostat,2023-12-31 00:00:00,33
Honeywell Home T9 Smart Thermostat,2024-01-31 00:00:00,92
Honeywell Home T9 Smart Thermostat,2024-02-29 00:00:00,94
Honeywell Home T9 Smart Thermostat,2024-03-31 00:00:00,120
Honeywell Home T9 Smart Thermostat,2024-04-30 00:00:00,79
Honeywell Home T9 Smart Thermostat,2024-05-31 00:00:00,62
Honeywell Home T9 Smart Thermostat,2024-06-30 00:00:00,107
Honeywell Home T9 Smart Thermostat,2024-07-31 00:00:00,84
Honeywell Home T9 Smart Thermostat,2024-08-31 00:00:00,65
Honeywell Home T9 Smart Thermostat,2024-09-30 00:00:00,79
Honeywell Home T9 Smart Thermostat,2024-10-31 00:00:00,99
Honeywell Home T9 Smart Thermostat,2024-11-30 00:00:00,93
Honeywell Home T9 Smart Thermostat,2024-12-31 00:00:00,59
Honeywell Home T9 Smart Thermostat,2025-01-31 00:00:00,79
Honeywell Home T9 Smart Thermostat,2025-02-28 00:00:00,83
Honeywell Home T9 Smart Thermostat,2025-03-31 00:00:00,96
Honeywell Home T9 Smart Thermostat,2025-04-30 00:00:00,64
Honeywell Home T9 Smart Thermostat,2025-05-31 00:00:00,79
Honeywell Home T9 Smart Thermostat,2025-06-30 00:00:00,84
Honeywell Home T9 Smart Thermostat,2025-07-31 00:00:00,94
Honeywell Home T9 Smart Thermostat,2025-08-31 00:00:00,100
Honeywell Home T9 Smart Thermostat,2025-09-30 00:00:00,78
Honeywell Home T9 Smart Thermostat,2025-10-31 00:00:00,83
Honeywell Home T9 Smart Thermostat,2025-11-30 00:00:00,81
Honeywell Home T9 Smart Thermostat,2025-12-31 00:00:00,75
Honeywell Home T9 Smart Thermostat,2026-01-31 00:00:00,74
Honeywell Home T9 Smart Thermostat,2026-02-28 00:00:00,64
Honeywell Home T9 Smart Thermostat,2026-03-31 00:00:00,98
Honeywell Home T9 Smart Thermostat,2026-04-30 00:00:00,73
Honeywell Home T9 Smart Thermostat,2026-05-31 00:00:00,89
Honeywell Home T9 Smart Thermostat,2026-06-30 00:00:00,77
Honeywell Home T9 Smart Thermostat,2026-07-31 00:00:00,86
Honeywell Home T9 Smart Thermostat,2026-08-31 00:00:00,95
Honeywell Home T9 Smart Thermostat,2026-09-30 00:00:00,89
Honeywell Home T9 Smart Thermostat,2026-10-31 00:00:00,96
Honeywell Home T9 Smart Thermostat,2026-11-30 00:00:00,71
Honeywell Home T9 Smart Thermostat,2026-12-31 00:00:00,64
Honeywell Home T9 Smart Thermostat,2027-01-31 00:00:00,76
Honeywell Home T9 Smart Thermostat,2027-02-28 00:00:00,65
Honeywell Home T9 Smart Thermostat,2027-03-31 00:00:00,104
Honeywell Home T9 Smart Thermostat,2027-04-30 00:00:00,77
Honeywell Home T9 Smart Thermostat,2027-05-31 00:00:00,79
Honeywell Home T9 Smart Thermostat,2027-06-30 00:00:00,79
Honeywell Home T9 Smart Thermostat,2027-07-31 00:00:00,81
Honeywell Home T9 Smart Thermostat,2027-08-31 00:00:00,83
Honeywell Home T9 Smart Thermostat,2027-09-30 00:00:00,88
Honeywell Home T9 Smart Thermostat,2027-10-31 00:00:00,98
Honeywell Home T9 Smart Thermostat,2027-11-30 00:00:00,71
Honeywell Home T9 Smart Thermostat,2027-12-31 00:00:00,56
Honeywell Home T9 Smart Thermostat,2028-01-31 00:00:00,75
Honeywell Home T9 Smart Thermostat,2028-02-29 00:00:00,69
Honeywell Home T9 Smart Thermostat,2028-03-31 00:00:00,102
Honeywell Home T9 Smart Thermostat,2028-04-30 00:00:00,72
Honeywell Home T9 Smart Thermostat,2028-05-31 00:00:00,75
Honeywell Home T9 Smart Thermostat,2028-06-30 00:00:00,81
Honeywell Home T9 Smart Thermostat,2028-07-31 00:00:00,80
Honeywell Home T9 Smart Thermostat,2028-08-31 00:00:00,79
Honeywell Home T9 Smart Thermostat,2028-09-30 00:00:00,83
HP Spectre x360 14 Laptop,2015-01-31 00:00:00,253
HP Spectre x360 14 Laptop,2015-02-28 00:00:00,105
HP Spectre x360 14 Laptop,2015-03-31 00:00:00,159
HP Spectre x360 14 Laptop,2015-04-30 00:00:00,303
HP Spectre x360 14 Laptop,2015-05-31 00:00:00,236
HP Spectre x360 14 Laptop,2015-06-30 00:00:00,186
HP Spectre x360 14 Laptop,2015-07-31 00:00:00,136
HP Spectre x360 14 Laptop,2015-08-31 00:00:00,217
HP Spectre x360 14 Laptop,2015-09-30 00:00:00,136
HP Spectre x360 14 Laptop,2015-10-31 00:00:00,184
HP Spectre x360 14 Laptop,2015-11-30 00:00:00,260
HP Spectre x360 14 Laptop,2015-12-31 00:00:00,290
HP Spectre x360 14 Laptop,2016-01-31 00:00:00,196
HP Spectre x360 14 Laptop,2016-02-29 00:00:00,142
HP Spectre x360 14 Laptop,2016-03-31 00:00:00,309
HP Spectre x360 14 Laptop,2016-04-30 00:00:00,259
HP Spectre x360 14 Laptop,2016-05-31 00:00:00,224
HP Spectre x360 14 Laptop,2016-06-30 00:00:00,333
HP Spectre x360 14 Laptop,2016-07-31 00:00:00,222
HP Spectre x360 14 Laptop,2016-08-31 00:00:00,164
HP Spectre x360 14 Laptop,2016-09-30 00:00:00,233
HP Spectre x360 14 Laptop,2016-10-31 00:00:00,202
HP Spectre x360 14 Laptop,2016-11-30 00:00:00,281
HP Spectre x360 14 Laptop,2016-12-31 00:00:00,152
HP Spectre x360 14 Laptop,2017-01-31 00:00:00,175
HP Spectre x360 14 Laptop,2017-02-28 00:00:00,311
HP Spectre x360 14 Laptop,2017-03-31 00:00:00,181
HP Spectre x360 14 Laptop,2017-04-30 00:00:00,189
HP Spectre x360 14 Laptop,2017-05-31 00:00:00,257
HP Spectre x360 14 Laptop,2017-06-30 00:00:00,166
HP Spectre x360 14 Laptop,2017-07-31 00:00:00,214
HP Spectre x360 14 Laptop,2017-08-31 00:00:00,150
HP Spectre x360 14 Laptop,2017-09-30 00:00:00,219
HP Spectre x360 14 Laptop,2017-10-31 00:00:00,298
HP Spectre x360 14 Laptop,2017-11-30 00:00:00,125
HP Spectre x360 14 Laptop,2017-12-31 00:00:00,271
HP Spectre x360 14 Laptop,2018-01-31 00:00:00,270
HP Spectre x360 14 Laptop,2018-02-28 00:00:00,279
HP Spectre x360 14 Laptop,2018-03-31 00:00:00,250
HP Spectre x360 14 Laptop,2018-04-30 00:00:00,292
HP Spectre x360 14 Laptop,2018-05-31 00:00:00,166
HP Spectre x360 14 Laptop,2018-06-30 00:00:00,89
HP Spectre x360 14 Laptop,2018-07-31 00:00:00,175
HP Spectre x360 14 Laptop,2018-08-31 00:00:00,165
HP Spectre x360 14 Laptop,2018-09-30 00:00:00,175
HP Spectre x360 14 Laptop,2018-10-31 00:00:00,219
HP Spectre x360 14 Laptop,2018-11-30 00:00:00,290
HP Spectre x360 14 Laptop,2018-12-31 00:00:00,190
HP Spectre x360 14 Laptop,2019-01-31 00:00:00,171
HP Spectre x360 14 Laptop,2019-02-28 00:00:00,282
HP Spectre x360 14 Laptop,2019-03-31 00:00:00,222
HP Spectre x360 14 Laptop,2019-04-30 00:00:00,214
HP Spectre x360 14 Laptop,2019-05-31 00:00:00,195
HP Spectre x360 14 Laptop,2019-06-30 00:00:00,230
HP Spectre x360 14 Laptop,2019-07-31 00:00:00,237
HP Spectre x360 14 Laptop,2019-08-31 00:00:00,203
HP Spectre x360 14 Laptop,2019-09-30 00:00:00,259
HP Spectre x360 14 Laptop,2019-10-31 00:00:00,207
HP Spectre x360 14 Laptop,2019-11-30 00:00:00,213
HP Spectre x360 14 Laptop,2019-12-31 00:00:00,286
HP Spectre x360 14 Laptop,2020-01-31 00:00:00,193
HP Spectre x360 14 Laptop,2020-02-29 00:00:00,206
HP Spectre x360 14 Laptop,2020-03-31 00:00:00,245
HP Spectre x360 14 Laptop,2020-04-30 00:00:00,249
HP Spectre x360 14 Laptop,2020-05-31 00:00:00,277
HP Spectre x360 14 Laptop,2020-06-30 00:00:00,168
HP Spectre x360 14 Laptop,2020-07-31 00:00:00,291
HP Spectre x360 14 Laptop,2020-08-31 00:00:00,189
HP Spectre x360 14 Laptop,2020-09-30 00:00:00,276
HP Spectre x360 14 Laptop,2020-10-31 00:00:00,128
HP Spectre x360 14 Laptop,2020-11-30 00:00:00,247
HP Spectre x360 14 Laptop,2020-12-31 00:00:00,226
HP Spectre x360 14 Laptop,2021-01-31 00:00:00,113
HP Spectre x360 14 Laptop,2021-02-28 00:00:00,163
HP Spectre x360 14 Laptop,2021-03-31 00:00:00,253
HP Spectre x360 14 Laptop,2021-04-30 00:00:00,238
HP Spectre x360 14 Laptop,2021-05-31 00:00:00,252
HP Spectre x360 14 Laptop,2021-06-30 00:00:00,190
HP Spectre x360 14 Laptop,2021-07-31 00:00:00,219
HP Spectre x360 14 Laptop,2021-08-31 00:00:00,267
HP Spectre x360 14 Laptop,2021-09-30 00:00:00,293
HP Spectre x360 14 Laptop,2021-10-31 00:00:00,228
HP Spectre x360 14 Laptop,2021-11-30 00:00:00,264
HP Spectre x360 14 Laptop,2021-12-31 00:00:00,297
HP Spectre x360 14 Laptop,2022-01-31 00:00:00,243
HP Spectre x360 14 Laptop,2022-02-28 00:00:00,303
HP Spectre x360 14 Laptop,2022-03-31 00:00:00,201
HP Spectre x360 14 Laptop,2022-04-30 00:00:00,207
HP Spectre x360 14 Laptop,2022-05-31 00:00:00,105
HP Spectre x360 14 Laptop,2022-06-30 00:00:00,267
HP Spectre x360 14 Laptop,2022-07-31 00:00:00,203
HP Spectre x360 14 Laptop,2022-08-31 00:00:00,292
HP Spectre x360 14 Laptop,2022-09-30 00:00:00,305
HP Spectre x360 14 Laptop,2022-10-31 00:00:00,285
HP Spectre x360 14 Laptop,2022-11-30 00:00:00,179
HP Spectre x360 14 Laptop,2022-12-31 00:00:00,244
HP Spectre x360 14 Laptop,2023-01-31 00:00:00,213
HP Spectre x360 14 Laptop,2023-02-28 00:00:00,149
HP Spectre x360 14 Laptop,2023-03-31 00:00:00,294
HP Spectre x360 14 Laptop,2023-04-30 00:00:00,167
HP Spectre x360 14 Laptop,2023-05-31 00:00:00,333
HP Spectre x360 14 Laptop,2023-06-30 00:00:00,258
HP Spectre x360 14 Laptop,2023-07-31 00:00:00,287
HP Spectre x360 14 Laptop,2023-08-31 00:00:00,216
HP Spectre x360 14 Laptop,2023-09-30 00:00:00,301
HP Spectre x360 14 Laptop,2023-10-31 00:00:00,220
HP Spectre x360 14 Laptop,2023-11-30 00:00:00,219
HP Spectre x360 14 Laptop,2023-12-31 00:00:00,196
HP Spectre x360 14 Laptop,2024-01-31 00:00:00,191
HP Spectre x360 14 Laptop,2024-02-29 00:00:00,192
HP Spectre x360 14 Laptop,2024-03-31 00:00:00,209
HP Spectre x360 14 Laptop,2024-04-30 00:00:00,195
HP Spectre x360 14 Laptop,2024-05-31 00:00:00,207
HP Spectre x360 14 Laptop,2024-06-30 00:00:00,189
HP Spectre x360 14 Laptop,2024-07-31 00:00:00,201
HP Spectre x360 14 Laptop,2024-08-31 00:00:00,190
HP Spectre x360 14 Laptop,2024-09-30 00:00:00,231
HP Spectre x360 14 Laptop,2024-10-31 00:00:00,194
HP Spectre x360 14 Laptop,2024-11-30 00:00:00,198
HP Spectre x360 14 Laptop,2024-12-31 00:00:00,211
HP Spectre x360 14 Laptop,2025-01-31 00:00:00,177
HP Spectre x360 14 Laptop,2025-02-28 00:00:00,187
HP Spectre x360 14 Laptop,2025-03-31 00:00:00,210
HP Spectre x360 14 Laptop,2025-04-30 00:00:00,196
HP Spectre x360 14 Laptop,2025-05-31 00:00:00,203
HP Spectre x360 14 Laptop,2025-06-30 00:00:00,186
HP Spectre x360 14 Laptop,2025-07-31 00:00:00,202
HP Spectre x360 14 Laptop,2025-08-31 00:00:00,188
HP Spectre x360 14 Laptop,2025-09-30 00:00:00,230
HP Spectre x360 14 Laptop,2025-10-31 00:00:00,193
HP Spectre x360 14 Laptop,2025-11-30 00:00:00,198
HP Spectre x360 14 Laptop,2025-12-31 00:00:00,208
HP Spectre x360 14 Laptop,2026-01-31 00:00:00,176
HP Spectre x360 14 Laptop,2026-02-28 00:00:00,186
HP Spectre x360 14 Laptop,2026-03-31 00:00:00,209
HP Spectre x360 14 Laptop,2026-04-30 00:00:00,195
HP Spectre x360 14 Laptop,2026-05-31 00:00:00,202
HP Spectre x360 14 Laptop,2026-06-30 00:00:00,186
HP Spectre x360 14 Laptop,2026-07-31 00:00:00,198
HP Spectre x360 14 Laptop,2026-08-31 00:00:00,187
HP Spectre x360 14 Laptop,2026-09-30 00:00:00,229
HP Spectre x360 14 Laptop,2026-10-31 00:00:00,191
HP Spectre x360 14 Laptop,2026-11-30 00:00:00,195
HP Spectre x360 14 Laptop,2026-12-31 00:00:00,206
HP Spectre x360 14 Laptop,2027-01-31 00:00:00,175
HP Spectre x360 14 Laptop,2027-02-28 00:00:00,190
HP Spectre x360 14 Laptop,2027-03-31 00:00:00,207
HP Spectre x360 14 Laptop,2027-04-30 00:00:00,193
HP Spectre x360 14 Laptop,2027-05-31 00:00:00,198
HP Spectre x360 14 Laptop,2027-06-30 00:00:00,185
HP Spectre x360 14 Laptop,2027-07-31 00:00:00,196
HP Spectre x360 14 Laptop,2027-08-31 00:00:00,186
HP Spectre x360 14 Laptop,2027-09-30 00:00:00,227
HP Spectre x360 14 Laptop,2027-10-31 00:00:00,192
HP Spectre x360 14 Laptop,2027-11-30 00:00:00,195
HP Spectre x360 14 Laptop,2027-12-31 00:00:00,207
HP Spectre x360 14 Laptop,2028-01-31 00:00:00,173
HP Spectre x360 14 Laptop,2028-02-29 00:00:00,182
HP Spectre x360 14 Laptop,2028-03-31 00:00:00,206
HP Spectre x360 14 Laptop,2028-04-30 00:00:00,190
HP Spectre x360 14 Laptop,2028-05-31 00:00:00,200
HP Spectre x360 14 Laptop,2028-06-30 00:00:00,184
HP Spectre x360 14 Laptop,2028-07-31 00:00:00,197
HP Spectre x360 14 Laptop,2028-08-31 00:00:00,185
HP Spectre x360 14 Laptop,2028-09-30 00:00:00,227
Insta360 X3 Action Camera,2015-01-31 00:00:00,529
Insta360 X3 Action Camera,2015-02-28 00:00:00,295
Insta360 X3 Action Camera,2015-03-31 00:00:00,284
Insta360 X3 Action Camera,2015-04-30 00:00:00,332
Insta360 X3 Action Camera,2015-05-31 00:00:00,300
Insta360 X3 Action Camera,2015-06-30 00:00:00,373
Insta360 X3 Action Camera,2015-07-31 00:00:00,224
Insta360 X3 Action Camera,2015-08-31 00:00:00,312
Insta360 X3 Action Camera,2015-09-30 00:00:00,281
Insta360 X3 Action Camera,2015-10-31 00:00:00,365
Insta360 X3 Action Camera,2015-11-30 00:00:00,399
Insta360 X3 Action Camera,2015-12-31 00:00:00,235
Insta360 X3 Action Camera,2016-01-31 00:00:00,280
Insta360 X3 Action Camera,2016-02-29 00:00:00,230
Insta360 X3 Action Camera,2016-03-31 00:00:00,321
Insta360 X3 Action Camera,2016-04-30 00:00:00,299
Insta360 X3 Action Camera,2016-05-31 00:00:00,345
Insta360 X3 Action Camera,2016-06-30 00:00:00,275
Insta360 X3 Action Camera,2016-07-31 00:00:00,266
Insta360 X3 Action Camera,2016-08-31 00:00:00,162
Insta360 X3 Action Camera,2016-09-30 00:00:00,399
Insta360 X3 Action Camera,2016-10-31 00:00:00,379
Insta360 X3 Action Camera,2016-11-30 00:00:00,316
Insta360 X3 Action Camera,2016-12-31 00:00:00,237
Insta360 X3 Action Camera,2017-01-31 00:00:00,407
Insta360 X3 Action Camera,2017-02-28 00:00:00,251
Insta360 X3 Action Camera,2017-03-31 00:00:00,293
Insta360 X3 Action Camera,2017-04-30 00:00:00,207
Insta360 X3 Action Camera,2017-05-31 00:00:00,284
Insta360 X3 Action Camera,2017-06-30 00:00:00,269
Insta360 X3 Action Camera,2017-07-31 00:00:00,390
Insta360 X3 Action Camera,2017-08-31 00:00:00,317
Insta360 X3 Action Camera,2017-09-30 00:00:00,277
Insta360 X3 Action Camera,2017-10-31 00:00:00,316
Insta360 X3 Action Camera,2017-11-30 00:00:00,349
Insta360 X3 Action Camera,2017-12-31 00:00:00,305
Insta360 X3 Action Camera,2018-01-31 00:00:00,201
Insta360 X3 Action Camera,2018-02-28 00:00:00,228
Insta360 X3 Action Camera,2018-03-31 00:00:00,306
Insta360 X3 Action Camera,2018-04-30 00:00:00,383
Insta360 X3 Action Camera,2018-05-31 00:00:00,345
Insta360 X3 Action Camera,2018-06-30 00:00:00,176
Insta360 X3 Action Camera,2018-07-31 00:00:00,433
Insta360 X3 Action Camera,2018-08-31 00:00:00,142
Insta360 X3 Action Camera,2018-09-30 00:00:00,211
Insta360 X3 Action Camera,2018-10-31 00:00:00,356
Insta360 X3 Action Camera,2018-11-30 00:00:00,219
Insta360 X3 Action Camera,2018-12-31 00:00:00,333
Insta360 X3 Action Camera,2019-01-31 00:00:00,300
Insta360 X3 Action Camera,2019-02-28 00:00:00,201
Insta360 X3 Action Camera,2019-03-31 00:00:00,302
Insta360 X3 Action Camera,2019-04-30 00:00:00,246
Insta360 X3 Action Camera,2019-05-31 00:00:00,353
Insta360 X3 Action Camera,2019-06-30 00:00:00,216
Insta360 X3 Action Camera,2019-07-31 00:00:00,192
Insta360 X3 Action Camera,2019-08-31 00:00:00,255
Insta360 X3 Action Camera,2019-09-30 00:00:00,392
Insta360 X3 Action Camera,2019-10-31 00:00:00,562
Insta360 X3 Action Camera,2019-11-30 00:00:00,475
Insta360 X3 Action Camera,2019-12-31 00:00:00,379
Insta360 X3 Action Camera,2020-01-31 00:00:00,253
Insta360 X3 Action Camera,2020-02-29 00:00:00,354
Insta360 X3 Action Camera,2020-03-31 00:00:00,392
Insta360 X3 Action Camera,2020-04-30 00:00:00,341
Insta360 X3 Action Camera,2020-05-31 00:00:00,336
Insta360 X3 Action Camera,2020-06-30 00:00:00,431
Insta360 X3 Action Camera,2020-07-31 00:00:00,323
Insta360 X3 Action Camera,2020-08-31 00:00:00,238
Insta360 X3 Action Camera,2020-09-30 00:00:00,335
Insta360 X3 Action Camera,2020-10-31 00:00:00,258
Insta360 X3 Action Camera,2020-11-30 00:00:00,204
Insta360 X3 Action Camera,2020-12-31 00:00:00,300
Insta360 X3 Action Camera,2021-01-31 00:00:00,400
Insta360 X3 Action Camera,2021-02-28 00:00:00,359
Insta360 X3 Action Camera,2021-03-31 00:00:00,295
Insta360 X3 Action Camera,2021-04-30 00:00:00,215
Insta360 X3 Action Camera,2021-05-31 00:00:00,300
Insta360 X3 Action Camera,2021-06-30 00:00:00,240
Insta360 X3 Action Camera,2021-07-31 00:00:00,362
Insta360 X3 Action Camera,2021-08-31 00:00:00,405
Insta360 X3 Action Camera,2021-09-30 00:00:00,354
Insta360 X3 Action Camera,2021-10-31 00:00:00,356
Insta360 X3 Action Camera,2021-11-30 00:00:00,351
Insta360 X3 Action Camera,2021-12-31 00:00:00,347
Insta360 X3 Action Camera,2022-01-31 00:00:00,345
Insta360 X3 Action Camera,2022-02-28 00:00:00,456
Insta360 X3 Action Camera,2022-03-31 00:00:00,448
Insta360 X3 Action Camera,2022-04-30 00:00:00,314
Insta360 X3 Action Camera,2022-05-31 00:00:00,286
Insta360 X3 Action Camera,2022-06-30 00:00:00,321
Insta360 X3 Action Camera,2022-07-31 00:00:00,255
Insta360 X3 Action Camera,2022-08-31 00:00:00,256
Insta360 X3 Action Camera,2022-09-30 00:00:00,416
Insta360 X3 Action Camera,2022-10-31 00:00:00,389
Insta360 X3 Action Camera,2022-11-30 00:00:00,232
Insta360 X3 Action Camera,2022-12-31 00:00:00,280
Insta360 X3 Action Camera,2023-01-31 00:00:00,275
Insta360 X3 Action Camera,2023-02-28 00:00:00,242
Insta360 X3 Action Camera,2023-03-31 00:00:00,351
Insta360 X3 Action Camera,2023-04-30 00:00:00,334
Insta360 X3 Action Camera,2023-05-31 00:00:00,457
Insta360 X3 Action Camera,2023-06-30 00:00:00,344
Insta360 X3 Action Camera,2023-07-31 00:00:00,391
Insta360 X3 Action Camera,2023-08-31 00:00:00,364
Insta360 X3 Action Camera,2023-09-30 00:00:00,183
Insta360 X3 Action Camera,2023-10-31 00:00:00,252
Insta360 X3 Action Camera,2023-11-30 00:00:00,226
Insta360 X3 Action Camera,2023-12-31 00:00:00,420
Insta360 X3 Action Camera,2024-01-31 00:00:00,365
Insta360 X3 Action Camera,2024-02-29 00:00:00,326
Insta360 X3 Action Camera,2024-03-31 00:00:00,284
Insta360 X3 Action Camera,2024-04-30 00:00:00,204
Insta360 X3 Action Camera,2024-05-31 00:00:00,262
Insta360 X3 Action Camera,2024-06-30 00:00:00,285
Insta360 X3 Action Camera,2024-07-31 00:00:00,286
Insta360 X3 Action Camera,2024-08-31 00:00:00,238
Insta360 X3 Action Camera,2024-09-30 00:00:00,313
Insta360 X3 Action Camera,2024-10-31 00:00:00,328
Insta360 X3 Action Camera,2024-11-30 00:00:00,267
Insta360 X3 Action Camera,2024-12-31 00:00:00,280
Insta360 X3 Action Camera,2025-01-31 00:00:00,285
Insta360 X3 Action Camera,2025-02-28 00:00:00,275
Insta360 X3 Action Camera,2025-03-31 00:00:00,315
Insta360 X3 Action Camera,2025-04-30 00:00:00,265
Insta360 X3 Action Camera,2025-05-31 00:00:00,324
Insta360 X3 Action Camera,2025-06-30 00:00:00,278
Insta360 X3 Action Camera,2025-07-31 00:00:00,298
Insta360 X3 Action Camera,2025-08-31 00:00:00,272
Insta360 X3 Action Camera,2025-09-30 00:00:00,267
Insta360 X3 Action Camera,2025-10-31 00:00:00,297
Insta360 X3 Action Camera,2025-11-30 00:00:00,239
Insta360 X3 Action Camera,2025-12-31 00:00:00,310
Insta360 X3 Action Camera,2026-01-31 00:00:00,303
Insta360 X3 Action Camera,2026-02-28 00:00:00,290
Insta360 X3 Action Camera,2026-03-31 00:00:00,301
Insta360 X3 Action Camera,2026-04-30 00:00:00,240
Insta360 X3 Action Camera,2026-05-31 00:00:00,292
Insta360 X3 Action Camera,2026-06-30 00:00:00,269
Insta360 X3 Action Camera,2026-07-31 00:00:00,287
Insta360 X3 Action Camera,2026-08-31 00:00:00,252
Insta360 X3 Action Camera,2026-09-30 00:00:00,277
Insta360 X3 Action Camera,2026-10-31 00:00:00,302
Insta360 X3 Action Camera,2026-11-30 00:00:00,244
Insta360 X3 Action Camera,2026-12-31 00:00:00,289
Insta360 X3 Action Camera,2027-01-31 00:00:00,288
Insta360 X3 Action Camera,2027-02-28 00:00:00,278
Insta360 X3 Action Camera,2027-03-31 00:00:00,300
Insta360 X3 Action Camera,2027-04-30 00:00:00,243
Insta360 X3 Action Camera,2027-05-31 00:00:00,298
Insta360 X3 Action Camera,2027-06-30 00:00:00,268
Insta360 X3 Action Camera,2027-07-31 00:00:00,280
Insta360 X3 Action Camera,2027-08-31 00:00:00,253
Insta360 X3 Action Camera,2027-09-30 00:00:00,268
Insta360 X3 Action Camera,2027-10-31 00:00:00,295
Insta360 X3 Action Camera,2027-11-30 00:00:00,237
Insta360 X3 Action Camera,2027-12-31 00:00:00,292
Insta360 X3 Action Camera,2028-01-31 00:00:00,286
Insta360 X3 Action Camera,2028-02-29 00:00:00,273
Insta360 X3 Action Camera,2028-03-31 00:00:00,291
Insta360 X3 Action Camera,2028-04-30 00:00:00,236
Insta360 X3 Action Camera,2028-05-31 00:00:00,286
Insta360 X3 Action Camera,2028-06-30 00:00:00,261
Insta360 X3 Action Camera,2028-07-31 00:00:00,282
Insta360 X3 Action Camera,2028-08-31 00:00:00,248
Insta360 X3 Action Camera,2028-09-30 00:00:00,262
Keurig K-Supreme Plus Coffee Maker,2015-01-31 00:00:00,403
Keurig K-Supreme Plus Coffee Maker,2015-02-28 00:00:00,285
Keurig K-Supreme Plus Coffee Maker,2015-03-31 00:00:00,309
Keurig K-Supreme Plus Coffee Maker,2015-04-30 00:00:00,421
Keurig K-Supreme Plus Coffee Maker,2015-05-31 00:00:00,336
Keurig K-Supreme Plus Coffee Maker,2015-06-30 00:00:00,390
Keurig K-Supreme Plus Coffee Maker,2015-07-31 00:00:00,388
Keurig K-Supreme Plus Coffee Maker,2015-08-31 00:00:00,229
Keurig K-Supreme Plus Coffee Maker,2015-09-30 00:00:00,264
Keurig K-Supreme Plus Coffee Maker,2015-10-31 00:00:00,350
Keurig K-Supreme Plus Coffee Maker,2015-11-30 00:00:00,457
Keurig K-Supreme Plus Coffee Maker,2015-12-31 00:00:00,525
Keurig K-Supreme Plus Coffee Maker,2016-01-31 00:00:00,324
Keurig K-Supreme Plus Coffee Maker,2016-02-29 00:00:00,362
Keurig K-Supreme Plus Coffee Maker,2016-03-31 00:00:00,258
Keurig K-Supreme Plus Coffee Maker,2016-04-30 00:00:00,306
Keurig K-Supreme Plus Coffee Maker,2016-05-31 00:00:00,473
Keurig K-Supreme Plus Coffee Maker,2016-06-30 00:00:00,343
Keurig K-Supreme Plus Coffee Maker,2016-07-31 00:00:00,318
Keurig K-Supreme Plus Coffee Maker,2016-08-31 00:00:00,414
Keurig K-Supreme Plus Coffee Maker,2016-09-30 00:00:00,359
Keurig K-Supreme Plus Coffee Maker,2016-10-31 00:00:00,344
Keurig K-Supreme Plus Coffee Maker,2016-11-30 00:00:00,521
Keurig K-Supreme Plus Coffee Maker,2016-12-31 00:00:00,243
Keurig K-Supreme Plus Coffee Maker,2017-01-31 00:00:00,336
Keurig K-Supreme Plus Coffee Maker,2017-02-28 00:00:00,362
Keurig K-Supreme Plus Coffee Maker,2017-03-31 00:00:00,264
Keurig K-Supreme Plus Coffee Maker,2017-04-30 00:00:00,310
Keurig K-Supreme Plus Coffee Maker,2017-05-31 00:00:00,342
Keurig K-Supreme Plus Coffee Maker,2017-06-30 00:00:00,304
Keurig K-Supreme Plus Coffee Maker,2017-07-31 00:00:00,374
Keurig K-Supreme Plus Coffee Maker,2017-08-31 00:00:00,353
Keurig K-Supreme Plus Coffee Maker,2017-09-30 00:00:00,246
Keurig K-Supreme Plus Coffee Maker,2017-10-31 00:00:00,484
Keurig K-Supreme Plus Coffee Maker,2017-11-30 00:00:00,180
Keurig K-Supreme Plus Coffee Maker,2017-12-31 00:00:00,301
Keurig K-Supreme Plus Coffee Maker,2018-01-31 00:00:00,390
Keurig K-Supreme Plus Coffee Maker,2018-02-28 00:00:00,369
Keurig K-Supreme Plus Coffee Maker,2018-03-31 00:00:00,226
Keurig K-Supreme Plus Coffee Maker,2018-04-30 00:00:00,337
Keurig K-Supreme Plus Coffee Maker,2018-05-31 00:00:00,347
Keurig K-Supreme Plus Coffee Maker,2018-06-30 00:00:00,325
Keurig K-Supreme Plus Coffee Maker,2018-07-31 00:00:00,317
Keurig K-Supreme Plus Coffee Maker,2018-08-31 00:00:00,270
Keurig K-Supreme Plus Coffee Maker,2018-09-30 00:00:00,204
Keurig K-Supreme Plus Coffee Maker,2018-10-31 00:00:00,444
Keurig K-Supreme Plus Coffee Maker,2018-11-30 00:00:00,354
Keurig K-Supreme Plus Coffee Maker,2018-12-31 00:00:00,404
Keurig K-Supreme Plus Coffee Maker,2019-01-31 00:00:00,305
Keurig K-Supreme Plus Coffee Maker,2019-02-28 00:00:00,413
Keurig K-Supreme Plus Coffee Maker,2019-03-31 00:00:00,547
Keurig K-Supreme Plus Coffee Maker,2019-04-30 00:00:00,229
Keurig K-Supreme Plus Coffee Maker,2019-05-31 00:00:00,289
Keurig K-Supreme Plus Coffee Maker,2019-06-30 00:00:00,405
Keurig K-Supreme Plus Coffee Maker,2019-07-31 00:00:00,268
Keurig K-Supreme Plus Coffee Maker,2019-08-31 00:00:00,480
Keurig K-Supreme Plus Coffee Maker,2019-09-30 00:00:00,225
Keurig K-Supreme Plus Coffee Maker,2019-10-31 00:00:00,428
Keurig K-Supreme Plus Coffee Maker,2019-11-30 00:00:00,495
Keurig K-Supreme Plus Coffee Maker,2019-12-31 00:00:00,279
Keurig K-Supreme Plus Coffee Maker,2020-01-31 00:00:00,441
Keurig K-Supreme Plus Coffee Maker,2020-02-29 00:00:00,339
Keurig K-Supreme Plus Coffee Maker,2020-03-31 00:00:00,301
Keurig K-Supreme Plus Coffee Maker,2020-04-30 00:00:00,301
Keurig K-Supreme Plus Coffee Maker,2020-05-31 00:00:00,421
Keurig K-Supreme Plus Coffee Maker,2020-06-30 00:00:00,378
Keurig K-Supreme Plus Coffee Maker,2020-07-31 00:00:00,369
Keurig K-Supreme Plus Coffee Maker,2020-08-31 00:00:00,229
Keurig K-Supreme Plus Coffee Maker,2020-09-30 00:00:00,356
Keurig K-Supreme Plus Coffee Maker,2020-10-31 00:00:00,408
Keurig K-Supreme Plus Coffee Maker,2020-11-30 00:00:00,203
Keurig K-Supreme Plus Coffee Maker,2020-12-31 00:00:00,419
Keurig K-Supreme Plus Coffee Maker,2021-01-31 00:00:00,305
Keurig K-Supreme Plus Coffee Maker,2021-02-28 00:00:00,309
Keurig K-Supreme Plus Coffee Maker,2021-03-31 00:00:00,530
Keurig K-Supreme Plus Coffee Maker,2021-04-30 00:00:00,340
Keurig K-Supreme Plus Coffee Maker,2021-05-31 00:00:00,438
Keurig K-Supreme Plus Coffee Maker,2021-06-30 00:00:00,500
Keurig K-Supreme Plus Coffee Maker,2021-07-31 00:00:00,341
Keurig K-Supreme Plus Coffee Maker,2021-08-31 00:00:00,539
Keurig K-Supreme Plus Coffee Maker,2021-09-30 00:00:00,452
Keurig K-Supreme Plus Coffee Maker,2021-10-31 00:00:00,276
Keurig K-Supreme Plus Coffee Maker,2021-11-30 00:00:00,317
Keurig K-Supreme Plus Coffee Maker,2021-12-31 00:00:00,461
Keurig K-Supreme Plus Coffee Maker,2022-01-31 00:00:00,426
Keurig K-Supreme Plus Coffee Maker,2022-02-28 00:00:00,370
Keurig K-Supreme Plus Coffee Maker,2022-03-31 00:00:00,459
Keurig K-Supreme Plus Coffee Maker,2022-04-30 00:00:00,373
Keurig K-Supreme Plus Coffee Maker,2022-05-31 00:00:00,446
Keurig K-Supreme Plus Coffee Maker,2022-06-30 00:00:00,343
Keurig K-Supreme Plus Coffee Maker,2022-07-31 00:00:00,300
Keurig K-Supreme Plus Coffee Maker,2022-08-31 00:00:00,291
Keurig K-Supreme Plus Coffee Maker,2022-09-30 00:00:00,417
Keurig K-Supreme Plus Coffee Maker,2022-10-31 00:00:00,426
Keurig K-Supreme Plus Coffee Maker,2022-11-30 00:00:00,226
Keurig K-Supreme Plus Coffee Maker,2022-12-31 00:00:00,400
Keurig K-Supreme Plus Coffee Maker,2023-01-31 00:00:00,430
Keurig K-Supreme Plus Coffee Maker,2023-02-28 00:00:00,282
Keurig K-Supreme Plus Coffee Maker,2023-03-31 00:00:00,522
Keurig K-Supreme Plus Coffee Maker,2023-04-30 00:00:00,386
Keurig K-Supreme Plus Coffee Maker,2023-05-31 00:00:00,465
Keurig K-Supreme Plus Coffee Maker,2023-06-30 00:00:00,210
Keurig K-Supreme Plus Coffee Maker,2023-07-31 00:00:00,358
Keurig K-Supreme Plus Coffee Maker,2023-08-31 00:00:00,288
Keurig K-Supreme Plus Coffee Maker,2023-09-30 00:00:00,319
Keurig K-Supreme Plus Coffee Maker,2023-10-31 00:00:00,407
Keurig K-Supreme Plus Coffee Maker,2023-11-30 00:00:00,373
Keurig K-Supreme Plus Coffee Maker,2023-12-31 00:00:00,502
Keurig K-Supreme Plus Coffee Maker,2024-01-31 00:00:00,424
Keurig K-Supreme Plus Coffee Maker,2024-02-29 00:00:00,394
Keurig K-Supreme Plus Coffee Maker,2024-03-31 00:00:00,500
Keurig K-Supreme Plus Coffee Maker,2024-04-30 00:00:00,396
Keurig K-Supreme Plus Coffee Maker,2024-05-31 00:00:00,477
Keurig K-Supreme Plus Coffee Maker,2024-06-30 00:00:00,399
Keurig K-Supreme Plus Coffee Maker,2024-07-31 00:00:00,389
Keurig K-Supreme Plus Coffee Maker,2024-08-31 00:00:00,395
Keurig K-Supreme Plus Coffee Maker,2024-09-30 00:00:00,407
Keurig K-Supreme Plus Coffee Maker,2024-10-31 00:00:00,449
Keurig K-Supreme Plus Coffee Maker,2024-11-30 00:00:00,379
Keurig K-Supreme Plus Coffee Maker,2024-12-31 00:00:00,479
Keurig K-Supreme Plus Coffee Maker,2025-01-31 00:00:00,458
Keurig K-Supreme Plus Coffee Maker,2025-02-28 00:00:00,413
Keurig K-Supreme Plus Coffee Maker,2025-03-31 00:00:00,516
Keurig K-Supreme Plus Coffee Maker,2025-04-30 00:00:00,422
Keurig K-Supreme Plus Coffee Maker,2025-05-31 00:00:00,497
Keurig K-Supreme Plus Coffee Maker,2025-06-30 00:00:00,417
Keurig K-Supreme Plus Coffee Maker,2025-07-31 00:00:00,413
Keurig K-Supreme Plus Coffee Maker,2025-08-31 00:00:00,421
Keurig K-Supreme Plus Coffee Maker,2025-09-30 00:00:00,422
Keurig K-Supreme Plus Coffee Maker,2025-10-31 00:00:00,471
Keurig K-Supreme Plus Coffee Maker,2025-11-30 00:00:00,405
Keurig K-Supreme Plus Coffee Maker,2025-12-31 00:00:00,496
Keurig K-Supreme Plus Coffee Maker,2026-01-31 00:00:00,479
Keurig K-Supreme Plus Coffee Maker,2026-02-28 00:00:00,431
Keurig K-Supreme Plus Coffee Maker,2026-03-31 00:00:00,533
Keurig K-Supreme Plus Coffee Maker,2026-04-30 00:00:00,443
Keurig K-Supreme Plus Coffee Maker,2026-05-31 00:00:00,514
Keurig K-Supreme Plus Coffee Maker,2026-06-30 00:00:00,435
Keurig K-Supreme Plus Coffee Maker,2026-07-31 00:00:00,435
Keurig K-Supreme Plus Coffee Maker,2026-08-31 00:00:00,437
Keurig K-Supreme Plus Coffee Maker,2026-09-30 00:00:00,439
Keurig K-Supreme Plus Coffee Maker,2026-10-31 00:00:00,492
Keurig K-Supreme Plus Coffee Maker,2026-11-30 00:00:00,425
Keurig K-Supreme Plus Coffee Maker,2026-12-31 00:00:00,517
Keurig K-Supreme Plus Coffee Maker,2027-01-31 00:00:00,499
Keurig K-Supreme Plus Coffee Maker,2027-02-28 00:00:00,452
Keurig K-Supreme Plus Coffee Maker,2027-03-31 00:00:00,555
Keurig K-Supreme Plus Coffee Maker,2027-04-30 00:00:00,461
Keurig K-Supreme Plus Coffee Maker,2027-05-31 00:00:00,534
Keurig K-Supreme Plus Coffee Maker,2027-06-30 00:00:00,456
Keurig K-Supreme Plus Coffee Maker,2027-07-31 00:00:00,453
Keurig K-Supreme Plus Coffee Maker,2027-08-31 00:00:00,458
Keurig K-Supreme Plus Coffee Maker,2027-09-30 00:00:00,461
Keurig K-Supreme Plus Coffee Maker,2027-10-31 00:00:00,510
Keurig K-Supreme Plus Coffee Maker,2027-11-30 00:00:00,445
Keurig K-Supreme Plus Coffee Maker,2027-12-31 00:00:00,535
Keurig K-Supreme Plus Coffee Maker,2028-01-31 00:00:00,519
Keurig K-Supreme Plus Coffee Maker,2028-02-29 00:00:00,472
Keurig K-Supreme Plus Coffee Maker,2028-03-31 00:00:00,574
Keurig K-Supreme Plus Coffee Maker,2028-04-30 00:00:00,481
Keurig K-Supreme Plus Coffee Maker,2028-05-31 00:00:00,556
Keurig K-Supreme Plus Coffee Maker,2028-06-30 00:00:00,479
Keurig K-Supreme Plus Coffee Maker,2028-07-31 00:00:00,472
Keurig K-Supreme Plus Coffee Maker,2028-08-31 00:00:00,477
Keurig K-Supreme Plus Coffee Maker,2028-09-30 00:00:00,480
Kobo Clara 2E E-Reader,2015-01-31 00:00:00,273
Kobo Clara 2E E-Reader,2015-02-28 00:00:00,234
Kobo Clara 2E E-Reader,2015-03-31 00:00:00,283
Kobo Clara 2E E-Reader,2015-04-30 00:00:00,244
Kobo Clara 2E E-Reader,2015-05-31 00:00:00,183
Kobo Clara 2E E-Reader,2015-06-30 00:00:00,162
Kobo Clara 2E E-Reader,2015-07-31 00:00:00,230
Kobo Clara 2E E-Reader,2015-08-31 00:00:00,188
Kobo Clara 2E E-Reader,2015-09-30 00:00:00,147
Kobo Clara 2E E-Reader,2015-10-31 00:00:00,176
Kobo Clara 2E E-Reader,2015-11-30 00:00:00,278
Kobo Clara 2E E-Reader,2015-12-31 00:00:00,180
Kobo Clara 2E E-Reader,2016-01-31 00:00:00,256
Kobo Clara 2E E-Reader,2016-02-29 00:00:00,138
Kobo Clara 2E E-Reader,2016-03-31 00:00:00,260
Kobo Clara 2E E-Reader,2016-04-30 00:00:00,210
Kobo Clara 2E E-Reader,2016-05-31 00:00:00,216
Kobo Clara 2E E-Reader,2016-06-30 00:00:00,288
Kobo Clara 2E E-Reader,2016-07-31 00:00:00,155
Kobo Clara 2E E-Reader,2016-08-31 00:00:00,203
Kobo Clara 2E E-Reader,2016-09-30 00:00:00,151
Kobo Clara 2E E-Reader,2016-10-31 00:00:00,237
Kobo Clara 2E E-Reader,2016-11-30 00:00:00,208
Kobo Clara 2E E-Reader,2016-12-31 00:00:00,207
Kobo Clara 2E E-Reader,2017-01-31 00:00:00,226
Kobo Clara 2E E-Reader,2017-02-28 00:00:00,179
Kobo Clara 2E E-Reader,2017-03-31 00:00:00,144
Kobo Clara 2E E-Reader,2017-04-30 00:00:00,253
Kobo Clara 2E E-Reader,2017-05-31 00:00:00,231
Kobo Clara 2E E-Reader,2017-06-30 00:00:00,164
Kobo Clara 2E E-Reader,2017-07-31 00:00:00,346
Kobo Clara 2E E-Reader,2017-08-31 00:00:00,255
Kobo Clara 2E E-Reader,2017-09-30 00:00:00,69
Kobo Clara 2E E-Reader,2017-10-31 00:00:00,201
Kobo Clara 2E E-Reader,2017-11-30 00:00:00,164
Kobo Clara 2E E-Reader,2017-12-31 00:00:00,163
Kobo Clara 2E E-Reader,2018-01-31 00:00:00,376
Kobo Clara 2E E-Reader,2018-02-28 00:00:00,245
Kobo Clara 2E E-Reader,2018-03-31 00:00:00,154
Kobo Clara 2E E-Reader,2018-04-30 00:00:00,226
Kobo Clara 2E E-Reader,2018-05-31 00:00:00,367
Kobo Clara 2E E-Reader,2018-06-30 00:00:00,149
Kobo Clara 2E E-Reader,2018-07-31 00:00:00,130
Kobo Clara 2E E-Reader,2018-08-31 00:00:00,252
Kobo Clara 2E E-Reader,2018-09-30 00:00:00,302
Kobo Clara 2E E-Reader,2018-10-31 00:00:00,311
Kobo Clara 2E E-Reader,2018-11-30 00:00:00,178
Kobo Clara 2E E-Reader,2018-12-31 00:00:00,317
Kobo Clara 2E E-Reader,2019-01-31 00:00:00,130
Kobo Clara 2E E-Reader,2019-02-28 00:00:00,223
Kobo Clara 2E E-Reader,2019-03-31 00:00:00,241
Kobo Clara 2E E-Reader,2019-04-30 00:00:00,276
Kobo Clara 2E E-Reader,2019-05-31 00:00:00,232
Kobo Clara 2E E-Reader,2019-06-30 00:00:00,161
Kobo Clara 2E E-Reader,2019-07-31 00:00:00,218
Kobo Clara 2E E-Reader,2019-08-31 00:00:00,240
Kobo Clara 2E E-Reader,2019-09-30 00:00:00,263
Kobo Clara 2E E-Reader,2019-10-31 00:00:00,371
Kobo Clara 2E E-Reader,2019-11-30 00:00:00,265
Kobo Clara 2E E-Reader,2019-12-31 00:00:00,214
Kobo Clara 2E E-Reader,2020-01-31 00:00:00,235
Kobo Clara 2E E-Reader,2020-02-29 00:00:00,244
Kobo Clara 2E E-Reader,2020-03-31 00:00:00,203
Kobo Clara 2E E-Reader,2020-04-30 00:00:00,248
Kobo Clara 2E E-Reader,2020-05-31 00:00:00,177
Kobo Clara 2E E-Reader,2020-06-30 00:00:00,144
Kobo Clara 2E E-Reader,2020-07-31 00:00:00,233
Kobo Clara 2E E-Reader,2020-08-31 00:00:00,183
Kobo Clara 2E E-Reader,2020-09-30 00:00:00,148
Kobo Clara 2E E-Reader,2020-10-31 00:00:00,82
Kobo Clara 2E E-Reader,2020-11-30 00:00:00,141
Kobo Clara 2E E-Reader,2020-12-31 00:00:00,322
Kobo Clara 2E E-Reader,2021-01-31 00:00:00,390
Kobo Clara 2E E-Reader,2021-02-28 00:00:00,167
Kobo Clara 2E E-Reader,2021-03-31 00:00:00,272
Kobo Clara 2E E-Reader,2021-04-30 00:00:00,175
Kobo Clara 2E E-Reader,2021-05-31 00:00:00,218
Kobo Clara 2E E-Reader,2021-06-30 00:00:00,212
Kobo Clara 2E E-Reader,2021-07-31 00:00:00,227
Kobo Clara 2E E-Reader,2021-08-31 00:00:00,250
Kobo Clara 2E E-Reader,2021-09-30 00:00:00,299
Kobo Clara 2E E-Reader,2021-10-31 00:00:00,255
Kobo Clara 2E E-Reader,2021-11-30 00:00:00,213
Kobo Clara 2E E-Reader,2021-12-31 00:00:00,147
Kobo Clara 2E E-Reader,2022-01-31 00:00:00,304
Kobo Clara 2E E-Reader,2022-02-28 00:00:00,206
Kobo Clara 2E E-Reader,2022-03-31 00:00:00,270
Kobo Clara 2E E-Reader,2022-04-30 00:00:00,320
Kobo Clara 2E E-Reader,2022-05-31 00:00:00,278
Kobo Clara 2E E-Reader,2022-06-30 00:00:00,159
Kobo Clara 2E E-Reader,2022-07-31 00:00:00,173
Kobo Clara 2E E-Reader,2022-08-31 00:00:00,209
Kobo Clara 2E E-Reader,2022-09-30 00:00:00,198
Kobo Clara 2E E-Reader,2022-10-31 00:00:00,217
Kobo Clara 2E E-Reader,2022-11-30 00:00:00,121
Kobo Clara 2E E-Reader,2022-12-31 00:00:00,240
Kobo Clara 2E E-Reader,2023-01-31 00:00:00,359
Kobo Clara 2E E-Reader,2023-02-28 00:00:00,207
Kobo Clara 2E E-Reader,2023-03-31 00:00:00,257
Kobo Clara 2E E-Reader,2023-04-30 00:00:00,193
Kobo Clara 2E E-Reader,2023-05-31 00:00:00,200
Kobo Clara 2E E-Reader,2023-06-30 00:00:00,146
Kobo Clara 2E E-Reader,2023-07-31 00:00:00,279
Kobo Clara 2E E-Reader,2023-08-31 00:00:00,209
Kobo Clara 2E E-Reader,2023-09-30 00:00:00,173
Kobo Clara 2E E-Reader,2023-10-31 00:00:00,212
Kobo Clara 2E E-Reader,2023-11-30 00:00:00,229
Kobo Clara 2E E-Reader,2023-12-31 00:00:00,179
Kobo Clara 2E E-Reader,2024-01-31 00:00:00,326
Kobo Clara 2E E-Reader,2024-02-29 00:00:00,185
Kobo Clara 2E E-Reader,2024-03-31 00:00:00,248
Kobo Clara 2E E-Reader,2024-04-30 00:00:00,232
Kobo Clara 2E E-Reader,2024-05-31 00:00:00,240
Kobo Clara 2E E-Reader,2024-06-30 00:00:00,153
Kobo Clara 2E E-Reader,2024-07-31 00:00:00,202
Kobo Clara 2E E-Reader,2024-08-31 00:00:00,207
Kobo Clara 2E E-Reader,2024-09-30 00:00:00,212
Kobo Clara 2E E-Reader,2024-10-31 00:00:00,220
Kobo Clara 2E E-Reader,2024-11-30 00:00:00,172
Kobo Clara 2E E-Reader,2024-12-31 00:00:00,183
Kobo Clara 2E E-Reader,2025-01-31 00:00:00,320
Kobo Clara 2E E-Reader,2025-02-28 00:00:00,194
Kobo Clara 2E E-Reader,2025-03-31 00:00:00,249
Kobo Clara 2E E-Reader,2025-04-30 00:00:00,234
Kobo Clara 2E E-Reader,2025-05-31 00:00:00,226
Kobo Clara 2E E-Reader,2025-06-30 00:00:00,146
Kobo Clara 2E E-Reader,2025-07-31 00:00:00,217
Kobo Clara 2E E-Reader,2025-08-31 00:00:00,201
Kobo Clara 2E E-Reader,2025-09-30 00:00:00,178
Kobo Clara 2E E-Reader,2025-10-31 00:00:00,203
Kobo Clara 2E E-Reader,2025-11-30 00:00:00,173
Kobo Clara 2E E-Reader,2025-12-31 00:00:00,192
Kobo Clara 2E E-Reader,2026-01-31 00:00:00,330
Kobo Clara 2E E-Reader,2026-02-28 00:00:00,191
Kobo Clara 2E E-Reader,2026-03-31 00:00:00,247
Kobo Clara 2E E-Reader,2026-04-30 00:00:00,216
Kobo Clara 2E E-Reader,2026-05-31 00:00:00,220
Kobo Clara 2E E-Reader,2026-06-30 00:00:00,146
Kobo Clara 2E E-Reader,2026-07-31 00:00:00,224
Kobo Clara 2E E-Reader,2026-08-31 00:00:00,204
Kobo Clara 2E E-Reader,2026-09-30 00:00:00,190
Kobo Clara 2E E-Reader,2026-10-31 00:00:00,209
Kobo Clara 2E E-Reader,2026-11-30 00:00:00,187
Kobo Clara 2E E-Reader,2026-12-31 00:00:00,180
Kobo Clara 2E E-Reader,2027-01-31 00:00:00,325
Kobo Clara 2E E-Reader,2027-02-28 00:00:00,188
Kobo Clara 2E E-Reader,2027-03-31 00:00:00,246
Kobo Clara 2E E-Reader,2027-04-30 00:00:00,229
Kobo Clara 2E E-Reader,2027-05-31 00:00:00,229
Kobo Clara 2E E-Reader,2027-06-30 00:00:00,149
Kobo Clara 2E E-Reader,2027-07-31 00:00:00,214
Kobo Clara 2E E-Reader,2027-08-31 00:00:00,205
Kobo Clara 2E E-Reader,2027-09-30 00:00:00,195
Kobo Clara 2E E-Reader,2027-10-31 00:00:00,210
Kobo Clara 2E E-Reader,2027-11-30 00:00:00,175
Kobo Clara 2E E-Reader,2027-12-31 00:00:00,185
Kobo Clara 2E E-Reader,2028-01-31 00:00:00,325
Kobo Clara 2E E-Reader,2028-02-29 00:00:00,191
Kobo Clara 2E E-Reader,2028-03-31 00:00:00,248
Kobo Clara 2E E-Reader,2028-04-30 00:00:00,224
Kobo Clara 2E E-Reader,2028-05-31 00:00:00,224
Kobo Clara 2E E-Reader,2028-06-30 00:00:00,146
Kobo Clara 2E E-Reader,2028-07-31 00:00:00,220
Kobo Clara 2E E-Reader,2028-08-31 00:00:00,204
Kobo Clara 2E E-Reader,2028-09-30 00:00:00,188
Levi’s 501 Original Fit Jeans,2015-05-31 00:00:00,14
Levi’s 501 Original Fit Jeans,2015-09-30 00:00:00,11
Levi’s 501 Original Fit Jeans,2019-04-30 00:00:00,7
Levi’s 501 Original Fit Jeans,2020-11-30 00:00:00,1
Levi’s 501 Original Fit Jeans,2021-04-30 00:00:00,11
Levi’s 501 Original Fit Jeans,2023-06-30 00:00:00,19
Levi’s 501 Original Fit Jeans,2023-07-31 00:00:00,1
Levi’s 501 Original Fit Jeans,2023-08-31 00:00:00,1
Levi’s 501 Original Fit Jeans,2023-09-30 00:00:00,1
Levi’s 501 Original Fit Jeans,2023-10-31 00:00:00,14
Levi’s 501 Original Fit Jeans,2023-11-30 00:00:00,4
Levi’s 501 Original Fit Jeans,2023-12-31 00:00:00,1
Levi’s 501 Original Fit Jeans,2024-01-31 00:00:00,1
Levi’s 501 Original Fit Jeans,2024-02-29 00:00:00,11
Levi’s 501 Original Fit Jeans,2024-03-31 00:00:00,5
Levi’s 501 Original Fit Jeans,2024-04-30 00:00:00,1
Levi’s 501 Original Fit Jeans,2024-05-31 00:00:00,1
Levi’s 501 Original Fit Jeans,2024-06-30 00:00:00,14
Levi’s 501 Original Fit Jeans,2024-07-31 00:00:00,6
Levi’s 501 Original Fit Jeans,2024-08-31 00:00:00,1
Levi’s 501 Original Fit Jeans,2024-09-30 00:00:00,1
Levi’s 501 Original Fit Jeans,2024-10-31 00:00:00,10
Levi’s 501 Original Fit Jeans,2024-11-30 00:00:00,7
Levi’s 501 Original Fit Jeans,2024-12-31 00:00:00,1
Levi’s 501 Original Fit Jeans,2025-01-31 00:00:00,1
Levi’s 501 Original Fit Jeans,2025-02-28 00:00:00,8
Levi’s 501 Original Fit Jeans,2025-03-31 00:00:00,7
Levi’s 501 Original Fit Jeans,2025-04-30 00:00:00,1
Levi’s 501 Original Fit Jeans,2025-05-31 00:00:00,1
Levi’s 501 Original Fit Jeans,2025-06-30 00:00:00,20
Levi’s 501 Original Fit Jeans,2025-07-31 00:00:00,7
Levi’s 501 Original Fit Jeans,2025-08-31 00:00:00,1
Levi’s 501 Original Fit Jeans,2025-09-30 00:00:00,1
Levi’s 501 Original Fit Jeans,2025-10-31 00:00:00,15
Levi’s 501 Original Fit Jeans,2025-11-30 00:00:00,9
Levi’s 501 Original Fit Jeans,2025-12-31 00:00:00,1
Levi’s 501 Original Fit Jeans,2026-01-31 00:00:00,1
Levi’s 501 Original Fit Jeans,2026-02-28 00:00:00,11
Levi’s 501 Original Fit Jeans,2026-03-31 00:00:00,10
Levi’s 501 Original Fit Jeans,2026-04-30 00:00:00,1
Levi’s 501 Original Fit Jeans,2026-05-31 00:00:00,1
Levi’s 501 Original Fit Jeans,2026-06-30 00:00:00,16
Levi’s 501 Original Fit Jeans,2026-07-31 00:00:00,10
Levi’s 501 Original Fit Jeans,2026-08-31 00:00:00,1
Levi’s 501 Original Fit Jeans,2026-09-30 00:00:00,1
Levi’s 501 Original Fit Jeans,2026-10-31 00:00:00,12
Levi’s 501 Original Fit Jeans,2026-11-30 00:00:00,11
Levi’s 501 Original Fit Jeans,2026-12-31 00:00:00,1
Levi’s 501 Original Fit Jeans,2027-01-31 00:00:00,1
Levi’s 501 Original Fit Jeans,2027-02-28 00:00:00,9
Levi’s 501 Original Fit Jeans,2027-03-31 00:00:00,11
Levi’s 501 Original Fit Jeans,2027-04-30 00:00:00,1
Levi’s 501 Original Fit Jeans,2027-05-31 00:00:00,1
Levi’s 501 Original Fit Jeans,2027-06-30 00:00:00,19
Levi’s 501 Original Fit Jeans,2027-07-31 00:00:00,10
Levi’s 501 Original Fit Jeans,2027-08-31 00:00:00,1
Levi’s 501 Original Fit Jeans,2027-09-30 00:00:00,1
Levi’s 501 Original Fit Jeans,2027-10-31 00:00:00,14
Levi’s 501 Original Fit Jeans,2027-11-30 00:00:00,12
Levi’s 501 Original Fit Jeans,2027-12-31 00:00:00,1
Levi’s 501 Original Fit Jeans,2028-01-31 00:00:00,1
Levi’s 501 Original Fit Jeans,2028-02-29 00:00:00,11
Levi’s 501 Original Fit Jeans,2028-03-31 00:00:00,12
Moby-Dick,2017-08-31 00:00:00,17
Moby-Dick,2022-05-31 00:00:00,11
Moby-Dick,2023-04-30 00:00:00,13
Moby-Dick,2023-05-31 00:00:00,12
Moby-Dick,2023-06-30 00:00:00,2
Moby-Dick,2023-07-31 00:00:00,2
Moby-Dick,2023-08-31 00:00:00,2
Moby-Dick,2023-09-30 00:00:00,2
Moby-Dick,2023-10-31 00:00:00,2
Moby-Dick,2023-11-30 00:00:00,2
Moby-Dick,2023-12-31 00:00:00,2
Moby-Dick,2024-01-31 00:00:00,2
Moby-Dick,2024-02-29 00:00:00,2
Moby-Dick,2024-03-31 00:00:00,2
Moby-Dick,2024-04-30 00:00:00,14
Moby-Dick,2024-05-31 00:00:00,14
Moby-Dick,2024-06-30 00:00:00,4
Moby-Dick,2024-07-31 00:00:00,4
Moby-Dick,2024-08-31 00:00:00,4
Moby-Dick,2024-09-30 00:00:00,4
Moby-Dick,2024-10-31 00:00:00,4
Moby-Dick,2024-11-30 00:00:00,4
Moby-Dick,2024-12-31 00:00:00,4
Moby-Dick,2025-01-31 00:00:00,4
Moby-Dick,2025-02-28 00:00:00,4
Moby-Dick,2025-03-31 00:00:00,4
Moby-Dick,2025-04-30 00:00:00,16
Moby-Dick,2025-05-31 00:00:00,16
Moby-Dick,2025-06-30 00:00:00,6
Moby-Dick,2025-07-31 00:00:00,6
Moby-Dick,2025-08-31 00:00:00,6
Moby-Dick,2025-09-30 00:00:00,6
Moby-Dick,2025-10-31 00:00:00,6
Moby-Dick,2025-11-30 00:00:00,6
Moby-Dick,2025-12-31 00:00:00,6
Moby-Dick,2026-01-31 00:00:00,6
Moby-Dick,2026-02-28 00:00:00,6
Moby-Dick,2026-03-31 00:00:00,5
Moby-Dick,2026-04-30 00:00:00,18
Moby-Dick,2026-05-31 00:00:00,18
Moby-Dick,2026-06-30 00:00:00,7
Moby-Dick,2026-07-31 00:00:00,7
Moby-Dick,2026-08-31 00:00:00,7
Moby-Dick,2026-09-30 00:00:00,7
Moby-Dick,2026-10-31 00:00:00,7
Moby-Dick,2026-11-30 00:00:00,7
Moby-Dick,2026-12-31 00:00:00,7
Moby-Dick,2027-01-31 00:00:00,7
Moby-Dick,2027-02-28 00:00:00,7
Moby-Dick,2027-03-31 00:00:00,7
Moby-Dick,2027-04-30 00:00:00,20
Moby-Dick,2027-05-31 00:00:00,19
Moby-Dick,2027-06-30 00:00:00,9
Moby-Dick,2027-07-31 00:00:00,9
Moby-Dick,2027-08-31 00:00:00,9
Moby-Dick,2027-09-30 00:00:00,9
Moby-Dick,2027-10-31 00:00:00,9
Moby-Dick,2027-11-30 00:00:00,9
Moby-Dick,2027-12-31 00:00:00,9
Moby-Dick,2028-01-31 00:00:00,9
Nanoleaf Shapes Smart Light Panels,2015-01-31 00:00:00,205
Nanoleaf Shapes Smart Light Panels,2015-02-28 00:00:00,342
Nanoleaf Shapes Smart Light Panels,2015-03-31 00:00:00,196
Nanoleaf Shapes Smart Light Panels,2015-04-30 00:00:00,344
Nanoleaf Shapes Smart Light Panels,2015-05-31 00:00:00,285
Nanoleaf Shapes Smart Light Panels,2015-06-30 00:00:00,204
Nanoleaf Shapes Smart Light Panels,2015-07-31 00:00:00,169
Nanoleaf Shapes Smart Light Panels,2015-08-31 00:00:00,159
Nanoleaf Shapes Smart Light Panels,2015-09-30 00:00:00,237
Nanoleaf Shapes Smart Light Panels,2015-10-31 00:00:00,311
Nanoleaf Shapes Smart Light Panels,2015-11-30 00:00:00,261
Nanoleaf Shapes Smart Light Panels,2015-12-31 00:00:00,301
Nanoleaf Shapes Smart Light Panels,2016-01-31 00:00:00,316
Nanoleaf Shapes Smart Light Panels,2016-02-29 00:00:00,243
Nanoleaf Shapes Smart Light Panels,2016-03-31 00:00:00,225
Nanoleaf Shapes Smart Light Panels,2016-04-30 00:00:00,258
Nanoleaf Shapes Smart Light Panels,2016-05-31 00:00:00,304
Nanoleaf Shapes Smart Light Panels,2016-06-30 00:00:00,209
Nanoleaf Shapes Smart Light Panels,2016-07-31 00:00:00,265
Nanoleaf Shapes Smart Light Panels,2016-08-31 00:00:00,235
Nanoleaf Shapes Smart Light Panels,2016-09-30 00:00:00,121
Nanoleaf Shapes Smart Light Panels,2016-10-31 00:00:00,218
Nanoleaf Shapes Smart Light Panels,2016-11-30 00:00:00,271
Nanoleaf Shapes Smart Light Panels,2016-12-31 00:00:00,264
Nanoleaf Shapes Smart Light Panels,2017-01-31 00:00:00,238
Nanoleaf Shapes Smart Light Panels,2017-02-28 00:00:00,195
Nanoleaf Shapes Smart Light Panels,2017-03-31 00:00:00,279
Nanoleaf Shapes Smart Light Panels,2017-04-30 00:00:00,287
Nanoleaf Shapes Smart Light Panels,2017-05-31 00:00:00,183
Nanoleaf Shapes Smart Light Panels,2017-06-30 00:00:00,194
Nanoleaf Shapes Smart Light Panels,2017-07-31 00:00:00,224
Nanoleaf Shapes Smart Light Panels,2017-08-31 00:00:00,319
Nanoleaf Shapes Smart Light Panels,2017-09-30 00:00:00,170
Nanoleaf Shapes Smart Light Panels,2017-10-31 00:00:00,224
Nanoleaf Shapes Smart Light Panels,2017-11-30 00:00:00,292
Nanoleaf Shapes Smart Light Panels,2017-12-31 00:00:00,293
Nanoleaf Shapes Smart Light Panels,2018-01-31 00:00:00,216
Nanoleaf Shapes Smart Light Panels,2018-02-28 00:00:00,176
Nanoleaf Shapes Smart Light Panels,2018-03-31 00:00:00,195
Nanoleaf Shapes Smart Light Panels,2018-04-30 00:00:00,173
Nanoleaf Shapes Smart Light Panels,2018-05-31 00:00:00,249
Nanoleaf Shapes Smart Light Panels,2018-06-30 00:00:00,237
Nanoleaf Shapes Smart Light Panels,2018-07-31 00:00:00,181
Nanoleaf Shapes Smart Light Panels,2018-08-31 00:00:00,107
Nanoleaf Shapes Smart Light Panels,2018-09-30 00:00:00,187
Nanoleaf Shapes Smart Light Panels,2018-10-31 00:00:00,158
Nanoleaf Shapes Smart Light Panels,2018-11-30 00:00:00,214
Nanoleaf Shapes Smart Light Panels,2018-12-31 00:00:00,252
Nanoleaf Shapes Smart Light Panels,2019-01-31 00:00:00,233
Nanoleaf Shapes Smart Light Panels,2019-02-28 00:00:00,236
Nanoleaf Shapes Smart Light Panels,2019-03-31 00:00:00,241
Nanoleaf Shapes Smart Light Panels,2019-04-30 00:00:00,125
Nanoleaf Shapes Smart Light Panels,2019-05-31 00:00:00,154
Nanoleaf Shapes Smart Light Panels,2019-06-30 00:00:00,198
Nanoleaf Shapes Smart Light Panels,2019-07-31 00:00:00,143
Nanoleaf Shapes Smart Light Panels,2019-08-31 00:00:00,289
Nanoleaf Shapes Smart Light Panels,2019-09-30 00:00:00,182
Nanoleaf Shapes Smart Light Panels,2019-10-31 00:00:00,259
Nanoleaf Shapes Smart Light Panels,2019-11-30 00:00:00,277
Nanoleaf Shapes Smart Light Panels,2019-12-31 00:00:00,327
Nanoleaf Shapes Smart Light Panels,2020-01-31 00:00:00,217
Nanoleaf Shapes Smart Light Panels,2020-02-29 00:00:00,132
Nanoleaf Shapes Smart Light Panels,2020-03-31 00:00:00,285
Nanoleaf Shapes Smart Light Panels,2020-04-30 00:00:00,249
Nanoleaf Shapes Smart Light Panels,2020-05-31 00:00:00,298
Nanoleaf Shapes Smart Light Panels,2020-06-30 00:00:00,220
Nanoleaf Shapes Smart Light Panels,2020-07-31 00:00:00,310
Nanoleaf Shapes Smart Light Panels,2020-08-31 00:00:00,321
Nanoleaf Shapes Smart Light Panels,2020-09-30 00:00:00,299
Nanoleaf Shapes Smart Light Panels,2020-10-31 00:00:00,277
Nanoleaf Shapes Smart Light Panels,2020-11-30 00:00:00,196
Nanoleaf Shapes Smart Light Panels,2020-12-31 00:00:00,309
Nanoleaf Shapes Smart Light Panels,2021-01-31 00:00:00,220
Nanoleaf Shapes Smart Light Panels,2021-02-28 00:00:00,175
Nanoleaf Shapes Smart Light Panels,2021-03-31 00:00:00,254
Nanoleaf Shapes Smart Light Panels,2021-04-30 00:00:00,185
Nanoleaf Shapes Smart Light Panels,2021-05-31 00:00:00,186
Nanoleaf Shapes Smart Light Panels,2021-06-30 00:00:00,355
Nanoleaf Shapes Smart Light Panels,2021-07-31 00:00:00,181
Nanoleaf Shapes Smart Light Panels,2021-08-31 00:00:00,226
Nanoleaf Shapes Smart Light Panels,2021-09-30 00:00:00,196
Nanoleaf Shapes Smart Light Panels,2021-10-31 00:00:00,405
Nanoleaf Shapes Smart Light Panels,2021-11-30 00:00:00,308
Nanoleaf Shapes Smart Light Panels,2021-12-31 00:00:00,149
Nanoleaf Shapes Smart Light Panels,2022-01-31 00:00:00,323
Nanoleaf Shapes Smart Light Panels,2022-02-28 00:00:00,245
Nanoleaf Shapes Smart Light Panels,2022-03-31 00:00:00,293
Nanoleaf Shapes Smart Light Panels,2022-04-30 00:00:00,288
Nanoleaf Shapes Smart Light Panels,2022-05-31 00:00:00,190
Nanoleaf Shapes Smart Light Panels,2022-06-30 00:00:00,186
Nanoleaf Shapes Smart Light Panels,2022-07-31 00:00:00,222
Nanoleaf Shapes Smart Light Panels,2022-08-31 00:00:00,200
Nanoleaf Shapes Smart Light Panels,2022-09-30 00:00:00,281
Nanoleaf Shapes Smart Light Panels,2022-10-31 00:00:00,155
Nanoleaf Shapes Smart Light Panels,2022-11-30 00:00:00,133
Nanoleaf Shapes Smart Light Panels,2022-12-31 00:00:00,184
Nanoleaf Shapes Smart Light Panels,2023-01-31 00:00:00,219
Nanoleaf Shapes Smart Light Panels,2023-02-28 00:00:00,288
Nanoleaf Shapes Smart Light Panels,2023-03-31 00:00:00,332
Nanoleaf Shapes Smart Light Panels,2023-04-30 00:00:00,269
Nanoleaf Shapes Smart Light Panels,2023-05-31 00:00:00,207
Nanoleaf Shapes Smart Light Panels,2023-06-30 00:00:00,222
Nanoleaf Shapes Smart Light Panels,2023-07-31 00:00:00,464
Nanoleaf Shapes Smart Light Panels,2023-08-31 00:00:00,272
Nanoleaf Shapes Smart Light Panels,2023-09-30 00:00:00,192
Nanoleaf Shapes Smart Light Panels,2023-10-31 00:00:00,212
Nanoleaf Shapes Smart Light Panels,2023-11-30 00:00:00,256
Nanoleaf Shapes Smart Light Panels,2023-12-31 00:00:00,229
Nanoleaf Shapes Smart Light Panels,2024-01-31 00:00:00,241
Nanoleaf Shapes Smart Light Panels,2024-02-29 00:00:00,226
Nanoleaf Shapes Smart Light Panels,2024-03-31 00:00:00,267
Nanoleaf Shapes Smart Light Panels,2024-04-30 00:00:00,239
Nanoleaf Shapes Smart Light Panels,2024-05-31 00:00:00,218
Nanoleaf Shapes Smart Light Panels,2024-06-30 00:00:00,228
Nanoleaf Shapes Smart Light Panels,2024-07-31 00:00:00,260
Nanoleaf Shapes Smart Light Panels,2024-08-31 00:00:00,238
Nanoleaf Shapes Smart Light Panels,2024-09-30 00:00:00,213
Nanoleaf Shapes Smart Light Panels,2024-10-31 00:00:00,241
Nanoleaf Shapes Smart Light Panels,2024-11-30 00:00:00,236
Nanoleaf Shapes Smart Light Panels,2024-12-31 00:00:00,241
Nanoleaf Shapes Smart Light Panels,2025-01-31 00:00:00,243
Nanoleaf Shapes Smart Light Panels,2025-02-28 00:00:00,224
Nanoleaf Shapes Smart Light Panels,2025-03-31 00:00:00,267
Nanoleaf Shapes Smart Light Panels,2025-04-30 00:00:00,241
Nanoleaf Shapes Smart Light Panels,2025-05-31 00:00:00,218
Nanoleaf Shapes Smart Light Panels,2025-06-30 00:00:00,228
Nanoleaf Shapes Smart Light Panels,2025-07-31 00:00:00,262
Nanoleaf Shapes Smart Light Panels,2025-08-31 00:00:00,240
Nanoleaf Shapes Smart Light Panels,2025-09-30 00:00:00,214
Nanoleaf Shapes Smart Light Panels,2025-10-31 00:00:00,242
Nanoleaf Shapes Smart Light Panels,2025-11-30 00:00:00,237
Nanoleaf Shapes Smart Light Panels,2025-12-31 00:00:00,241
Nanoleaf Shapes Smart Light Panels,2026-01-31 00:00:00,243
Nanoleaf Shapes Smart Light Panels,2026-02-28 00:00:00,227
Nanoleaf Shapes Smart Light Panels,2026-03-31 00:00:00,268
Nanoleaf Shapes Smart Light Panels,2026-04-30 00:00:00,243
Nanoleaf Shapes Smart Light Panels,2026-05-31 00:00:00,223
Nanoleaf Shapes Smart Light Panels,2026-06-30 00:00:00,231
Nanoleaf Shapes Smart Light Panels,2026-07-31 00:00:00,261
Nanoleaf Shapes Smart Light Panels,2026-08-31 00:00:00,241
Nanoleaf Shapes Smart Light Panels,2026-09-30 00:00:00,217
Nanoleaf Shapes Smart Light Panels,2026-10-31 00:00:00,243
Nanoleaf Shapes Smart Light Panels,2026-11-30 00:00:00,239
Nanoleaf Shapes Smart Light Panels,2026-12-31 00:00:00,242
Nanoleaf Shapes Smart Light Panels,2027-01-31 00:00:00,244
Nanoleaf Shapes Smart Light Panels,2027-02-28 00:00:00,228
Nanoleaf Shapes Smart Light Panels,2027-03-31 00:00:00,269
Nanoleaf Shapes Smart Light Panels,2027-04-30 00:00:00,243
Nanoleaf Shapes Smart Light Panels,2027-05-31 00:00:00,221
Nanoleaf Shapes Smart Light Panels,2027-06-30 00:00:00,230
Nanoleaf Shapes Smart Light Panels,2027-07-31 00:00:00,264
Nanoleaf Shapes Smart Light Panels,2027-08-31 00:00:00,244
Nanoleaf Shapes Smart Light Panels,2027-09-30 00:00:00,220
Nanoleaf Shapes Smart Light Panels,2027-10-31 00:00:00,247
Nanoleaf Shapes Smart Light Panels,2027-11-30 00:00:00,239
Nanoleaf Shapes Smart Light Panels,2027-12-31 00:00:00,243
Nanoleaf Shapes Smart Light Panels,2028-01-31 00:00:00,246
Nanoleaf Shapes Smart Light Panels,2028-02-29 00:00:00,230
Nanoleaf Shapes Smart Light Panels,2028-03-31 00:00:00,270
Nanoleaf Shapes Smart Light Panels,2028-04-30 00:00:00,243
Nanoleaf Shapes Smart Light Panels,2028-05-31 00:00:00,224
Nanoleaf Shapes Smart Light Panels,2028-06-30 00:00:00,234
Nanoleaf Shapes Smart Light Panels,2028-07-31 00:00:00,266
Nanoleaf Shapes Smart Light Panels,2028-08-31 00:00:00,243
Nanoleaf Shapes Smart Light Panels,2028-09-30 00:00:00,217
Nike Dri-FIT Running Shorts,2015-01-31 00:00:00,2
Nike Dri-FIT Running Shorts,2015-04-30 00:00:00,23
Nike Dri-FIT Running Shorts,2016-12-31 00:00:00,16
Nike Dri-FIT Running Shorts,2017-05-31 00:00:00,4
Nike Dri-FIT Running Shorts,2023-11-30 00:00:00,12
Nike Dri-FIT Running Shorts,2023-12-31 00:00:00,1
Nike Dri-FIT Running Shorts,2024-01-31 00:00:00,1
Nike Dri-FIT Running Shorts,2024-02-29 00:00:00,1
Nike Dri-FIT Running Shorts,2024-03-31 00:00:00,1
Nike Dri-FIT Running Shorts,2024-04-30 00:00:00,1
Nike Dri-FIT Running Shorts,2024-05-31 00:00:00,1
Nike Dri-FIT Running Shorts,2024-06-30 00:00:00,1
Nike Dri-FIT Running Shorts,2024-07-31 00:00:00,1
Nike Dri-FIT Running Shorts,2024-08-31 00:00:00,1
Nike Dri-FIT Running Shorts,2024-09-30 00:00:00,1
Nike Dri-FIT Running Shorts,2024-10-31 00:00:00,1
Nike Dri-FIT Running Shorts,2024-11-30 00:00:00,5
Nike Dri-FIT Running Shorts,2024-12-31 00:00:00,1
Nike Dri-FIT Running Shorts,2025-01-31 00:00:00,1
Nike Dri-FIT Running Shorts,2025-02-28 00:00:00,1
Nike Dri-FIT Running Shorts,2025-03-31 00:00:00,1
Nike Dri-FIT Running Shorts,2025-04-30 00:00:00,1
Nike Dri-FIT Running Shorts,2025-05-31 00:00:00,1
Nike Dri-FIT Running Shorts,2025-06-30 00:00:00,1
Nike Dri-FIT Running Shorts,2025-07-31 00:00:00,1
Nike Dri-FIT Running Shorts,2025-08-31 00:00:00,1
Nike Dri-FIT Running Shorts,2025-09-30 00:00:00,1
Nike Dri-FIT Running Shorts,2025-10-31 00:00:00,1
Nike Dri-FIT Running Shorts,2025-11-30 00:00:00,5
Nike Dri-FIT Running Shorts,2025-12-31 00:00:00,1
Nike Dri-FIT Running Shorts,2026-01-31 00:00:00,1
Nike Dri-FIT Running Shorts,2026-02-28 00:00:00,1
Nike Dri-FIT Running Shorts,2026-03-31 00:00:00,1
Nike Dri-FIT Running Shorts,2026-04-30 00:00:00,1
Nike Dri-FIT Running Shorts,2026-05-31 00:00:00,1
Nike Dri-FIT Running Shorts,2026-06-30 00:00:00,1
Nike Dri-FIT Running Shorts,2026-07-31 00:00:00,1
Nike Dri-FIT Running Shorts,2026-08-31 00:00:00,1
Nike Dri-FIT Running Shorts,2026-09-30 00:00:00,1
Nike Dri-FIT Running Shorts,2026-10-31 00:00:00,1
Nike Dri-FIT Running Shorts,2026-11-30 00:00:00,5
Nike Dri-FIT Running Shorts,2026-12-31 00:00:00,1
Nike Dri-FIT Running Shorts,2027-01-31 00:00:00,1
Nike Dri-FIT Running Shorts,2027-02-28 00:00:00,1
Nike Dri-FIT Running Shorts,2027-03-31 00:00:00,1
Nike Dri-FIT Running Shorts,2027-04-30 00:00:00,1
Nike Dri-FIT Running Shorts,2027-05-31 00:00:00,1
Nike Dri-FIT Running Shorts,2027-06-30 00:00:00,1
Nike Dri-FIT Running Shorts,2027-07-31 00:00:00,1
Nike Dri-FIT Running Shorts,2027-08-31 00:00:00,1
Nike Dri-FIT Running Shorts,2027-09-30 00:00:00,1
Nike Dri-FIT Running Shorts,2027-10-31 00:00:00,1
Nike Dri-FIT Running Shorts,2027-11-30 00:00:00,5
Nike Dri-FIT Running Shorts,2027-12-31 00:00:00,1
Nike Dri-FIT Running Shorts,2028-01-31 00:00:00,1
Nike Dri-FIT Running Shorts,2028-02-29 00:00:00,1
Nike Dri-FIT Running Shorts,2028-03-31 00:00:00,1
Nike Dri-FIT Running Shorts,2028-04-30 00:00:00,1
Nike Dri-FIT Running Shorts,2028-05-31 00:00:00,1
Nike Dri-FIT Running Shorts,2028-06-30 00:00:00,1
Nike Dri-FIT Running Shorts,2028-07-31 00:00:00,1
Nike Dri-FIT Running Shorts,2028-08-31 00:00:00,1
Ninja Foodi 9-in-1 Cooker,2015-01-31 00:00:00,283
Ninja Foodi 9-in-1 Cooker,2015-02-28 00:00:00,192
Ninja Foodi 9-in-1 Cooker,2015-03-31 00:00:00,204
Ninja Foodi 9-in-1 Cooker,2015-04-30 00:00:00,154
Ninja Foodi 9-in-1 Cooker,2015-05-31 00:00:00,151
Ninja Foodi 9-in-1 Cooker,2015-06-30 00:00:00,174
Ninja Foodi 9-in-1 Cooker,2015-07-31 00:00:00,209
Ninja Foodi 9-in-1 Cooker,2015-08-31 00:00:00,182
Ninja Foodi 9-in-1 Cooker,2015-09-30 00:00:00,145
Ninja Foodi 9-in-1 Cooker,2015-10-31 00:00:00,167
Ninja Foodi 9-in-1 Cooker,2015-11-30 00:00:00,234
Ninja Foodi 9-in-1 Cooker,2015-12-31 00:00:00,303
Ninja Foodi 9-in-1 Cooker,2016-01-31 00:00:00,196
Ninja Foodi 9-in-1 Cooker,2016-02-29 00:00:00,111
Ninja Foodi 9-in-1 Cooker,2016-03-31 00:00:00,245
Ninja Foodi 9-in-1 Cooker,2016-04-30 00:00:00,103
Ninja Foodi 9-in-1 Cooker,2016-05-31 00:00:00,154
Ninja Foodi 9-in-1 Cooker,2016-06-30 00:00:00,183
Ninja Foodi 9-in-1 Cooker,2016-07-31 00:00:00,137
Ninja Foodi 9-in-1 Cooker,2016-08-31 00:00:00,128
Ninja Foodi 9-in-1 Cooker,2016-09-30 00:00:00,192
Ninja Foodi 9-in-1 Cooker,2016-10-31 00:00:00,293
Ninja Foodi 9-in-1 Cooker,2016-11-30 00:00:00,334
Ninja Foodi 9-in-1 Cooker,2016-12-31 00:00:00,157
Ninja Foodi 9-in-1 Cooker,2017-01-31 00:00:00,325
Ninja Foodi 9-in-1 Cooker,2017-02-28 00:00:00,277
Ninja Foodi 9-in-1 Cooker,2017-03-31 00:00:00,309
Ninja Foodi 9-in-1 Cooker,2017-04-30 00:00:00,147
Ninja Foodi 9-in-1 Cooker,2017-05-31 00:00:00,290
Ninja Foodi 9-in-1 Cooker,2017-06-30 00:00:00,193
Ninja Foodi 9-in-1 Cooker,2017-07-31 00:00:00,164
Ninja Foodi 9-in-1 Cooker,2017-08-31 00:00:00,157
Ninja Foodi 9-in-1 Cooker,2017-09-30 00:00:00,100
Ninja Foodi 9-in-1 Cooker,2017-10-31 00:00:00,165
Ninja Foodi 9-in-1 Cooker,2017-11-30 00:00:00,96
Ninja Foodi 9-in-1 Cooker,2017-12-31 00:00:00,260
Ninja Foodi 9-in-1 Cooker,2018-01-31 00:00:00,173
Ninja Foodi 9-in-1 Cooker,2018-02-28 00:00:00,270
Ninja Foodi 9-in-1 Cooker,2018-03-31 00:00:00,147
Ninja Foodi 9-in-1 Cooker,2018-04-30 00:00:00,179
Ninja Foodi 9-in-1 Cooker,2018-05-31 00:00:00,148
Ninja Foodi 9-in-1 Cooker,2018-06-30 00:00:00,120
Ninja Foodi 9-in-1 Cooker,2018-07-31 00:00:00,90
Ninja Foodi 9-in-1 Cooker,2018-08-31 00:00:00,63
Ninja Foodi 9-in-1 Cooker,2018-09-30 00:00:00,202
Ninja Foodi 9-in-1 Cooker,2018-10-31 00:00:00,239
Ninja Foodi 9-in-1 Cooker,2018-11-30 00:00:00,257
Ninja Foodi 9-in-1 Cooker,2018-12-31 00:00:00,117
Ninja Foodi 9-in-1 Cooker,2019-01-31 00:00:00,264
Ninja Foodi 9-in-1 Cooker,2019-02-28 00:00:00,128
Ninja Foodi 9-in-1 Cooker,2019-03-31 00:00:00,286
Ninja Foodi 9-in-1 Cooker,2019-04-30 00:00:00,130
Ninja Foodi 9-in-1 Cooker,2019-05-31 00:00:00,189
Ninja Foodi 9-in-1 Cooker,2019-06-30 00:00:00,223
Ninja Foodi 9-in-1 Cooker,2019-07-31 00:00:00,155
Ninja Foodi 9-in-1 Cooker,2019-08-31 00:00:00,131
Ninja Foodi 9-in-1 Cooker,2019-09-30 00:00:00,229
Ninja Foodi 9-in-1 Cooker,2019-10-31 00:00:00,266
Ninja Foodi 9-in-1 Cooker,2019-11-30 00:00:00,254
Ninja Foodi 9-in-1 Cooker,2019-12-31 00:00:00,280
Ninja Foodi 9-in-1 Cooker,2020-01-31 00:00:00,221
Ninja Foodi 9-in-1 Cooker,2020-02-29 00:00:00,196
Ninja Foodi 9-in-1 Cooker,2020-03-31 00:00:00,271
Ninja Foodi 9-in-1 Cooker,2020-04-30 00:00:00,176
Ninja Foodi 9-in-1 Cooker,2020-05-31 00:00:00,245
Ninja Foodi 9-in-1 Cooker,2020-06-30 00:00:00,125
Ninja Foodi 9-in-1 Cooker,2020-07-31 00:00:00,106
Ninja Foodi 9-in-1 Cooker,2020-08-31 00:00:00,238
Ninja Foodi 9-in-1 Cooker,2020-09-30 00:00:00,176
Ninja Foodi 9-in-1 Cooker,2020-10-31 00:00:00,186
Ninja Foodi 9-in-1 Cooker,2020-11-30 00:00:00,185
Ninja Foodi 9-in-1 Cooker,2020-12-31 00:00:00,157
Ninja Foodi 9-in-1 Cooker,2021-01-31 00:00:00,172
Ninja Foodi 9-in-1 Cooker,2021-02-28 00:00:00,85
Ninja Foodi 9-in-1 Cooker,2021-03-31 00:00:00,175
Ninja Foodi 9-in-1 Cooker,2021-04-30 00:00:00,183
Ninja Foodi 9-in-1 Cooker,2021-05-31 00:00:00,205
Ninja Foodi 9-in-1 Cooker,2021-06-30 00:00:00,174
Ninja Foodi 9-in-1 Cooker,2021-07-31 00:00:00,188
Ninja Foodi 9-in-1 Cooker,2021-08-31 00:00:00,122
Ninja Foodi 9-in-1 Cooker,2021-09-30 00:00:00,175
Ninja Foodi 9-in-1 Cooker,2021-10-31 00:00:00,227
Ninja Foodi 9-in-1 Cooker,2021-11-30 00:00:00,182
Ninja Foodi 9-in-1 Cooker,2021-12-31 00:00:00,147
Ninja Foodi 9-in-1 Cooker,2022-01-31 00:00:00,198
Ninja Foodi 9-in-1 Cooker,2022-02-28 00:00:00,150
Ninja Foodi 9-in-1 Cooker,2022-03-31 00:00:00,240
Ninja Foodi 9-in-1 Cooker,2022-04-30 00:00:00,177
Ninja Foodi 9-in-1 Cooker,2022-05-31 00:00:00,214
Ninja Foodi 9-in-1 Cooker,2022-06-30 00:00:00,258
Ninja Foodi 9-in-1 Cooker,2022-07-31 00:00:00,318
Ninja Foodi 9-in-1 Cooker,2022-08-31 00:00:00,277
Ninja Foodi 9-in-1 Cooker,2022-09-30 00:00:00,292
Ninja Foodi 9-in-1 Cooker,2022-10-31 00:00:00,172
Ninja Foodi 9-in-1 Cooker,2022-11-30 00:00:00,155
Ninja Foodi 9-in-1 Cooker,2022-12-31 00:00:00,203
Ninja Foodi 9-in-1 Cooker,2023-01-31 00:00:00,195
Ninja Foodi 9-in-1 Cooker,2023-02-28 00:00:00,104
Ninja Foodi 9-in-1 Cooker,2023-03-31 00:00:00,209
Ninja Foodi 9-in-1 Cooker,2023-04-30 00:00:00,138
Ninja Foodi 9-in-1 Cooker,2023-05-31 00:00:00,280
Ninja Foodi 9-in-1 Cooker,2023-06-30 00:00:00,220
Ninja Foodi 9-in-1 Cooker,2023-07-31 00:00:00,254
Ninja Foodi 9-in-1 Cooker,2023-08-31 00:00:00,151
Ninja Foodi 9-in-1 Cooker,2023-09-30 00:00:00,95
Ninja Foodi 9-in-1 Cooker,2023-10-31 00:00:00,167
Ninja Foodi 9-in-1 Cooker,2023-11-30 00:00:00,208
Ninja Foodi 9-in-1 Cooker,2023-12-31 00:00:00,123
Ninja Foodi 9-in-1 Cooker,2024-01-31 00:00:00,169
Ninja Foodi 9-in-1 Cooker,2024-02-29 00:00:00,116
Ninja Foodi 9-in-1 Cooker,2024-03-31 00:00:00,197
Ninja Foodi 9-in-1 Cooker,2024-04-30 00:00:00,144
Ninja Foodi 9-in-1 Cooker,2024-05-31 00:00:00,194
Ninja Foodi 9-in-1 Cooker,2024-06-30 00:00:00,183
Ninja Foodi 9-in-1 Cooker,2024-07-31 00:00:00,207
Ninja Foodi 9-in-1 Cooker,2024-08-31 00:00:00,178
Ninja Foodi 9-in-1 Cooker,2024-09-30 00:00:00,191
Ninja Foodi 9-in-1 Cooker,2024-10-31 00:00:00,163
Ninja Foodi 9-in-1 Cooker,2024-11-30 00:00:00,150
Ninja Foodi 9-in-1 Cooker,2024-12-31 00:00:00,150
Ninja Foodi 9-in-1 Cooker,2025-01-31 00:00:00,166
Ninja Foodi 9-in-1 Cooker,2025-02-28 00:00:00,98
Ninja Foodi 9-in-1 Cooker,2025-03-31 00:00:00,188
Ninja Foodi 9-in-1 Cooker,2025-04-30 00:00:00,133
Ninja Foodi 9-in-1 Cooker,2025-05-31 00:00:00,209
Ninja Foodi 9-in-1 Cooker,2025-06-30 00:00:00,183
Ninja Foodi 9-in-1 Cooker,2025-07-31 00:00:00,213
Ninja Foodi 9-in-1 Cooker,2025-08-31 00:00:00,155
Ninja Foodi 9-in-1 Cooker,2025-09-30 00:00:00,143
Ninja Foodi 9-in-1 Cooker,2025-10-31 00:00:00,154
Ninja Foodi 9-in-1 Cooker,2025-11-30 00:00:00,162
Ninja Foodi 9-in-1 Cooker,2025-12-31 00:00:00,131
Ninja Foodi 9-in-1 Cooker,2026-01-31 00:00:00,161
Ninja Foodi 9-in-1 Cooker,2026-02-28 00:00:00,96
Ninja Foodi 9-in-1 Cooker,2026-03-31 00:00:00,184
Ninja Foodi 9-in-1 Cooker,2026-04-30 00:00:00,128
Ninja Foodi 9-in-1 Cooker,2026-05-31 00:00:00,195
Ninja Foodi 9-in-1 Cooker,2026-06-30 00:00:00,176
Ninja Foodi 9-in-1 Cooker,2026-07-31 00:00:00,201
Ninja Foodi 9-in-1 Cooker,2026-08-31 00:00:00,155
Ninja Foodi 9-in-1 Cooker,2026-09-30 00:00:00,154
Ninja Foodi 9-in-1 Cooker,2026-10-31 00:00:00,150
Ninja Foodi 9-in-1 Cooker,2026-11-30 00:00:00,148
Ninja Foodi 9-in-1 Cooker,2026-12-31 00:00:00,128
Ninja Foodi 9-in-1 Cooker,2027-01-31 00:00:00,153
Ninja Foodi 9-in-1 Cooker,2027-02-28 00:00:00,87
Ninja Foodi 9-in-1 Cooker,2027-03-31 00:00:00,176
Ninja Foodi 9-in-1 Cooker,2027-04-30 00:00:00,117
Ninja Foodi 9-in-1 Cooker,2027-05-31 00:00:00,188
Ninja Foodi 9-in-1 Cooker,2027-06-30 00:00:00,167
Ninja Foodi 9-in-1 Cooker,2027-07-31 00:00:00,194
Ninja Foodi 9-in-1 Cooker,2027-08-31 00:00:00,146
Ninja Foodi 9-in-1 Cooker,2027-09-30 00:00:00,140
Ninja Foodi 9-in-1 Cooker,2027-10-31 00:00:00,140
Ninja Foodi 9-in-1 Cooker,2027-11-30 00:00:00,144
Ninja Foodi 9-in-1 Cooker,2027-12-31 00:00:00,120
Ninja Foodi 9-in-1 Cooker,2028-01-31 00:00:00,148
Ninja Foodi 9-in-1 Cooker,2028-02-29 00:00:00,83
Ninja Foodi 9-in-1 Cooker,2028-03-31 00:00:00,168
Ninja Foodi 9-in-1 Cooker,2028-04-30 00:00:00,112
Ninja Foodi 9-in-1 Cooker,2028-05-31 00:00:00,182
Ninja Foodi 9-in-1 Cooker,2028-06-30 00:00:00,164
Ninja Foodi 9-in-1 Cooker,2028-07-31 00:00:00,193
Ninja Foodi 9-in-1 Cooker,2028-08-31 00:00:00,141
Ninja Foodi 9-in-1 Cooker,2028-09-30 00:00:00,137
Panasonic Lumix GH6 Camera,2015-01-31 00:00:00,79
Panasonic Lumix GH6 Camera,2015-02-28 00:00:00,150
Panasonic Lumix GH6 Camera,2015-03-31 00:00:00,136
Panasonic Lumix GH6 Camera,2015-04-30 00:00:00,118
Panasonic Lumix GH6 Camera,2015-05-31 00:00:00,117
Panasonic Lumix GH6 Camera,2015-06-30 00:00:00,125
Panasonic Lumix GH6 Camera,2015-07-31 00:00:00,46
Panasonic Lumix GH6 Camera,2015-08-31 00:00:00,98
Panasonic Lumix GH6 Camera,2015-09-30 00:00:00,85
Panasonic Lumix GH6 Camera,2015-10-31 00:00:00,117
Panasonic Lumix GH6 Camera,2015-11-30 00:00:00,187
Panasonic Lumix GH6 Camera,2015-12-31 00:00:00,99
Panasonic Lumix GH6 Camera,2016-01-31 00:00:00,122
Panasonic Lumix GH6 Camera,2016-02-29 00:00:00,129
Panasonic Lumix GH6 Camera,2016-03-31 00:00:00,106
Panasonic Lumix GH6 Camera,2016-04-30 00:00:00,61
Panasonic Lumix GH6 Camera,2016-05-31 00:00:00,145
Panasonic Lumix GH6 Camera,2016-06-30 00:00:00,150
Panasonic Lumix GH6 Camera,2016-07-31 00:00:00,99
Panasonic Lumix GH6 Camera,2016-08-31 00:00:00,74
Panasonic Lumix GH6 Camera,2016-09-30 00:00:00,116
Panasonic Lumix GH6 Camera,2016-10-31 00:00:00,163
Panasonic Lumix GH6 Camera,2016-11-30 00:00:00,127
Panasonic Lumix GH6 Camera,2016-12-31 00:00:00,90
Panasonic Lumix GH6 Camera,2017-01-31 00:00:00,96
Panasonic Lumix GH6 Camera,2017-02-28 00:00:00,86
Panasonic Lumix GH6 Camera,2017-03-31 00:00:00,88
Panasonic Lumix GH6 Camera,2017-04-30 00:00:00,146
Panasonic Lumix GH6 Camera,2017-05-31 00:00:00,86
Panasonic Lumix GH6 Camera,2017-06-30 00:00:00,148
Panasonic Lumix GH6 Camera,2017-07-31 00:00:00,115
Panasonic Lumix GH6 Camera,2017-08-31 00:00:00,155
Panasonic Lumix GH6 Camera,2017-09-30 00:00:00,97
Panasonic Lumix GH6 Camera,2017-10-31 00:00:00,135
Panasonic Lumix GH6 Camera,2017-11-30 00:00:00,82
Panasonic Lumix GH6 Camera,2017-12-31 00:00:00,78
Panasonic Lumix GH6 Camera,2018-01-31 00:00:00,49
Panasonic Lumix GH6 Camera,2018-02-28 00:00:00,79
Panasonic Lumix GH6 Camera,2018-03-31 00:00:00,107
Panasonic Lumix GH6 Camera,2018-04-30 00:00:00,116
Panasonic Lumix GH6 Camera,2018-05-31 00:00:00,173
Panasonic Lumix GH6 Camera,2018-06-30 00:00:00,76
Panasonic Lumix GH6 Camera,2018-07-31 00:00:00,70
Panasonic Lumix GH6 Camera,2018-08-31 00:00:00,103
Panasonic Lumix GH6 Camera,2018-09-30 00:00:00,112
Panasonic Lumix GH6 Camera,2018-10-31 00:00:00,70
Panasonic Lumix GH6 Camera,2018-11-30 00:00:00,84
Panasonic Lumix GH6 Camera,2018-12-31 00:00:00,90
Panasonic Lumix GH6 Camera,2019-01-31 00:00:00,187
Panasonic Lumix GH6 Camera,2019-02-28 00:00:00,105
Panasonic Lumix GH6 Camera,2019-03-31 00:00:00,111
Panasonic Lumix GH6 Camera,2019-04-30 00:00:00,95
Panasonic Lumix GH6 Camera,2019-05-31 00:00:00,95
Panasonic Lumix GH6 Camera,2019-06-30 00:00:00,67
Panasonic Lumix GH6 Camera,2019-07-31 00:00:00,104
Panasonic Lumix GH6 Camera,2019-08-31 00:00:00,68
Panasonic Lumix GH6 Camera,2019-09-30 00:00:00,152
Panasonic Lumix GH6 Camera,2019-10-31 00:00:00,66
Panasonic Lumix GH6 Camera,2019-11-30 00:00:00,128
Panasonic Lumix GH6 Camera,2019-12-31 00:00:00,141
Panasonic Lumix GH6 Camera,2020-01-31 00:00:00,114
Panasonic Lumix GH6 Camera,2020-02-29 00:00:00,144
Panasonic Lumix GH6 Camera,2020-03-31 00:00:00,118
Panasonic Lumix GH6 Camera,2020-04-30 00:00:00,157
Panasonic Lumix GH6 Camera,2020-05-31 00:00:00,61
Panasonic Lumix GH6 Camera,2020-06-30 00:00:00,140
Panasonic Lumix GH6 Camera,2020-07-31 00:00:00,198
Panasonic Lumix GH6 Camera,2020-08-31 00:00:00,114
Panasonic Lumix GH6 Camera,2020-09-30 00:00:00,80
Panasonic Lumix GH6 Camera,2020-10-31 00:00:00,95
Panasonic Lumix GH6 Camera,2020-11-30 00:00:00,51
Panasonic Lumix GH6 Camera,2020-12-31 00:00:00,202
Panasonic Lumix GH6 Camera,2021-01-31 00:00:00,106
Panasonic Lumix GH6 Camera,2021-02-28 00:00:00,119
Panasonic Lumix GH6 Camera,2021-03-31 00:00:00,100
Panasonic Lumix GH6 Camera,2021-04-30 00:00:00,118
Panasonic Lumix GH6 Camera,2021-05-31 00:00:00,104
Panasonic Lumix GH6 Camera,2021-06-30 00:00:00,75
Panasonic Lumix GH6 Camera,2021-07-31 00:00:00,96
Panasonic Lumix GH6 Camera,2021-08-31 00:00:00,128
Panasonic Lumix GH6 Camera,2021-09-30 00:00:00,145
Panasonic Lumix GH6 Camera,2021-10-31 00:00:00,132
Panasonic Lumix GH6 Camera,2021-11-30 00:00:00,135
Panasonic Lumix GH6 Camera,2021-12-31 00:00:00,73
Panasonic Lumix GH6 Camera,2022-01-31 00:00:00,192
Panasonic Lumix GH6 Camera,2022-02-28 00:00:00,150
Panasonic Lumix GH6 Camera,2022-03-31 00:00:00,123
Panasonic Lumix GH6 Camera,2022-04-30 00:00:00,137
Panasonic Lumix GH6 Camera,2022-05-31 00:00:00,99
Panasonic Lumix GH6 Camera,2022-06-30 00:00:00,68
Panasonic Lumix GH6 Camera,2022-07-31 00:00:00,92
Panasonic Lumix GH6 Camera,2022-08-31 00:00:00,138
Panasonic Lumix GH6 Camera,2022-09-30 00:00:00,152
Panasonic Lumix GH6 Camera,2022-10-31 00:00:00,103
Panasonic Lumix GH6 Camera,2022-11-30 00:00:00,34
Panasonic Lumix GH6 Camera,2022-12-31 00:00:00,141
Panasonic Lumix GH6 Camera,2023-01-31 00:00:00,144
Panasonic Lumix GH6 Camera,2023-02-28 00:00:00,144
Panasonic Lumix GH6 Camera,2023-03-31 00:00:00,171
Panasonic Lumix GH6 Camera,2023-04-30 00:00:00,143
Panasonic Lumix GH6 Camera,2023-05-31 00:00:00,133
Panasonic Lumix GH6 Camera,2023-06-30 00:00:00,93
Panasonic Lumix GH6 Camera,2023-07-31 00:00:00,110
Panasonic Lumix GH6 Camera,2023-08-31 00:00:00,79
Panasonic Lumix GH6 Camera,2023-09-30 00:00:00,32
Panasonic Lumix GH6 Camera,2023-10-31 00:00:00,102
Panasonic Lumix GH6 Camera,2023-11-30 00:00:00,117
Panasonic Lumix GH6 Camera,2023-12-31 00:00:00,119
Panasonic Lumix GH6 Camera,2024-01-31 00:00:00,102
Panasonic Lumix GH6 Camera,2024-02-29 00:00:00,93
Panasonic Lumix GH6 Camera,2024-03-31 00:00:00,96
Panasonic Lumix GH6 Camera,2024-04-30 00:00:00,114
Panasonic Lumix GH6 Camera,2024-05-31 00:00:00,94
Panasonic Lumix GH6 Camera,2024-06-30 00:00:00,51
Panasonic Lumix GH6 Camera,2024-07-31 00:00:00,70
Panasonic Lumix GH6 Camera,2024-08-31 00:00:00,88
Panasonic Lumix GH6 Camera,2024-09-30 00:00:00,90
Panasonic Lumix GH6 Camera,2024-10-31 00:00:00,94
Panasonic Lumix GH6 Camera,2024-11-30 00:00:00,81
Panasonic Lumix GH6 Camera,2024-12-31 00:00:00,76
Panasonic Lumix GH6 Camera,2025-01-31 00:00:00,130
Panasonic Lumix GH6 Camera,2025-02-28 00:00:00,107
Panasonic Lumix GH6 Camera,2025-03-31 00:00:00,102
Panasonic Lumix GH6 Camera,2025-04-30 00:00:00,106
Panasonic Lumix GH6 Camera,2025-05-31 00:00:00,82
Panasonic Lumix GH6 Camera,2025-06-30 00:00:00,49
Panasonic Lumix GH6 Camera,2025-07-31 00:00:00,69
Panasonic Lumix GH6 Camera,2025-08-31 00:00:00,87
Panasonic Lumix GH6 Camera,2025-09-30 00:00:00,84
Panasonic Lumix GH6 Camera,2025-10-31 00:00:00,77
Panasonic Lumix GH6 Camera,2025-11-30 00:00:00,46
Panasonic Lumix GH6 Camera,2025-12-31 00:00:00,95
Panasonic Lumix GH6 Camera,2026-01-31 00:00:00,108
Panasonic Lumix GH6 Camera,2026-02-28 00:00:00,100
Panasonic Lumix GH6 Camera,2026-03-31 00:00:00,112
Panasonic Lumix GH6 Camera,2026-04-30 00:00:00,104
Panasonic Lumix GH6 Camera,2026-05-31 00:00:00,87
Panasonic Lumix GH6 Camera,2026-06-30 00:00:00,48
Panasonic Lumix GH6 Camera,2026-07-31 00:00:00,66
Panasonic Lumix GH6 Camera,2026-08-31 00:00:00,62
Panasonic Lumix GH6 Camera,2026-09-30 00:00:00,41
Panasonic Lumix GH6 Camera,2026-10-31 00:00:00,70
Panasonic Lumix GH6 Camera,2026-11-30 00:00:00,66
Panasonic Lumix GH6 Camera,2026-12-31 00:00:00,80
Panasonic Lumix GH6 Camera,2027-01-31 00:00:00,92
Panasonic Lumix GH6 Camera,2027-02-28 00:00:00,79
Panasonic Lumix GH6 Camera,2027-03-31 00:00:00,82
Panasonic Lumix GH6 Camera,2027-04-30 00:00:00,90
Panasonic Lumix GH6 Camera,2027-05-31 00:00:00,70
Panasonic Lumix GH6 Camera,2027-06-30 00:00:00,30
Panasonic Lumix GH6 Camera,2027-07-31 00:00:00,50
Panasonic Lumix GH6 Camera,2027-08-31 00:00:00,63
Panasonic Lumix GH6 Camera,2027-09-30 00:00:00,57
Panasonic Lumix GH6 Camera,2027-10-31 00:00:00,64
Panasonic Lumix GH6 Camera,2027-11-30 00:00:00,51
Panasonic Lumix GH6 Camera,2027-12-31 00:00:00,62
Panasonic Lumix GH6 Camera,2028-01-31 00:00:00,94
Panasonic Lumix GH6 Camera,2028-02-29 00:00:00,79
Panasonic Lumix GH6 Camera,2028-03-31 00:00:00,81
Panasonic Lumix GH6 Camera,2028-04-30 00:00:00,82
Panasonic Lumix GH6 Camera,2028-05-31 00:00:00,61
Panasonic Lumix GH6 Camera,2028-06-30 00:00:00,24
Panasonic Lumix GH6 Camera,2028-07-31 00:00:00,44
Panasonic Lumix GH6 Camera,2028-08-31 00:00:00,56
Panasonic Lumix GH6 Camera,2028-09-30 00:00:00,48
Patagonia Better Sweater Fleece,2015-09-30 00:00:00,9
Patagonia Better Sweater Fleece,2022-02-28 00:00:00,1
Patagonia Better Sweater Fleece,2023-04-30 00:00:00,19
Patagonia Better Sweater Fleece,2023-06-30 00:00:00,33
Patagonia Better Sweater Fleece,2023-07-31 00:00:00,5
Patagonia Better Sweater Fleece,2023-08-31 00:00:00,38
Patagonia Better Sweater Fleece,2023-09-30 00:00:00,9
Patagonia Better Sweater Fleece,2023-10-31 00:00:00,39
Patagonia Better Sweater Fleece,2023-11-30 00:00:00,15
Patagonia Better Sweater Fleece,2023-12-31 00:00:00,37
Patagonia Better Sweater Fleece,2024-01-31 00:00:00,22
Patagonia Better Sweater Fleece,2024-02-29 00:00:00,34
Patagonia Better Sweater Fleece,2024-03-31 00:00:00,28
Patagonia Better Sweater Fleece,2024-04-30 00:00:00,49
Patagonia Better Sweater Fleece,2024-05-31 00:00:00,33
Patagonia Better Sweater Fleece,2024-06-30 00:00:00,60
Patagonia Better Sweater Fleece,2024-07-31 00:00:00,39
Patagonia Better Sweater Fleece,2024-08-31 00:00:00,65
Patagonia Better Sweater Fleece,2024-09-30 00:00:00,44
Patagonia Better Sweater Fleece,2024-10-31 00:00:00,65
Patagonia Better Sweater Fleece,2024-11-30 00:00:00,50
Patagonia Better Sweater Fleece,2024-12-31 00:00:00,64
Patagonia Better Sweater Fleece,2025-01-31 00:00:00,56
Patagonia Better Sweater Fleece,2025-02-28 00:00:00,62
Patagonia Better Sweater Fleece,2025-03-31 00:00:00,61
Patagonia Better Sweater Fleece,2025-04-30 00:00:00,79
Patagonia Better Sweater Fleece,2025-05-31 00:00:00,65
Patagonia Better Sweater Fleece,2025-06-30 00:00:00,91
Patagonia Better Sweater Fleece,2025-07-31 00:00:00,69
Patagonia Better Sweater Fleece,2025-08-31 00:00:00,97
Patagonia Better Sweater Fleece,2025-09-30 00:00:00,74
Patagonia Better Sweater Fleece,2025-10-31 00:00:00,98
Patagonia Better Sweater Fleece,2025-11-30 00:00:00,80
Patagonia Better Sweater Fleece,2025-12-31 00:00:00,97
Patagonia Better Sweater Fleece,2026-01-31 00:00:00,86
Patagonia Better Sweater Fleece,2026-02-28 00:00:00,95
Patagonia Better Sweater Fleece,2026-03-31 00:00:00,91
Patagonia Better Sweater Fleece,2026-04-30 00:00:00,111
Patagonia Better Sweater Fleece,2026-05-31 00:00:00,95
Patagonia Better Sweater Fleece,2026-06-30 00:00:00,123
Patagonia Better Sweater Fleece,2026-07-31 00:00:00,100
Patagonia Better Sweater Fleece,2026-08-31 00:00:00,129
Patagonia Better Sweater Fleece,2026-09-30 00:00:00,106
Patagonia Better Sweater Fleece,2026-10-31 00:00:00,130
Patagonia Better Sweater Fleece,2026-11-30 00:00:00,112
Patagonia Better Sweater Fleece,2026-12-31 00:00:00,128
Patagonia Better Sweater Fleece,2027-01-31 00:00:00,118
Patagonia Better Sweater Fleece,2027-02-28 00:00:00,126
Patagonia Better Sweater Fleece,2027-03-31 00:00:00,123
Patagonia Better Sweater Fleece,2027-04-30 00:00:00,142
Patagonia Better Sweater Fleece,2027-05-31 00:00:00,127
Patagonia Better Sweater Fleece,2027-06-30 00:00:00,154
Patagonia Better Sweater Fleece,2027-07-31 00:00:00,131
Patagonia Better Sweater Fleece,2027-08-31 00:00:00,160
Patagonia Better Sweater Fleece,2027-09-30 00:00:00,137
Patagonia Better Sweater Fleece,2027-10-31 00:00:00,161
Patagonia Better Sweater Fleece,2027-11-30 00:00:00,143
Patagonia Better Sweater Fleece,2027-12-31 00:00:00,159
Patagonia Better Sweater Fleece,2028-01-31 00:00:00,149
Patagonia Better Sweater Fleece,2028-02-29 00:00:00,157
Patagonia Better Sweater Fleece,2028-03-31 00:00:00,154
Philips Wiz Smart LED Bulbs,2015-01-31 00:00:00,288
Philips Wiz Smart LED Bulbs,2015-02-28 00:00:00,239
Philips Wiz Smart LED Bulbs,2015-03-31 00:00:00,367
Philips Wiz Smart LED Bulbs,2015-04-30 00:00:00,349
Philips Wiz Smart LED Bulbs,2015-05-31 00:00:00,210
Philips Wiz Smart LED Bulbs,2015-06-30 00:00:00,199
Philips Wiz Smart LED Bulbs,2015-07-31 00:00:00,193
Philips Wiz Smart LED Bulbs,2015-08-31 00:00:00,199
Philips Wiz Smart LED Bulbs,2015-09-30 00:00:00,198
Philips Wiz Smart LED Bulbs,2015-10-31 00:00:00,128
Philips Wiz Smart LED Bulbs,2015-11-30 00:00:00,217
Philips Wiz Smart LED Bulbs,2015-12-31 00:00:00,214
Philips Wiz Smart LED Bulbs,2016-01-31 00:00:00,302
Philips Wiz Smart LED Bulbs,2016-02-29 00:00:00,209
Philips Wiz Smart LED Bulbs,2016-03-31 00:00:00,201
Philips Wiz Smart LED Bulbs,2016-04-30 00:00:00,268
Philips Wiz Smart LED Bulbs,2016-05-31 00:00:00,281
Philips Wiz Smart LED Bulbs,2016-06-30 00:00:00,272
Philips Wiz Smart LED Bulbs,2016-07-31 00:00:00,231
Philips Wiz Smart LED Bulbs,2016-08-31 00:00:00,256
Philips Wiz Smart LED Bulbs,2016-09-30 00:00:00,131
Philips Wiz Smart LED Bulbs,2016-10-31 00:00:00,237
Philips Wiz Smart LED Bulbs,2016-11-30 00:00:00,190
Philips Wiz Smart LED Bulbs,2016-12-31 00:00:00,181
Philips Wiz Smart LED Bulbs,2017-01-31 00:00:00,270
Philips Wiz Smart LED Bulbs,2017-02-28 00:00:00,197
Philips Wiz Smart LED Bulbs,2017-03-31 00:00:00,162
Philips Wiz Smart LED Bulbs,2017-04-30 00:00:00,225
Philips Wiz Smart LED Bulbs,2017-05-31 00:00:00,229
Philips Wiz Smart LED Bulbs,2017-06-30 00:00:00,237
Philips Wiz Smart LED Bulbs,2017-07-31 00:00:00,290
Philips Wiz Smart LED Bulbs,2017-08-31 00:00:00,224
Philips Wiz Smart LED Bulbs,2017-09-30 00:00:00,151
Philips Wiz Smart LED Bulbs,2017-10-31 00:00:00,195
Philips Wiz Smart LED Bulbs,2017-11-30 00:00:00,96
Philips Wiz Smart LED Bulbs,2017-12-31 00:00:00,153
Philips Wiz Smart LED Bulbs,2018-01-31 00:00:00,211
Philips Wiz Smart LED Bulbs,2018-02-28 00:00:00,310
Philips Wiz Smart LED Bulbs,2018-03-31 00:00:00,183
Philips Wiz Smart LED Bulbs,2018-04-30 00:00:00,203
Philips Wiz Smart LED Bulbs,2018-05-31 00:00:00,201
Philips Wiz Smart LED Bulbs,2018-06-30 00:00:00,209
Philips Wiz Smart LED Bulbs,2018-07-31 00:00:00,250
Philips Wiz Smart LED Bulbs,2018-08-31 00:00:00,131
Philips Wiz Smart LED Bulbs,2018-09-30 00:00:00,218
Philips Wiz Smart LED Bulbs,2018-10-31 00:00:00,223
Philips Wiz Smart LED Bulbs,2018-11-30 00:00:00,226
Philips Wiz Smart LED Bulbs,2018-12-31 00:00:00,423
Philips Wiz Smart LED Bulbs,2019-01-31 00:00:00,205
Philips Wiz Smart LED Bulbs,2019-02-28 00:00:00,254
Philips Wiz Smart LED Bulbs,2019-03-31 00:00:00,164
Philips Wiz Smart LED Bulbs,2019-04-30 00:00:00,254
Philips Wiz Smart LED Bulbs,2019-05-31 00:00:00,233
Philips Wiz Smart LED Bulbs,2019-06-30 00:00:00,123
Philips Wiz Smart LED Bulbs,2019-07-31 00:00:00,166
Philips Wiz Smart LED Bulbs,2019-08-31 00:00:00,196
Philips Wiz Smart LED Bulbs,2019-09-30 00:00:00,204
Philips Wiz Smart LED Bulbs,2019-10-31 00:00:00,265
Philips Wiz Smart LED Bulbs,2019-11-30 00:00:00,223
Philips Wiz Smart LED Bulbs,2019-12-31 00:00:00,224
Philips Wiz Smart LED Bulbs,2020-01-31 00:00:00,244
Philips Wiz Smart LED Bulbs,2020-02-29 00:00:00,240
Philips Wiz Smart LED Bulbs,2020-03-31 00:00:00,239
Philips Wiz Smart LED Bulbs,2020-04-30 00:00:00,204
Philips Wiz Smart LED Bulbs,2020-05-31 00:00:00,228
Philips Wiz Smart LED Bulbs,2020-06-30 00:00:00,294
Philips Wiz Smart LED Bulbs,2020-07-31 00:00:00,249
Philips Wiz Smart LED Bulbs,2020-08-31 00:00:00,166
Philips Wiz Smart LED Bulbs,2020-09-30 00:00:00,144
Philips Wiz Smart LED Bulbs,2020-10-31 00:00:00,129
Philips Wiz Smart LED Bulbs,2020-11-30 00:00:00,150
Philips Wiz Smart LED Bulbs,2020-12-31 00:00:00,215
Philips Wiz Smart LED Bulbs,2021-01-31 00:00:00,206
Philips Wiz Smart LED Bulbs,2021-02-28 00:00:00,129
Philips Wiz Smart LED Bulbs,2021-03-31 00:00:00,297
Philips Wiz Smart LED Bulbs,2021-04-30 00:00:00,250
Philips Wiz Smart LED Bulbs,2021-05-31 00:00:00,217
Philips Wiz Smart LED Bulbs,2021-06-30 00:00:00,311
Philips Wiz Smart LED Bulbs,2021-07-31 00:00:00,224
Philips Wiz Smart LED Bulbs,2021-08-31 00:00:00,341
Philips Wiz Smart LED Bulbs,2021-09-30 00:00:00,212
Philips Wiz Smart LED Bulbs,2021-10-31 00:00:00,169
Philips Wiz Smart LED Bulbs,2021-11-30 00:00:00,172
Philips Wiz Smart LED Bulbs,2021-12-31 00:00:00,290
Philips Wiz Smart LED Bulbs,2022-01-31 00:00:00,191
Philips Wiz Smart LED Bulbs,2022-02-28 00:00:00,244
Philips Wiz Smart LED Bulbs,2022-03-31 00:00:00,353
Philips Wiz Smart LED Bulbs,2022-04-30 00:00:00,267
Philips Wiz Smart LED Bulbs,2022-05-31 00:00:00,219
Philips Wiz Smart LED Bulbs,2022-06-30 00:00:00,308
Philips Wiz Smart LED Bulbs,2022-07-31 00:00:00,132
Philips Wiz Smart LED Bulbs,2022-08-31 00:00:00,186
Philips Wiz Smart LED Bulbs,2022-09-30 00:00:00,380
Philips Wiz Smart LED Bulbs,2022-10-31 00:00:00,152
Philips Wiz Smart LED Bulbs,2022-11-30 00:00:00,113
Philips Wiz Smart LED Bulbs,2022-12-31 00:00:00,277
Philips Wiz Smart LED Bulbs,2023-01-31 00:00:00,274
Philips Wiz Smart LED Bulbs,2023-02-28 00:00:00,187
Philips Wiz Smart LED Bulbs,2023-03-31 00:00:00,134
Philips Wiz Smart LED Bulbs,2023-04-30 00:00:00,161
Philips Wiz Smart LED Bulbs,2023-05-31 00:00:00,296
Philips Wiz Smart LED Bulbs,2023-06-30 00:00:00,183
Philips Wiz Smart LED Bulbs,2023-07-31 00:00:00,236
Philips Wiz Smart LED Bulbs,2023-08-31 00:00:00,219
Philips Wiz Smart LED Bulbs,2023-09-30 00:00:00,231
Philips Wiz Smart LED Bulbs,2023-10-31 00:00:00,194
Philips Wiz Smart LED Bulbs,2023-11-30 00:00:00,235
Philips Wiz Smart LED Bulbs,2023-12-31 00:00:00,247
Philips Wiz Smart LED Bulbs,2024-01-31 00:00:00,247
Philips Wiz Smart LED Bulbs,2024-02-29 00:00:00,197
Philips Wiz Smart LED Bulbs,2024-03-31 00:00:00,253
Philips Wiz Smart LED Bulbs,2024-04-30 00:00:00,241
Philips Wiz Smart LED Bulbs,2024-05-31 00:00:00,269
Philips Wiz Smart LED Bulbs,2024-06-30 00:00:00,271
Philips Wiz Smart LED Bulbs,2024-07-31 00:00:00,239
Philips Wiz Smart LED Bulbs,2024-08-31 00:00:00,282
Philips Wiz Smart LED Bulbs,2024-09-30 00:00:00,264
Philips Wiz Smart LED Bulbs,2024-10-31 00:00:00,200
Philips Wiz Smart LED Bulbs,2024-11-30 00:00:00,216
Philips Wiz Smart LED Bulbs,2024-12-31 00:00:00,289
Philips Wiz Smart LED Bulbs,2025-01-31 00:00:00,254
Philips Wiz Smart LED Bulbs,2025-02-28 00:00:00,241
Philips Wiz Smart LED Bulbs,2025-03-31 00:00:00,301
Philips Wiz Smart LED Bulbs,2025-04-30 00:00:00,266
Philips Wiz Smart LED Bulbs,2025-05-31 00:00:00,277
Philips Wiz Smart LED Bulbs,2025-06-30 00:00:00,298
Philips Wiz Smart LED Bulbs,2025-07-31 00:00:00,222
Philips Wiz Smart LED Bulbs,2025-08-31 00:00:00,261
Philips Wiz Smart LED Bulbs,2025-09-30 00:00:00,333
Philips Wiz Smart LED Bulbs,2025-10-31 00:00:00,206
Philips Wiz Smart LED Bulbs,2025-11-30 00:00:00,203
Philips Wiz Smart LED Bulbs,2025-12-31 00:00:00,300
Philips Wiz Smart LED Bulbs,2026-01-31 00:00:00,285
Philips Wiz Smart LED Bulbs,2026-02-28 00:00:00,241
Philips Wiz Smart LED Bulbs,2026-03-31 00:00:00,253
Philips Wiz Smart LED Bulbs,2026-04-30 00:00:00,247
Philips Wiz Smart LED Bulbs,2026-05-31 00:00:00,308
Philips Wiz Smart LED Bulbs,2026-06-30 00:00:00,274
Philips Wiz Smart LED Bulbs,2026-07-31 00:00:00,257
Philips Wiz Smart LED Bulbs,2026-08-31 00:00:00,272
Philips Wiz Smart LED Bulbs,2026-09-30 00:00:00,305
Philips Wiz Smart LED Bulbs,2026-10-31 00:00:00,228
Philips Wiz Smart LED Bulbs,2026-11-30 00:00:00,244
Philips Wiz Smart LED Bulbs,2026-12-31 00:00:00,304
Philips Wiz Smart LED Bulbs,2027-01-31 00:00:00,296
Philips Wiz Smart LED Bulbs,2027-02-28 00:00:00,253
Philips Wiz Smart LED Bulbs,2027-03-31 00:00:00,288
Philips Wiz Smart LED Bulbs,2027-04-30 00:00:00,277
Philips Wiz Smart LED Bulbs,2027-05-31 00:00:00,318
Philips Wiz Smart LED Bulbs,2027-06-30 00:00:00,305
Philips Wiz Smart LED Bulbs,2027-07-31 00:00:00,277
Philips Wiz Smart LED Bulbs,2027-08-31 00:00:00,308
Philips Wiz Smart LED Bulbs,2027-09-30 00:00:00,320
Philips Wiz Smart LED Bulbs,2027-10-31 00:00:00,242
Philips Wiz Smart LED Bulbs,2027-11-30 00:00:00,258
Philips Wiz Smart LED Bulbs,2027-12-31 00:00:00,328
Philips Wiz Smart LED Bulbs,2028-01-31 00:00:00,308
Philips Wiz Smart LED Bulbs,2028-02-29 00:00:00,275
Philips Wiz Smart LED Bulbs,2028-03-31 00:00:00,324
Philips Wiz Smart LED Bulbs,2028-04-30 00:00:00,300
Philips Wiz Smart LED Bulbs,2028-05-31 00:00:00,331
Philips Wiz Smart LED Bulbs,2028-06-30 00:00:00,330
Philips Wiz Smart LED Bulbs,2028-07-31 00:00:00,281
Philips Wiz Smart LED Bulbs,2028-08-31 00:00:00,311
Philips Wiz Smart LED Bulbs,2028-09-30 00:00:00,353
Polar Grit X Pro Smartwatch,2015-01-31 00:00:00,209
Polar Grit X Pro Smartwatch,2015-02-28 00:00:00,156
Polar Grit X Pro Smartwatch,2015-03-31 00:00:00,87
Polar Grit X Pro Smartwatch,2015-04-30 00:00:00,152
Polar Grit X Pro Smartwatch,2015-05-31 00:00:00,88
Polar Grit X Pro Smartwatch,2015-06-30 00:00:00,113
Polar Grit X Pro Smartwatch,2015-07-31 00:00:00,126
Polar Grit X Pro Smartwatch,2015-08-31 00:00:00,93
Polar Grit X Pro Smartwatch,2015-09-30 00:00:00,78
Polar Grit X Pro Smartwatch,2015-10-31 00:00:00,125
Polar Grit X Pro Smartwatch,2015-11-30 00:00:00,147
Polar Grit X Pro Smartwatch,2015-12-31 00:00:00,111
Polar Grit X Pro Smartwatch,2016-01-31 00:00:00,134
Polar Grit X Pro Smartwatch,2016-02-29 00:00:00,84
Polar Grit X Pro Smartwatch,2016-03-31 00:00:00,74
Polar Grit X Pro Smartwatch,2016-04-30 00:00:00,76
Polar Grit X Pro Smartwatch,2016-05-31 00:00:00,161
Polar Grit X Pro Smartwatch,2016-06-30 00:00:00,158
Polar Grit X Pro Smartwatch,2016-07-31 00:00:00,135
Polar Grit X Pro Smartwatch,2016-08-31 00:00:00,222
Polar Grit X Pro Smartwatch,2016-09-30 00:00:00,114
Polar Grit X Pro Smartwatch,2016-10-31 00:00:00,100
Polar Grit X Pro Smartwatch,2016-11-30 00:00:00,211
Polar Grit X Pro Smartwatch,2016-12-31 00:00:00,125
Polar Grit X Pro Smartwatch,2017-01-31 00:00:00,109
Polar Grit X Pro Smartwatch,2017-02-28 00:00:00,118
Polar Grit X Pro Smartwatch,2017-03-31 00:00:00,162
Polar Grit X Pro Smartwatch,2017-04-30 00:00:00,144
Polar Grit X Pro Smartwatch,2017-05-31 00:00:00,146
Polar Grit X Pro Smartwatch,2017-06-30 00:00:00,150
Polar Grit X Pro Smartwatch,2017-07-31 00:00:00,158
Polar Grit X Pro Smartwatch,2017-08-31 00:00:00,181
Polar Grit X Pro Smartwatch,2017-09-30 00:00:00,51
Polar Grit X Pro Smartwatch,2017-10-31 00:00:00,138
Polar Grit X Pro Smartwatch,2017-11-30 00:00:00,109
Polar Grit X Pro Smartwatch,2017-12-31 00:00:00,137
Polar Grit X Pro Smartwatch,2018-01-31 00:00:00,138
Polar Grit X Pro Smartwatch,2018-02-28 00:00:00,159
Polar Grit X Pro Smartwatch,2018-03-31 00:00:00,114
Polar Grit X Pro Smartwatch,2018-04-30 00:00:00,70
Polar Grit X Pro Smartwatch,2018-05-31 00:00:00,174
Polar Grit X Pro Smartwatch,2018-06-30 00:00:00,118
Polar Grit X Pro Smartwatch,2018-07-31 00:00:00,191
Polar Grit X Pro Smartwatch,2018-08-31 00:00:00,123
Polar Grit X Pro Smartwatch,2018-09-30 00:00:00,160
Polar Grit X Pro Smartwatch,2018-10-31 00:00:00,140
Polar Grit X Pro Smartwatch,2018-11-30 00:00:00,176
Polar Grit X Pro Smartwatch,2018-12-31 00:00:00,169
Polar Grit X Pro Smartwatch,2019-01-31 00:00:00,135
Polar Grit X Pro Smartwatch,2019-02-28 00:00:00,171
Polar Grit X Pro Smartwatch,2019-03-31 00:00:00,111
Polar Grit X Pro Smartwatch,2019-04-30 00:00:00,117
Polar Grit X Pro Smartwatch,2019-05-31 00:00:00,102
Polar Grit X Pro Smartwatch,2019-06-30 00:00:00,97
Polar Grit X Pro Smartwatch,2019-07-31 00:00:00,175
Polar Grit X Pro Smartwatch,2019-08-31 00:00:00,137
Polar Grit X Pro Smartwatch,2019-09-30 00:00:00,82
Polar Grit X Pro Smartwatch,2019-10-31 00:00:00,97
Polar Grit X Pro Smartwatch,2019-11-30 00:00:00,125
Polar Grit X Pro Smartwatch,2019-12-31 00:00:00,208
Polar Grit X Pro Smartwatch,2020-01-31 00:00:00,153
Polar Grit X Pro Smartwatch,2020-02-29 00:00:00,88
Polar Grit X Pro Smartwatch,2020-03-31 00:00:00,77
Polar Grit X Pro Smartwatch,2020-04-30 00:00:00,63
Polar Grit X Pro Smartwatch,2020-05-31 00:00:00,111
Polar Grit X Pro Smartwatch,2020-06-30 00:00:00,129
Polar Grit X Pro Smartwatch,2020-07-31 00:00:00,116
Polar Grit X Pro Smartwatch,2020-08-31 00:00:00,159
Polar Grit X Pro Smartwatch,2020-09-30 00:00:00,197
Polar Grit X Pro Smartwatch,2020-10-31 00:00:00,151
Polar Grit X Pro Smartwatch,2020-11-30 00:00:00,49
Polar Grit X Pro Smartwatch,2020-12-31 00:00:00,54
Polar Grit X Pro Smartwatch,2021-01-31 00:00:00,69
Polar Grit X Pro Smartwatch,2021-02-28 00:00:00,64
Polar Grit X Pro Smartwatch,2021-03-31 00:00:00,149
Polar Grit X Pro Smartwatch,2021-04-30 00:00:00,103
Polar Grit X Pro Smartwatch,2021-05-31 00:00:00,140
Polar Grit X Pro Smartwatch,2021-06-30 00:00:00,71
Polar Grit X Pro Smartwatch,2021-07-31 00:00:00,93
Polar Grit X Pro Smartwatch,2021-08-31 00:00:00,122
Polar Grit X Pro Smartwatch,2021-09-30 00:00:00,141
Polar Grit X Pro Smartwatch,2021-10-31 00:00:00,142
Polar Grit X Pro Smartwatch,2021-11-30 00:00:00,122
Polar Grit X Pro Smartwatch,2021-12-31 00:00:00,145
Polar Grit X Pro Smartwatch,2022-01-31 00:00:00,132
Polar Grit X Pro Smartwatch,2022-02-28 00:00:00,189
Polar Grit X Pro Smartwatch,2022-03-31 00:00:00,140
Polar Grit X Pro Smartwatch,2022-04-30 00:00:00,123
Polar Grit X Pro Smartwatch,2022-05-31 00:00:00,159
Polar Grit X Pro Smartwatch,2022-06-30 00:00:00,107
Polar Grit X Pro Smartwatch,2022-07-31 00:00:00,58
Polar Grit X Pro Smartwatch,2022-08-31 00:00:00,87
Polar Grit X Pro Smartwatch,2022-09-30 00:00:00,139
Polar Grit X Pro Smartwatch,2022-10-31 00:00:00,134
Polar Grit X Pro Smartwatch,2022-11-30 00:00:00,81
Polar Grit X Pro Smartwatch,2022-12-31 00:00:00,134
Polar Grit X Pro Smartwatch,2023-01-31 00:00:00,228
Polar Grit X Pro Smartwatch,2023-02-28 00:00:00,101
Polar Grit X Pro Smartwatch,2023-03-31 00:00:00,91
Polar Grit X Pro Smartwatch,2023-04-30 00:00:00,167
Polar Grit X Pro Smartwatch,2023-05-31 00:00:00,135
Polar Grit X Pro Smartwatch,2023-06-30 00:00:00,175
Polar Grit X Pro Smartwatch,2023-07-31 00:00:00,193
Polar Grit X Pro Smartwatch,2023-08-31 00:00:00,108
Polar Grit X Pro Smartwatch,2023-09-30 00:00:00,137
Polar Grit X Pro Smartwatch,2023-10-31 00:00:00,146
Polar Grit X Pro Smartwatch,2023-11-30 00:00:00,182
Polar Grit X Pro Smartwatch,2023-12-31 00:00:00,98
Polar Grit X Pro Smartwatch,2024-01-31 00:00:00,135
Polar Grit X Pro Smartwatch,2024-02-29 00:00:00,100
Polar Grit X Pro Smartwatch,2024-03-31 00:00:00,93
Polar Grit X Pro Smartwatch,2024-04-30 00:00:00,94
Polar Grit X Pro Smartwatch,2024-05-31 00:00:00,114
Polar Grit X Pro Smartwatch,2024-06-30 00:00:00,104
Polar Grit X Pro Smartwatch,2024-07-31 00:00:00,116
Polar Grit X Pro Smartwatch,2024-08-31 00:00:00,110
Polar Grit X Pro Smartwatch,2024-09-30 00:00:00,105
Polar Grit X Pro Smartwatch,2024-10-31 00:00:00,110
Polar Grit X Pro Smartwatch,2024-11-30 00:00:00,110
Polar Grit X Pro Smartwatch,2024-12-31 00:00:00,109
Polar Grit X Pro Smartwatch,2025-01-31 00:00:00,120
Polar Grit X Pro Smartwatch,2025-02-28 00:00:00,97
Polar Grit X Pro Smartwatch,2025-03-31 00:00:00,85
Polar Grit X Pro Smartwatch,2025-04-30 00:00:00,88
Polar Grit X Pro Smartwatch,2025-05-31 00:00:00,108
Polar Grit X Pro Smartwatch,2025-06-30 00:00:00,96
Polar Grit X Pro Smartwatch,2025-07-31 00:00:00,108
Polar Grit X Pro Smartwatch,2025-08-31 00:00:00,105
Polar Grit X Pro Smartwatch,2025-09-30 00:00:00,103
Polar Grit X Pro Smartwatch,2025-10-31 00:00:00,107
Polar Grit X Pro Smartwatch,2025-11-30 00:00:00,105
Polar Grit X Pro Smartwatch,2025-12-31 00:00:00,101
Polar Grit X Pro Smartwatch,2026-01-31 00:00:00,113
Polar Grit X Pro Smartwatch,2026-02-28 00:00:00,91
Polar Grit X Pro Smartwatch,2026-03-31 00:00:00,80
Polar Grit X Pro Smartwatch,2026-04-30 00:00:00,82
Polar Grit X Pro Smartwatch,2026-05-31 00:00:00,102
Polar Grit X Pro Smartwatch,2026-06-30 00:00:00,90
Polar Grit X Pro Smartwatch,2026-07-31 00:00:00,101
Polar Grit X Pro Smartwatch,2026-08-31 00:00:00,97
Polar Grit X Pro Smartwatch,2026-09-30 00:00:00,93
Polar Grit X Pro Smartwatch,2026-10-31 00:00:00,97
Polar Grit X Pro Smartwatch,2026-11-30 00:00:00,97
Polar Grit X Pro Smartwatch,2026-12-31 00:00:00,94
Polar Grit X Pro Smartwatch,2027-01-31 00:00:00,106
Polar Grit X Pro Smartwatch,2027-02-28 00:00:00,83
Polar Grit X Pro Smartwatch,2027-03-31 00:00:00,73
Polar Grit X Pro Smartwatch,2027-04-30 00:00:00,76
Polar Grit X Pro Smartwatch,2027-05-31 00:00:00,97
Polar Grit X Pro Smartwatch,2027-06-30 00:00:00,84
Polar Grit X Pro Smartwatch,2027-07-31 00:00:00,95
Polar Grit X Pro Smartwatch,2027-08-31 00:00:00,91
Polar Grit X Pro Smartwatch,2027-09-30 00:00:00,87
Polar Grit X Pro Smartwatch,2027-10-31 00:00:00,91
Polar Grit X Pro Smartwatch,2027-11-30 00:00:00,90
Polar Grit X Pro Smartwatch,2027-12-31 00:00:00,89
Polar Grit X Pro Smartwatch,2028-01-31 00:00:00,100
Polar Grit X Pro Smartwatch,2028-02-29 00:00:00,76
Polar Grit X Pro Smartwatch,2028-03-31 00:00:00,66
Polar Grit X Pro Smartwatch,2028-04-30 00:00:00,68
Polar Grit X Pro Smartwatch,2028-05-31 00:00:00,88
Polar Grit X Pro Smartwatch,2028-06-30 00:00:00,78
Polar Grit X Pro Smartwatch,2028-07-31 00:00:00,89
Polar Grit X Pro Smartwatch,2028-08-31 00:00:00,84
Polar Grit X Pro Smartwatch,2028-09-30 00:00:00,80
Pride and Prejudice,2015-12-31 00:00:00,9
Pride and Prejudice,2018-07-31 00:00:00,7
Pride and Prejudice,2019-01-31 00:00:00,26
Pride and Prejudice,2019-11-30 00:00:00,15
Pride and Prejudice,2020-05-31 00:00:00,1
Pride and Prejudice,2020-06-30 00:00:00,14
Pride and Prejudice,2021-03-31 00:00:00,3
Pride and Prejudice,2021-05-31 00:00:00,12
Pride and Prejudice,2021-12-31 00:00:00,13
Pride and Prejudice,2022-01-31 00:00:00,7
Pride and Prejudice,2022-02-28 00:00:00,2
Pride and Prejudice,2022-03-31 00:00:00,4
Pride and Prejudice,2022-04-30 00:00:00,3
Pride and Prejudice,2022-05-31 00:00:00,6
Pride and Prejudice,2022-06-30 00:00:00,6
Pride and Prejudice,2022-07-31 00:00:00,3
Pride and Prejudice,2022-08-31 00:00:00,2
Pride and Prejudice,2022-09-30 00:00:00,2
Pride and Prejudice,2022-10-31 00:00:00,2
Pride and Prejudice,2022-11-30 00:00:00,8
Pride and Prejudice,2022-12-31 00:00:00,7
Pride and Prejudice,2023-01-31 00:00:00,5
Pride and Prejudice,2023-02-28 00:00:00,3
Pride and Prejudice,2023-03-31 00:00:00,4
Pride and Prejudice,2023-04-30 00:00:00,3
Pride and Prejudice,2023-05-31 00:00:00,8
Pride and Prejudice,2023-06-30 00:00:00,9
Pride and Prejudice,2023-07-31 00:00:00,3
Pride and Prejudice,2023-08-31 00:00:00,3
Pride and Prejudice,2023-09-30 00:00:00,3
Pride and Prejudice,2023-10-31 00:00:00,3
Pride and Prejudice,2023-11-30 00:00:00,5
Pride and Prejudice,2023-12-31 00:00:00,8
Pride and Prejudice,2024-01-31 00:00:00,6
Pride and Prejudice,2024-02-29 00:00:00,4
Pride and Prejudice,2024-03-31 00:00:00,6
Pride and Prejudice,2024-04-30 00:00:00,4
Pride and Prejudice,2024-05-31 00:00:00,11
Pride and Prejudice,2024-06-30 00:00:00,7
Pride and Prejudice,2024-07-31 00:00:00,4
Pride and Prejudice,2024-08-31 00:00:00,4
Pride and Prejudice,2024-09-30 00:00:00,4
Pride and Prejudice,2024-10-31 00:00:00,4
Pride and Prejudice,2024-11-30 00:00:00,6
Pride and Prejudice,2024-12-31 00:00:00,12
Pride and Prejudice,2025-01-31 00:00:00,8
Pride and Prejudice,2025-02-28 00:00:00,5
Pride and Prejudice,2025-03-31 00:00:00,7
Pride and Prejudice,2025-04-30 00:00:00,6
Pride and Prejudice,2025-05-31 00:00:00,10
Pride and Prejudice,2025-06-30 00:00:00,10
Pride and Prejudice,2025-07-31 00:00:00,5
Pride and Prejudice,2025-08-31 00:00:00,5
Pride and Prejudice,2025-09-30 00:00:00,5
Pride and Prejudice,2025-10-31 00:00:00,5
Pride and Prejudice,2025-11-30 00:00:00,8
Pride and Prejudice,2025-12-31 00:00:00,11
Pride and Prejudice,2026-01-31 00:00:00,8
Pride and Prejudice,2026-02-28 00:00:00,6
Pride and Prejudice,2026-03-31 00:00:00,8
Pride and Prejudice,2026-04-30 00:00:00,7
Pride and Prejudice,2026-05-31 00:00:00,12
Pride and Prejudice,2026-06-30 00:00:00,11
Pride and Prejudice,2026-07-31 00:00:00,6
Pride and Prejudice,2026-08-31 00:00:00,6
Pride and Prejudice,2026-09-30 00:00:00,6
Pride and Prejudice,2026-10-31 00:00:00,6
Razer DeathAdder V3 Mouse,2015-01-31 00:00:00,202
Razer DeathAdder V3 Mouse,2015-02-28 00:00:00,349
Razer DeathAdder V3 Mouse,2015-03-31 00:00:00,292
Razer DeathAdder V3 Mouse,2015-04-30 00:00:00,294
Razer DeathAdder V3 Mouse,2015-05-31 00:00:00,204
Razer DeathAdder V3 Mouse,2015-06-30 00:00:00,216
Razer DeathAdder V3 Mouse,2015-07-31 00:00:00,244
Razer DeathAdder V3 Mouse,2015-08-31 00:00:00,188
Razer DeathAdder V3 Mouse,2015-09-30 00:00:00,128
Razer DeathAdder V3 Mouse,2015-10-31 00:00:00,234
Razer DeathAdder V3 Mouse,2015-11-30 00:00:00,407
Razer DeathAdder V3 Mouse,2015-12-31 00:00:00,249
Razer DeathAdder V3 Mouse,2016-01-31 00:00:00,374
Razer DeathAdder V3 Mouse,2016-02-29 00:00:00,338
Razer DeathAdder V3 Mouse,2016-03-31 00:00:00,213
Razer DeathAdder V3 Mouse,2016-04-30 00:00:00,247
Razer DeathAdder V3 Mouse,2016-05-31 00:00:00,430
Razer DeathAdder V3 Mouse,2016-06-30 00:00:00,280
Razer DeathAdder V3 Mouse,2016-07-31 00:00:00,339
Razer DeathAdder V3 Mouse,2016-08-31 00:00:00,272
Razer DeathAdder V3 Mouse,2016-09-30 00:00:00,223
Razer DeathAdder V3 Mouse,2016-10-31 00:00:00,303
Razer DeathAdder V3 Mouse,2016-11-30 00:00:00,330
Razer DeathAdder V3 Mouse,2016-12-31 00:00:00,186
Razer DeathAdder V3 Mouse,2017-01-31 00:00:00,244
Razer DeathAdder V3 Mouse,2017-02-28 00:00:00,245
Razer DeathAdder V3 Mouse,2017-03-31 00:00:00,308
Razer DeathAdder V3 Mouse,2017-04-30 00:00:00,243
Razer DeathAdder V3 Mouse,2017-05-31 00:00:00,275
Razer DeathAdder V3 Mouse,2017-06-30 00:00:00,176
Razer DeathAdder V3 Mouse,2017-07-31 00:00:00,267
Razer DeathAdder V3 Mouse,2017-08-31 00:00:00,256
Razer DeathAdder V3 Mouse,2017-09-30 00:00:00,199
Razer DeathAdder V3 Mouse,2017-10-31 00:00:00,293
Razer DeathAdder V3 Mouse,2017-11-30 00:00:00,160
Razer DeathAdder V3 Mouse,2017-12-31 00:00:00,206
Razer DeathAdder V3 Mouse,2018-01-31 00:00:00,361
Razer DeathAdder V3 Mouse,2018-02-28 00:00:00,294
Razer DeathAdder V3 Mouse,2018-03-31 00:00:00,242
Razer DeathAdder V3 Mouse,2018-04-30 00:00:00,318
Razer DeathAdder V3 Mouse,2018-05-31 00:00:00,369
Razer DeathAdder V3 Mouse,2018-06-30 00:00:00,208
Razer DeathAdder V3 Mouse,2018-07-31 00:00:00,271
Razer DeathAdder V3 Mouse,2018-08-31 00:00:00,227
Razer DeathAdder V3 Mouse,2018-09-30 00:00:00,144
Razer DeathAdder V3 Mouse,2018-10-31 00:00:00,260
Razer DeathAdder V3 Mouse,2018-11-30 00:00:00,286
Razer DeathAdder V3 Mouse,2018-12-31 00:00:00,316
Razer DeathAdder V3 Mouse,2019-01-31 00:00:00,247
Razer DeathAdder V3 Mouse,2019-02-28 00:00:00,176
Razer DeathAdder V3 Mouse,2019-03-31 00:00:00,339
Razer DeathAdder V3 Mouse,2019-04-30 00:00:00,266
Razer DeathAdder V3 Mouse,2019-05-31 00:00:00,131
Razer DeathAdder V3 Mouse,2019-06-30 00:00:00,255
Razer DeathAdder V3 Mouse,2019-07-31 00:00:00,210
Razer DeathAdder V3 Mouse,2019-08-31 00:00:00,290
Razer DeathAdder V3 Mouse,2019-09-30 00:00:00,260
Razer DeathAdder V3 Mouse,2019-10-31 00:00:00,302
Razer DeathAdder V3 Mouse,2019-11-30 00:00:00,294
Razer DeathAdder V3 Mouse,2019-12-31 00:00:00,381
Razer DeathAdder V3 Mouse,2020-01-31 00:00:00,340
Razer DeathAdder V3 Mouse,2020-02-29 00:00:00,342
Razer DeathAdder V3 Mouse,2020-03-31 00:00:00,333
Razer DeathAdder V3 Mouse,2020-04-30 00:00:00,368
Razer DeathAdder V3 Mouse,2020-05-31 00:00:00,239
Razer DeathAdder V3 Mouse,2020-06-30 00:00:00,331
Razer DeathAdder V3 Mouse,2020-07-31 00:00:00,299
Razer DeathAdder V3 Mouse,2020-08-31 00:00:00,273
Razer DeathAdder V3 Mouse,2020-09-30 00:00:00,212
Razer DeathAdder V3 Mouse,2020-10-31 00:00:00,115
Razer DeathAdder V3 Mouse,2020-11-30 00:00:00,191
Razer DeathAdder V3 Mouse,2020-12-31 00:00:00,321
Razer DeathAdder V3 Mouse,2021-01-31 00:00:00,215
Razer DeathAdder V3 Mouse,2021-02-28 00:00:00,262
Razer DeathAdder V3 Mouse,2021-03-31 00:00:00,389
Razer DeathAdder V3 Mouse,2021-04-30 00:00:00,391
Razer DeathAdder V3 Mouse,2021-05-31 00:00:00,323
Razer DeathAdder V3 Mouse,2021-06-30 00:00:00,308
Razer DeathAdder V3 Mouse,2021-07-31 00:00:00,263
Razer DeathAdder V3 Mouse,2021-08-31 00:00:00,190
Razer DeathAdder V3 Mouse,2021-09-30 00:00:00,363
Razer DeathAdder V3 Mouse,2021-10-31 00:00:00,317
Razer DeathAdder V3 Mouse,2021-11-30 00:00:00,324
Razer DeathAdder V3 Mouse,2021-12-31 00:00:00,156
Razer DeathAdder V3 Mouse,2022-01-31 00:00:00,312
Razer DeathAdder V3 Mouse,2022-02-28 00:00:00,313
Razer DeathAdder V3 Mouse,2022-03-31 00:00:00,327
Razer DeathAdder V3 Mouse,2022-04-30 00:00:00,266
Razer DeathAdder V3 Mouse,2022-05-31 00:00:00,325
Razer DeathAdder V3 Mouse,2022-06-30 00:00:00,328
Razer DeathAdder V3 Mouse,2022-07-31 00:00:00,260
Razer DeathAdder V3 Mouse,2022-08-31 00:00:00,316
Razer DeathAdder V3 Mouse,2022-09-30 00:00:00,363
Razer DeathAdder V3 Mouse,2022-10-31 00:00:00,248
Razer DeathAdder V3 Mouse,2022-11-30 00:00:00,265
Razer DeathAdder V3 Mouse,2022-12-31 00:00:00,288
Razer DeathAdder V3 Mouse,2023-01-31 00:00:00,335
Razer DeathAdder V3 Mouse,2023-02-28 00:00:00,205
Razer DeathAdder V3 Mouse,2023-03-31 00:00:00,248
Razer DeathAdder V3 Mouse,2023-04-30 00:00:00,292
Razer DeathAdder V3 Mouse,2023-05-31 00:00:00,495
Razer DeathAdder V3 Mouse,2023-06-30 00:00:00,215
Razer DeathAdder V3 Mouse,2023-07-31 00:00:00,231
Razer DeathAdder V3 Mouse,2023-08-31 00:00:00,292
Razer DeathAdder V3 Mouse,2023-09-30 00:00:00,214
Razer DeathAdder V3 Mouse,2023-10-31 00:00:00,239
Razer DeathAdder V3 Mouse,2023-11-30 00:00:00,368
Razer DeathAdder V3 Mouse,2023-12-31 00:00:00,276
Razer DeathAdder V3 Mouse,2024-01-31 00:00:00,328
Razer DeathAdder V3 Mouse,2024-02-29 00:00:00,298
Razer DeathAdder V3 Mouse,2024-03-31 00:00:00,325
Razer DeathAdder V3 Mouse,2024-04-30 00:00:00,324
Razer DeathAdder V3 Mouse,2024-05-31 00:00:00,341
Razer DeathAdder V3 Mouse,2024-06-30 00:00:00,287
Razer DeathAdder V3 Mouse,2024-07-31 00:00:00,288
Razer DeathAdder V3 Mouse,2024-08-31 00:00:00,285
Razer DeathAdder V3 Mouse,2024-09-30 00:00:00,270
Razer DeathAdder V3 Mouse,2024-10-31 00:00:00,279
Razer DeathAdder V3 Mouse,2024-11-30 00:00:00,316
Razer DeathAdder V3 Mouse,2024-12-31 00:00:00,294
Razer DeathAdder V3 Mouse,2025-01-31 00:00:00,328
Razer DeathAdder V3 Mouse,2025-02-28 00:00:00,308
Razer DeathAdder V3 Mouse,2025-03-31 00:00:00,333
Razer DeathAdder V3 Mouse,2025-04-30 00:00:00,332
Razer DeathAdder V3 Mouse,2025-05-31 00:00:00,354
Razer DeathAdder V3 Mouse,2025-06-30 00:00:00,296
Razer DeathAdder V3 Mouse,2025-07-31 00:00:00,296
Razer DeathAdder V3 Mouse,2025-08-31 00:00:00,295
Razer DeathAdder V3 Mouse,2025-09-30 00:00:00,276
Razer DeathAdder V3 Mouse,2025-10-31 00:00:00,292
Razer DeathAdder V3 Mouse,2025-11-30 00:00:00,329
Razer DeathAdder V3 Mouse,2025-12-31 00:00:00,300
Razer DeathAdder V3 Mouse,2026-01-31 00:00:00,339
Razer DeathAdder V3 Mouse,2026-02-28 00:00:00,317
Razer DeathAdder V3 Mouse,2026-03-31 00:00:00,344
Razer DeathAdder V3 Mouse,2026-04-30 00:00:00,343
Razer DeathAdder V3 Mouse,2026-05-31 00:00:00,363
Razer DeathAdder V3 Mouse,2026-06-30 00:00:00,305
Razer DeathAdder V3 Mouse,2026-07-31 00:00:00,307
Razer DeathAdder V3 Mouse,2026-08-31 00:00:00,305
Razer DeathAdder V3 Mouse,2026-09-30 00:00:00,290
Razer DeathAdder V3 Mouse,2026-10-31 00:00:00,298
Razer DeathAdder V3 Mouse,2026-11-30 00:00:00,335
Razer DeathAdder V3 Mouse,2026-12-31 00:00:00,312
Razer DeathAdder V3 Mouse,2027-01-31 00:00:00,348
Razer DeathAdder V3 Mouse,2027-02-28 00:00:00,327
Razer DeathAdder V3 Mouse,2027-03-31 00:00:00,353
Razer DeathAdder V3 Mouse,2027-04-30 00:00:00,353
Razer DeathAdder V3 Mouse,2027-05-31 00:00:00,372
Razer DeathAdder V3 Mouse,2027-06-30 00:00:00,314
Razer DeathAdder V3 Mouse,2027-07-31 00:00:00,315
Razer DeathAdder V3 Mouse,2027-08-31 00:00:00,313
Razer DeathAdder V3 Mouse,2027-09-30 00:00:00,298
Razer DeathAdder V3 Mouse,2027-10-31 00:00:00,309
Razer DeathAdder V3 Mouse,2027-11-30 00:00:00,346
Razer DeathAdder V3 Mouse,2027-12-31 00:00:00,321
Razer DeathAdder V3 Mouse,2028-01-31 00:00:00,357
Razer DeathAdder V3 Mouse,2028-02-29 00:00:00,332
Razer DeathAdder V3 Mouse,2028-03-31 00:00:00,364
Razer DeathAdder V3 Mouse,2028-04-30 00:00:00,363
Razer DeathAdder V3 Mouse,2028-05-31 00:00:00,381
Razer DeathAdder V3 Mouse,2028-06-30 00:00:00,324
Razer DeathAdder V3 Mouse,2028-07-31 00:00:00,325
Razer DeathAdder V3 Mouse,2028-08-31 00:00:00,323
Razer DeathAdder V3 Mouse,2028-09-30 00:00:00,309
Roborock S7 MaxV Ultra Vacuum,2015-01-31 00:00:00,280
Roborock S7 MaxV Ultra Vacuum,2015-02-28 00:00:00,127
Roborock S7 MaxV Ultra Vacuum,2015-03-31 00:00:00,239
Roborock S7 MaxV Ultra Vacuum,2015-04-30 00:00:00,272
Roborock S7 MaxV Ultra Vacuum,2015-05-31 00:00:00,174
Roborock S7 MaxV Ultra Vacuum,2015-06-30 00:00:00,214
Roborock S7 MaxV Ultra Vacuum,2015-07-31 00:00:00,210
Roborock S7 MaxV Ultra Vacuum,2015-08-31 00:00:00,104
Roborock S7 MaxV Ultra Vacuum,2015-09-30 00:00:00,87
Roborock S7 MaxV Ultra Vacuum,2015-10-31 00:00:00,213
Roborock S7 MaxV Ultra Vacuum,2015-11-30 00:00:00,239
Roborock S7 MaxV Ultra Vacuum,2015-12-31 00:00:00,296
Roborock S7 MaxV Ultra Vacuum,2016-01-31 00:00:00,254
Roborock S7 MaxV Ultra Vacuum,2016-02-29 00:00:00,303
Roborock S7 MaxV Ultra Vacuum,2016-03-31 00:00:00,171
Roborock S7 MaxV Ultra Vacuum,2016-04-30 00:00:00,180
Roborock S7 MaxV Ultra Vacuum,2016-05-31 00:00:00,192
Roborock S7 MaxV Ultra Vacuum,2016-06-30 00:00:00,311
Roborock S7 MaxV Ultra Vacuum,2016-07-31 00:00:00,198
Roborock S7 MaxV Ultra Vacuum,2016-08-31 00:00:00,131
Roborock S7 MaxV Ultra Vacuum,2016-09-30 00:00:00,111
Roborock S7 MaxV Ultra Vacuum,2016-10-31 00:00:00,192
Roborock S7 MaxV Ultra Vacuum,2016-11-30 00:00:00,255
Roborock S7 MaxV Ultra Vacuum,2016-12-31 00:00:00,192
Roborock S7 MaxV Ultra Vacuum,2017-01-31 00:00:00,150
Roborock S7 MaxV Ultra Vacuum,2017-02-28 00:00:00,219
Roborock S7 MaxV Ultra Vacuum,2017-03-31 00:00:00,145
Roborock S7 MaxV Ultra Vacuum,2017-04-30 00:00:00,234
Roborock S7 MaxV Ultra Vacuum,2017-05-31 00:00:00,264
Roborock S7 MaxV Ultra Vacuum,2017-06-30 00:00:00,235
Roborock S7 MaxV Ultra Vacuum,2017-07-31 00:00:00,203
Roborock S7 MaxV Ultra Vacuum,2017-08-31 00:00:00,271
Roborock S7 MaxV Ultra Vacuum,2017-09-30 00:00:00,153
Roborock S7 MaxV Ultra Vacuum,2017-10-31 00:00:00,190
Roborock S7 MaxV Ultra Vacuum,2017-11-30 00:00:00,114
Roborock S7 MaxV Ultra Vacuum,2017-12-31 00:00:00,204
Roborock S7 MaxV Ultra Vacuum,2018-01-31 00:00:00,171
Roborock S7 MaxV Ultra Vacuum,2018-02-28 00:00:00,282
Roborock S7 MaxV Ultra Vacuum,2018-03-31 00:00:00,277
Roborock S7 MaxV Ultra Vacuum,2018-04-30 00:00:00,211
Roborock S7 MaxV Ultra Vacuum,2018-05-31 00:00:00,209
Roborock S7 MaxV Ultra Vacuum,2018-06-30 00:00:00,113
Roborock S7 MaxV Ultra Vacuum,2018-07-31 00:00:00,201
Roborock S7 MaxV Ultra Vacuum,2018-08-31 00:00:00,154
Roborock S7 MaxV Ultra Vacuum,2018-09-30 00:00:00,262
Roborock S7 MaxV Ultra Vacuum,2018-10-31 00:00:00,269
Roborock S7 MaxV Ultra Vacuum,2018-11-30 00:00:00,112
Roborock S7 MaxV Ultra Vacuum,2018-12-31 00:00:00,193
Roborock S7 MaxV Ultra Vacuum,2019-01-31 00:00:00,269
Roborock S7 MaxV Ultra Vacuum,2019-02-28 00:00:00,121
Roborock S7 MaxV Ultra Vacuum,2019-03-31 00:00:00,209
Roborock S7 MaxV Ultra Vacuum,2019-04-30 00:00:00,129
Roborock S7 MaxV Ultra Vacuum,2019-05-31 00:00:00,157
Roborock S7 MaxV Ultra Vacuum,2019-06-30 00:00:00,209
Roborock S7 MaxV Ultra Vacuum,2019-07-31 00:00:00,157
Roborock S7 MaxV Ultra Vacuum,2019-08-31 00:00:00,230
Roborock S7 MaxV Ultra Vacuum,2019-09-30 00:00:00,200
Roborock S7 MaxV Ultra Vacuum,2019-10-31 00:00:00,189
Roborock S7 MaxV Ultra Vacuum,2019-11-30 00:00:00,239
Roborock S7 MaxV Ultra Vacuum,2019-12-31 00:00:00,359
Roborock S7 MaxV Ultra Vacuum,2020-01-31 00:00:00,275
Roborock S7 MaxV Ultra Vacuum,2020-02-29 00:00:00,193
Roborock S7 MaxV Ultra Vacuum,2020-03-31 00:00:00,162
Roborock S7 MaxV Ultra Vacuum,2020-04-30 00:00:00,179
Roborock S7 MaxV Ultra Vacuum,2020-05-31 00:00:00,124
Roborock S7 MaxV Ultra Vacuum,2020-06-30 00:00:00,166
Roborock S7 MaxV Ultra Vacuum,2020-07-31 00:00:00,244
Roborock S7 MaxV Ultra Vacuum,2020-08-31 00:00:00,201
Roborock S7 MaxV Ultra Vacuum,2020-09-30 00:00:00,271
Roborock S7 MaxV Ultra Vacuum,2020-10-31 00:00:00,203
Roborock S7 MaxV Ultra Vacuum,2020-11-30 00:00:00,185
Roborock S7 MaxV Ultra Vacuum,2020-12-31 00:00:00,109
Roborock S7 MaxV Ultra Vacuum,2021-01-31 00:00:00,172
Roborock S7 MaxV Ultra Vacuum,2021-02-28 00:00:00,189
Roborock S7 MaxV Ultra Vacuum,2021-03-31 00:00:00,255
Roborock S7 MaxV Ultra Vacuum,2021-04-30 00:00:00,154
Roborock S7 MaxV Ultra Vacuum,2021-05-31 00:00:00,236
Roborock S7 MaxV Ultra Vacuum,2021-06-30 00:00:00,171
Roborock S7 MaxV Ultra Vacuum,2021-07-31 00:00:00,186
Roborock S7 MaxV Ultra Vacuum,2021-08-31 00:00:00,177
Roborock S7 MaxV Ultra Vacuum,2021-09-30 00:00:00,165
Roborock S7 MaxV Ultra Vacuum,2021-10-31 00:00:00,234
Roborock S7 MaxV Ultra Vacuum,2021-11-30 00:00:00,135
Roborock S7 MaxV Ultra Vacuum,2021-12-31 00:00:00,141
Roborock S7 MaxV Ultra Vacuum,2022-01-31 00:00:00,252
Roborock S7 MaxV Ultra Vacuum,2022-02-28 00:00:00,222
Roborock S7 MaxV Ultra Vacuum,2022-03-31 00:00:00,165
Roborock S7 MaxV Ultra Vacuum,2022-04-30 00:00:00,199
Roborock S7 MaxV Ultra Vacuum,2022-05-31 00:00:00,178
Roborock S7 MaxV Ultra Vacuum,2022-06-30 00:00:00,153
Roborock S7 MaxV Ultra Vacuum,2022-07-31 00:00:00,220
Roborock S7 MaxV Ultra Vacuum,2022-08-31 00:00:00,223
Roborock S7 MaxV Ultra Vacuum,2022-09-30 00:00:00,209
Roborock S7 MaxV Ultra Vacuum,2022-10-31 00:00:00,284
Roborock S7 MaxV Ultra Vacuum,2022-11-30 00:00:00,151
Roborock S7 MaxV Ultra Vacuum,2022-12-31 00:00:00,111
Roborock S7 MaxV Ultra Vacuum,2023-01-31 00:00:00,176
Roborock S7 MaxV Ultra Vacuum,2023-02-28 00:00:00,186
Roborock S7 MaxV Ultra Vacuum,2023-03-31 00:00:00,191
Roborock S7 MaxV Ultra Vacuum,2023-04-30 00:00:00,111
Roborock S7 MaxV Ultra Vacuum,2023-05-31 00:00:00,246
Roborock S7 MaxV Ultra Vacuum,2023-06-30 00:00:00,295
Roborock S7 MaxV Ultra Vacuum,2023-07-31 00:00:00,163
Roborock S7 MaxV Ultra Vacuum,2023-08-31 00:00:00,167
Roborock S7 MaxV Ultra Vacuum,2023-09-30 00:00:00,130
Roborock S7 MaxV Ultra Vacuum,2023-10-31 00:00:00,167
Roborock S7 MaxV Ultra Vacuum,2023-11-30 00:00:00,168
Roborock S7 MaxV Ultra Vacuum,2023-12-31 00:00:00,229
Roborock S7 MaxV Ultra Vacuum,2024-01-31 00:00:00,231
Roborock S7 MaxV Ultra Vacuum,2024-02-29 00:00:00,234
Roborock S7 MaxV Ultra Vacuum,2024-03-31 00:00:00,248
Roborock S7 MaxV Ultra Vacuum,2024-04-30 00:00:00,201
Roborock S7 MaxV Ultra Vacuum,2024-05-31 00:00:00,255
Roborock S7 MaxV Ultra Vacuum,2024-06-30 00:00:00,247
Roborock S7 MaxV Ultra Vacuum,2024-07-31 00:00:00,232
Roborock S7 MaxV Ultra Vacuum,2024-08-31 00:00:00,233
Roborock S7 MaxV Ultra Vacuum,2024-09-30 00:00:00,210
Roborock S7 MaxV Ultra Vacuum,2024-10-31 00:00:00,266
Roborock S7 MaxV Ultra Vacuum,2024-11-30 00:00:00,197
Roborock S7 MaxV Ultra Vacuum,2024-12-31 00:00:00,204
Roborock S7 MaxV Ultra Vacuum,2025-01-31 00:00:00,257
Roborock S7 MaxV Ultra Vacuum,2025-02-28 00:00:00,255
Roborock S7 MaxV Ultra Vacuum,2025-03-31 00:00:00,250
Roborock S7 MaxV Ultra Vacuum,2025-04-30 00:00:00,209
Roborock S7 MaxV Ultra Vacuum,2025-05-31 00:00:00,274
Roborock S7 MaxV Ultra Vacuum,2025-06-30 00:00:00,283
Roborock S7 MaxV Ultra Vacuum,2025-07-31 00:00:00,243
Roborock S7 MaxV Ultra Vacuum,2025-08-31 00:00:00,246
Roborock S7 MaxV Ultra Vacuum,2025-09-30 00:00:00,223
Roborock S7 MaxV Ultra Vacuum,2025-10-31 00:00:00,277
Roborock S7 MaxV Ultra Vacuum,2025-11-30 00:00:00,218
Roborock S7 MaxV Ultra Vacuum,2025-12-31 00:00:00,236
Roborock S7 MaxV Ultra Vacuum,2026-01-31 00:00:00,274
Roborock S7 MaxV Ultra Vacuum,2026-02-28 00:00:00,275
Roborock S7 MaxV Ultra Vacuum,2026-03-31 00:00:00,279
Roborock S7 MaxV Ultra Vacuum,2026-04-30 00:00:00,231
Roborock S7 MaxV Ultra Vacuum,2026-05-31 00:00:00,306
Roborock S7 MaxV Ultra Vacuum,2026-06-30 00:00:00,320
Roborock S7 MaxV Ultra Vacuum,2026-07-31 00:00:00,268
Roborock S7 MaxV Ultra Vacuum,2026-08-31 00:00:00,270
Roborock S7 MaxV Ultra Vacuum,2026-09-30 00:00:00,246
Roborock S7 MaxV Ultra Vacuum,2026-10-31 00:00:00,295
Roborock S7 MaxV Ultra Vacuum,2026-11-30 00:00:00,245
Roborock S7 MaxV Ultra Vacuum,2026-12-31 00:00:00,268
Roborock S7 MaxV Ultra Vacuum,2027-01-31 00:00:00,306
Roborock S7 MaxV Ultra Vacuum,2027-02-28 00:00:00,306
Roborock S7 MaxV Ultra Vacuum,2027-03-31 00:00:00,310
Roborock S7 MaxV Ultra Vacuum,2027-04-30 00:00:00,264
Roborock S7 MaxV Ultra Vacuum,2027-05-31 00:00:00,329
Roborock S7 MaxV Ultra Vacuum,2027-06-30 00:00:00,337
Roborock S7 MaxV Ultra Vacuum,2027-07-31 00:00:00,299
Roborock S7 MaxV Ultra Vacuum,2027-08-31 00:00:00,300
Roborock S7 MaxV Ultra Vacuum,2027-09-30 00:00:00,278
Roborock S7 MaxV Ultra Vacuum,2027-10-31 00:00:00,330
Roborock S7 MaxV Ultra Vacuum,2027-11-30 00:00:00,273
Roborock S7 MaxV Ultra Vacuum,2027-12-31 00:00:00,288
Roborock S7 MaxV Ultra Vacuum,2028-01-31 00:00:00,331
Roborock S7 MaxV Ultra Vacuum,2028-02-29 00:00:00,332
Roborock S7 MaxV Ultra Vacuum,2028-03-31 00:00:00,331
Roborock S7 MaxV Ultra Vacuum,2028-04-30 00:00:00,284
Roborock S7 MaxV Ultra Vacuum,2028-05-31 00:00:00,356
Roborock S7 MaxV Ultra Vacuum,2028-06-30 00:00:00,367
Roborock S7 MaxV Ultra Vacuum,2028-07-31 00:00:00,324
Roborock S7 MaxV Ultra Vacuum,2028-08-31 00:00:00,326
Roborock S7 MaxV Ultra Vacuum,2028-09-30 00:00:00,299
Shark FlexStyle Air Styling System,2015-01-31 00:00:00,288
Shark FlexStyle Air Styling System,2015-02-28 00:00:00,375
Shark FlexStyle Air Styling System,2015-03-31 00:00:00,379
Shark FlexStyle Air Styling System,2015-04-30 00:00:00,468
Shark FlexStyle Air Styling System,2015-05-31 00:00:00,318
Shark FlexStyle Air Styling System,2015-06-30 00:00:00,494
Shark FlexStyle Air Styling System,2015-07-31 00:00:00,359
Shark FlexStyle Air Styling System,2015-08-31 00:00:00,167
Shark FlexStyle Air Styling System,2015-09-30 00:00:00,227
Shark FlexStyle Air Styling System,2015-10-31 00:00:00,289
Shark FlexStyle Air Styling System,2015-11-30 00:00:00,433
Shark FlexStyle Air Styling System,2015-12-31 00:00:00,520
Shark FlexStyle Air Styling System,2016-01-31 00:00:00,322
Shark FlexStyle Air Styling System,2016-02-29 00:00:00,415
Shark FlexStyle Air Styling System,2016-03-31 00:00:00,422
Shark FlexStyle Air Styling System,2016-04-30 00:00:00,454
Shark FlexStyle Air Styling System,2016-05-31 00:00:00,449
Shark FlexStyle Air Styling System,2016-06-30 00:00:00,494
Shark FlexStyle Air Styling System,2016-07-31 00:00:00,350
Shark FlexStyle Air Styling System,2016-08-31 00:00:00,376
Shark FlexStyle Air Styling System,2016-09-30 00:00:00,336
Shark FlexStyle Air Styling System,2016-10-31 00:00:00,350
Shark FlexStyle Air Styling System,2016-11-30 00:00:00,326
Shark FlexStyle Air Styling System,2016-12-31 00:00:00,247
Shark FlexStyle Air Styling System,2017-01-31 00:00:00,301
Shark FlexStyle Air Styling System,2017-02-28 00:00:00,359
Shark FlexStyle Air Styling System,2017-03-31 00:00:00,203
Shark FlexStyle Air Styling System,2017-04-30 00:00:00,424
Shark FlexStyle Air Styling System,2017-05-31 00:00:00,373
Shark FlexStyle Air Styling System,2017-06-30 00:00:00,326
Shark FlexStyle Air Styling System,2017-07-31 00:00:00,372
Shark FlexStyle Air Styling System,2017-08-31 00:00:00,224
Shark FlexStyle Air Styling System,2017-09-30 00:00:00,202
Shark FlexStyle Air Styling System,2017-10-31 00:00:00,352
Shark FlexStyle Air Styling System,2017-11-30 00:00:00,225
Shark FlexStyle Air Styling System,2017-12-31 00:00:00,373
Shark FlexStyle Air Styling System,2018-01-31 00:00:00,280
Shark FlexStyle Air Styling System,2018-02-28 00:00:00,382
Shark FlexStyle Air Styling System,2018-03-31 00:00:00,288
Shark FlexStyle Air Styling System,2018-04-30 00:00:00,311
Shark FlexStyle Air Styling System,2018-05-31 00:00:00,432
Shark FlexStyle Air Styling System,2018-06-30 00:00:00,280
Shark FlexStyle Air Styling System,2018-07-31 00:00:00,311
Shark FlexStyle Air Styling System,2018-08-31 00:00:00,203
Shark FlexStyle Air Styling System,2018-09-30 00:00:00,369
Shark FlexStyle Air Styling System,2018-10-31 00:00:00,335
Shark FlexStyle Air Styling System,2018-11-30 00:00:00,328
Shark FlexStyle Air Styling System,2018-12-31 00:00:00,272
Shark FlexStyle Air Styling System,2019-01-31 00:00:00,214
Shark FlexStyle Air Styling System,2019-02-28 00:00:00,322
Shark FlexStyle Air Styling System,2019-03-31 00:00:00,375
Shark FlexStyle Air Styling System,2019-04-30 00:00:00,360
Shark FlexStyle Air Styling System,2019-05-31 00:00:00,327
Shark FlexStyle Air Styling System,2019-06-30 00:00:00,281
Shark FlexStyle Air Styling System,2019-07-31 00:00:00,157
Shark FlexStyle Air Styling System,2019-08-31 00:00:00,276
Shark FlexStyle Air Styling System,2019-09-30 00:00:00,418
Shark FlexStyle Air Styling System,2019-10-31 00:00:00,369
Shark FlexStyle Air Styling System,2019-11-30 00:00:00,368
Shark FlexStyle Air Styling System,2019-12-31 00:00:00,304
Shark FlexStyle Air Styling System,2020-01-31 00:00:00,407
Shark FlexStyle Air Styling System,2020-02-29 00:00:00,324
Shark FlexStyle Air Styling System,2020-03-31 00:00:00,371
Shark FlexStyle Air Styling System,2020-04-30 00:00:00,403
Shark FlexStyle Air Styling System,2020-05-31 00:00:00,318
Shark FlexStyle Air Styling System,2020-06-30 00:00:00,181
Shark FlexStyle Air Styling System,2020-07-31 00:00:00,388
Shark FlexStyle Air Styling System,2020-08-31 00:00:00,178
Shark FlexStyle Air Styling System,2020-09-30 00:00:00,218
Shark FlexStyle Air Styling System,2020-10-31 00:00:00,265
Shark FlexStyle Air Styling System,2020-11-30 00:00:00,307
Shark FlexStyle Air Styling System,2020-12-31 00:00:00,355
Shark FlexStyle Air Styling System,2021-01-31 00:00:00,391
Shark FlexStyle Air Styling System,2021-02-28 00:00:00,434
Shark FlexStyle Air Styling System,2021-03-31 00:00:00,444
Shark FlexStyle Air Styling System,2021-04-30 00:00:00,273
Shark FlexStyle Air Styling System,2021-05-31 00:00:00,413
Shark FlexStyle Air Styling System,2021-06-30 00:00:00,218
Shark FlexStyle Air Styling System,2021-07-31 00:00:00,253
Shark FlexStyle Air Styling System,2021-08-31 00:00:00,326
Shark FlexStyle Air Styling System,2021-09-30 00:00:00,256
Shark FlexStyle Air Styling System,2021-10-31 00:00:00,294
Shark FlexStyle Air Styling System,2021-11-30 00:00:00,321
Shark FlexStyle Air Styling System,2021-12-31 00:00:00,305
Shark FlexStyle Air Styling System,2022-01-31 00:00:00,479
Shark FlexStyle Air Styling System,2022-02-28 00:00:00,305
Shark FlexStyle Air Styling System,2022-03-31 00:00:00,348
Shark FlexStyle Air Styling System,2022-04-30 00:00:00,377
Shark FlexStyle Air Styling System,2022-05-31 00:00:00,283
Shark FlexStyle Air Styling System,2022-06-30 00:00:00,239
Shark FlexStyle Air Styling System,2022-07-31 00:00:00,416
Shark FlexStyle Air Styling System,2022-08-31 00:00:00,292
Shark FlexStyle Air Styling System,2022-09-30 00:00:00,424
Shark FlexStyle Air Styling System,2022-10-31 00:00:00,398
Shark FlexStyle Air Styling System,2022-11-30 00:00:00,271
Shark FlexStyle Air Styling System,2022-12-31 00:00:00,262
Shark FlexStyle Air Styling System,2023-01-31 00:00:00,393
Shark FlexStyle Air Styling System,2023-02-28 00:00:00,289
Shark FlexStyle Air Styling System,2023-03-31 00:00:00,362
Shark FlexStyle Air Styling System,2023-04-30 00:00:00,327
Shark FlexStyle Air Styling System,2023-05-31 00:00:00,432
Shark FlexStyle Air Styling System,2023-06-30 00:00:00,351
Shark FlexStyle Air Styling System,2023-07-31 00:00:00,392
Shark FlexStyle Air Styling System,2023-08-31 00:00:00,143
Shark FlexStyle Air Styling System,2023-09-30 00:00:00,340
Shark FlexStyle Air Styling System,2023-10-31 00:00:00,212
Shark FlexStyle Air Styling System,2023-11-30 00:00:00,377
Shark FlexStyle Air Styling System,2023-12-31 00:00:00,353
Shark FlexStyle Air Styling System,2024-01-31 00:00:00,363
Shark FlexStyle Air Styling System,2024-02-29 00:00:00,320
Shark FlexStyle Air Styling System,2024-03-31 00:00:00,347
Shark FlexStyle Air Styling System,2024-04-30 00:00:00,336
Shark FlexStyle Air Styling System,2024-05-31 00:00:00,352
Shark FlexStyle Air Styling System,2024-06-30 00:00:00,272
Shark FlexStyle Air Styling System,2024-07-31 00:00:00,331
Shark FlexStyle Air Styling System,2024-08-31 00:00:00,220
Shark FlexStyle Air Styling System,2024-09-30 00:00:00,315
Shark FlexStyle Air Styling System,2024-10-31 00:00:00,287
Shark FlexStyle Air Styling System,2024-11-30 00:00:00,313
Shark FlexStyle Air Styling System,2024-12-31 00:00:00,306
Shark FlexStyle Air Styling System,2025-01-31 00:00:00,363
Shark FlexStyle Air Styling System,2025-02-28 00:00:00,319
Shark FlexStyle Air Styling System,2025-03-31 00:00:00,347
Shark FlexStyle Air Styling System,2025-04-30 00:00:00,334
Shark FlexStyle Air Styling System,2025-05-31 00:00:00,355
Shark FlexStyle Air Styling System,2025-06-30 00:00:00,276
Shark FlexStyle Air Styling System,2025-07-31 00:00:00,332
Shark FlexStyle Air Styling System,2025-08-31 00:00:00,220
Shark FlexStyle Air Styling System,2025-09-30 00:00:00,314
Shark FlexStyle Air Styling System,2025-10-31 00:00:00,287
Shark FlexStyle Air Styling System,2025-11-30 00:00:00,313
Shark FlexStyle Air Styling System,2025-12-31 00:00:00,305
Shark FlexStyle Air Styling System,2026-01-31 00:00:00,363
Shark FlexStyle Air Styling System,2026-02-28 00:00:00,319
Shark FlexStyle Air Styling System,2026-03-31 00:00:00,348
Shark FlexStyle Air Styling System,2026-04-30 00:00:00,336
Shark FlexStyle Air Styling System,2026-05-31 00:00:00,353
Shark FlexStyle Air Styling System,2026-06-30 00:00:00,275
Shark FlexStyle Air Styling System,2026-07-31 00:00:00,333
Shark FlexStyle Air Styling System,2026-08-31 00:00:00,220
Shark FlexStyle Air Styling System,2026-09-30 00:00:00,314
Shark FlexStyle Air Styling System,2026-10-31 00:00:00,286
Shark FlexStyle Air Styling System,2026-11-30 00:00:00,312
Shark FlexStyle Air Styling System,2026-12-31 00:00:00,305
Shark FlexStyle Air Styling System,2027-01-31 00:00:00,363
Shark FlexStyle Air Styling System,2027-02-28 00:00:00,319
Shark FlexStyle Air Styling System,2027-03-31 00:00:00,346
Shark FlexStyle Air Styling System,2027-04-30 00:00:00,334
Shark FlexStyle Air Styling System,2027-05-31 00:00:00,354
Shark FlexStyle Air Styling System,2027-06-30 00:00:00,274
Shark FlexStyle Air Styling System,2027-07-31 00:00:00,332
Shark FlexStyle Air Styling System,2027-08-31 00:00:00,219
Shark FlexStyle Air Styling System,2027-09-30 00:00:00,314
Shark FlexStyle Air Styling System,2027-10-31 00:00:00,284
Shark FlexStyle Air Styling System,2027-11-30 00:00:00,313
Shark FlexStyle Air Styling System,2027-12-31 00:00:00,305
Shark FlexStyle Air Styling System,2028-01-31 00:00:00,363
Shark FlexStyle Air Styling System,2028-02-29 00:00:00,319
Shark FlexStyle Air Styling System,2028-03-31 00:00:00,346
Shark FlexStyle Air Styling System,2028-04-30 00:00:00,334
Shark FlexStyle Air Styling System,2028-05-31 00:00:00,353
Shark FlexStyle Air Styling System,2028-06-30 00:00:00,273
Shark FlexStyle Air Styling System,2028-07-31 00:00:00,332
Shark FlexStyle Air Styling System,2028-08-31 00:00:00,219
Shark FlexStyle Air Styling System,2028-09-30 00:00:00,313
The Brothers Karamazov,2015-02-28 00:00:00,4
The Brothers Karamazov,2017-02-28 00:00:00,9
The Brothers Karamazov,2019-02-28 00:00:00,17
The Brothers Karamazov,2020-10-31 00:00:00,5
The Brothers Karamazov,2021-10-31 00:00:00,11
The Brothers Karamazov,2022-08-31 00:00:00,11
The Brothers Karamazov,2022-09-30 00:00:00,4
The Brothers Karamazov,2022-10-31 00:00:00,12
The Brothers Karamazov,2022-11-30 00:00:00,7
The Brothers Karamazov,2022-12-31 00:00:00,5
The Brothers Karamazov,2023-01-31 00:00:00,6
The Brothers Karamazov,2023-02-28 00:00:00,6
The Brothers Karamazov,2023-03-31 00:00:00,6
The Brothers Karamazov,2023-04-30 00:00:00,6
The Brothers Karamazov,2023-05-31 00:00:00,6
The Brothers Karamazov,2023-06-30 00:00:00,6
The Brothers Karamazov,2023-07-31 00:00:00,6
The Brothers Karamazov,2023-08-31 00:00:00,10
The Brothers Karamazov,2023-09-30 00:00:00,7
The Brothers Karamazov,2023-10-31 00:00:00,17
The Brothers Karamazov,2023-11-30 00:00:00,8
The Brothers Karamazov,2023-12-31 00:00:00,8
The Brothers Karamazov,2024-01-31 00:00:00,8
The Brothers Karamazov,2024-02-29 00:00:00,8
The Brothers Karamazov,2024-03-31 00:00:00,8
The Brothers Karamazov,2024-04-30 00:00:00,8
The Brothers Karamazov,2024-05-31 00:00:00,8
The Brothers Karamazov,2024-06-30 00:00:00,8
The Brothers Karamazov,2024-07-31 00:00:00,8
The Brothers Karamazov,2024-08-31 00:00:00,16
The Brothers Karamazov,2024-09-30 00:00:00,11
The Brothers Karamazov,2024-10-31 00:00:00,19
The Brothers Karamazov,2024-11-30 00:00:00,13
The Brothers Karamazov,2024-12-31 00:00:00,12
The Brothers Karamazov,2025-01-31 00:00:00,12
The Brothers Karamazov,2025-02-28 00:00:00,12
The Brothers Karamazov,2025-03-31 00:00:00,12
The Brothers Karamazov,2025-04-30 00:00:00,12
The Brothers Karamazov,2025-05-31 00:00:00,12
The Brothers Karamazov,2025-06-30 00:00:00,12
The Brothers Karamazov,2025-07-31 00:00:00,12
The Brothers Karamazov,2025-08-31 00:00:00,18
The Brothers Karamazov,2025-09-30 00:00:00,14
The Brothers Karamazov,2025-10-31 00:00:00,23
The Brothers Karamazov,2025-11-30 00:00:00,16
The Brothers Karamazov,2025-12-31 00:00:00,15
The Brothers Karamazov,2026-01-31 00:00:00,15
The Brothers Karamazov,2026-02-28 00:00:00,15
The Brothers Karamazov,2026-03-31 00:00:00,15
The Brothers Karamazov,2026-04-30 00:00:00,15
The Brothers Karamazov,2026-05-31 00:00:00,15
The Brothers Karamazov,2026-06-30 00:00:00,15
The Brothers Karamazov,2026-07-31 00:00:00,15
The Brothers Karamazov,2026-08-31 00:00:00,22
The Brothers Karamazov,2026-09-30 00:00:00,18
The Brothers Karamazov,2026-10-31 00:00:00,27
The Brothers Karamazov,2026-11-30 00:00:00,19
The Brothers Karamazov,2026-12-31 00:00:00,19
The Brothers Karamazov,2027-01-31 00:00:00,19
The Brothers Karamazov,2027-02-28 00:00:00,19
The Brothers Karamazov,2027-03-31 00:00:00,19
The Brothers Karamazov,2027-04-30 00:00:00,19
The Brothers Karamazov,2027-05-31 00:00:00,19
The Catcher in the Rye,2016-11-30 00:00:00,2
The Catcher in the Rye,2017-01-31 00:00:00,15
The Catcher in the Rye,2017-10-31 00:00:00,10
The Catcher in the Rye,2021-08-31 00:00:00,5
The Catcher in the Rye,2022-04-30 00:00:00,15
The Catcher in the Rye,2022-06-30 00:00:00,17
The Catcher in the Rye,2022-08-31 00:00:00,8
The Catcher in the Rye,2023-07-31 00:00:00,2
The Catcher in the Rye,2023-08-31 00:00:00,3
The Catcher in the Rye,2023-09-30 00:00:00,1
The Catcher in the Rye,2023-10-31 00:00:00,1
The Catcher in the Rye,2023-11-30 00:00:00,1
The Catcher in the Rye,2023-12-31 00:00:00,1
The Catcher in the Rye,2024-01-31 00:00:00,1
The Catcher in the Rye,2024-02-29 00:00:00,1
The Catcher in the Rye,2024-03-31 00:00:00,1
The Catcher in the Rye,2024-04-30 00:00:00,9
The Catcher in the Rye,2024-05-31 00:00:00,1
The Catcher in the Rye,2024-06-30 00:00:00,10
The Catcher in the Rye,2024-07-31 00:00:00,1
The Catcher in the Rye,2024-08-31 00:00:00,6
The Catcher in the Rye,2024-09-30 00:00:00,1
The Catcher in the Rye,2024-10-31 00:00:00,1
The Catcher in the Rye,2024-11-30 00:00:00,1
The Catcher in the Rye,2024-12-31 00:00:00,1
The Catcher in the Rye,2025-01-31 00:00:00,1
The Catcher in the Rye,2025-02-28 00:00:00,1
The Catcher in the Rye,2025-03-31 00:00:00,1
The Catcher in the Rye,2025-04-30 00:00:00,4
The Catcher in the Rye,2025-05-31 00:00:00,1
The Catcher in the Rye,2025-06-30 00:00:00,4
The Catcher in the Rye,2025-07-31 00:00:00,2
The Catcher in the Rye,2025-08-31 00:00:00,4
The Catcher in the Rye,2025-09-30 00:00:00,1
The Catcher in the Rye,2025-10-31 00:00:00,1
The Catcher in the Rye,2025-11-30 00:00:00,1
The Catcher in the Rye,2025-12-31 00:00:00,1
The Catcher in the Rye,2026-01-31 00:00:00,1
The Catcher in the Rye,2026-02-28 00:00:00,1
The Catcher in the Rye,2026-03-31 00:00:00,1
The Catcher in the Rye,2026-04-30 00:00:00,7
The Catcher in the Rye,2026-05-31 00:00:00,1
The Catcher in the Rye,2026-06-30 00:00:00,8
The Catcher in the Rye,2026-07-31 00:00:00,1
The Catcher in the Rye,2026-08-31 00:00:00,6
The Catcher in the Rye,2026-09-30 00:00:00,1
The Catcher in the Rye,2026-10-31 00:00:00,1
The Catcher in the Rye,2026-11-30 00:00:00,1
The Catcher in the Rye,2026-12-31 00:00:00,1
The Catcher in the Rye,2027-01-31 00:00:00,1
The Catcher in the Rye,2027-02-28 00:00:00,1
The Catcher in the Rye,2027-03-31 00:00:00,1
The Catcher in the Rye,2027-04-30 00:00:00,5
The Catcher in the Rye,2027-05-31 00:00:00,1
The Catcher in the Rye,2027-06-30 00:00:00,6
The Catcher in the Rye,2027-07-31 00:00:00,2
The Catcher in the Rye,2027-08-31 00:00:00,5
The Catcher in the Rye,2027-09-30 00:00:00,1
The Catcher in the Rye,2027-10-31 00:00:00,1
The Catcher in the Rye,2027-11-30 00:00:00,1
The Catcher in the Rye,2027-12-31 00:00:00,1
The Catcher in the Rye,2028-01-31 00:00:00,1
The Catcher in the Rye,2028-02-29 00:00:00,1
The Catcher in the Rye,2028-03-31 00:00:00,1
The Catcher in the Rye,2028-04-30 00:00:00,6
The Great Gatsby,2018-09-30 00:00:00,19
The Great Gatsby,2022-02-28 00:00:00,19
The Great Gatsby,2023-01-31 00:00:00,19
The Great Gatsby,2023-06-30 00:00:00,2
The Great Gatsby,2023-07-31 00:00:00,1
The Great Gatsby,2023-08-31 00:00:00,1
The Great Gatsby,2023-09-30 00:00:00,1
The Great Gatsby,2023-10-31 00:00:00,1
The Great Gatsby,2023-11-30 00:00:00,1
The Great Gatsby,2023-12-31 00:00:00,1
The Great Gatsby,2024-01-31 00:00:00,12
The Great Gatsby,2024-02-29 00:00:00,8
The Great Gatsby,2024-03-31 00:00:00,1
The Great Gatsby,2024-04-30 00:00:00,1
The Great Gatsby,2024-05-31 00:00:00,1
The Great Gatsby,2024-06-30 00:00:00,2
The Great Gatsby,2024-07-31 00:00:00,1
The Great Gatsby,2024-08-31 00:00:00,2
The Great Gatsby,2024-09-30 00:00:00,2
The Great Gatsby,2024-10-31 00:00:00,2
The Great Gatsby,2024-11-30 00:00:00,2
The Great Gatsby,2024-12-31 00:00:00,1
The Great Gatsby,2025-01-31 00:00:00,15
The Great Gatsby,2025-02-28 00:00:00,6
The Great Gatsby,2025-03-31 00:00:00,2
The Great Gatsby,2025-04-30 00:00:00,1
The Great Gatsby,2025-05-31 00:00:00,1
The Great Gatsby,2025-06-30 00:00:00,3
The Great Gatsby,2025-07-31 00:00:00,2
The Great Gatsby,2025-08-31 00:00:00,2
The Great Gatsby,2025-09-30 00:00:00,2
The Great Gatsby,2025-10-31 00:00:00,2
The Great Gatsby,2025-11-30 00:00:00,2
The Great Gatsby,2025-12-31 00:00:00,2
The Great Gatsby,2026-01-31 00:00:00,15
The Great Gatsby,2026-02-28 00:00:00,8
The Great Gatsby,2026-03-31 00:00:00,2
The Great Gatsby,2026-04-30 00:00:00,2
The Great Gatsby,2026-05-31 00:00:00,2
The Great Gatsby,2026-06-30 00:00:00,3
The Great Gatsby,2026-07-31 00:00:00,2
The Great Gatsby,2026-08-31 00:00:00,3
The Great Gatsby,2026-09-30 00:00:00,3
The Great Gatsby,2026-10-31 00:00:00,3
The Great Gatsby,2026-11-30 00:00:00,3
The Great Gatsby,2026-12-31 00:00:00,3
The Great Gatsby,2027-01-31 00:00:00,16
The Great Gatsby,2027-02-28 00:00:00,8
The Great Gatsby,2027-03-31 00:00:00,3
The Great Gatsby,2027-04-30 00:00:00,3
The Great Gatsby,2027-05-31 00:00:00,3
The Great Gatsby,2027-06-30 00:00:00,4
The Great Gatsby,2027-07-31 00:00:00,3
The Great Gatsby,2027-08-31 00:00:00,3
The Great Gatsby,2027-09-30 00:00:00,4
The Great Gatsby,2027-10-31 00:00:00,4
The Great Gatsby,2027-11-30 00:00:00,4
The Great Gatsby,2027-12-31 00:00:00,3
The Great Gatsby,2028-01-31 00:00:00,16
The Lord of the Rings,2015-03-31 00:00:00,17
The Lord of the Rings,2015-10-31 00:00:00,13
The Lord of the Rings,2015-11-30 00:00:00,6
The Lord of the Rings,2018-01-31 00:00:00,8
The Lord of the Rings,2018-10-31 00:00:00,16
The Lord of the Rings,2019-03-31 00:00:00,11
The Lord of the Rings,2020-01-31 00:00:00,5
The Lord of the Rings,2020-04-30 00:00:00,7
The Lord of the Rings,2020-12-31 00:00:00,2
The Lord of the Rings,2021-04-30 00:00:00,15
The Lord of the Rings,2022-10-31 00:00:00,8
The Lord of the Rings,2023-10-31 00:00:00,11
The Lord of the Rings,2023-12-31 00:00:00,2
The Lord of the Rings,2024-01-31 00:00:00,3
The Lord of the Rings,2024-02-29 00:00:00,2
The Lord of the Rings,2024-03-31 00:00:00,4
The Lord of the Rings,2024-04-30 00:00:00,6
The Lord of the Rings,2024-05-31 00:00:00,1
The Lord of the Rings,2024-06-30 00:00:00,1
The Lord of the Rings,2024-07-31 00:00:00,2
The Lord of the Rings,2024-08-31 00:00:00,2
The Lord of the Rings,2024-09-30 00:00:00,1
The Lord of the Rings,2024-10-31 00:00:00,5
The Lord of the Rings,2024-11-30 00:00:00,2
The Lord of the Rings,2024-12-31 00:00:00,2
The Lord of the Rings,2025-01-31 00:00:00,3
The Lord of the Rings,2025-02-28 00:00:00,2
The Lord of the Rings,2025-03-31 00:00:00,4
The Lord of the Rings,2025-04-30 00:00:00,6
The Lord of the Rings,2025-05-31 00:00:00,2
The Lord of the Rings,2025-06-30 00:00:00,2
The Lord of the Rings,2025-07-31 00:00:00,2
The Lord of the Rings,2025-08-31 00:00:00,2
The Lord of the Rings,2025-09-30 00:00:00,2
The Lord of the Rings,2025-10-31 00:00:00,6
The Lord of the Rings,2025-11-30 00:00:00,2
The Lord of the Rings,2025-12-31 00:00:00,2
The Lord of the Rings,2026-01-31 00:00:00,3
The Lord of the Rings,2026-02-28 00:00:00,2
The Lord of the Rings,2026-03-31 00:00:00,3
The Lord of the Rings,2026-04-30 00:00:00,5
The Lord of the Rings,2026-05-31 00:00:00,2
The Lord of the Rings,2026-06-30 00:00:00,2
The Lord of the Rings,2026-07-31 00:00:00,2
The Lord of the Rings,2026-08-31 00:00:00,2
The Lord of the Rings,2026-09-30 00:00:00,2
The Lord of the Rings,2026-10-31 00:00:00,7
The Lord of the Rings,2026-11-30 00:00:00,2
The Lord of the Rings,2026-12-31 00:00:00,2
The Lord of the Rings,2027-01-31 00:00:00,3
The Lord of the Rings,2027-02-28 00:00:00,2
The Lord of the Rings,2027-03-31 00:00:00,4
The Lord of the Rings,2027-04-30 00:00:00,5
The Lord of the Rings,2027-05-31 00:00:00,2
The Lord of the Rings,2027-06-30 00:00:00,2
The Lord of the Rings,2027-07-31 00:00:00,2
The Lord of the Rings,2027-08-31 00:00:00,2
The Lord of the Rings,2027-09-30 00:00:00,2
The Lord of the Rings,2027-10-31 00:00:00,7
The Lord of the Rings,2027-11-30 00:00:00,2
The Lord of the Rings,2027-12-31 00:00:00,3
The Lord of the Rings,2028-01-31 00:00:00,3
The Lord of the Rings,2028-02-29 00:00:00,2
The Lord of the Rings,2028-03-31 00:00:00,4
The Lord of the Rings,2028-04-30 00:00:00,6
The Lord of the Rings,2028-05-31 00:00:00,2
The Lord of the Rings,2028-06-30 00:00:00,2
The Lord of the Rings,2028-07-31 00:00:00,2
The Lord of the Rings,2028-08-31 00:00:00,2
The Lord of the Rings,2028-09-30 00:00:00,2
To Kill a Mockingbird,2018-11-30 00:00:00,17
To Kill a Mockingbird,2021-02-28 00:00:00,13
To Kill a Mockingbird,2023-03-31 00:00:00,11
To Kill a Mockingbird,2023-04-30 00:00:00,2
To Kill a Mockingbird,2023-05-31 00:00:00,2
To Kill a Mockingbird,2023-06-30 00:00:00,2
To Kill a Mockingbird,2023-07-31 00:00:00,2
To Kill a Mockingbird,2023-08-31 00:00:00,2
To Kill a Mockingbird,2023-09-30 00:00:00,2
To Kill a Mockingbird,2023-10-31 00:00:00,2
To Kill a Mockingbird,2023-11-30 00:00:00,2
To Kill a Mockingbird,2023-12-31 00:00:00,2
To Kill a Mockingbird,2024-01-31 00:00:00,2
To Kill a Mockingbird,2024-02-29 00:00:00,6
To Kill a Mockingbird,2024-03-31 00:00:00,8
To Kill a Mockingbird,2024-04-30 00:00:00,3
To Kill a Mockingbird,2024-05-31 00:00:00,3
To Kill a Mockingbird,2024-06-30 00:00:00,3
To Kill a Mockingbird,2024-07-31 00:00:00,3
To Kill a Mockingbird,2024-08-31 00:00:00,3
To Kill a Mockingbird,2024-09-30 00:00:00,3
To Kill a Mockingbird,2024-10-31 00:00:00,3
To Kill a Mockingbird,2024-11-30 00:00:00,3
To Kill a Mockingbird,2024-12-31 00:00:00,3
To Kill a Mockingbird,2025-01-31 00:00:00,3
To Kill a Mockingbird,2025-02-28 00:00:00,6
To Kill a Mockingbird,2025-03-31 00:00:00,8
To Kill a Mockingbird,2025-04-30 00:00:00,4
To Kill a Mockingbird,2025-05-31 00:00:00,4
To Kill a Mockingbird,2025-06-30 00:00:00,4
To Kill a Mockingbird,2025-07-31 00:00:00,4
To Kill a Mockingbird,2025-08-31 00:00:00,4
To Kill a Mockingbird,2025-09-30 00:00:00,4
To Kill a Mockingbird,2025-10-31 00:00:00,4
To Kill a Mockingbird,2025-11-30 00:00:00,4
To Kill a Mockingbird,2025-12-31 00:00:00,4
To Kill a Mockingbird,2026-01-31 00:00:00,4
To Kill a Mockingbird,2026-02-28 00:00:00,6
To Kill a Mockingbird,2026-03-31 00:00:00,11
To Kill a Mockingbird,2026-04-30 00:00:00,5
To Kill a Mockingbird,2026-05-31 00:00:00,5
To Kill a Mockingbird,2026-06-30 00:00:00,5
To Kill a Mockingbird,2026-07-31 00:00:00,5
To Kill a Mockingbird,2026-08-31 00:00:00,5
To Kill a Mockingbird,2026-09-30 00:00:00,5
To Kill a Mockingbird,2026-10-31 00:00:00,5
To Kill a Mockingbird,2026-11-30 00:00:00,5
To Kill a Mockingbird,2026-12-31 00:00:00,5
To Kill a Mockingbird,2027-01-31 00:00:00,5
To Kill a Mockingbird,2027-02-28 00:00:00,8
To Kill a Mockingbird,2027-03-31 00:00:00,12
To Kill a Mockingbird,2027-04-30 00:00:00,6
To Kill a Mockingbird,2027-05-31 00:00:00,6
Ultimate Ears MEGABOOM 3 Speaker,2015-01-31 00:00:00,180
Ultimate Ears MEGABOOM 3 Speaker,2015-02-28 00:00:00,348
Ultimate Ears MEGABOOM 3 Speaker,2015-03-31 00:00:00,254
Ultimate Ears MEGABOOM 3 Speaker,2015-04-30 00:00:00,307
Ultimate Ears MEGABOOM 3 Speaker,2015-05-31 00:00:00,313
Ultimate Ears MEGABOOM 3 Speaker,2015-06-30 00:00:00,274
Ultimate Ears MEGABOOM 3 Speaker,2015-07-31 00:00:00,289
Ultimate Ears MEGABOOM 3 Speaker,2015-08-31 00:00:00,331
Ultimate Ears MEGABOOM 3 Speaker,2015-09-30 00:00:00,292
Ultimate Ears MEGABOOM 3 Speaker,2015-10-31 00:00:00,301
Ultimate Ears MEGABOOM 3 Speaker,2015-11-30 00:00:00,259
Ultimate Ears MEGABOOM 3 Speaker,2015-12-31 00:00:00,284
Ultimate Ears MEGABOOM 3 Speaker,2016-01-31 00:00:00,299
Ultimate Ears MEGABOOM 3 Speaker,2016-02-29 00:00:00,200
Ultimate Ears MEGABOOM 3 Speaker,2016-03-31 00:00:00,249
Ultimate Ears MEGABOOM 3 Speaker,2016-04-30 00:00:00,204
Ultimate Ears MEGABOOM 3 Speaker,2016-05-31 00:00:00,269
Ultimate Ears MEGABOOM 3 Speaker,2016-06-30 00:00:00,253
Ultimate Ears MEGABOOM 3 Speaker,2016-07-31 00:00:00,225
Ultimate Ears MEGABOOM 3 Speaker,2016-08-31 00:00:00,212
Ultimate Ears MEGABOOM 3 Speaker,2016-09-30 00:00:00,242
Ultimate Ears MEGABOOM 3 Speaker,2016-10-31 00:00:00,222
Ultimate Ears MEGABOOM 3 Speaker,2016-11-30 00:00:00,222
Ultimate Ears MEGABOOM 3 Speaker,2016-12-31 00:00:00,258
Ultimate Ears MEGABOOM 3 Speaker,2017-01-31 00:00:00,374
Ultimate Ears MEGABOOM 3 Speaker,2017-02-28 00:00:00,222
Ultimate Ears MEGABOOM 3 Speaker,2017-03-31 00:00:00,303
Ultimate Ears MEGABOOM 3 Speaker,2017-04-30 00:00:00,258
Ultimate Ears MEGABOOM 3 Speaker,2017-05-31 00:00:00,328
Ultimate Ears MEGABOOM 3 Speaker,2017-06-30 00:00:00,141
Ultimate Ears MEGABOOM 3 Speaker,2017-07-31 00:00:00,219
Ultimate Ears MEGABOOM 3 Speaker,2017-08-31 00:00:00,193
Ultimate Ears MEGABOOM 3 Speaker,2017-09-30 00:00:00,240
Ultimate Ears MEGABOOM 3 Speaker,2017-10-31 00:00:00,367
Ultimate Ears MEGABOOM 3 Speaker,2017-11-30 00:00:00,126
Ultimate Ears MEGABOOM 3 Speaker,2017-12-31 00:00:00,222
Ultimate Ears MEGABOOM 3 Speaker,2018-01-31 00:00:00,237
Ultimate Ears MEGABOOM 3 Speaker,2018-02-28 00:00:00,228
Ultimate Ears MEGABOOM 3 Speaker,2018-03-31 00:00:00,173
Ultimate Ears MEGABOOM 3 Speaker,2018-04-30 00:00:00,297
Ultimate Ears MEGABOOM 3 Speaker,2018-05-31 00:00:00,243
Ultimate Ears MEGABOOM 3 Speaker,2018-06-30 00:00:00,111
Ultimate Ears MEGABOOM 3 Speaker,2018-07-31 00:00:00,295
Ultimate Ears MEGABOOM 3 Speaker,2018-08-31 00:00:00,301
Ultimate Ears MEGABOOM 3 Speaker,2018-09-30 00:00:00,215
Ultimate Ears MEGABOOM 3 Speaker,2018-10-31 00:00:00,385
Ultimate Ears MEGABOOM 3 Speaker,2018-11-30 00:00:00,193
Ultimate Ears MEGABOOM 3 Speaker,2018-12-31 00:00:00,315
Ultimate Ears MEGABOOM 3 Speaker,2019-01-31 00:00:00,208
Ultimate Ears MEGABOOM 3 Speaker,2019-02-28 00:00:00,199
Ultimate Ears MEGABOOM 3 Speaker,2019-03-31 00:00:00,299
Ultimate Ears MEGABOOM 3 Speaker,2019-04-30 00:00:00,275
Ultimate Ears MEGABOOM 3 Speaker,2019-05-31 00:00:00,385
Ultimate Ears MEGABOOM 3 Speaker,2019-06-30 00:00:00,249
Ultimate Ears MEGABOOM 3 Speaker,2019-07-31 00:00:00,138
Ultimate Ears MEGABOOM 3 Speaker,2019-08-31 00:00:00,288
Ultimate Ears MEGABOOM 3 Speaker,2019-09-30 00:00:00,260
Ultimate Ears MEGABOOM 3 Speaker,2019-10-31 00:00:00,303
Ultimate Ears MEGABOOM 3 Speaker,2019-11-30 00:00:00,196
Ultimate Ears MEGABOOM 3 Speaker,2019-12-31 00:00:00,350
Ultimate Ears MEGABOOM 3 Speaker,2020-01-31 00:00:00,302
Ultimate Ears MEGABOOM 3 Speaker,2020-02-29 00:00:00,257
Ultimate Ears MEGABOOM 3 Speaker,2020-03-31 00:00:00,272
Ultimate Ears MEGABOOM 3 Speaker,2020-04-30 00:00:00,314
Ultimate Ears MEGABOOM 3 Speaker,2020-05-31 00:00:00,280
Ultimate Ears MEGABOOM 3 Speaker,2020-06-30 00:00:00,211
Ultimate Ears MEGABOOM 3 Speaker,2020-07-31 00:00:00,184
Ultimate Ears MEGABOOM 3 Speaker,2020-08-31 00:00:00,244
Ultimate Ears MEGABOOM 3 Speaker,2020-09-30 00:00:00,240
Ultimate Ears MEGABOOM 3 Speaker,2020-10-31 00:00:00,168
Ultimate Ears MEGABOOM 3 Speaker,2020-11-30 00:00:00,153
Ultimate Ears MEGABOOM 3 Speaker,2020-12-31 00:00:00,280
Ultimate Ears MEGABOOM 3 Speaker,2021-01-31 00:00:00,212
Ultimate Ears MEGABOOM 3 Speaker,2021-02-28 00:00:00,215
Ultimate Ears MEGABOOM 3 Speaker,2021-03-31 00:00:00,254
Ultimate Ears MEGABOOM 3 Speaker,2021-04-30 00:00:00,242
Ultimate Ears MEGABOOM 3 Speaker,2021-05-31 00:00:00,286
Ultimate Ears MEGABOOM 3 Speaker,2021-06-30 00:00:00,254
Ultimate Ears MEGABOOM 3 Speaker,2021-07-31 00:00:00,303
Ultimate Ears MEGABOOM 3 Speaker,2021-08-31 00:00:00,228
Ultimate Ears MEGABOOM 3 Speaker,2021-09-30 00:00:00,231
Ultimate Ears MEGABOOM 3 Speaker,2021-10-31 00:00:00,154
Ultimate Ears MEGABOOM 3 Speaker,2021-11-30 00:00:00,306
Ultimate Ears MEGABOOM 3 Speaker,2021-12-31 00:00:00,214
Ultimate Ears MEGABOOM 3 Speaker,2022-01-31 00:00:00,264
Ultimate Ears MEGABOOM 3 Speaker,2022-02-28 00:00:00,211
Ultimate Ears MEGABOOM 3 Speaker,2022-03-31 00:00:00,303
Ultimate Ears MEGABOOM 3 Speaker,2022-04-30 00:00:00,322
Ultimate Ears MEGABOOM 3 Speaker,2022-05-31 00:00:00,280
Ultimate Ears MEGABOOM 3 Speaker,2022-06-30 00:00:00,198
Ultimate Ears MEGABOOM 3 Speaker,2022-07-31 00:00:00,259
Ultimate Ears MEGABOOM 3 Speaker,2022-08-31 00:00:00,357
Ultimate Ears MEGABOOM 3 Speaker,2022-09-30 00:00:00,247
Ultimate Ears MEGABOOM 3 Speaker,2022-10-31 00:00:00,250
Ultimate Ears MEGABOOM 3 Speaker,2022-11-30 00:00:00,213
Ultimate Ears MEGABOOM 3 Speaker,2022-12-31 00:00:00,207
Ultimate Ears MEGABOOM 3 Speaker,2023-01-31 00:00:00,223
Ultimate Ears MEGABOOM 3 Speaker,2023-02-28 00:00:00,250
Ultimate Ears MEGABOOM 3 Speaker,2023-03-31 00:00:00,326
Ultimate Ears MEGABOOM 3 Speaker,2023-04-30 00:00:00,297
Ultimate Ears MEGABOOM 3 Speaker,2023-05-31 00:00:00,295
Ultimate Ears MEGABOOM 3 Speaker,2023-06-30 00:00:00,202
Ultimate Ears MEGABOOM 3 Speaker,2023-07-31 00:00:00,239
Ultimate Ears MEGABOOM 3 Speaker,2023-08-31 00:00:00,294
Ultimate Ears MEGABOOM 3 Speaker,2023-09-30 00:00:00,251
Ultimate Ears MEGABOOM 3 Speaker,2023-10-31 00:00:00,210
Ultimate Ears MEGABOOM 3 Speaker,2023-11-30 00:00:00,221
Ultimate Ears MEGABOOM 3 Speaker,2023-12-31 00:00:00,210
Ultimate Ears MEGABOOM 3 Speaker,2024-01-31 00:00:00,219
Ultimate Ears MEGABOOM 3 Speaker,2024-02-29 00:00:00,216
Ultimate Ears MEGABOOM 3 Speaker,2024-03-31 00:00:00,285
Ultimate Ears MEGABOOM 3 Speaker,2024-04-30 00:00:00,268
Ultimate Ears MEGABOOM 3 Speaker,2024-05-31 00:00:00,277
Ultimate Ears MEGABOOM 3 Speaker,2024-06-30 00:00:00,205
Ultimate Ears MEGABOOM 3 Speaker,2024-07-31 00:00:00,250
Ultimate Ears MEGABOOM 3 Speaker,2024-08-31 00:00:00,265
Ultimate Ears MEGABOOM 3 Speaker,2024-09-30 00:00:00,230
Ultimate Ears MEGABOOM 3 Speaker,2024-10-31 00:00:00,181
Ultimate Ears MEGABOOM 3 Speaker,2024-11-30 00:00:00,239
Ultimate Ears MEGABOOM 3 Speaker,2024-12-31 00:00:00,201
Ultimate Ears MEGABOOM 3 Speaker,2025-01-31 00:00:00,231
Ultimate Ears MEGABOOM 3 Speaker,2025-02-28 00:00:00,213
Ultimate Ears MEGABOOM 3 Speaker,2025-03-31 00:00:00,289
Ultimate Ears MEGABOOM 3 Speaker,2025-04-30 00:00:00,283
Ultimate Ears MEGABOOM 3 Speaker,2025-05-31 00:00:00,274
Ultimate Ears MEGABOOM 3 Speaker,2025-06-30 00:00:00,197
Ultimate Ears MEGABOOM 3 Speaker,2025-07-31 00:00:00,248
Ultimate Ears MEGABOOM 3 Speaker,2025-08-31 00:00:00,294
Ultimate Ears MEGABOOM 3 Speaker,2025-09-30 00:00:00,234
Ultimate Ears MEGABOOM 3 Speaker,2025-10-31 00:00:00,206
Ultimate Ears MEGABOOM 3 Speaker,2025-11-30 00:00:00,220
Ultimate Ears MEGABOOM 3 Speaker,2025-12-31 00:00:00,198
Ultimate Ears MEGABOOM 3 Speaker,2026-01-31 00:00:00,222
Ultimate Ears MEGABOOM 3 Speaker,2026-02-28 00:00:00,223
Ultimate Ears MEGABOOM 3 Speaker,2026-03-31 00:00:00,296
Ultimate Ears MEGABOOM 3 Speaker,2026-04-30 00:00:00,279
Ultimate Ears MEGABOOM 3 Speaker,2026-05-31 00:00:00,279
Ultimate Ears MEGABOOM 3 Speaker,2026-06-30 00:00:00,195
Ultimate Ears MEGABOOM 3 Speaker,2026-07-31 00:00:00,241
Ultimate Ears MEGABOOM 3 Speaker,2026-08-31 00:00:00,284
Ultimate Ears MEGABOOM 3 Speaker,2026-09-30 00:00:00,235
Ultimate Ears MEGABOOM 3 Speaker,2026-10-31 00:00:00,200
Ultimate Ears MEGABOOM 3 Speaker,2026-11-30 00:00:00,220
Ultimate Ears MEGABOOM 3 Speaker,2026-12-31 00:00:00,199
Ultimate Ears MEGABOOM 3 Speaker,2027-01-31 00:00:00,222
Ultimate Ears MEGABOOM 3 Speaker,2027-02-28 00:00:00,219
Ultimate Ears MEGABOOM 3 Speaker,2027-03-31 00:00:00,290
Ultimate Ears MEGABOOM 3 Speaker,2027-04-30 00:00:00,275
Ultimate Ears MEGABOOM 3 Speaker,2027-05-31 00:00:00,276
Ultimate Ears MEGABOOM 3 Speaker,2027-06-30 00:00:00,200
Ultimate Ears MEGABOOM 3 Speaker,2027-07-31 00:00:00,248
Ultimate Ears MEGABOOM 3 Speaker,2027-08-31 00:00:00,278
Ultimate Ears MEGABOOM 3 Speaker,2027-09-30 00:00:00,233
Ultimate Ears MEGABOOM 3 Speaker,2027-10-31 00:00:00,195
Ultimate Ears MEGABOOM 3 Speaker,2027-11-30 00:00:00,227
Ultimate Ears MEGABOOM 3 Speaker,2027-12-31 00:00:00,199
Ultimate Ears MEGABOOM 3 Speaker,2028-01-31 00:00:00,226
Ultimate Ears MEGABOOM 3 Speaker,2028-02-29 00:00:00,218
Ultimate Ears MEGABOOM 3 Speaker,2028-03-31 00:00:00,291
Ultimate Ears MEGABOOM 3 Speaker,2028-04-30 00:00:00,279
Ultimate Ears MEGABOOM 3 Speaker,2028-05-31 00:00:00,275
Ultimate Ears MEGABOOM 3 Speaker,2028-06-30 00:00:00,197
Ultimate Ears MEGABOOM 3 Speaker,2028-07-31 00:00:00,246
Ultimate Ears MEGABOOM 3 Speaker,2028-08-31 00:00:00,285
Ultimate Ears MEGABOOM 3 Speaker,2028-09-30 00:00:00,234
Under Armour HeatGear Compression Shirt,2016-10-31 00:00:00,1
Under Armour HeatGear Compression Shirt,2016-11-30 00:00:00,10
Under Armour HeatGear Compression Shirt,2019-03-31 00:00:00,8
Under Armour HeatGear Compression Shirt,2022-04-30 00:00:00,18
Under Armour HeatGear Compression Shirt,2023-04-30 00:00:00,17
Under Armour HeatGear Compression Shirt,2023-08-31 00:00:00,1
Under Armour HeatGear Compression Shirt,2023-09-30 00:00:00,1
Under Armour HeatGear Compression Shirt,2023-10-31 00:00:00,1
Under Armour HeatGear Compression Shirt,2023-11-30 00:00:00,1
Under Armour HeatGear Compression Shirt,2023-12-31 00:00:00,1
Under Armour HeatGear Compression Shirt,2024-01-31 00:00:00,1
Under Armour HeatGear Compression Shirt,2024-02-29 00:00:00,1
Under Armour HeatGear Compression Shirt,2024-03-31 00:00:00,1
Under Armour HeatGear Compression Shirt,2024-04-30 00:00:00,16
Under Armour HeatGear Compression Shirt,2024-05-31 00:00:00,1
Under Armour HeatGear Compression Shirt,2024-06-30 00:00:00,1
Under Armour HeatGear Compression Shirt,2024-07-31 00:00:00,1
Under Armour HeatGear Compression Shirt,2024-08-31 00:00:00,1
Under Armour HeatGear Compression Shirt,2024-09-30 00:00:00,1
Under Armour HeatGear Compression Shirt,2024-10-31 00:00:00,1
Under Armour HeatGear Compression Shirt,2024-11-30 00:00:00,1
Under Armour HeatGear Compression Shirt,2024-12-31 00:00:00,1
Under Armour HeatGear Compression Shirt,2025-01-31 00:00:00,1
Under Armour HeatGear Compression Shirt,2025-02-28 00:00:00,1
Under Armour HeatGear Compression Shirt,2025-03-31 00:00:00,1
Under Armour HeatGear Compression Shirt,2025-04-30 00:00:00,17
Under Armour HeatGear Compression Shirt,2025-05-31 00:00:00,1
Under Armour HeatGear Compression Shirt,2025-06-30 00:00:00,1
Under Armour HeatGear Compression Shirt,2025-07-31 00:00:00,1
Under Armour HeatGear Compression Shirt,2025-08-31 00:00:00,1
Under Armour HeatGear Compression Shirt,2025-09-30 00:00:00,1
Under Armour HeatGear Compression Shirt,2025-10-31 00:00:00,1
Under Armour HeatGear Compression Shirt,2025-11-30 00:00:00,1
Under Armour HeatGear Compression Shirt,2025-12-31 00:00:00,1
Under Armour HeatGear Compression Shirt,2026-01-31 00:00:00,1
Under Armour HeatGear Compression Shirt,2026-02-28 00:00:00,1
Under Armour HeatGear Compression Shirt,2026-03-31 00:00:00,1
Under Armour HeatGear Compression Shirt,2026-04-30 00:00:00,17
Under Armour HeatGear Compression Shirt,2026-05-31 00:00:00,1
Under Armour HeatGear Compression Shirt,2026-06-30 00:00:00,1
Under Armour HeatGear Compression Shirt,2026-07-31 00:00:00,1
Under Armour HeatGear Compression Shirt,2026-08-31 00:00:00,2
Under Armour HeatGear Compression Shirt,2026-09-30 00:00:00,1
Under Armour HeatGear Compression Shirt,2026-10-31 00:00:00,1
Under Armour HeatGear Compression Shirt,2026-11-30 00:00:00,1
Under Armour HeatGear Compression Shirt,2026-12-31 00:00:00,1
Under Armour HeatGear Compression Shirt,2027-01-31 00:00:00,1
Under Armour HeatGear Compression Shirt,2027-02-28 00:00:00,1
Under Armour HeatGear Compression Shirt,2027-03-31 00:00:00,1
Under Armour HeatGear Compression Shirt,2027-04-30 00:00:00,17
Under Armour HeatGear Compression Shirt,2027-05-31 00:00:00,1
Under Armour HeatGear Compression Shirt,2027-06-30 00:00:00,1
Under Armour HeatGear Compression Shirt,2027-07-31 00:00:00,1
Under Armour HeatGear Compression Shirt,2027-08-31 00:00:00,2
Under Armour HeatGear Compression Shirt,2027-09-30 00:00:00,1
Under Armour HeatGear Compression Shirt,2027-10-31 00:00:00,1
Under Armour HeatGear Compression Shirt,2027-11-30 00:00:00,1
Under Armour HeatGear Compression Shirt,2027-12-31 00:00:00,1
Under Armour HeatGear Compression Shirt,2028-01-31 00:00:00,1
Under Armour HeatGear Compression Shirt,2028-02-29 00:00:00,1
Under Armour HeatGear Compression Shirt,2028-03-31 00:00:00,1
Under Armour HeatGear Compression Shirt,2028-04-30 00:00:00,17
Under Armour HeatGear Compression Shirt,2028-05-31 00:00:00,1
Valve Steam Deck Handheld,2015-01-31 00:00:00,209
Valve Steam Deck Handheld,2015-02-28 00:00:00,164
Valve Steam Deck Handheld,2015-03-31 00:00:00,158
Valve Steam Deck Handheld,2015-04-30 00:00:00,220
Valve Steam Deck Handheld,2015-05-31 00:00:00,135
Valve Steam Deck Handheld,2015-06-30 00:00:00,199
Valve Steam Deck Handheld,2015-07-31 00:00:00,168
Valve Steam Deck Handheld,2015-08-31 00:00:00,42
Valve Steam Deck Handheld,2015-09-30 00:00:00,160
Valve Steam Deck Handheld,2015-10-31 00:00:00,214
Valve Steam Deck Handheld,2015-11-30 00:00:00,171
Valve Steam Deck Handheld,2015-12-31 00:00:00,205
Valve Steam Deck Handheld,2016-01-31 00:00:00,130
Valve Steam Deck Handheld,2016-02-29 00:00:00,78
Valve Steam Deck Handheld,2016-03-31 00:00:00,102
Valve Steam Deck Handheld,2016-04-30 00:00:00,124
Valve Steam Deck Handheld,2016-05-31 00:00:00,175
Valve Steam Deck Handheld,2016-06-30 00:00:00,259
Valve Steam Deck Handheld,2016-07-31 00:00:00,180
Valve Steam Deck Handheld,2016-08-31 00:00:00,45
Valve Steam Deck Handheld,2016-09-30 00:00:00,102
Valve Steam Deck Handheld,2016-10-31 00:00:00,160
Valve Steam Deck Handheld,2016-11-30 00:00:00,323
Valve Steam Deck Handheld,2016-12-31 00:00:00,80
Valve Steam Deck Handheld,2017-01-31 00:00:00,127
Valve Steam Deck Handheld,2017-02-28 00:00:00,165
Valve Steam Deck Handheld,2017-03-31 00:00:00,146
Valve Steam Deck Handheld,2017-04-30 00:00:00,244
Valve Steam Deck Handheld,2017-05-31 00:00:00,123
Valve Steam Deck Handheld,2017-06-30 00:00:00,220
Valve Steam Deck Handheld,2017-07-31 00:00:00,157
Valve Steam Deck Handheld,2017-08-31 00:00:00,242
Valve Steam Deck Handheld,2017-09-30 00:00:00,88
Valve Steam Deck Handheld,2017-10-31 00:00:00,182
Valve Steam Deck Handheld,2017-11-30 00:00:00,172
Valve Steam Deck Handheld,2017-12-31 00:00:00,127
Valve Steam Deck Handheld,2018-01-31 00:00:00,299
Valve Steam Deck Handheld,2018-02-28 00:00:00,210
Valve Steam Deck Handheld,2018-03-31 00:00:00,128
Valve Steam Deck Handheld,2018-04-30 00:00:00,178
Valve Steam Deck Handheld,2018-05-31 00:00:00,198
Valve Steam Deck Handheld,2018-06-30 00:00:00,177
Valve Steam Deck Handheld,2018-07-31 00:00:00,137
Valve Steam Deck Handheld,2018-08-31 00:00:00,154
Valve Steam Deck Handheld,2018-09-30 00:00:00,179
Valve Steam Deck Handheld,2018-10-31 00:00:00,156
Valve Steam Deck Handheld,2018-11-30 00:00:00,252
Valve Steam Deck Handheld,2018-12-31 00:00:00,123
Valve Steam Deck Handheld,2019-01-31 00:00:00,175
Valve Steam Deck Handheld,2019-02-28 00:00:00,158
Valve Steam Deck Handheld,2019-03-31 00:00:00,161
Valve Steam Deck Handheld,2019-04-30 00:00:00,127
Valve Steam Deck Handheld,2019-05-31 00:00:00,116
Valve Steam Deck Handheld,2019-06-30 00:00:00,201
Valve Steam Deck Handheld,2019-07-31 00:00:00,102
Valve Steam Deck Handheld,2019-08-31 00:00:00,78
Valve Steam Deck Handheld,2019-09-30 00:00:00,152
Valve Steam Deck Handheld,2019-10-31 00:00:00,208
Valve Steam Deck Handheld,2019-11-30 00:00:00,268
Valve Steam Deck Handheld,2019-12-31 00:00:00,253
Valve Steam Deck Handheld,2020-01-31 00:00:00,176
Valve Steam Deck Handheld,2020-02-29 00:00:00,59
Valve Steam Deck Handheld,2020-03-31 00:00:00,76
Valve Steam Deck Handheld,2020-04-30 00:00:00,140
Valve Steam Deck Handheld,2020-05-31 00:00:00,150
Valve Steam Deck Handheld,2020-06-30 00:00:00,133
Valve Steam Deck Handheld,2020-07-31 00:00:00,306
Valve Steam Deck Handheld,2020-08-31 00:00:00,134
Valve Steam Deck Handheld,2020-09-30 00:00:00,116
Valve Steam Deck Handheld,2020-10-31 00:00:00,97
Valve Steam Deck Handheld,2020-11-30 00:00:00,157
Valve Steam Deck Handheld,2020-12-31 00:00:00,206
Valve Steam Deck Handheld,2021-01-31 00:00:00,91
Valve Steam Deck Handheld,2021-02-28 00:00:00,161
Valve Steam Deck Handheld,2021-03-31 00:00:00,103
Valve Steam Deck Handheld,2021-04-30 00:00:00,146
Valve Steam Deck Handheld,2021-05-31 00:00:00,109
Valve Steam Deck Handheld,2021-06-30 00:00:00,157
Valve Steam Deck Handheld,2021-07-31 00:00:00,248
Valve Steam Deck Handheld,2021-08-31 00:00:00,55
Valve Steam Deck Handheld,2021-09-30 00:00:00,146
Valve Steam Deck Handheld,2021-10-31 00:00:00,167
Valve Steam Deck Handheld,2021-11-30 00:00:00,157
Valve Steam Deck Handheld,2021-12-31 00:00:00,180
Valve Steam Deck Handheld,2022-01-31 00:00:00,174
Valve Steam Deck Handheld,2022-02-28 00:00:00,231
Valve Steam Deck Handheld,2022-03-31 00:00:00,238
Valve Steam Deck Handheld,2022-04-30 00:00:00,94
Valve Steam Deck Handheld,2022-05-31 00:00:00,122
Valve Steam Deck Handheld,2022-06-30 00:00:00,118
Valve Steam Deck Handheld,2022-07-31 00:00:00,69
Valve Steam Deck Handheld,2022-08-31 00:00:00,178
Valve Steam Deck Handheld,2022-09-30 00:00:00,159
Valve Steam Deck Handheld,2022-10-31 00:00:00,144
Valve Steam Deck Handheld,2022-11-30 00:00:00,208
Valve Steam Deck Handheld,2022-12-31 00:00:00,98
Valve Steam Deck Handheld,2023-01-31 00:00:00,163
Valve Steam Deck Handheld,2023-02-28 00:00:00,114
Valve Steam Deck Handheld,2023-03-31 00:00:00,158
Valve Steam Deck Handheld,2023-04-30 00:00:00,181
Valve Steam Deck Handheld,2023-05-31 00:00:00,143
Valve Steam Deck Handheld,2023-06-30 00:00:00,77
Valve Steam Deck Handheld,2023-07-31 00:00:00,233
Valve Steam Deck Handheld,2023-08-31 00:00:00,109
Valve Steam Deck Handheld,2023-09-30 00:00:00,157
Valve Steam Deck Handheld,2023-10-31 00:00:00,152
Valve Steam Deck Handheld,2023-11-30 00:00:00,174
Valve Steam Deck Handheld,2023-12-31 00:00:00,118
Valve Steam Deck Handheld,2024-01-31 00:00:00,143
Valve Steam Deck Handheld,2024-02-29 00:00:00,116
Valve Steam Deck Handheld,2024-03-31 00:00:00,104
Valve Steam Deck Handheld,2024-04-30 00:00:00,130
Valve Steam Deck Handheld,2024-05-31 00:00:00,99
Valve Steam Deck Handheld,2024-06-30 00:00:00,141
Valve Steam Deck Handheld,2024-07-31 00:00:00,173
Valve Steam Deck Handheld,2024-08-31 00:00:00,82
Valve Steam Deck Handheld,2024-09-30 00:00:00,110
Valve Steam Deck Handheld,2024-10-31 00:00:00,130
Valve Steam Deck Handheld,2024-11-30 00:00:00,168
Valve Steam Deck Handheld,2024-12-31 00:00:00,143
Valve Steam Deck Handheld,2025-01-31 00:00:00,134
Valve Steam Deck Handheld,2025-02-28 00:00:00,129
Valve Steam Deck Handheld,2025-03-31 00:00:00,115
Valve Steam Deck Handheld,2025-04-30 00:00:00,111
Valve Steam Deck Handheld,2025-05-31 00:00:00,102
Valve Steam Deck Handheld,2025-06-30 00:00:00,135
Valve Steam Deck Handheld,2025-07-31 00:00:00,140
Valve Steam Deck Handheld,2025-08-31 00:00:00,92
Valve Steam Deck Handheld,2025-09-30 00:00:00,109
Valve Steam Deck Handheld,2025-10-31 00:00:00,127
Valve Steam Deck Handheld,2025-11-30 00:00:00,170
Valve Steam Deck Handheld,2025-12-31 00:00:00,127
Valve Steam Deck Handheld,2026-01-31 00:00:00,133
Valve Steam Deck Handheld,2026-02-28 00:00:00,118
Valve Steam Deck Handheld,2026-03-31 00:00:00,117
Valve Steam Deck Handheld,2026-04-30 00:00:00,119
Valve Steam Deck Handheld,2026-05-31 00:00:00,104
Valve Steam Deck Handheld,2026-06-30 00:00:00,113
Valve Steam Deck Handheld,2026-07-31 00:00:00,149
Valve Steam Deck Handheld,2026-08-31 00:00:00,90
Valve Steam Deck Handheld,2026-09-30 00:00:00,111
Valve Steam Deck Handheld,2026-10-31 00:00:00,123
Valve Steam Deck Handheld,2026-11-30 00:00:00,163
Valve Steam Deck Handheld,2026-12-31 00:00:00,115
Valve Steam Deck Handheld,2027-01-31 00:00:00,128
Valve Steam Deck Handheld,2027-02-28 00:00:00,113
Valve Steam Deck Handheld,2027-03-31 00:00:00,109
Valve Steam Deck Handheld,2027-04-30 00:00:00,117
Valve Steam Deck Handheld,2027-05-31 00:00:00,96
Valve Steam Deck Handheld,2027-06-30 00:00:00,111
Valve Steam Deck Handheld,2027-07-31 00:00:00,149
Valve Steam Deck Handheld,2027-08-31 00:00:00,82
Valve Steam Deck Handheld,2027-09-30 00:00:00,105
Valve Steam Deck Handheld,2027-10-31 00:00:00,118
Valve Steam Deck Handheld,2027-11-30 00:00:00,157
Valve Steam Deck Handheld,2027-12-31 00:00:00,115
Valve Steam Deck Handheld,2028-01-31 00:00:00,123
Valve Steam Deck Handheld,2028-02-29 00:00:00,109
Valve Steam Deck Handheld,2028-03-31 00:00:00,102
Valve Steam Deck Handheld,2028-04-30 00:00:00,109
Valve Steam Deck Handheld,2028-05-31 00:00:00,92
Valve Steam Deck Handheld,2028-06-30 00:00:00,111
Valve Steam Deck Handheld,2028-07-31 00:00:00,140
Valve Steam Deck Handheld,2028-08-31 00:00:00,76
Valve Steam Deck Handheld,2028-09-30 00:00:00,100
War and Peace,2015-01-31 00:00:00,2
War and Peace,2016-05-31 00:00:00,13
War and Peace,2016-07-31 00:00:00,2
War and Peace,2018-02-28 00:00:00,15
War and Peace,2020-09-30 00:00:00,2
War and Peace,2021-10-31 00:00:00,12
War and Peace,2021-11-30 00:00:00,2
War and Peace,2021-12-31 00:00:00,4
War and Peace,2022-01-31 00:00:00,2
War and Peace,2022-02-28 00:00:00,4
War and Peace,2022-03-31 00:00:00,5
War and Peace,2022-04-30 00:00:00,4
War and Peace,2022-05-31 00:00:00,4
War and Peace,2022-06-30 00:00:00,4
War and Peace,2022-07-31 00:00:00,4
War and Peace,2022-08-31 00:00:00,4
War and Peace,2022-09-30 00:00:00,5
War and Peace,2022-10-31 00:00:00,8
War and Peace,2022-11-30 00:00:00,5
War and Peace,2022-12-31 00:00:00,5
War and Peace,2023-01-31 00:00:00,5
War and Peace,2023-02-28 00:00:00,5
War and Peace,2023-03-31 00:00:00,6
War and Peace,2023-04-30 00:00:00,5
War and Peace,2023-05-31 00:00:00,5
War and Peace,2023-06-30 00:00:00,5
War and Peace,2023-07-31 00:00:00,5
War and Peace,2023-08-31 00:00:00,5
War and Peace,2023-09-30 00:00:00,6
War and Peace,2023-10-31 00:00:00,11
War and Peace,2023-11-30 00:00:00,7
War and Peace,2023-12-31 00:00:00,7
War and Peace,2024-01-31 00:00:00,7
War and Peace,2024-02-29 00:00:00,7
War and Peace,2024-03-31 00:00:00,8
War and Peace,2024-04-30 00:00:00,7
War and Peace,2024-05-31 00:00:00,7
War and Peace,2024-06-30 00:00:00,7
War and Peace,2024-07-31 00:00:00,7
War and Peace,2024-08-31 00:00:00,8
War and Peace,2024-09-30 00:00:00,8
War and Peace,2024-10-31 00:00:00,14
War and Peace,2024-11-30 00:00:00,9
War and Peace,2024-12-31 00:00:00,10
War and Peace,2025-01-31 00:00:00,9
War and Peace,2025-02-28 00:00:00,10
War and Peace,2025-03-31 00:00:00,10
War and Peace,2025-04-30 00:00:00,10
War and Peace,2025-05-31 00:00:00,10
War and Peace,2025-06-30 00:00:00,10
War and Peace,2025-07-31 00:00:00,10
War and Peace,2025-08-31 00:00:00,10
War and Peace,2025-09-30 00:00:00,10
War and Peace,2025-10-31 00:00:00,15
War and Peace,2025-11-30 00:00:00,11
War and Peace,2025-12-31 00:00:00,12
War and Peace,2026-01-31 00:00:00,11
War and Peace,2026-02-28 00:00:00,12
War and Peace,2026-03-31 00:00:00,12
War and Peace,2026-04-30 00:00:00,11
War and Peace,2026-05-31 00:00:00,12
War and Peace,2026-06-30 00:00:00,11
War and Peace,2026-07-31 00:00:00,12
