TransactionID,ProductID,ProductName,Category,Price,QuantitySold,SaleDate,Season,Year,DiscountApplied,TransactionAmount,CustomerLoyalty
T32480,P00016,Portable Fan,Home Decor,38.26168874,13,25/11/2018,Fall,2018,10,497.4019536,1
T55976,P00023,Children's Book,Books,74.00109665,3,10/01/2019,Winter,2019,0,222.00329,2
T51903,P00007,Smart Thermostat,Electronics,58.26776813,2,04/01/2018,Winter,2018,10,116.5355363,1
T18580,P00024,Travel Guide,Books,90.82610715,1,23/05/2023,Fall,2023,0,90.82610715,4
T81279,P00059,Casual Sneakers,Footwear,247.9101693,11,23/04/2020,Summer,2020,0,2727.011862,4
T59321,P00036,Winter Jacket,Clothing,74.65715588,14,21/07/2017,Fall,2017,0,1045.200182,4
T50629,P00050,Raincoat,Clothing,108.5738553,3,12/12/2021,Spring,2021,0,325.7215659,1
T76134,P00029,T-Shirt,Clothing,153.8452616,13,01/12/2018,Summer,2018,0,1999.988401,1
T92940,P00005,Casual Sneakers,Footwear,78.13003506,10,08/04/2021,Spring,2021,10,781.3003506,2
T92650,P00010,Travel Guide,Books,12.84379568,20,05/06/2018,Spring,2018,20,256.8759136,2
T17180,P00033,Smart Thermostat,Electronics,86.70740737,14,29/08/2017,Fall,2017,0,1213.903703,1
T61928,P00040,Formal Suit,Clothing,179.5411147,12,22/09/2018,Summer,2018,0,2154.493376,1
T41800,P00026,Digital Camera,Electronics,92.22472215,20,31/08/2021,Spring,2021,0,1844.494443,1
T75268,P00022,Toaster Oven,Home Decor,51.46303943,20,13/08/2020,Fall,2020,0,1029.260789,1
T86995,P00015,Raincoat,Clothing,164.2546168,11,03/09/2022,Summer,2022,20,1806.800785,2
T55334,P00012,Smart Thermostat,Electronics,42.68721217,9,04/09/2015,Fall,2015,0,384.1849095,1
T79875,P00013,Monitor Arm,Electronics,87.24380937,10,16/05/2020,Spring,2020,0,872.4380937,3
T82179,P00029,Mechanical Keyboard,Electronics,84.22136958,9,12/02/2015,Winter,2015,0,757.9923262,1
T32471,P00049,Coffee Maker,Home Decor,17.06665507,11,17/03/2017,Winter,2017,20,187.7332058,2
T14628,P00056,Smartphone Case,Accessories,98.19264869,17,16/07/2017,Winter,2017,0,1669.275028,1
T86900,P00011,HD Webcam,Accessories,46.59108174,10,25/04/2022,Winter,2022,0,465.9108174,1
T11486,P00039,Smartwatch,Electronics,56.56088853,15,28/05/2020,Fall,2020,0,848.413328,1
T76755,P00043,External Hard Drive,Accessories,27.53236718,7,04/04/2021,Winter,2021,0,192.7265703,1
T87127,P00033,Self-Help Book,Books,64.98267198,13,21/11/2022,Winter,2022,0,844.7747357,3
T85832,P00019,Leather Loafers,Footwear,247.9204632,10,10/08/2015,Fall,2015,0,2479.204632,1
T19930,P00023,Smart Thermostat,Electronics,62.73031111,8,31/08/2018,Spring,2018,0,501.8424889,1
T85844,P00030,Shorts,Clothing,160.7864835,18,25/02/2015,Spring,2015,0,2894.156703,1
T29300,P00031,Dress Shoes,Footwear,226.0546892,3,26/03/2022,Spring,2022,0,678.1640676,1
T88843,P00003,VR Headset,Electronics,31.38920304,10,13/06/2022,Winter,2022,10,313.8920304,1
T76944,P00008,Fitness Tracker,Electronics,49.2231557,4,06/06/2015,Spring,2015,0,196.8926228,2
T26188,P00035,VR Headset,Electronics,23.3764196,17,18/03/2018,Spring,2018,0,397.3991332,1
T98904,P00023,Biography,Books,13.77422876,5,24/10/2017,Winter,2017,0,68.8711438,1
T96595,P00019,Laptop Stand,Accessories,15.67620597,13,15/11/2022,Fall,2022,0,203.7906776,2
T20994,P00035,HD Webcam,Accessories,98.60837132,8,07/06/2020,Winter,2020,0,788.8669706,1
T22907,P00038,Flip-Flops,Footwear,51.11881471,18,25/12/2022,Summer,2022,0,920.1386648,3
T73627,P00039,Cookbook,Books,40.16740917,4,19/10/2020,Winter,2020,0,160.6696367,1
T22388,P00001,External Hard Drive,Accessories,20.29786121,13,25/08/2018,Winter,2018,0,263.8721957,1
T94375,P00045,Microwave Oven,Home Decor,85.0805941,4,13/12/2019,Spring,2019,0,340.3223764,1
T40473,P00031,LED Desk Lamp,Home Decor,54.66673825,9,29/11/2022,Summer,2022,0,492.0006443,1
T68157,P00026,Electric Kettle,Home Decor,65.91355803,11,29/06/2015,Spring,2015,0,725.0491383,2
T83731,P00046,Wireless Earbuds,Electronics,58.59197792,12,07/11/2021,Fall,2021,0,703.103735,1
T41592,P00022,Leather Loafers,Footwear,220.3197356,12,05/10/2015,Summer,2015,0,2643.836827,1
T12509,P00053,Formal Suit,Clothing,74.03946501,13,29/05/2018,Winter,2018,0,962.5130451,2
T80123,P00043,Hiking Boots,Footwear,62.8106725,6,06/06/2022,Summer,2022,0,376.864035,1
T66409,P00038,Casual Sneakers,Footwear,29.84550075,8,28/10/2022,Winter,2022,0,238.764006,1
T88865,P00002,Wireless Keyboard,Accessories,50.11235998,1,04/01/2015,Fall,2015,0,50.11235998,2
T51483,P00016,Travel Guide,Books,91.70509859,15,26/12/2017,Fall,2017,20,1375.576479,1
T14410,P00011,Denim Jeans,Clothing,71.47430953,17,23/06/2022,Fall,2022,10,1215.063262,3
T23805,P00003,Science Textbook,Books,27.6361139,4,18/03/2015,Summer,2015,10,110.5444556,1
T89361,P00038,Blender,Home Decor,93.34384716,4,15/08/2023,Spring,2023,0,373.3753886,2
T75545,P00056,Dress Shoes,Footwear,53.99837566,1,07/09/2020,Summer,2020,0,53.99837566,1
T42886,P00051,LED Desk Lamp,Home Decor,14.66209301,19,11/07/2018,Summer,2018,0,278.5797672,3
T68486,P00043,Raincoat,Clothing,177.6914374,16,23/05/2020,Summer,2020,0,2843.062998,1
T15821,P00048,Microwave Oven,Home Decor,73.08184438,8,29/05/2021,Fall,2021,0,584.654755,2
T11071,P00018,Hiking Boots,Footwear,141.0688755,10,10/08/2018,Fall,2018,0,1410.688755,1
T72510,P00041,Sweatpants,Clothing,154.183635,6,19/03/2017,Summer,2017,20,925.10181,1
T88454,P00032,Hiking Boots,Footwear,228.8959868,12,21/08/2019,Fall,2019,0,2746.751842,1
T62217,P00035,HD Webcam,Accessories,13.60545069,14,10/05/2019,Spring,2019,10,190.4763097,2
T60404,P00043,External Hard Drive,Accessories,70.86221309,9,28/02/2015,Winter,2015,0,637.7599178,4
T62013,P00006,Dress Shoes,Footwear,201.2399038,18,11/06/2017,Spring,2017,0,3622.318268,1
T90879,P00029,Smartphone Case,Accessories,96.74012228,11,31/08/2020,Fall,2020,0,1064.141345,1
T62139,P00053,HD Webcam,Accessories,96.99603491,3,17/07/2015,Spring,2015,0,290.9881047,3
T89071,P00006,Laptop Stand,Accessories,44.00193936,13,30/09/2020,Spring,2020,10,572.0252117,1
T49619,P00049,Wireless Keyboard,Accessories,63.08577207,10,03/03/2023,Summer,2023,0,630.8577207,4
T66350,P00024,Raincoat,Clothing,41.15111435,19,31/08/2017,Fall,2017,0,781.8711727,2
T14652,P00020,Formal Suit,Clothing,27.2944573,8,09/02/2015,Fall,2015,10,218.3556584,2
T56568,P00002,Raincoat,Clothing,95.06427637,8,15/03/2019,Winter,2019,0,760.514211,1
T40968,P00040,LED Desk Lamp,Home Decor,72.08938098,13,25/09/2015,Spring,2015,30,937.1619527,1
T21822,P00028,Wi-Fi Router,Electronics,61.09850101,11,21/08/2015,Summer,2015,0,672.0835111,2
T83770,P00027,Cookbook,Books,48.669123,8,29/09/2022,Summer,2022,0,389.352984,4
T78991,P00035,Raincoat,Clothing,166.3508212,20,09/05/2015,Fall,2015,0,3327.016424,4
T67989,P00012,Formal Suit,Clothing,161.9690824,6,19/04/2015,Spring,2015,0,971.8144944,1
T37912,P00041,Self-Help Book,Books,75.87478496,6,10/05/2021,Spring,2021,0,455.2487098,1
T17756,P00033,LED Desk Lamp,Home Decor,16.93290233,17,07/01/2023,Summer,2023,0,287.8593396,1
T77153,P00018,Wi-Fi Router,Electronics,81.68226651,1,16/01/2021,Spring,2021,20,81.68226651,3
T70078,P00012,Self-Help Book,Books,92.74791844,4,07/12/2021,Summer,2021,10,370.9916738,1
T41887,P00007,Running Shoes,Footwear,41.34657428,12,22/06/2018,Spring,2018,0,496.1588914,1
T79725,P00033,Winter Jacket,Clothing,197.8457656,20,18/10/2020,Summer,2020,0,3956.915312,1
T39357,P00044,Monitor Arm,Electronics,63.93149726,10,28/08/2018,Spring,2018,0,639.3149726,4
T98766,P00003,Raincoat,Clothing,110.0118194,12,30/03/2017,Winter,2017,0,1320.141833,1
T19289,P00039,USB Flash Drive,Accessories,25.97015327,4,12/05/2019,Spring,2019,0,103.8806131,1
T70813,P00012,Water Filter Pitcher,Home Decor,60.8937655,6,29/12/2018,Spring,2018,0,365.362593,1
T62794,P00001,Flip-Flops,Footwear,145.7368966,12,29/04/2023,Winter,2023,0,1748.842759,1
T54339,P00052,T-Shirt,Clothing,38.57696528,11,15/10/2022,Summer,2022,30,424.3466181,1
T39749,P00030,USB Flash Drive,Accessories,51.78993874,16,16/07/2017,Spring,2017,0,828.6390198,1
T11137,P00002,Laptop Stand,Accessories,24.79593747,6,16/09/2019,Spring,2019,0,148.7756248,2
T43440,P00030,T-Shirt,Clothing,150.17277,13,16/01/2017,Summer,2017,0,1952.24601,1
T49408,P00042,Travel Guide,Books,52.26193436,12,15/10/2019,Spring,2019,0,627.1432123,1
T73483,P00052,Flip-Flops,Footwear,198.9012913,12,27/09/2022,Fall,2022,0,2386.815496,2
T82926,P00025,Children's Book,Books,48.78779723,3,08/04/2018,Winter,2018,10,146.3633917,1
T16102,P00008,Smartwatch,Electronics,22.46084683,11,07/10/2017,Summer,2017,0,247.0693151,2
T77682,P00012,Biography,Books,97.34997578,1,31/03/2020,Summer,2020,0,97.34997578,1
T26702,P00049,4K TV,Electronics,20.04641277,14,26/11/2019,Fall,2019,10,280.6497788,1
T12540,P00032,Smartphone Case,Accessories,51.32556475,2,06/09/2019,Spring,2019,0,102.6511295,4
T90947,P00025,Cordless Vacuum,Home Decor,69.29985392,19,24/10/2020,Spring,2020,0,1316.697224,1
T40190,P00044,Blender,Home Decor,41.94309439,9,25/03/2023,Spring,2023,0,377.4878495,1
T38900,P00058,Raincoat,Clothing,50.61564911,19,24/02/2020,Winter,2020,0,961.6973331,2
T76602,P00004,Cordless Vacuum,Home Decor,83.70670312,3,30/04/2020,Winter,2020,0,251.1201094,1
T18693,P00037,Dish Drying Rack,Home Decor,42.67929885,19,16/04/2017,Spring,2017,0,810.9066782,4
T33920,P00037,Wi-Fi Router,Electronics,27.4888876,3,01/05/2015,Winter,2015,0,82.4666628,1
T84366,P00001,Biography,Books,42.85763898,10,07/09/2015,Winter,2015,0,428.5763898,3
T61461,P00020,VR Headset,Electronics,29.30987869,19,31/10/2017,Winter,2017,0,556.8876951,3
T34637,P00031,Microwave Oven,Home Decor,56.7502964,5,29/01/2022,Winter,2022,0,283.751482,4
T62202,P00005,Hoodie,Clothing,138.6335364,1,06/08/2015,Fall,2015,0,138.6335364,4
T13932,P00030,Laptop Stand,Accessories,81.96016395,16,03/10/2018,Fall,2018,0,1311.362623,3
T98817,P00023,Air Fryer,Home Decor,30.48058273,12,31/08/2019,Fall,2019,0,365.7669928,2
T84071,P00048,Self-Help Book,Books,25.02586051,11,14/10/2020,Winter,2020,0,275.2844656,1
T75635,P00036,Raincoat,Clothing,18.62663287,1,27/03/2015,Summer,2015,0,18.62663287,1
T92820,P00008,HD Webcam,Accessories,30.52789915,13,30/08/2021,Winter,2021,0,396.862689,2
T63161,P00057,E-Reader,Electronics,41.09267833,19,23/11/2020,Winter,2020,0,780.7608883,2
T54612,P00011,Children's Book,Books,23.11237799,14,28/08/2021,Summer,2021,10,323.5732919,4
T18843,P00052,Leather Loafers,Footwear,184.4712895,14,30/09/2020,Spring,2020,10,2582.598053,3
T56281,P00037,Water Filter Pitcher,Home Decor,18.4226807,18,21/08/2023,Summer,2023,0,331.6082526,1
T98204,P00021,Formal Suit,Clothing,53.72940145,17,16/01/2015,Winter,2015,0,913.3998247,1
T47342,P00028,Raincoat,Clothing,140.83281,6,14/06/2020,Spring,2020,0,844.99686,1
T75991,P00041,Air Fryer,Home Decor,42.79926203,15,18/02/2022,Summer,2022,30,641.9889305,4
T29133,P00029,LED Desk Lamp,Home Decor,23.23270083,12,14/03/2018,Spring,2018,0,278.79241,2
T91191,P00050,Wireless Earbuds,Electronics,41.46415592,1,06/05/2018,Fall,2018,0,41.46415592,1
T39790,P00017,Self-Help Book,Books,30.19405005,8,05/06/2019,Fall,2019,20,241.5524004,1
T42792,P00009,Mystery Novel,Books,81.62011015,4,21/05/2020,Spring,2020,20,326.4804406,1
T41892,P00045,Denim Jeans,Clothing,142.6537254,10,11/04/2019,Winter,2019,0,1426.537254,1
T66463,P00025,Shorts,Clothing,63.83219922,12,08/06/2020,Summer,2020,0,765.9863906,1
T57895,P00026,Fiction Novel,Books,15.97677795,12,10/02/2017,Spring,2017,0,191.7213354,1
T50206,P00036,Hiking Boots,Footwear,28.94661014,1,13/07/2022,Spring,2022,0,28.94661014,4
T89739,P00048,Wireless Earbuds,Electronics,89.29087023,15,18/09/2021,Spring,2021,0,1339.363053,1
T85582,P00030,Running Shoes,Footwear,122.2417881,19,12/05/2023,Fall,2023,20,2322.593974,1
T37149,P00011,USB Flash Drive,Accessories,99.50895029,7,06/08/2019,Fall,2019,0,696.562652,1
T49019,P00056,Cookbook,Books,49.81394509,4,05/02/2023,Fall,2023,0,199.2557804,1
T61794,P00029,Electric Kettle,Home Decor,26.88379766,11,19/09/2018,Winter,2018,0,295.7217743,2
T58187,P00008,Science Textbook,Books,79.94292117,14,28/07/2021,Spring,2021,0,1119.200896,2
T92880,P00010,Self-Help Book,Books,93.38429947,14,29/07/2022,Winter,2022,0,1307.380193,1
T91460,P00004,Cutting Board,Home Decor,83.40589277,12,24/05/2021,Summer,2021,0,1000.870713,2
T76682,P00033,Dress Shoes,Footwear,229.9297894,3,08/03/2019,Spring,2019,0,689.7893682,1
T88779,P00044,Smartphone Case,Accessories,15.80413275,9,21/05/2020,Fall,2020,0,142.2371948,1
T49322,P00032,External Hard Drive,Accessories,28.11694137,5,03/04/2022,Spring,2022,30,140.5847069,1
T85806,P00043,Air Fryer,Home Decor,50.21292288,2,10/07/2015,Spring,2015,0,100.4258458,2
T53510,P00044,Children's Book,Books,96.0579883,9,13/05/2017,Summer,2017,0,864.5218947,3
T72310,P00050,Cordless Vacuum,Home Decor,84.54547407,13,13/06/2019,Fall,2019,0,1099.091163,1
T49874,P00051,Microwave Oven,Home Decor,34.95645072,19,03/09/2021,Spring,2021,0,664.1725637,1
T55374,P00022,Fiction Novel,Books,71.54407247,3,06/01/2017,Spring,2017,0,214.6322174,4
T53493,P00037,Laptop Stand,Accessories,87.6194329,20,30/05/2017,Winter,2017,10,1752.388658,1
T26699,P00005,Fitness Tracker,Electronics,53.14703634,13,11/08/2019,Winter,2019,10,690.9114724,1
T17890,P00015,Flip-Flops,Footwear,222.8362412,18,24/02/2019,Fall,2019,10,4011.052342,1
T21571,P00012,Monitor Arm,Electronics,60.39205176,14,21/07/2021,Summer,2021,0,845.4887246,1
T30564,P00057,Dress Shoes,Footwear,141.9032702,18,16/12/2023,Summer,2023,0,2554.258864,1
T84708,P00046,Soundbar,Electronics,25.83489496,14,04/06/2020,Winter,2020,0,361.6885294,4
T33047,P00043,4K TV,Electronics,52.47415475,14,26/09/2019,Winter,2019,10,734.6381665,1
T28467,P00034,Running Shoes,Footwear,89.6813731,18,07/07/2018,Summer,2018,0,1614.264716,1
T87023,P00038,Hiking Boots,Footwear,179.3448007,9,06/08/2022,Fall,2022,10,1614.103206,1
T33947,P00001,Self-Help Book,Books,21.32172932,13,10/09/2020,Spring,2020,0,277.1824812,2
T80937,P00011,LED Desk Lamp,Home Decor,95.49786462,15,21/12/2019,Winter,2019,0,1432.467969,1
T70089,P00009,Coffee Maker,Home Decor,87.38405934,9,31/08/2023,Spring,2023,0,786.4565341,3
T24302,P00018,USB Flash Drive,Accessories,24.00088574,2,04/08/2019,Fall,2019,0,48.00177148,1
T92849,P00010,Portable Fan,Home Decor,25.51536305,16,12/12/2018,Winter,2018,0,408.2458088,3
T98923,P00027,Dish Drying Rack,Home Decor,56.1194807,1,20/12/2018,Spring,2018,10,56.1194807,1
T90780,P00028,Toaster Oven,Home Decor,79.55932483,14,08/06/2017,Winter,2017,0,1113.830548,1
T15789,P00014,Smartphone Case,Accessories,29.71714021,18,13/04/2020,Fall,2020,10,534.9085238,3
T80351,P00030,Fiction Novel,Books,15.48745476,7,16/05/2022,Summer,2022,20,108.4121833,2
T55880,P00005,Children's Book,Books,59.09808489,2,19/10/2023,Spring,2023,0,118.1961698,1
T46573,P00023,T-Shirt,Clothing,142.9454661,5,22/01/2023,Winter,2023,20,714.7273305,1
T15952,P00014,Hiking Boots,Footwear,92.20051011,11,02/07/2018,Summer,2018,30,1014.205611,1
T52470,P00033,Smartphone Case,Accessories,76.5791009,19,30/03/2018,Fall,2018,10,1455.002917,2
T89877,P00006,Casual Sneakers,Footwear,286.4270409,10,09/06/2018,Spring,2018,10,2864.270409,1
T61563,P00030,Portable Fan,Home Decor,22.33669984,3,16/01/2015,Summer,2015,30,67.01009952,1
T45368,P00048,Air Fryer,Home Decor,55.99261588,13,20/08/2023,Summer,2023,0,727.9040064,1
T82742,P00008,Children's Book,Books,15.11577556,15,25/09/2020,Summer,2020,0,226.7366334,2
T75352,P00045,HD Webcam,Accessories,28.59949065,8,17/12/2021,Fall,2021,10,228.7959252,3
T15637,P00059,Hoodie,Clothing,31.61658039,15,07/04/2018,Summer,2018,0,474.2487059,2
T34034,P00038,Winter Jacket,Clothing,89.74122527,7,28/03/2019,Winter,2019,0,628.1885769,1
T54466,P00014,Self-Help Book,Books,83.87486113,16,09/05/2015,Spring,2015,0,1341.997778,4
T61058,P00035,Leather Loafers,Footwear,183.7108739,7,19/11/2023,Summer,2023,10,1285.976117,2
T13291,P00046,Blender,Home Decor,30.03263534,5,30/05/2017,Fall,2017,0,150.1631767,3
T58807,P00030,Microwave Oven,Home Decor,13.60995824,18,16/05/2023,Fall,2023,20,244.9792483,1
T60491,P00040,Dress Shoes,Footwear,177.1845037,11,18/01/2023,Spring,2023,0,1949.029541,1
T83971,P00048,LED Desk Lamp,Home Decor,21.95170435,6,09/01/2019,Summer,2019,0,131.7102261,2
T26872,P00036,Science Textbook,Books,40.84606246,19,17/09/2022,Spring,2022,0,776.0751867,1
T16516,P00011,Hoodie,Clothing,109.3855679,14,11/11/2017,Spring,2017,0,1531.397951,1
T16350,P00028,Mystery Novel,Books,91.33592821,5,21/06/2023,Summer,2023,0,456.6796411,3
T46218,P00028,Dish Drying Rack,Home Decor,17.36409944,12,11/09/2021,Winter,2021,20,208.3691933,3
T48902,P00029,Hiking Boots,Footwear,208.8670879,17,10/05/2018,Spring,2018,10,3550.740494,4
T50631,P00039,Mechanical Keyboard,Electronics,66.69176971,5,06/12/2022,Winter,2022,0,333.4588486,1
T53742,P00026,Hoodie,Clothing,117.0335105,13,10/03/2017,Spring,2017,10,1521.435637,1
T56954,P00021,Hiking Boots,Footwear,171.20718,17,07/02/2021,Spring,2021,0,2910.52206,1
T37184,P00009,Cordless Vacuum,Home Decor,41.73549398,4,31/07/2022,Spring,2022,0,166.9419759,1
T45426,P00041,HD Webcam,Accessories,31.84757842,14,07/03/2020,Summer,2020,0,445.8660979,1
T13741,P00008,Laptop Stand,Accessories,17.67247676,1,20/07/2018,Summer,2018,20,17.67247676,1
T38126,P00011,Travel Guide,Books,58.11514069,14,14/02/2018,Summer,2018,0,813.6119697,2
T55674,P00011,Formal Suit,Clothing,179.3395564,19,22/04/2021,Winter,2021,0,3407.451572,4
T63903,P00046,Leather Loafers,Footwear,166.5547358,4,06/09/2015,Summer,2015,0,666.2189432,2
T98455,P00002,Fitness Tracker,Electronics,36.85914444,12,31/05/2020,Summer,2020,0,442.3097333,2
T38245,P00014,Flip-Flops,Footwear,148.2359865,15,04/10/2021,Winter,2021,0,2223.539798,4
T50192,P00060,Travel Guide,Books,39.21428831,7,12/01/2021,Spring,2021,0,274.5000182,2
T17943,P00056,Laptop Stand,Accessories,19.83395002,13,19/06/2015,Winter,2015,0,257.8413503,3
T14812,P00055,Biography,Books,47.5289743,18,01/07/2023,Summer,2023,0,855.5215374,4
T41904,P00056,Dish Drying Rack,Home Decor,78.78585087,15,07/07/2020,Spring,2020,10,1181.787763,4
T72095,P00049,Denim Jeans,Clothing,88.07037492,14,30/01/2020,Winter,2020,20,1232.985249,1
T74129,P00058,Wireless Keyboard,Accessories,68.51613,8,16/02/2018,Summer,2018,10,548.12904,1
T50908,P00042,Electric Kettle,Home Decor,78.27539356,18,29/11/2015,Winter,2015,20,1408.957084,1
T89259,P00002,Raincoat,Clothing,74.70620204,6,11/10/2019,Winter,2019,0,448.2372122,1
T59110,P00017,Monitor Arm,Electronics,81.77631036,4,23/04/2021,Summer,2021,10,327.1052414,1
T94781,P00020,Laptop Stand,Accessories,40.50331453,8,24/06/2020,Fall,2020,0,324.0265162,1
T63773,P00045,Cookbook,Books,33.04963544,13,11/11/2022,Summer,2022,0,429.6452607,1
T74882,P00051,Sweatpants,Clothing,56.15254104,17,02/07/2015,Spring,2015,30,954.5931977,1
T23957,P00041,Smartphone Case,Accessories,27.99137312,3,03/02/2021,Fall,2021,0,83.97411936,2
T25023,P00016,Travel Guide,Books,89.8758335,16,24/02/2019,Spring,2019,0,1438.013336,2
T52997,P00057,Toaster Oven,Home Decor,30.75836268,12,03/05/2015,Summer,2015,0,369.1003522,2
T58960,P00035,Leather Loafers,Footwear,48.44108189,15,07/05/2015,Spring,2015,0,726.6162284,1
T77274,P00027,Wireless Keyboard,Accessories,38.23902787,4,01/09/2017,Fall,2017,10,152.9561115,4
T69550,P00010,Travel Guide,Books,69.2062515,4,25/05/2018,Summer,2018,30,276.825006,1
T22658,P00030,Wireless Keyboard,Accessories,43.1668083,17,28/01/2015,Fall,2015,0,733.8357411,1
T40603,P00018,Fitness Tracker,Electronics,59.42588853,10,02/12/2019,Winter,2019,0,594.2588853,1
T40635,P00037,Cookbook,Books,76.98744691,5,19/04/2020,Winter,2020,0,384.9372346,1
T39757,P00056,Raincoat,Clothing,90.56852826,14,11/12/2023,Summer,2023,20,1267.959396,1
T71525,P00001,Children's Book,Books,99.97253482,18,19/05/2015,Fall,2015,0,1799.505627,1
T25216,P00040,Hiking Boots,Footwear,294.0182968,7,11/11/2018,Summer,2018,0,2058.128078,1
T46613,P00037,Wireless Earbuds,Electronics,19.98385689,15,20/02/2015,Summer,2015,0,299.7578534,2
T70604,P00042,Gaming Mouse,Accessories,77.57475626,2,06/07/2015,Fall,2015,20,155.1495125,1
T45739,P00045,Laptop Stand,Accessories,73.2078691,5,19/08/2023,Fall,2023,0,366.0393455,1
T61467,P00056,T-Shirt,Clothing,165.0663292,10,11/05/2019,Winter,2019,0,1650.663292,1
T22746,P00053,External Hard Drive,Accessories,40.92313796,12,15/07/2023,Fall,2023,0,491.0776555,1
T75683,P00015,Flip-Flops,Footwear,280.9721048,7,08/12/2022,Winter,2022,10,1966.804734,1
T91694,P00004,Wireless Keyboard,Accessories,20.75332855,6,06/09/2020,Spring,2020,0,124.5199713,3
T13226,P00059,Water Filter Pitcher,Home Decor,37.05074966,1,11/11/2020,Fall,2020,0,37.05074966,2
T88263,P00011,Running Shoes,Footwear,244.2642274,6,30/01/2023,Winter,2023,0,1465.585364,3
T73052,P00003,External Hard Drive,Accessories,70.56840765,11,31/07/2020,Summer,2020,10,776.2524842,1
T12828,P00038,Soundbar,Electronics,49.25878878,11,18/12/2017,Summer,2017,0,541.8466766,1
T69654,P00046,Fitness Tracker,Electronics,15.33455081,8,08/10/2022,Fall,2022,0,122.6764065,3
T23247,P00019,External Hard Drive,Accessories,40.37550206,5,19/03/2021,Winter,2021,10,201.8775103,1
T92889,P00037,Denim Jeans,Clothing,100.103657,8,21/06/2022,Fall,2022,0,800.829256,2
T76661,P00050,USB Flash Drive,Accessories,71.83214543,3,15/04/2015,Winter,2015,10,215.4964363,3
T43014,P00026,Hoodie,Clothing,134.5048117,3,08/08/2023,Summer,2023,0,403.5144351,1
T41629,P00041,Coffee Maker,Home Decor,19.03563271,20,01/10/2022,Spring,2022,10,380.7126542,1
T31072,P00033,Mechanical Keyboard,Electronics,40.27061106,7,09/01/2022,Summer,2022,0,281.8942774,1
T62760,P00020,Hiking Boots,Footwear,157.4339725,19,26/09/2020,Spring,2020,0,2991.245478,4
T13328,P00010,Portable Fan,Home Decor,70.36262145,8,31/10/2023,Spring,2023,0,562.9009716,3
T31680,P00048,Travel Guide,Books,54.59065223,9,04/12/2019,Winter,2019,0,491.3158701,1
T53229,P00040,HD Webcam,Accessories,92.14824088,16,30/03/2015,Spring,2015,0,1474.371854,1
T68472,P00043,Children's Book,Books,64.7805111,2,22/01/2019,Spring,2019,0,129.5610222,2
T13976,P00047,Monitor Arm,Electronics,13.56988687,4,25/05/2019,Spring,2019,0,54.27954748,2
T88709,P00021,Hiking Boots,Footwear,232.2112794,10,26/04/2019,Fall,2019,0,2322.112794,4
T67999,P00014,Digital Camera,Electronics,74.42089267,1,27/07/2015,Winter,2015,10,74.42089267,3
T56893,P00002,Microwave Oven,Home Decor,23.81473016,1,05/10/2021,Spring,2021,30,23.81473016,1
T34219,P00025,HD Webcam,Accessories,15.3017795,18,01/03/2017,Winter,2017,0,275.432031,1
T67974,P00053,Toaster Oven,Home Decor,62.08460699,18,11/08/2022,Summer,2022,0,1117.522926,1
T92168,P00004,Wireless Earbuds,Electronics,67.21649488,9,14/12/2022,Fall,2022,0,604.9484539,2
T64692,P00046,Sweatpants,Clothing,40.03043294,4,28/08/2022,Spring,2022,0,160.1217318,2
T23074,P00003,Sweatpants,Clothing,102.6195744,17,25/10/2021,Summer,2021,20,1744.532765,1
T48928,P00047,Air Fryer,Home Decor,37.52483762,7,28/03/2015,Fall,2015,0,262.6738633,1
T69473,P00060,Fitness Tracker,Electronics,29.72798231,14,17/12/2015,Fall,2015,0,416.1917523,1
T23093,P00046,Raincoat,Clothing,150.6532343,7,20/06/2019,Summer,2019,0,1054.57264,1
T28557,P00039,Raincoat,Clothing,110.854774,13,28/02/2017,Summer,2017,0,1441.112062,1
T84237,P00041,Hiking Boots,Footwear,28.16827831,18,02/04/2017,Winter,2017,0,507.0290096,1
T32779,P00046,Fitness Tracker,Electronics,18.95249349,8,14/05/2017,Spring,2017,0,151.6199479,1
T77436,P00044,Casual Sneakers,Footwear,206.2421039,6,21/12/2019,Fall,2019,0,1237.452623,1
T53719,P00051,Formal Suit,Clothing,16.92903706,7,09/08/2019,Winter,2019,0,118.5032594,1
T44015,P00033,Science Textbook,Books,28.42235466,10,24/12/2018,Winter,2018,20,284.2235466,2
T71396,P00001,Air Fryer,Home Decor,79.86025476,9,27/05/2017,Spring,2017,30,718.7422928,2
T38672,P00042,Cutting Board,Home Decor,34.81953529,3,22/04/2022,Winter,2022,10,104.4586059,1
T47610,P00006,VR Headset,Electronics,54.9355061,4,18/03/2017,Spring,2017,10,219.7420244,1
T37944,P00018,Raincoat,Clothing,72.71974367,7,31/01/2018,Winter,2018,0,509.0382057,4
T69964,P00039,Laptop Stand,Accessories,92.93741708,11,10/03/2015,Summer,2015,20,1022.311588,2
T99410,P00051,Shorts,Clothing,30.44307937,15,10/02/2018,Fall,2018,20,456.6461906,1
T31932,P00003,Portable Fan,Home Decor,13.63023888,15,18/06/2021,Spring,2021,30,204.4535832,1
T58772,P00003,Casual Sneakers,Footwear,96.28775364,9,31/12/2023,Winter,2023,10,866.5897828,1
T19293,P00009,Formal Suit,Clothing,72.18984407,3,15/01/2015,Winter,2015,0,216.5695322,1
T67069,P00047,Smartwatch,Electronics,71.89124871,11,05/10/2020,Spring,2020,30,790.8037358,1
T17316,P00034,Dress Shoes,Footwear,181.5108882,8,09/05/2021,Fall,2021,0,1452.087106,3
T43692,P00025,Laptop Stand,Accessories,43.71216462,3,22/05/2020,Spring,2020,20,131.1364939,1
T38261,P00052,Biography,Books,68.87057358,20,06/10/2015,Spring,2015,0,1377.411472,1
T28537,P00021,Denim Jeans,Clothing,26.74559354,13,31/07/2022,Winter,2022,0,347.692716,3
T26957,P00011,Water Filter Pitcher,Home Decor,86.90545831,10,18/01/2019,Summer,2019,0,869.0545831,1
T77545,P00046,Wireless Keyboard,Accessories,60.75515154,3,23/03/2022,Fall,2022,10,182.2654546,3
T42601,P00001,Denim Jeans,Clothing,135.0826256,2,26/11/2020,Fall,2020,0,270.1652512,3
T10783,P00023,Sweatpants,Clothing,71.83981639,13,03/02/2015,Fall,2015,0,933.9176131,1
T42667,P00050,4K TV,Electronics,43.4759462,5,13/05/2023,Summer,2023,0,217.379731,1
T45269,P00048,Laptop Stand,Accessories,87.1289369,19,06/02/2017,Spring,2017,0,1655.449801,1
T44723,P00027,Toaster Oven,Home Decor,63.31955051,10,14/01/2018,Spring,2018,0,633.1955051,1
T87798,P00050,Digital Camera,Electronics,17.52648969,1,22/04/2023,Spring,2023,0,17.52648969,4
T22713,P00006,VR Headset,Electronics,82.40766398,7,11/06/2017,Summer,2017,0,576.8536479,2
T92975,P00046,Bluetooth Speaker,Electronics,49.97038326,12,08/08/2019,Summer,2019,0,599.6445991,2
T70510,P00012,USB Flash Drive,Accessories,78.85912152,7,04/06/2022,Winter,2022,0,552.0138506,4
T56006,P00046,Air Fryer,Home Decor,11.13578759,1,08/03/2020,Fall,2020,0,11.13578759,3
T86449,P00003,Hiking Boots,Footwear,32.90341667,9,10/08/2015,Fall,2015,20,296.13075,1
T27739,P00057,Coffee Maker,Home Decor,25.37046629,3,13/12/2015,Spring,2015,20,76.11139887,1
T63677,P00017,Travel Guide,Books,28.98249005,13,24/06/2015,Spring,2015,0,376.7723707,2
T76050,P00016,Hiking Boots,Footwear,235.0877708,13,12/03/2020,Winter,2020,30,3056.14102,1
T75685,P00024,Leather Loafers,Footwear,219.3408951,1,31/05/2018,Fall,2018,0,219.3408951,1
T34884,P00035,Cutting Board,Home Decor,65.44793072,6,07/10/2018,Spring,2018,0,392.6875843,2
T29663,P00015,Sweatpants,Clothing,178.6988958,9,23/08/2017,Winter,2017,0,1608.290062,4
T85928,P00014,Wi-Fi Router,Electronics,32.24339053,11,30/07/2023,Summer,2023,0,354.6772958,1
T80399,P00007,Wireless Earbuds,Electronics,91.39644135,6,29/01/2018,Summer,2018,0,548.3786481,2
T18167,P00051,Electric Kettle,Home Decor,91.85239623,6,18/02/2022,Fall,2022,0,551.1143774,1
T15488,P00032,LED Desk Lamp,Home Decor,49.08337842,20,24/03/2022,Summer,2022,0,981.6675684,2
T80711,P00055,Children's Book,Books,40.32358054,1,14/07/2018,Spring,2018,0,40.32358054,1
T56024,P00040,Wireless Keyboard,Accessories,81.54365657,6,28/03/2018,Winter,2018,0,489.2619394,2
T74509,P00027,Travel Guide,Books,24.73212555,10,18/12/2020,Summer,2020,0,247.3212555,1
T63565,P00008,E-Reader,Electronics,58.55636022,3,22/01/2018,Summer,2018,0,175.6690807,1
T97911,P00031,Biography,Books,55.72663573,3,26/02/2022,Summer,2022,0,167.1799072,1
T67716,P00027,Denim Jeans,Clothing,33.55818076,6,03/11/2023,Spring,2023,20,201.3490846,1
T69701,P00020,Microwave Oven,Home Decor,42.69995431,19,21/11/2020,Summer,2020,0,811.2991319,1
T60933,P00039,Soundbar,Electronics,17.62797821,8,11/11/2020,Fall,2020,0,141.0238257,1
T58100,P00012,Flip-Flops,Footwear,152.8035851,12,04/11/2022,Fall,2022,0,1833.643021,2
T71710,P00007,Leather Loafers,Footwear,256.7987536,14,20/07/2021,Winter,2021,0,3595.18255,2
T96680,P00029,Running Shoes,Footwear,99.30630991,15,21/05/2022,Spring,2022,0,1489.594649,1
T83219,P00009,Sweatpants,Clothing,156.4994676,14,28/11/2023,Summer,2023,0,2190.992546,2
T95089,P00034,Raincoat,Clothing,48.93407189,7,25/07/2015,Summer,2015,0,342.5385032,1
T54044,P00005,Dress Shoes,Footwear,210.2771051,3,16/06/2021,Summer,2021,0,630.8313153,1
T32588,P00028,Formal Suit,Clothing,184.374419,6,20/10/2022,Winter,2022,0,1106.246514,1
T67136,P00053,Cookbook,Books,91.03704743,3,12/10/2022,Spring,2022,0,273.1111423,1
T43524,P00059,Hiking Boots,Footwear,163.9907548,1,17/07/2022,Winter,2022,0,163.9907548,4
T23581,P00013,Shorts,Clothing,180.8540235,18,12/04/2015,Fall,2015,0,3255.372423,1
T69927,P00057,External Hard Drive,Accessories,12.88335401,1,08/09/2018,Winter,2018,0,12.88335401,1
T34445,P00038,Mystery Novel,Books,63.98466438,3,27/07/2018,Spring,2018,0,191.9539931,2
T41784,P00022,Bluetooth Speaker,Electronics,81.70756456,6,13/08/2015,Spring,2015,0,490.2453874,2
T27730,P00036,Portable Fan,Home Decor,77.63916767,4,14/06/2017,Fall,2017,20,310.5566707,4
T46622,P00053,Laptop Stand,Accessories,17.1522553,19,09/08/2019,Spring,2019,0,325.8928507,4
T77923,P00058,Fiction Novel,Books,95.52260742,2,06/12/2019,Winter,2019,20,191.0452148,2
T37419,P00038,Travel Guide,Books,73.27571839,5,30/08/2020,Spring,2020,0,366.378592,1
T21286,P00005,Portable Fan,Home Decor,95.42008484,2,18/06/2015,Summer,2015,0,190.8401697,3
T65539,P00005,Soundbar,Electronics,39.61879831,20,22/12/2021,Winter,2021,0,792.3759662,1
T76514,P00012,Self-Help Book,Books,72.45452152,18,08/02/2022,Spring,2022,0,1304.181387,2
T40146,P00044,Air Fryer,Home Decor,87.39448721,14,07/07/2017,Summer,2017,0,1223.522821,2
T75953,P00046,Hoodie,Clothing,85.38588128,9,11/02/2015,Spring,2015,0,768.4729315,2
T59879,P00050,Mystery Novel,Books,96.83739269,4,03/02/2021,Summer,2021,0,387.3495708,1
T85318,P00052,Science Textbook,Books,33.84935121,5,12/06/2021,Winter,2021,0,169.2467561,2
T40638,P00045,Smart Thermostat,Electronics,38.40522634,9,18/11/2018,Winter,2018,10,345.6470371,4
T41882,P00023,Winter Jacket,Clothing,185.2607867,15,09/08/2023,Spring,2023,20,2778.911801,1
T18448,P00038,Gaming Mouse,Accessories,97.26937719,6,09/11/2019,Winter,2019,0,583.6162631,1
T20592,P00060,Fitness Tracker,Electronics,35.66761735,7,01/05/2015,Fall,2015,0,249.6733215,2
T26730,P00039,Water Filter Pitcher,Home Decor,22.27510357,12,01/06/2023,Fall,2023,0,267.3012428,4
T85998,P00007,HD Webcam,Accessories,78.31498687,5,17/07/2015,Summer,2015,0,391.5749344,1
T25166,P00010,Microwave Oven,Home Decor,93.66987397,12,02/07/2021,Summer,2021,0,1124.038488,1
T14825,P00050,Water Filter Pitcher,Home Decor,64.06422793,8,21/12/2015,Summer,2015,30,512.5138234,1
T84522,P00034,E-Reader,Electronics,67.1067059,1,10/04/2020,Fall,2020,0,67.1067059,1
T62462,P00053,Winter Jacket,Clothing,156.1445168,8,01/06/2023,Fall,2023,0,1249.156134,4
T69566,P00044,Mechanical Keyboard,Electronics,23.7776337,18,29/01/2023,Spring,2023,0,427.9974066,2
T30246,P00044,USB Flash Drive,Accessories,97.61220068,6,15/10/2019,Fall,2019,10,585.6732041,2
T37923,P00011,Toaster Oven,Home Decor,42.78964463,7,24/10/2022,Fall,2022,0,299.5275124,1
T41138,P00046,Fiction Novel,Books,66.54163833,2,03/02/2023,Summer,2023,0,133.0832767,2
T12547,P00024,Science Textbook,Books,52.17544184,12,29/05/2017,Summer,2017,30,626.1053021,1
T63828,P00015,Coffee Maker,Home Decor,52.13628818,17,19/09/2023,Summer,2023,0,886.3168991,1
T65231,P00044,4K TV,Electronics,99.5196069,5,29/12/2018,Winter,2018,0,497.5980345,1
T20788,P00008,Microwave Oven,Home Decor,81.46532184,15,20/03/2021,Summer,2021,0,1221.979828,1
T53265,P00033,VR Headset,Electronics,12.48544515,12,05/08/2021,Winter,2021,0,149.8253418,1
T67032,P00052,Smartwatch,Electronics,82.93846322,6,02/12/2020,Fall,2020,20,497.6307793,1
T50347,P00003,Coffee Maker,Home Decor,21.40316605,14,06/09/2022,Winter,2022,0,299.6443247,1
T29012,P00056,Self-Help Book,Books,20.20006769,11,15/04/2017,Fall,2017,0,222.2007446,4
T82471,P00047,Mechanical Keyboard,Electronics,71.18873328,11,25/04/2015,Spring,2015,0,783.0760661,1
T13834,P00030,Wireless Keyboard,Accessories,99.78551524,2,24/09/2020,Spring,2020,0,199.5710305,2
T40649,P00007,Running Shoes,Footwear,208.2036521,10,04/09/2019,Spring,2019,0,2082.036521,3
T94451,P00025,Laptop Stand,Accessories,33.61133351,17,26/12/2015,Spring,2015,0,571.3926697,4
T17127,P00050,Leather Loafers,Footwear,80.90914203,19,20/04/2021,Summer,2021,0,1537.273699,3
T26276,P00038,4K TV,Electronics,57.33613893,3,28/11/2021,Winter,2021,0,172.0084168,1
T76148,P00013,VR Headset,Electronics,15.85353694,13,08/05/2022,Winter,2022,0,206.0959802,1
T58701,P00047,Hoodie,Clothing,88.87620409,12,01/05/2017,Fall,2017,10,1066.514449,1
T69791,P00028,Raincoat,Clothing,138.2534572,18,23/06/2018,Summer,2018,20,2488.56223,1
T46225,P00014,Water Filter Pitcher,Home Decor,48.3088103,19,12/01/2020,Fall,2020,0,917.8673957,3
T82173,P00020,Coffee Maker,Home Decor,28.02015464,19,13/12/2022,Winter,2022,0,532.3829382,1
T57725,P00047,Smart Thermostat,Electronics,76.97795724,15,11/08/2023,Fall,2023,0,1154.669359,4
T92296,P00002,Self-Help Book,Books,87.37334994,11,20/05/2015,Winter,2015,0,961.1068493,2
T75902,P00033,Digital Camera,Electronics,29.32468548,5,19/08/2022,Summer,2022,0,146.6234274,2
T75324,P00026,Shorts,Clothing,89.89395623,4,12/05/2023,Summer,2023,0,359.5758249,2
T94858,P00008,Hiking Boots,Footwear,294.9274704,2,05/06/2017,Winter,2017,20,589.8549408,1
T49479,P00047,Cutting Board,Home Decor,24.22380878,16,21/04/2017,Fall,2017,0,387.5809405,1
T61448,P00040,Science Textbook,Books,70.43057372,7,14/01/2019,Winter,2019,0,493.014016,4
T96957,P00012,Gaming Mouse,Accessories,55.01431057,12,20/07/2021,Winter,2021,0,660.1717268,3
T75997,P00025,Coffee Maker,Home Decor,82.04586812,14,30/03/2023,Summer,2023,20,1148.642154,1
T97171,P00018,External Hard Drive,Accessories,53.97274473,6,21/03/2018,Summer,2018,0,323.8364684,3
T29769,P00007,LED Desk Lamp,Home Decor,82.4933524,9,04/01/2020,Summer,2020,0,742.4401716,1
T72540,P00005,Science Textbook,Books,48.37014149,9,10/10/2018,Summer,2018,0,435.3312734,1
T73919,P00036,Denim Jeans,Clothing,199.880292,5,20/07/2015,Summer,2015,0,999.40146,1
T40970,P00040,Sweatpants,Clothing,95.62822333,17,14/02/2017,Fall,2017,0,1625.679797,1
T51541,P00041,Fiction Novel,Books,23.44415308,13,10/09/2021,Fall,2021,10,304.77399,1
T51798,P00023,Microwave Oven,Home Decor,46.16825641,1,30/08/2019,Winter,2019,10,46.16825641,1
T60185,P00017,Water Filter Pitcher,Home Decor,76.83338662,16,27/05/2023,Winter,2023,10,1229.334186,1
T42179,P00003,Children's Book,Books,86.3143982,3,28/04/2017,Spring,2017,0,258.9431946,1
T62632,P00033,Casual Sneakers,Footwear,188.4811313,12,06/06/2019,Winter,2019,0,2261.773576,2
T19640,P00020,Wi-Fi Router,Electronics,86.0401061,1,15/05/2022,Summer,2022,0,86.0401061,1
T72900,P00026,Sweatpants,Clothing,165.5060433,13,22/09/2017,Spring,2017,0,2151.578563,1
T77834,P00039,Casual Sneakers,Footwear,205.874074,13,17/01/2022,Fall,2022,0,2676.362962,2
T30614,P00024,Electric Kettle,Home Decor,83.35243938,13,02/11/2023,Summer,2023,0,1083.581712,1
T70953,P00041,Hiking Boots,Footwear,183.3754586,4,15/11/2017,Winter,2017,10,733.5018344,1
T27268,P00050,Leather Loafers,Footwear,26.27824645,5,02/09/2021,Summer,2021,0,131.3912323,2
T67507,P00002,Hiking Boots,Footwear,36.34836571,5,19/06/2018,Spring,2018,0,181.7418286,4
T68747,P00037,HD Webcam,Accessories,98.18275593,19,28/04/2021,Winter,2021,0,1865.472363,1
T13076,P00028,Smartwatch,Electronics,46.40647679,9,26/08/2018,Spring,2018,30,417.6582911,1
T61094,P00010,Soundbar,Electronics,94.04301475,17,24/02/2022,Fall,2022,20,1598.731251,1
T47177,P00039,Laptop Stand,Accessories,27.55355363,16,02/02/2019,Spring,2019,0,440.8568581,1
T66691,P00001,Dress Shoes,Footwear,257.0426197,17,06/10/2023,Spring,2023,0,4369.724535,1
T41104,P00051,Winter Jacket,Clothing,166.3795001,19,24/01/2021,Winter,2021,0,3161.210502,1
T42415,P00057,Blender,Home Decor,98.76966891,8,21/04/2017,Fall,2017,0,790.1573513,4
T68370,P00056,Wireless Earbuds,Electronics,35.35136503,7,22/02/2023,Fall,2023,0,247.4595552,2
T39013,P00002,External Hard Drive,Accessories,91.2590201,3,19/08/2018,Winter,2018,0,273.7770603,3
T67619,P00048,T-Shirt,Clothing,58.30462595,11,14/11/2017,Fall,2017,30,641.3508855,1
T27938,P00051,Wireless Keyboard,Accessories,59.31108613,4,28/01/2022,Winter,2022,0,237.2443445,3
T11389,P00018,Electric Kettle,Home Decor,73.66104633,15,10/07/2017,Fall,2017,0,1104.915695,1
T17447,P00054,Digital Camera,Electronics,34.46958207,1,21/06/2022,Summer,2022,0,34.46958207,1
T79954,P00058,Wireless Keyboard,Accessories,94.45716509,6,01/10/2018,Summer,2018,20,566.7429905,3
T81591,P00041,Smartphone Case,Accessories,69.91277933,14,05/10/2021,Spring,2021,10,978.7789106,3
T90237,P00038,Gaming Mouse,Accessories,14.24253774,5,01/01/2018,Fall,2018,10,71.2126887,3
T47735,P00010,Mechanical Keyboard,Electronics,22.21637781,15,02/08/2020,Fall,2020,20,333.2456672,1
T79081,P00010,Cutting Board,Home Decor,27.17034131,20,09/02/2019,Summer,2019,0,543.4068262,4
T16713,P00020,Smartphone Case,Accessories,32.04616276,16,31/05/2022,Spring,2022,0,512.7386042,4
T62032,P00047,Casual Sneakers,Footwear,225.9362768,7,13/02/2020,Fall,2020,0,1581.553938,1
T86345,P00030,Portable Fan,Home Decor,18.00417203,18,28/02/2015,Winter,2015,0,324.0750965,1
T76939,P00018,Flip-Flops,Footwear,275.6304139,15,06/04/2022,Fall,2022,0,4134.456209,4
T21317,P00036,External Hard Drive,Accessories,60.10009177,1,10/11/2017,Spring,2017,20,60.10009177,1
T49378,P00009,4K TV,Electronics,33.89469075,4,08/02/2023,Fall,2023,30,135.578763,1
T92611,P00052,USB Flash Drive,Accessories,96.13506668,20,26/09/2021,Fall,2021,10,1922.701334,1
T75302,P00011,Cutting Board,Home Decor,91.45896591,16,04/05/2018,Fall,2018,0,1463.343455,2
T81273,P00027,Dress Shoes,Footwear,224.5866602,8,10/09/2021,Summer,2021,0,1796.693282,1
T27861,P00045,External Hard Drive,Accessories,76.64689333,17,26/11/2020,Spring,2020,0,1302.997187,4
T98450,P00047,HD Webcam,Accessories,78.84453866,19,17/08/2015,Winter,2015,0,1498.046235,2
T31964,P00007,Sweatpants,Clothing,108.7153227,9,02/03/2018,Spring,2018,10,978.4379043,2
T83930,P00060,Water Filter Pitcher,Home Decor,83.31208534,11,30/04/2017,Summer,2017,0,916.4329387,1
T35999,P00015,Formal Suit,Clothing,169.6957231,13,08/05/2015,Winter,2015,20,2206.0444,1
T14631,P00026,Children's Book,Books,42.44380495,19,27/02/2019,Fall,2019,0,806.4322941,1
T59738,P00033,Leather Loafers,Footwear,135.0947425,6,11/09/2020,Summer,2020,0,810.568455,1
T34426,P00044,Formal Suit,Clothing,179.4199929,12,17/07/2019,Winter,2019,0,2153.039915,1
T96278,P00052,Smartphone Case,Accessories,88.02491463,5,17/12/2018,Winter,2018,0,440.1245732,1
T51850,P00034,Cutting Board,Home Decor,66.40925156,2,10/02/2015,Fall,2015,0,132.8185031,1
T83226,P00026,Laptop Stand,Accessories,63.42109811,13,13/10/2018,Winter,2018,10,824.4742754,1
T70100,P00005,Fitness Tracker,Electronics,12.7882858,18,02/04/2020,Winter,2020,0,230.1891444,1
T13322,P00056,Science Textbook,Books,35.01049581,7,26/05/2020,Winter,2020,0,245.0734707,4
T73395,P00023,Children's Book,Books,55.18518822,11,22/04/2022,Spring,2022,0,607.0370704,1
T76284,P00009,Hiking Boots,Footwear,186.5122223,13,06/04/2022,Fall,2022,0,2424.65889,1
T11362,P00032,Children's Book,Books,66.73910761,9,13/04/2023,Spring,2023,30,600.6519685,2
T75427,P00055,Dish Drying Rack,Home Decor,74.46005425,18,28/06/2015,Summer,2015,0,1340.280977,1
T13278,P00004,Casual Sneakers,Footwear,205.4641939,8,29/04/2020,Winter,2020,30,1643.713551,1
T27092,P00001,Science Textbook,Books,86.37190367,3,10/10/2019,Summer,2019,0,259.115711,1
T87689,P00020,Cutting Board,Home Decor,36.59233086,3,31/12/2018,Winter,2018,30,109.7769926,1
T49555,P00048,Children's Book,Books,67.74129871,18,18/11/2017,Summer,2017,0,1219.343377,1
T82722,P00039,External Hard Drive,Accessories,14.60435628,20,18/08/2019,Winter,2019,0,292.0871256,1
T19823,P00027,HD Webcam,Accessories,53.21710696,6,11/07/2018,Fall,2018,0,319.3026418,3
T57039,P00031,Denim Jeans,Clothing,64.5860987,3,19/10/2019,Fall,2019,0,193.7582961,1
T82944,P00014,Biography,Books,44.27984335,10,01/05/2022,Summer,2022,0,442.7984335,2
T25280,P00057,USB Flash Drive,Accessories,41.91964766,14,02/10/2023,Winter,2023,0,586.8750672,2
T75362,P00050,Water Filter Pitcher,Home Decor,15.43876094,12,21/08/2022,Spring,2022,0,185.2651313,1
T36886,P00058,Bluetooth Speaker,Electronics,51.99812207,19,28/06/2018,Spring,2018,0,987.9643193,1
T17553,P00053,Laptop Stand,Accessories,36.90424512,17,28/05/2019,Spring,2019,10,627.372167,2
T36808,P00037,Gaming Mouse,Accessories,76.25313745,11,20/06/2021,Winter,2021,0,838.784512,2
T46119,P00056,E-Reader,Electronics,59.30095014,7,29/10/2022,Winter,2022,0,415.106651,2
T40256,P00010,Smart Thermostat,Electronics,39.27027705,14,20/06/2021,Summer,2021,0,549.7838787,1
T41274,P00058,Gaming Mouse,Accessories,18.06463544,9,19/11/2015,Summer,2015,10,162.581719,4
T58024,P00046,Formal Suit,Clothing,54.93371164,6,08/02/2022,Fall,2022,0,329.6022698,1
T57360,P00001,Mechanical Keyboard,Electronics,80.36681855,3,05/10/2023,Spring,2023,0,241.1004557,1
T44290,P00036,Raincoat,Clothing,66.61873282,11,19/01/2018,Summer,2018,30,732.806061,1
T84286,P00060,Denim Jeans,Clothing,41.69595925,12,22/03/2019,Spring,2019,10,500.351511,1
T67567,P00043,Wireless Keyboard,Accessories,39.81685064,12,06/05/2019,Winter,2019,0,477.8022077,1
T56777,P00047,Formal Suit,Clothing,123.0479462,3,21/08/2017,Summer,2017,0,369.1438386,2
T36173,P00044,Children's Book,Books,73.31168479,12,23/11/2023,Fall,2023,10,879.7402175,3
T68935,P00019,Children's Book,Books,44.86283533,4,13/12/2022,Winter,2022,0,179.4513413,3
T61977,P00011,Fiction Novel,Books,54.83324414,13,17/04/2018,Summer,2018,0,712.8321738,1
T31149,P00010,VR Headset,Electronics,50.94250228,9,28/12/2021,Summer,2021,0,458.4825205,2
T40250,P00035,Formal Suit,Clothing,16.66561974,17,24/01/2022,Spring,2022,10,283.3155356,1
T91250,P00022,Self-Help Book,Books,45.60404274,16,17/01/2018,Spring,2018,0,729.6646838,1
T12782,P00021,HD Webcam,Accessories,62.85878292,15,22/11/2022,Fall,2022,10,942.8817438,1
T55291,P00057,Winter Jacket,Clothing,120.4397725,14,24/08/2022,Spring,2022,0,1686.156815,1
T81638,P00046,Wireless Earbuds,Electronics,77.47908025,11,08/05/2022,Spring,2022,0,852.2698828,1
T66123,P00027,Hiking Boots,Footwear,209.3533754,2,24/06/2021,Winter,2021,0,418.7067508,1
T29707,P00042,Cordless Vacuum,Home Decor,34.91261174,13,26/07/2018,Summer,2018,0,453.8639526,1
T41750,P00008,Cutting Board,Home Decor,33.00793044,10,25/12/2018,Spring,2018,30,330.0793044,4
T42861,P00016,Hoodie,Clothing,100.8662326,10,21/06/2017,Winter,2017,20,1008.662326,1
T10778,P00009,Laptop Stand,Accessories,75.96727009,8,01/05/2015,Spring,2015,0,607.7381607,4
T44051,P00053,Water Filter Pitcher,Home Decor,18.44445759,19,17/01/2021,Fall,2021,0,350.4446942,2
T98012,P00038,Laptop Stand,Accessories,95.34939247,5,18/03/2022,Summer,2022,0,476.7469624,1
T95915,P00026,Denim Jeans,Clothing,115.4833279,7,10/12/2015,Fall,2015,0,808.3832953,2
T63415,P00016,USB Flash Drive,Accessories,37.57675554,19,28/11/2015,Spring,2015,0,713.9583553,1
T59303,P00022,Cookbook,Books,72.40521078,16,12/07/2021,Winter,2021,0,1158.483372,3
T32237,P00052,Cordless Vacuum,Home Decor,53.59572242,18,08/08/2023,Summer,2023,10,964.7230036,4
T98053,P00033,Denim Jeans,Clothing,44.96542771,14,18/05/2017,Winter,2017,0,629.5159879,3
T13520,P00002,T-Shirt,Clothing,169.9167459,11,11/09/2021,Winter,2021,10,1869.084205,2
T54927,P00041,USB Flash Drive,Accessories,81.71309068,11,26/01/2019,Summer,2019,0,898.8439975,1
T58524,P00007,Electric Kettle,Home Decor,23.7459155,14,20/12/2020,Spring,2020,0,332.442817,1
T72728,P00051,Running Shoes,Footwear,52.61812807,4,14/06/2021,Spring,2021,0,210.4725123,1
T48534,P00007,T-Shirt,Clothing,171.99262,13,29/01/2018,Spring,2018,0,2235.90406,1
T68685,P00006,Wireless Earbuds,Electronics,39.09880934,6,08/05/2017,Fall,2017,0,234.592856,3
T80085,P00036,Flip-Flops,Footwear,145.8119847,19,05/10/2023,Fall,2023,10,2770.427709,1
T78724,P00031,Laptop Stand,Accessories,39.1484755,9,16/02/2020,Winter,2020,10,352.3362795,4
T25792,P00030,Formal Suit,Clothing,72.35481305,3,13/07/2021,Fall,2021,0,217.0644392,3
T48682,P00012,Biography,Books,77.25720284,14,14/05/2023,Fall,2023,20,1081.60084,1
T25162,P00022,Portable Fan,Home Decor,77.28096108,6,06/09/2017,Spring,2017,0,463.6857665,4
T20946,P00038,Portable Fan,Home Decor,56.60093534,3,01/02/2015,Fall,2015,0,169.802806,1
T27077,P00058,Portable Fan,Home Decor,69.18552544,9,01/10/2018,Fall,2018,0,622.669729,3
T44231,P00019,Cutting Board,Home Decor,56.04968776,19,05/03/2020,Fall,2020,0,1064.944067,1
T66474,P00016,Flip-Flops,Footwear,32.86203273,9,30/11/2019,Spring,2019,0,295.7582946,1
T48000,P00001,Hiking Boots,Footwear,43.15176911,7,24/02/2017,Winter,2017,0,302.0623838,1
T91276,P00004,Digital Camera,Electronics,44.53665126,9,05/07/2017,Fall,2017,0,400.8298613,1
T23659,P00003,Mystery Novel,Books,77.47717228,1,14/10/2021,Spring,2021,10,77.47717228,1
T49647,P00025,Formal Suit,Clothing,183.9468522,3,07/07/2019,Spring,2019,0,551.8405566,1
T98386,P00021,Wi-Fi Router,Electronics,12.67374748,17,16/04/2017,Spring,2017,0,215.4537072,1
T52861,P00023,Bluetooth Speaker,Electronics,43.12270474,20,15/12/2015,Spring,2015,0,862.4540948,4
T39447,P00050,Raincoat,Clothing,165.812977,11,24/06/2018,Summer,2018,0,1823.942747,1
T72258,P00044,Hoodie,Clothing,171.5041068,19,04/11/2021,Summer,2021,10,3258.578029,2
T55285,P00030,4K TV,Electronics,73.97445281,4,17/02/2019,Winter,2019,0,295.8978112,4
T67446,P00025,Dish Drying Rack,Home Decor,75.85804336,19,16/04/2015,Winter,2015,0,1441.302824,1
T58614,P00046,Laptop Stand,Accessories,49.03263253,3,30/01/2019,Fall,2019,0,147.0978976,1
T15000,P00023,Laptop Stand,Accessories,65.83040249,8,09/03/2018,Fall,2018,0,526.6432199,1
T54926,P00011,Flip-Flops,Footwear,32.16831691,2,16/10/2021,Fall,2021,20,64.33663382,3
T40516,P00060,Wireless Keyboard,Accessories,46.41326497,9,23/02/2018,Fall,2018,0,417.7193847,1
T35473,P00018,Leather Loafers,Footwear,67.61351406,16,04/03/2019,Winter,2019,0,1081.816225,4
T76622,P00027,Science Textbook,Books,58.7706851,11,21/07/2015,Winter,2015,0,646.4775361,1
T78591,P00055,Sweatpants,Clothing,170.9397529,13,20/11/2022,Winter,2022,0,2222.216788,4
T51258,P00018,HD Webcam,Accessories,57.22785448,7,25/02/2018,Spring,2018,0,400.5949814,1
T94268,P00032,Mystery Novel,Books,13.23852366,4,31/01/2020,Spring,2020,20,52.95409464,3
T17109,P00019,Fitness Tracker,Electronics,64.49528313,17,15/11/2019,Spring,2019,0,1096.419813,4
T17212,P00005,Gaming Mouse,Accessories,39.51834027,13,31/08/2017,Fall,2017,0,513.7384235,1
T83323,P00028,E-Reader,Electronics,61.53998531,5,10/11/2021,Winter,2021,0,307.6999266,1
T77850,P00012,Cookbook,Books,24.7273398,9,04/04/2021,Fall,2021,0,222.5460582,2
T24061,P00037,Children's Book,Books,79.91761176,16,06/05/2021,Summer,2021,0,1278.681788,1
T67128,P00041,Wireless Earbuds,Electronics,87.46477352,11,12/07/2023,Fall,2023,0,962.1125087,1
T16941,P00037,Biography,Books,90.03030419,6,14/01/2017,Spring,2017,0,540.1818251,1
T93849,P00028,Coffee Maker,Home Decor,37.36671299,6,23/10/2023,Fall,2023,10,224.2002779,1
T84698,P00004,4K TV,Electronics,69.46618309,5,13/07/2015,Fall,2015,0,347.3309155,1
T12645,P00003,E-Reader,Electronics,35.11381484,17,09/12/2021,Summer,2021,0,596.9348523,1
T47796,P00007,Flip-Flops,Footwear,234.7581257,12,07/11/2019,Fall,2019,0,2817.097508,1
T74268,P00002,Toaster Oven,Home Decor,20.8472502,14,17/02/2015,Spring,2015,0,291.8615028,1
T78930,P00039,Raincoat,Clothing,156.1114901,17,07/03/2021,Winter,2021,0,2653.895332,1
T79501,P00002,Coffee Maker,Home Decor,86.99945414,5,02/09/2018,Winter,2018,0,434.9972707,1
T52310,P00039,4K TV,Electronics,76.5037774,4,06/05/2019,Winter,2019,0,306.0151096,4
T21058,P00007,Cookbook,Books,91.31852668,1,01/10/2018,Summer,2018,0,91.31852668,4
T25786,P00020,Leather Loafers,Footwear,102.9177133,16,04/07/2015,Fall,2015,10,1646.683413,3
T44081,P00048,Cordless Vacuum,Home Decor,97.02897683,18,02/08/2022,Spring,2022,0,1746.521583,1
T61303,P00051,Smartphone Case,Accessories,79.04830456,14,12/04/2023,Winter,2023,0,1106.676264,2
T68841,P00018,Cookbook,Books,99.16073661,6,16/03/2022,Fall,2022,0,594.9644197,1
T46920,P00053,Hiking Boots,Footwear,39.82376951,3,29/01/2019,Fall,2019,0,119.4713085,2
T35210,P00040,Dress Shoes,Footwear,278.6186678,7,30/08/2023,Summer,2023,10,1950.330675,1
T24826,P00047,T-Shirt,Clothing,20.32260117,1,10/06/2015,Fall,2015,0,20.32260117,1
T50251,P00006,Cutting Board,Home Decor,10.00083664,6,09/09/2022,Spring,2022,0,60.00501984,2
T95619,P00056,Science Textbook,Books,33.06183663,20,19/04/2015,Spring,2015,0,661.2367326,1
T34564,P00035,External Hard Drive,Accessories,86.7500809,14,04/06/2022,Summer,2022,0,1214.501133,1
T41484,P00025,HD Webcam,Accessories,79.04377919,18,11/05/2023,Fall,2023,0,1422.788025,1
T51725,P00017,Water Filter Pitcher,Home Decor,10.18101379,11,30/09/2023,Fall,2023,0,111.9911517,1
T95096,P00034,Wireless Earbuds,Electronics,59.92351669,3,13/03/2015,Fall,2015,10,179.7705501,4
T10188,P00019,Fiction Novel,Books,77.10480356,12,19/09/2023,Spring,2023,10,925.2576427,1
T74108,P00024,Microwave Oven,Home Decor,50.17146979,17,30/03/2015,Winter,2015,0,852.9149864,1
T85144,P00013,Coffee Maker,Home Decor,86.70779469,3,30/01/2022,Winter,2022,0,260.1233841,2
T49294,P00020,Science Textbook,Books,58.21838196,11,26/04/2022,Summer,2022,0,640.4022016,2
T85456,P00045,Science Textbook,Books,40.23599867,4,05/06/2021,Spring,2021,0,160.9439947,2
T11297,P00010,Cutting Board,Home Decor,33.86685158,6,16/01/2017,Fall,2017,0,203.2011095,3
T82144,P00053,Coffee Maker,Home Decor,90.23669345,5,30/11/2021,Winter,2021,0,451.1834673,2
T56468,P00056,Casual Sneakers,Footwear,44.64260285,8,26/04/2022,Winter,2022,0,357.1408228,1
T46091,P00055,Dish Drying Rack,Home Decor,85.1921777,12,19/12/2019,Summer,2019,0,1022.306132,2
T25697,P00030,Children's Book,Books,18.24001545,11,17/03/2022,Fall,2022,0,200.64017,1
T93983,P00032,Wi-Fi Router,Electronics,15.05232824,5,11/09/2020,Spring,2020,10,75.2616412,2
T86333,P00042,Toaster Oven,Home Decor,42.69312436,18,01/05/2018,Summer,2018,0,768.4762385,3
T56869,P00021,Winter Jacket,Clothing,191.9616306,3,01/10/2019,Winter,2019,10,575.8848918,2
T85737,P00019,Formal Suit,Clothing,196.94492,1,08/12/2018,Fall,2018,20,196.94492,3
T88979,P00028,Cordless Vacuum,Home Decor,28.18634509,12,14/07/2019,Spring,2019,10,338.2361411,1
T59804,P00001,Flip-Flops,Footwear,65.87532781,3,03/02/2020,Spring,2020,0,197.6259834,1
T26516,P00055,E-Reader,Electronics,40.33781568,19,24/08/2019,Fall,2019,0,766.4184979,4
T80503,P00027,Travel Guide,Books,78.36335945,14,29/08/2023,Summer,2023,0,1097.087032,3
T59538,P00060,Self-Help Book,Books,49.95991187,13,29/08/2019,Winter,2019,0,649.4788543,2
T69490,P00026,Mechanical Keyboard,Electronics,80.18952272,12,11/09/2018,Fall,2018,0,962.2742726,2
T93150,P00048,Smartphone Case,Accessories,77.38417873,4,23/06/2021,Spring,2021,0,309.5367149,2
T58834,P00059,Cutting Board,Home Decor,85.01608898,7,20/05/2017,Spring,2017,0,595.1126229,3
T62907,P00018,Winter Jacket,Clothing,51.19483311,19,26/03/2020,Winter,2020,20,972.7018291,2
T47057,P00009,Cutting Board,Home Decor,24.56294461,5,12/01/2017,Spring,2017,0,122.8147231,2
T11452,P00014,Fitness Tracker,Electronics,77.55852327,10,13/04/2020,Fall,2020,0,775.5852327,1
T52739,P00023,Denim Jeans,Clothing,15.51696101,16,05/12/2019,Fall,2019,0,248.2713762,1
T82997,P00041,Running Shoes,Footwear,275.7890464,19,05/04/2019,Spring,2019,20,5239.991882,1
T83277,P00041,Smartphone Case,Accessories,66.06433522,12,01/11/2015,Summer,2015,0,792.7720226,3
T43374,P00056,External Hard Drive,Accessories,50.04439282,7,03/10/2021,Summer,2021,0,350.3107497,1
T69625,P00001,Blender,Home Decor,75.3162859,17,27/05/2015,Fall,2015,0,1280.37686,4
T27086,P00055,Raincoat,Clothing,76.66637063,6,21/11/2015,Spring,2015,20,459.9982238,1
T39527,P00034,Portable Fan,Home Decor,95.82994514,4,26/10/2021,Summer,2021,0,383.3197806,1
T94530,P00031,Biography,Books,16.17582601,14,28/03/2017,Summer,2017,10,226.4615641,1
T62958,P00033,Wireless Keyboard,Accessories,67.68533716,13,19/04/2021,Winter,2021,0,879.9093831,1
T26065,P00001,Bluetooth Speaker,Electronics,79.95605346,18,30/04/2015,Spring,2015,0,1439.208962,1
T26685,P00008,USB Flash Drive,Accessories,52.22133171,19,08/06/2023,Spring,2023,0,992.2053025,1
T75767,P00001,HD Webcam,Accessories,77.94715196,17,11/06/2017,Summer,2017,20,1325.101583,1
T87152,P00035,Soundbar,Electronics,93.42193581,2,29/08/2015,Spring,2015,0,186.8438716,1
T77883,P00019,4K TV,Electronics,76.95945106,13,01/04/2017,Spring,2017,0,1000.472864,1
T65478,P00034,Hiking Boots,Footwear,110.0758885,16,01/12/2017,Summer,2017,0,1761.214216,2
T33647,P00033,Hoodie,Clothing,118.9415793,20,05/05/2017,Winter,2017,0,2378.831586,1
T54981,P00018,USB Flash Drive,Accessories,92.04431661,8,13/05/2018,Fall,2018,0,736.3545329,2
T70232,P00049,Electric Kettle,Home Decor,50.41879529,4,25/04/2022,Summer,2022,30,201.6751812,2
T82122,P00054,Running Shoes,Footwear,212.4670861,17,19/11/2015,Spring,2015,0,3611.940464,1
T71053,P00036,Laptop Stand,Accessories,51.89632526,7,01/05/2022,Summer,2022,0,363.2742768,4
T88128,P00047,Portable Fan,Home Decor,20.92097412,12,21/06/2015,Winter,2015,10,251.0516894,2
T25718,P00030,LED Desk Lamp,Home Decor,15.27378723,8,10/06/2015,Spring,2015,0,122.1902978,2
T82718,P00041,Smartwatch,Electronics,95.70465637,8,11/06/2015,Winter,2015,0,765.637251,1
T63043,P00014,Mystery Novel,Books,65.12875961,15,26/05/2021,Fall,2021,0,976.9313942,2
T80400,P00025,Hoodie,Clothing,173.6261333,14,28/12/2023,Spring,2023,0,2430.765866,1
T50621,P00008,Biography,Books,57.04238229,1,04/04/2021,Winter,2021,0,57.04238229,1
T14029,P00021,Science Textbook,Books,79.4738901,7,02/01/2019,Winter,2019,0,556.3172307,1
T86015,P00027,Flip-Flops,Footwear,59.8579538,7,19/07/2017,Fall,2017,0,419.0056766,2
T48994,P00046,Biography,Books,91.62193886,15,18/08/2018,Spring,2018,20,1374.329083,1
T85723,P00055,LED Desk Lamp,Home Decor,63.14818957,7,05/02/2021,Summer,2021,10,442.037327,2
T99417,P00005,Soundbar,Electronics,76.44346127,13,11/08/2020,Spring,2020,10,993.7649965,1
T72765,P00054,Formal Suit,Clothing,20.80524228,14,26/03/2019,Fall,2019,10,291.2733919,3
T29436,P00036,Dish Drying Rack,Home Decor,38.37744102,13,11/08/2017,Summer,2017,0,498.9067333,1
T85766,P00024,Fiction Novel,Books,34.0700873,12,02/03/2017,Winter,2017,10,408.8410476,1
T18305,P00048,Formal Suit,Clothing,49.28763524,8,20/01/2022,Winter,2022,0,394.3010819,1
T28440,P00052,VR Headset,Electronics,13.8478184,2,27/02/2022,Summer,2022,0,27.6956368,1
T27762,P00018,Shorts,Clothing,77.64051054,17,19/08/2015,Fall,2015,20,1319.888679,4
T84912,P00028,Raincoat,Clothing,161.9835819,7,14/11/2022,Spring,2022,0,1133.885073,3
T41250,P00032,Gaming Mouse,Accessories,81.09789221,12,15/01/2022,Summer,2022,10,973.1747065,1
T50761,P00037,Running Shoes,Footwear,286.965512,19,27/01/2015,Spring,2015,0,5452.344728,1
T75111,P00031,Wireless Keyboard,Accessories,92.50907524,6,28/10/2019,Spring,2019,0,555.0544514,1
T55550,P00026,Wi-Fi Router,Electronics,17.33631355,15,11/09/2023,Fall,2023,0,260.0447033,2
T21431,P00056,USB Flash Drive,Accessories,84.68809499,2,02/11/2019,Spring,2019,0,169.37619,1
T18986,P00001,Casual Sneakers,Footwear,263.118675,18,07/07/2019,Winter,2019,20,4736.13615,1
T71706,P00037,4K TV,Electronics,18.03576264,11,17/12/2020,Winter,2020,10,198.393389,2
T80070,P00024,Laptop Stand,Accessories,84.04921914,13,21/07/2023,Winter,2023,0,1092.639849,1
T72129,P00055,Leather Loafers,Footwear,68.90169273,18,29/04/2018,Spring,2018,20,1240.230469,3
T19767,P00031,Laptop Stand,Accessories,40.04574671,14,30/12/2017,Summer,2017,0,560.6404539,1
T41030,P00038,HD Webcam,Accessories,21.13552794,12,09/09/2020,Winter,2020,0,253.6263353,1
T21712,P00058,Electric Kettle,Home Decor,50.11532969,13,30/04/2020,Fall,2020,0,651.499286,1
T40035,P00022,Casual Sneakers,Footwear,250.0430423,16,06/05/2017,Winter,2017,0,4000.688677,1
T54266,P00034,Leather Loafers,Footwear,237.7591871,20,02/02/2023,Summer,2023,0,4755.183742,1
T84874,P00035,Dress Shoes,Footwear,89.70688449,16,06/02/2017,Fall,2017,0,1435.310152,1
T26743,P00015,Dress Shoes,Footwear,66.71487349,14,16/01/2023,Winter,2023,0,934.0082289,1
T62720,P00041,Dress Shoes,Footwear,132.0474523,3,16/06/2018,Summer,2018,0,396.1423569,1
T45381,P00035,4K TV,Electronics,89.49415125,16,22/07/2018,Spring,2018,0,1431.90642,4
T23278,P00022,Raincoat,Clothing,31.91363872,15,21/06/2020,Spring,2020,0,478.7045808,1
T98245,P00025,Formal Suit,Clothing,115.4390919,16,22/03/2022,Winter,2022,0,1847.02547,2
T93206,P00017,External Hard Drive,Accessories,52.3190909,18,18/11/2018,Summer,2018,0,941.7436362,1
T62813,P00052,Smartphone Case,Accessories,21.41123609,2,14/05/2021,Winter,2021,0,42.82247218,1
T10374,P00025,USB Flash Drive,Accessories,17.23032415,5,08/08/2020,Fall,2020,20,86.15162075,1
T54356,P00037,4K TV,Electronics,27.17643998,13,30/11/2021,Summer,2021,20,353.2937197,1
T77822,P00042,Sweatpants,Clothing,62.22236358,14,01/10/2019,Fall,2019,0,871.1130901,1
T62508,P00053,Winter Jacket,Clothing,66.10909514,7,07/06/2017,Fall,2017,10,462.763666,2
T62390,P00051,Hiking Boots,Footwear,202.4486855,14,26/10/2015,Fall,2015,10,2834.281597,1
T71230,P00049,Shorts,Clothing,25.17164699,8,13/02/2020,Winter,2020,30,201.3731759,1
T88122,P00026,Leather Loafers,Footwear,47.22249147,1,08/02/2020,Fall,2020,0,47.22249147,1
T82188,P00053,Denim Jeans,Clothing,49.91063987,4,01/12/2022,Spring,2022,0,199.6425595,1
T16446,P00051,Wi-Fi Router,Electronics,88.48567623,18,30/08/2015,Fall,2015,0,1592.742172,2
T28932,P00009,Wi-Fi Router,Electronics,66.57444335,5,25/08/2021,Winter,2021,0,332.8722168,1
T54413,P00047,Raincoat,Clothing,150.1183869,3,29/12/2021,Summer,2021,0,450.3551607,1
T42129,P00029,Laptop Stand,Accessories,43.332594,14,05/10/2021,Fall,2021,0,606.656316,1
T47060,P00040,Sweatpants,Clothing,22.02285178,16,31/12/2023,Spring,2023,30,352.3656285,2
T34984,P00036,Children's Book,Books,53.9682058,17,03/05/2021,Summer,2021,0,917.4594986,2
T11766,P00009,Dress Shoes,Footwear,182.9272652,17,04/11/2020,Summer,2020,0,3109.763508,1
T82823,P00013,Dish Drying Rack,Home Decor,89.38836809,10,13/11/2015,Winter,2015,10,893.8836809,2
T32705,P00039,Cordless Vacuum,Home Decor,48.22166426,13,21/11/2023,Summer,2023,0,626.8816354,1
T14695,P00033,Sweatpants,Clothing,93.36191687,7,25/06/2018,Spring,2018,0,653.5334181,1
T90809,P00006,Air Fryer,Home Decor,24.5010607,1,27/01/2022,Winter,2022,0,24.5010607,2
T65830,P00048,Casual Sneakers,Footwear,95.79847166,10,28/07/2023,Fall,2023,0,957.9847166,1
T99124,P00013,Cookbook,Books,93.30972187,1,12/11/2018,Winter,2018,0,93.30972187,1
T26761,P00004,USB Flash Drive,Accessories,97.18295921,16,27/11/2021,Spring,2021,10,1554.927347,2
T27806,P00059,Blender,Home Decor,55.42646952,4,18/05/2017,Fall,2017,30,221.7058781,1
T92881,P00017,Self-Help Book,Books,51.09460973,6,03/11/2015,Spring,2015,20,306.5676584,4
T85178,P00057,HD Webcam,Accessories,25.71745426,20,18/08/2018,Fall,2018,20,514.3490852,2
T79224,P00013,Running Shoes,Footwear,206.9238439,8,08/08/2015,Summer,2015,0,1655.390751,1
T15926,P00019,T-Shirt,Clothing,100.0714209,16,17/04/2017,Fall,2017,0,1601.142734,1
T34238,P00007,Gaming Mouse,Accessories,43.35967611,9,12/12/2022,Summer,2022,10,390.237085,1
T87059,P00039,Raincoat,Clothing,63.93550044,17,20/10/2023,Spring,2023,20,1086.903507,1
T76978,P00049,Cookbook,Books,15.98381227,14,09/11/2017,Spring,2017,0,223.7733718,3
T10573,P00026,HD Webcam,Accessories,56.73953049,1,16/04/2015,Fall,2015,0,56.73953049,1
T17226,P00031,Digital Camera,Electronics,38.16174998,6,21/07/2021,Spring,2021,0,228.9704999,1
T36481,P00015,Air Fryer,Home Decor,73.70786827,11,03/03/2021,Winter,2021,0,810.786551,2
T38368,P00050,Coffee Maker,Home Decor,75.11701211,19,22/01/2021,Summer,2021,0,1427.22323,1
T40746,P00024,Raincoat,Clothing,76.43979713,2,25/12/2021,Fall,2021,0,152.8795943,2
T86719,P00044,External Hard Drive,Accessories,70.22086152,12,19/10/2019,Winter,2019,0,842.6503382,2
T60330,P00020,Mechanical Keyboard,Electronics,33.28077163,6,05/02/2020,Summer,2020,0,199.6846298,1
T77142,P00014,Raincoat,Clothing,149.5271394,18,27/11/2015,Winter,2015,20,2691.488509,1
T10649,P00035,Digital Camera,Electronics,23.64478903,8,23/04/2022,Winter,2022,0,189.1583122,2
T12696,P00025,Coffee Maker,Home Decor,32.05077957,4,06/08/2017,Winter,2017,0,128.2031183,1
T84557,P00059,T-Shirt,Clothing,157.9930651,1,24/01/2017,Spring,2017,20,157.9930651,1
T24847,P00008,HD Webcam,Accessories,15.97386278,13,24/06/2021,Fall,2021,0,207.6602161,1
T45493,P00052,Flip-Flops,Footwear,27.52312339,20,12/06/2015,Spring,2015,30,550.4624678,1
T36239,P00059,Smart Thermostat,Electronics,78.59088778,10,20/05/2023,Summer,2023,20,785.9088778,1
T78641,P00034,Raincoat,Clothing,118.6194527,15,05/10/2017,Spring,2017,0,1779.291791,1
T79283,P00010,Cookbook,Books,91.06114483,4,01/01/2017,Fall,2017,0,364.2445793,4
T42247,P00030,Hiking Boots,Footwear,33.53353395,1,08/05/2017,Spring,2017,0,33.53353395,2
T27844,P00046,Self-Help Book,Books,34.42516154,9,30/05/2018,Spring,2018,0,309.8264539,1
T73774,P00029,Formal Suit,Clothing,139.9026426,10,21/12/2021,Summer,2021,0,1399.026426,1
T63182,P00035,Sweatpants,Clothing,59.96562651,18,20/07/2017,Fall,2017,0,1079.381277,1
T67607,P00034,LED Desk Lamp,Home Decor,63.61189615,9,29/01/2019,Spring,2019,0,572.5070654,4
T90988,P00060,E-Reader,Electronics,81.43818878,7,28/05/2019,Winter,2019,0,570.0673215,1
T37418,P00029,Science Textbook,Books,13.0042633,18,29/01/2017,Spring,2017,0,234.0767394,4
T14605,P00040,Shorts,Clothing,147.7612534,8,09/12/2022,Fall,2022,0,1182.090027,1
T52682,P00045,Cutting Board,Home Decor,32.68873586,6,04/06/2018,Winter,2018,0,196.1324152,2
T86868,P00020,E-Reader,Electronics,95.30661597,2,04/08/2021,Summer,2021,0,190.6132319,1
T49763,P00031,Raincoat,Clothing,114.570741,16,22/07/2021,Summer,2021,0,1833.131856,1
T77822,P00049,Winter Jacket,Clothing,21.17644379,17,10/09/2020,Summer,2020,20,359.9995444,1
T34037,P00011,Hoodie,Clothing,89.63466447,1,09/09/2018,Winter,2018,0,89.63466447,3
T72126,P00053,Flip-Flops,Footwear,290.735761,7,21/08/2018,Fall,2018,0,2035.150327,2
T50539,P00015,Dress Shoes,Footwear,225.8525731,15,05/12/2017,Winter,2017,0,3387.788597,3
T42065,P00034,Water Filter Pitcher,Home Decor,61.77405649,8,02/09/2019,Summer,2019,20,494.1924519,3
T92712,P00007,Smartwatch,Electronics,63.91912201,18,16/05/2017,Winter,2017,20,1150.544196,1
T84740,P00037,Cookbook,Books,12.10133447,8,04/08/2021,Fall,2021,0,96.81067576,1
T74214,P00041,Shorts,Clothing,48.08417183,4,07/07/2018,Fall,2018,0,192.3366873,2
T65973,P00004,Formal Suit,Clothing,117.0787336,1,01/09/2020,Winter,2020,0,117.0787336,2
T12068,P00019,Wireless Earbuds,Electronics,46.24773026,7,24/02/2021,Summer,2021,0,323.7341118,2
T94780,P00040,LED Desk Lamp,Home Decor,27.10340331,8,11/09/2019,Summer,2019,20,216.8272265,1
T67908,P00042,Leather Loafers,Footwear,237.4839021,19,10/12/2022,Winter,2022,0,4512.19414,1
T39918,P00016,HD Webcam,Accessories,54.00953926,5,17/08/2023,Fall,2023,10,270.0476963,4
T87722,P00052,VR Headset,Electronics,37.89758281,8,15/07/2021,Spring,2021,0,303.1806625,1
T95340,P00049,Running Shoes,Footwear,69.46127026,1,06/09/2022,Spring,2022,10,69.46127026,1
T87225,P00002,Raincoat,Clothing,138.258341,18,28/08/2023,Summer,2023,0,2488.650138,4
T13011,P00010,Dress Shoes,Footwear,209.1392346,5,18/08/2023,Summer,2023,0,1045.696173,1
T16945,P00049,Science Textbook,Books,29.82586243,9,05/06/2023,Summer,2023,0,268.4327619,3
T49429,P00023,E-Reader,Electronics,63.58045665,3,31/10/2021,Spring,2021,0,190.74137,4
T42631,P00021,Formal Suit,Clothing,182.500196,9,23/10/2019,Spring,2019,20,1642.501764,4
T43513,P00040,Dress Shoes,Footwear,122.1265902,3,02/12/2015,Summer,2015,0,366.3797706,4
T73278,P00032,Air Fryer,Home Decor,28.96902394,11,16/05/2020,Summer,2020,0,318.6592633,1
T94710,P00032,Formal Suit,Clothing,157.8476605,15,12/09/2017,Fall,2017,0,2367.714908,1
T36262,P00030,LED Desk Lamp,Home Decor,25.91946461,11,11/12/2017,Summer,2017,0,285.1141107,1
T59370,P00060,Self-Help Book,Books,32.83738484,5,12/08/2023,Summer,2023,10,164.1869242,1
T83587,P00023,Wi-Fi Router,Electronics,19.05799549,7,19/09/2021,Fall,2021,10,133.4059684,1
T61173,P00050,Digital Camera,Electronics,34.10868845,13,12/06/2015,Summer,2015,10,443.4129499,1
T56759,P00011,Wireless Keyboard,Accessories,46.93015596,12,10/10/2020,Winter,2020,20,563.1618715,1
T18707,P00044,Cutting Board,Home Decor,15.77420757,3,04/09/2022,Winter,2022,10,47.32262271,1
T33432,P00034,External Hard Drive,Accessories,88.45380198,17,21/06/2020,Summer,2020,0,1503.714634,1
T49396,P00023,Wireless Keyboard,Accessories,56.2307313,10,05/07/2023,Fall,2023,10,562.307313,3
T88043,P00028,Wi-Fi Router,Electronics,62.92932687,4,24/04/2023,Fall,2023,0,251.7173075,1
T51954,P00017,Smartphone Case,Accessories,43.41571808,3,07/12/2015,Fall,2015,0,130.2471542,1
T10344,P00030,Leather Loafers,Footwear,209.2046881,19,26/02/2022,Spring,2022,0,3974.889074,1
T59666,P00050,Dish Drying Rack,Home Decor,48.86035623,6,28/09/2022,Fall,2022,10,293.1621374,1
T13580,P00052,Cookbook,Books,78.51823971,18,22/01/2023,Summer,2023,10,1413.328315,4
T71709,P00026,Wireless Keyboard,Accessories,70.46642007,8,27/08/2018,Fall,2018,10,563.7313606,1
T98045,P00036,Formal Suit,Clothing,105.8970895,14,10/11/2022,Summer,2022,20,1482.559253,1
T68394,P00051,Dress Shoes,Footwear,240.1240714,1,07/03/2017,Summer,2017,0,240.1240714,1
T85581,P00039,Gaming Mouse,Accessories,54.48567803,7,31/01/2019,Summer,2019,0,381.3997462,1
T29618,P00008,Self-Help Book,Books,20.03589139,6,21/12/2018,Summer,2018,10,120.2153483,1
T99783,P00035,4K TV,Electronics,20.47062009,17,12/01/2019,Spring,2019,0,348.0005415,1
T13771,P00012,Hiking Boots,Footwear,285.8603634,11,26/07/2019,Summer,2019,0,3144.463997,3
T57500,P00010,Smartwatch,Electronics,29.22067076,8,10/09/2015,Fall,2015,0,233.7653661,2
T83726,P00054,Gaming Mouse,Accessories,83.43324919,6,18/01/2019,Winter,2019,0,500.5994951,1
T79277,P00015,Wireless Earbuds,Electronics,32.20348665,12,07/03/2017,Winter,2017,10,386.4418398,1
T80971,P00007,Raincoat,Clothing,94.69431736,3,29/11/2017,Spring,2017,0,284.0829521,1
T29391,P00016,HD Webcam,Accessories,68.94533009,5,25/08/2019,Winter,2019,10,344.7266505,1
T32999,P00017,Cookbook,Books,24.29804556,6,29/03/2020,Fall,2020,20,145.7882734,1
T68558,P00027,Leather Loafers,Footwear,227.7427843,12,11/11/2019,Fall,2019,10,2732.913412,3
T89484,P00010,Gaming Mouse,Accessories,72.09216753,8,04/06/2020,Summer,2020,0,576.7373402,1
T13022,P00023,LED Desk Lamp,Home Decor,60.93007804,13,02/02/2018,Summer,2018,0,792.0910145,1
T25343,P00026,T-Shirt,Clothing,34.5677818,19,11/06/2017,Fall,2017,0,656.7878542,4
T21032,P00044,Wi-Fi Router,Electronics,49.23542354,15,08/01/2017,Winter,2017,10,738.5313531,2
T61000,P00008,Biography,Books,17.79142558,8,02/05/2023,Summer,2023,0,142.3314046,2
T39796,P00018,Blender,Home Decor,37.70769619,15,26/05/2023,Summer,2023,0,565.6154429,1
T52198,P00038,Casual Sneakers,Footwear,272.5858388,19,15/04/2015,Spring,2015,0,5179.130937,3
T73758,P00042,USB Flash Drive,Accessories,76.84330943,8,22/11/2020,Winter,2020,20,614.7464754,2
T39844,P00043,Sweatpants,Clothing,121.1688855,2,18/06/2015,Spring,2015,0,242.337771,1
T25582,P00030,Dress Shoes,Footwear,78.41510845,18,07/06/2022,Fall,2022,20,1411.471952,2
T25836,P00041,Science Textbook,Books,63.53274842,5,04/03/2019,Summer,2019,0,317.6637421,1
T13088,P00032,Smart Thermostat,Electronics,77.98492696,2,21/08/2019,Summer,2019,0,155.9698539,1
T66586,P00059,Cookbook,Books,22.45645026,11,03/05/2017,Winter,2017,20,247.0209529,3
T41888,P00004,Coffee Maker,Home Decor,83.52160391,17,01/04/2018,Fall,2018,0,1419.867266,1
T32212,P00042,Children's Book,Books,59.98529611,8,09/02/2022,Summer,2022,30,479.8823689,1
T64000,P00011,Denim Jeans,Clothing,15.7909124,16,31/01/2021,Spring,2021,0,252.6545984,1
T61056,P00021,Mystery Novel,Books,56.78006377,17,16/10/2018,Winter,2018,0,965.2610841,2
T73202,P00022,VR Headset,Electronics,45.61043429,9,04/03/2022,Summer,2022,20,410.4939086,1
T68078,P00014,Winter Jacket,Clothing,69.84260459,12,19/05/2020,Spring,2020,0,838.1112551,1
T69812,P00036,Digital Camera,Electronics,79.41314979,11,30/10/2018,Summer,2018,30,873.5446477,1
T88393,P00033,Shorts,Clothing,181.4074785,19,18/04/2023,Fall,2023,30,3446.742092,2
T19747,P00032,Children's Book,Books,78.63877804,15,24/09/2022,Winter,2022,0,1179.581671,1
T78400,P00043,E-Reader,Electronics,86.20953234,19,17/04/2022,Summer,2022,0,1637.981114,2
T89675,P00026,Leather Loafers,Footwear,275.9730606,7,09/06/2015,Fall,2015,0,1931.811424,2
T49319,P00047,Science Textbook,Books,20.31743287,2,07/08/2021,Fall,2021,0,40.63486574,4
T72027,P00022,External Hard Drive,Accessories,10.0257827,18,24/05/2015,Summer,2015,0,180.4640886,1
T52502,P00013,External Hard Drive,Accessories,55.58163262,7,08/06/2022,Winter,2022,0,389.0714283,3
T49398,P00045,Casual Sneakers,Footwear,200.9413229,9,09/03/2021,Winter,2021,10,1808.471906,3
T27941,P00034,Gaming Mouse,Accessories,67.99411418,4,29/12/2021,Winter,2021,0,271.9764567,4
T49745,P00038,Hiking Boots,Footwear,69.09734579,7,21/09/2022,Winter,2022,10,483.6814205,1
T34562,P00020,Fitness Tracker,Electronics,51.58196056,8,30/04/2020,Winter,2020,10,412.6556845,1
T51249,P00046,Smartphone Case,Accessories,26.93884388,12,18/10/2022,Winter,2022,30,323.2661266,1
T83400,P00054,Self-Help Book,Books,62.64945807,10,08/09/2020,Winter,2020,0,626.4945807,2
T19612,P00056,Hiking Boots,Footwear,158.248976,15,16/04/2021,Summer,2021,0,2373.73464,2
T61150,P00042,Science Textbook,Books,22.10207975,18,07/10/2020,Spring,2020,20,397.8374355,1
T98799,P00044,Leather Loafers,Footwear,167.244252,13,07/04/2023,Summer,2023,10,2174.175276,1
T50745,P00019,Gaming Mouse,Accessories,14.45303719,6,07/09/2019,Winter,2019,0,86.71822314,1
T75139,P00029,Casual Sneakers,Footwear,119.393665,3,21/08/2018,Fall,2018,0,358.180995,2
T84770,P00035,Blender,Home Decor,87.07035924,16,25/08/2020,Spring,2020,10,1393.125748,1
T96194,P00006,Soundbar,Electronics,78.95553304,8,26/10/2023,Summer,2023,20,631.6442643,2
T25420,P00051,Gaming Mouse,Accessories,38.30900451,7,06/09/2019,Fall,2019,0,268.1630316,4
T39215,P00009,Winter Jacket,Clothing,90.24700246,18,16/12/2023,Fall,2023,0,1624.446044,3
T61134,P00004,Dress Shoes,Footwear,31.66211216,12,21/10/2020,Fall,2020,10,379.9453459,1
T45019,P00047,Dress Shoes,Footwear,277.6578111,11,30/06/2022,Summer,2022,0,3054.235922,1
T74841,P00008,Sweatpants,Clothing,155.8681428,8,21/03/2020,Winter,2020,0,1246.945142,2
T37741,P00002,Cutting Board,Home Decor,69.41694501,15,01/11/2015,Summer,2015,10,1041.254175,1
T70348,P00055,Winter Jacket,Clothing,65.1052455,4,19/05/2017,Winter,2017,0,260.420982,1
T27622,P00034,LED Desk Lamp,Home Decor,33.09064029,17,12/09/2020,Fall,2020,10,562.5408849,2
T86897,P00042,Dish Drying Rack,Home Decor,92.44675438,12,25/09/2017,Winter,2017,30,1109.361053,2
T25211,P00048,Raincoat,Clothing,107.4963326,18,04/10/2019,Winter,2019,0,1934.933987,2
T66787,P00032,Running Shoes,Footwear,209.1044972,10,16/08/2015,Spring,2015,0,2091.044972,1
T84333,P00011,Fiction Novel,Books,41.50901244,15,21/08/2018,Summer,2018,10,622.6351866,2
T88653,P00026,VR Headset,Electronics,38.90251364,6,27/10/2017,Fall,2017,0,233.4150818,1
T81589,P00011,Flip-Flops,Footwear,92.91643319,1,04/08/2022,Spring,2022,0,92.91643319,2
T20180,P00053,Travel Guide,Books,46.81062086,8,02/11/2017,Winter,2017,10,374.4849669,1
T55658,P00001,External Hard Drive,Accessories,69.40270996,15,08/09/2018,Summer,2018,0,1041.040649,2
T87196,P00053,Biography,Books,96.88995882,10,29/05/2021,Winter,2021,10,968.8995882,2
T54842,P00003,Air Fryer,Home Decor,21.21505088,5,07/02/2015,Spring,2015,0,106.0752544,1
T66033,P00034,LED Desk Lamp,Home Decor,53.21864869,2,03/03/2017,Spring,2017,0,106.4372974,1
T19988,P00046,Microwave Oven,Home Decor,17.65253947,13,14/01/2023,Fall,2023,0,229.4830131,2
T31699,P00055,Smartwatch,Electronics,12.0398789,19,27/08/2023,Fall,2023,0,228.7576991,2
T60869,P00037,Running Shoes,Footwear,278.7362629,7,25/07/2019,Summer,2019,0,1951.15384,1
T89049,P00033,Flip-Flops,Footwear,247.8558183,12,31/12/2021,Summer,2021,10,2974.26982,2
T83163,P00027,Air Fryer,Home Decor,87.86717318,13,22/08/2022,Spring,2022,0,1142.273251,4
T22919,P00046,External Hard Drive,Accessories,82.25635807,14,07/06/2022,Winter,2022,30,1151.589013,2
T56541,P00048,Casual Sneakers,Footwear,202.9903733,4,24/07/2019,Fall,2019,0,811.9614932,1
T71956,P00029,Biography,Books,86.26080932,10,05/11/2017,Spring,2017,0,862.6080932,1
T99424,P00041,Children's Book,Books,45.17204981,8,14/02/2022,Winter,2022,30,361.3763985,1
T48420,P00002,Children's Book,Books,59.74766499,10,05/09/2018,Spring,2018,10,597.4766499,1
T70477,P00031,Digital Camera,Electronics,79.86795877,16,03/08/2018,Spring,2018,0,1277.88734,1
T98580,P00008,Smartphone Case,Accessories,17.63182146,9,14/08/2017,Spring,2017,20,158.6863931,2
T94880,P00036,Mystery Novel,Books,87.27809204,2,04/02/2023,Summer,2023,0,174.5561841,3
T29090,P00035,Mystery Novel,Books,24.11474101,18,15/11/2022,Spring,2022,10,434.0653382,1
T86978,P00027,Sweatpants,Clothing,174.9401318,11,09/12/2020,Spring,2020,0,1924.34145,1
T51314,P00027,Biography,Books,38.01995845,19,09/09/2020,Summer,2020,10,722.3792106,1
T43826,P00034,Electric Kettle,Home Decor,39.41045614,12,05/05/2023,Fall,2023,0,472.9254737,1
T12639,P00048,Winter Jacket,Clothing,28.68050763,2,02/10/2022,Fall,2022,0,57.36101526,1
T39641,P00040,Casual Sneakers,Footwear,268.6223966,11,08/10/2015,Winter,2015,0,2954.846363,2
T48209,P00010,HD Webcam,Accessories,66.70449118,5,07/06/2023,Winter,2023,10,333.5224559,1
T35267,P00049,Running Shoes,Footwear,202.0910898,10,22/02/2021,Fall,2021,0,2020.910898,2
T84144,P00042,Cookbook,Books,35.30363531,9,24/12/2019,Spring,2019,0,317.7327178,4
T79666,P00016,Cordless Vacuum,Home Decor,98.70948617,13,02/03/2015,Spring,2015,0,1283.22332,1
T45077,P00021,E-Reader,Electronics,15.77495963,6,23/02/2019,Summer,2019,0,94.64975778,2
T12328,P00019,Hiking Boots,Footwear,192.164803,12,26/07/2021,Spring,2021,10,2305.977636,2
T72670,P00005,Wireless Keyboard,Accessories,53.15895347,5,17/01/2018,Fall,2018,10,265.7947674,1
T41922,P00010,Leather Loafers,Footwear,69.97672061,3,10/09/2017,Fall,2017,20,209.9301618,2
T55116,P00042,Cutting Board,Home Decor,76.33759223,1,27/08/2020,Summer,2020,10,76.33759223,2
T29341,P00052,Science Textbook,Books,19.67916358,6,09/09/2015,Winter,2015,0,118.0749815,1
T79626,P00050,Mystery Novel,Books,27.45821909,8,12/03/2023,Fall,2023,20,219.6657527,1
T37379,P00033,Self-Help Book,Books,98.76427726,19,22/01/2015,Winter,2015,0,1876.521268,3
T66305,P00008,Bluetooth Speaker,Electronics,11.35204068,11,27/02/2017,Spring,2017,10,124.8724475,1
T67164,P00044,Denim Jeans,Clothing,109.0266144,11,05/05/2017,Fall,2017,0,1199.292758,3
T53790,P00035,Monitor Arm,Electronics,56.45015651,19,08/04/2021,Winter,2021,0,1072.552974,1
T27150,P00015,T-Shirt,Clothing,63.68488215,18,25/08/2019,Summer,2019,0,1146.327879,1
T30521,P00033,Cordless Vacuum,Home Decor,69.67259924,18,13/08/2015,Summer,2015,0,1254.106786,1
T18522,P00030,Toaster Oven,Home Decor,95.04468158,2,04/10/2023,Spring,2023,30,190.0893632,1
T61638,P00031,Hoodie,Clothing,98.28957723,13,23/12/2021,Fall,2021,0,1277.764504,1
T74925,P00051,Gaming Mouse,Accessories,68.14632333,17,09/02/2015,Fall,2015,20,1158.487497,1
T51034,P00055,USB Flash Drive,Accessories,14.48310698,1,26/10/2021,Winter,2021,0,14.48310698,1
T61750,P00012,Gaming Mouse,Accessories,76.75748245,19,26/08/2017,Summer,2017,10,1458.392167,1
T91463,P00060,Hiking Boots,Footwear,86.73603931,8,10/08/2022,Spring,2022,0,693.8883145,2
T83424,P00003,Smartphone Case,Accessories,95.34417848,8,24/09/2015,Fall,2015,0,762.7534278,4
T37033,P00048,Science Textbook,Books,79.61524926,9,26/05/2015,Summer,2015,0,716.5372433,1
T21242,P00025,HD Webcam,Accessories,96.60418135,5,12/05/2018,Summer,2018,0,483.0209068,1
T75973,P00039,Laptop Stand,Accessories,33.05952389,7,25/01/2019,Winter,2019,0,231.4166672,1
T25486,P00006,Mystery Novel,Books,85.22139948,20,19/12/2015,Summer,2015,0,1704.42799,1
T19829,P00042,Running Shoes,Footwear,192.1233862,8,10/02/2017,Winter,2017,0,1536.98709,2
T49030,P00053,Digital Camera,Electronics,98.33533204,11,21/10/2021,Spring,2021,0,1081.688652,1
T68196,P00011,HD Webcam,Accessories,95.16852511,17,21/05/2018,Fall,2018,0,1617.864927,1
T63804,P00044,Digital Camera,Electronics,97.56712404,11,26/05/2017,Summer,2017,0,1073.238364,1
T34453,P00029,Raincoat,Clothing,191.0770094,7,12/02/2018,Fall,2018,20,1337.539066,4
T95203,P00042,Running Shoes,Footwear,27.10673839,11,28/04/2017,Summer,2017,10,298.1741223,4
T82753,P00056,Running Shoes,Footwear,228.7984878,3,13/05/2019,Spring,2019,0,686.3954634,1
T53634,P00059,Air Fryer,Home Decor,34.47411051,3,25/08/2023,Fall,2023,0,103.4223315,1
T92772,P00024,HD Webcam,Accessories,73.4524386,14,30/09/2020,Winter,2020,0,1028.33414,3
T40342,P00014,Shorts,Clothing,196.4130722,18,22/04/2022,Winter,2022,0,3535.4353,4
T90766,P00029,Science Textbook,Books,13.54234516,15,26/12/2021,Summer,2021,0,203.1351774,1
T65560,P00002,LED Desk Lamp,Home Decor,61.02890492,2,30/04/2019,Winter,2019,0,122.0578098,1
T47542,P00058,Denim Jeans,Clothing,150.9663343,8,19/01/2021,Winter,2021,0,1207.730674,4
T94263,P00022,Self-Help Book,Books,32.8022904,1,16/04/2021,Spring,2021,10,32.8022904,2
T67658,P00044,Soundbar,Electronics,30.26097434,10,11/02/2017,Summer,2017,0,302.6097434,1
T61626,P00017,Dish Drying Rack,Home Decor,18.45278715,17,09/05/2017,Fall,2017,10,313.6973816,4
T60642,P00056,Running Shoes,Footwear,205.6062255,3,02/09/2017,Fall,2017,0,616.8186765,3
T95996,P00041,Wi-Fi Router,Electronics,55.46895571,1,20/05/2021,Fall,2021,0,55.46895571,2
T26907,P00049,Sweatpants,Clothing,194.3874254,4,05/08/2023,Winter,2023,0,777.5497016,1
T27329,P00046,External Hard Drive,Accessories,69.04412825,15,14/03/2023,Spring,2023,10,1035.661924,3
T44914,P00023,Laptop Stand,Accessories,56.39217121,18,07/07/2021,Summer,2021,0,1015.059082,1
T93732,P00047,HD Webcam,Accessories,69.22889963,8,27/07/2018,Winter,2018,0,553.831197,1
T54134,P00022,Casual Sneakers,Footwear,125.1461623,20,08/05/2015,Summer,2015,0,2502.923246,3
T76052,P00040,Sweatpants,Clothing,144.9614201,15,02/12/2017,Fall,2017,20,2174.421302,1
T19187,P00058,Bluetooth Speaker,Electronics,71.43147283,19,05/04/2018,Spring,2018,10,1357.197984,1
T25900,P00052,Smart Thermostat,Electronics,18.34694156,4,24/11/2021,Winter,2021,0,73.38776624,1
T38462,P00012,Water Filter Pitcher,Home Decor,91.83346375,5,17/07/2017,Spring,2017,0,459.1673188,2
T72069,P00013,Denim Jeans,Clothing,105.0902365,4,08/04/2023,Winter,2023,0,420.360946,3
T82250,P00026,Denim Jeans,Clothing,87.69481371,6,17/11/2023,Spring,2023,20,526.1688823,2
T89776,P00029,Digital Camera,Electronics,95.99159293,15,21/03/2020,Winter,2020,0,1439.873894,1
T56613,P00043,Science Textbook,Books,49.4388353,4,21/06/2023,Winter,2023,0,197.7553412,1
T86704,P00047,Hiking Boots,Footwear,223.3357521,11,06/09/2017,Spring,2017,0,2456.693273,4
T80692,P00043,Mechanical Keyboard,Electronics,68.96228295,6,28/06/2017,Fall,2017,0,413.7736977,2
T72363,P00006,Gaming Mouse,Accessories,24.86260883,17,26/03/2023,Winter,2023,0,422.6643501,2
T41841,P00017,Shorts,Clothing,198.3614131,1,24/12/2019,Fall,2019,0,198.3614131,2
T30187,P00038,Denim Jeans,Clothing,100.7667996,5,22/05/2022,Summer,2022,0,503.833998,2
T14992,P00055,Science Textbook,Books,45.53043152,12,21/11/2021,Summer,2021,0,546.3651782,1
T92530,P00058,Hoodie,Clothing,185.1284962,2,25/10/2021,Winter,2021,0,370.2569924,2
T40940,P00015,Toaster Oven,Home Decor,57.63145029,10,10/02/2019,Spring,2019,20,576.3145029,2
T39667,P00043,Winter Jacket,Clothing,145.439238,9,04/03/2021,Winter,2021,0,1308.953142,3
T55210,P00024,Cookbook,Books,86.16214425,17,22/10/2019,Spring,2019,0,1464.756452,3
T12586,P00018,Toaster Oven,Home Decor,25.25199267,13,09/04/2020,Summer,2020,0,328.2759047,1
T55873,P00020,Hiking Boots,Footwear,43.83937154,19,26/10/2017,Summer,2017,0,832.9480593,1
T83549,P00050,E-Reader,Electronics,90.74199693,20,07/10/2018,Fall,2018,10,1814.839939,1
T61369,P00051,HD Webcam,Accessories,28.03303853,13,23/04/2017,Spring,2017,0,364.4295009,2
T18873,P00025,Fiction Novel,Books,37.69786397,11,17/05/2021,Spring,2021,20,414.6765037,3
T47349,P00002,Laptop Stand,Accessories,35.72262335,12,16/11/2018,Winter,2018,0,428.6714802,1
T90108,P00035,USB Flash Drive,Accessories,37.41291888,8,19/02/2018,Winter,2018,0,299.303351,1
T83106,P00035,Shorts,Clothing,75.94888565,6,04/10/2022,Winter,2022,10,455.6933139,1
T14773,P00042,Winter Jacket,Clothing,90.41472361,2,21/10/2017,Spring,2017,10,180.8294472,2
T22929,P00012,Smartphone Case,Accessories,79.40322857,1,23/08/2022,Winter,2022,10,79.40322857,1
T93373,P00010,Children's Book,Books,48.91041498,4,04/05/2020,Fall,2020,30,195.6416599,1
T25090,P00056,HD Webcam,Accessories,93.34384911,5,07/01/2023,Fall,2023,10,466.7192456,1
T11260,P00024,Leather Loafers,Footwear,163.384964,9,10/08/2017,Summer,2017,0,1470.464676,1
T14033,P00039,Mechanical Keyboard,Electronics,41.29613702,5,19/05/2020,Fall,2020,0,206.4806851,1
T47133,P00019,Soundbar,Electronics,48.32036885,5,28/05/2022,Fall,2022,0,241.6018443,2
T61059,P00056,Leather Loafers,Footwear,88.57308958,4,21/03/2022,Winter,2022,10,354.2923583,1
T51977,P00011,Hoodie,Clothing,47.87465074,10,21/07/2023,Summer,2023,0,478.7465074,1
T94617,P00002,Monitor Arm,Electronics,99.56631932,18,16/07/2022,Summer,2022,0,1792.193748,1
T87036,P00026,Formal Suit,Clothing,154.3027232,10,12/06/2023,Summer,2023,0,1543.027232,2
T92073,P00035,Dish Drying Rack,Home Decor,84.37270086,12,07/07/2023,Summer,2023,0,1012.47241,1
T82743,P00027,Science Textbook,Books,59.21255166,6,01/08/2022,Spring,2022,0,355.27531,1
T80522,P00007,Toaster Oven,Home Decor,38.56506163,7,27/03/2022,Winter,2022,0,269.9554314,2
T64377,P00014,Hiking Boots,Footwear,229.4310974,5,25/04/2018,Summer,2018,0,1147.155487,1
T41078,P00001,Self-Help Book,Books,77.1305265,12,22/11/2019,Summer,2019,0,925.566318,1
T35555,P00015,Bluetooth Speaker,Electronics,55.01523063,14,29/12/2019,Winter,2019,0,770.2132288,2
T56388,P00051,Denim Jeans,Clothing,23.35429297,14,19/12/2021,Fall,2021,0,326.9601016,1
T31207,P00024,Shorts,Clothing,160.9186536,16,25/12/2015,Spring,2015,0,2574.698458,1
T37170,P00051,Winter Jacket,Clothing,140.4836035,3,31/05/2017,Winter,2017,0,421.4508105,3
T88455,P00049,Fitness Tracker,Electronics,85.51617179,7,07/04/2022,Spring,2022,0,598.6132025,4
T58188,P00019,T-Shirt,Clothing,148.105182,12,27/11/2022,Winter,2022,0,1777.262184,3
T11414,P00036,Casual Sneakers,Footwear,271.6570206,3,26/08/2023,Summer,2023,0,814.9710618,2
T76967,P00051,USB Flash Drive,Accessories,23.53584454,13,11/11/2017,Fall,2017,0,305.965979,1
T32208,P00009,Dish Drying Rack,Home Decor,44.89673755,17,22/05/2020,Spring,2020,10,763.2445384,2
T55651,P00011,Casual Sneakers,Footwear,152.6304683,6,17/09/2020,Summer,2020,0,915.7828098,4
T52031,P00033,HD Webcam,Accessories,75.28298033,5,27/07/2015,Winter,2015,0,376.4149017,1
T99904,P00048,Casual Sneakers,Footwear,275.9206735,8,26/07/2022,Fall,2022,0,2207.365388,2
T28738,P00001,Hiking Boots,Footwear,138.4326048,1,27/10/2023,Summer,2023,0,138.4326048,2
T84849,P00055,Casual Sneakers,Footwear,168.6917974,16,04/04/2020,Fall,2020,0,2699.068758,2
T45970,P00008,Hiking Boots,Footwear,98.79104291,16,31/12/2020,Spring,2020,0,1580.656687,2
T61823,P00042,Dish Drying Rack,Home Decor,44.50244672,17,02/06/2022,Winter,2022,0,756.5415942,1
T73978,P00015,Smartphone Case,Accessories,59.79137076,14,27/04/2018,Summer,2018,0,837.0791906,4
T85714,P00037,Smartphone Case,Accessories,94.7784597,18,08/07/2017,Spring,2017,0,1706.012275,1
T30433,P00005,Gaming Mouse,Accessories,67.84233206,4,29/08/2022,Spring,2022,0,271.3693282,1
T56040,P00019,T-Shirt,Clothing,76.62656321,10,06/08/2021,Winter,2021,10,766.2656321,1
T48893,P00015,USB Flash Drive,Accessories,10.9421716,13,22/04/2023,Summer,2023,20,142.2482308,1
T96940,P00050,Running Shoes,Footwear,294.9580537,12,04/05/2019,Spring,2019,20,3539.496644,2
T53003,P00003,Wireless Keyboard,Accessories,54.3686102,17,03/02/2022,Winter,2022,0,924.2663734,1
T31260,P00016,Digital Camera,Electronics,59.44107105,4,11/06/2022,Summer,2022,20,237.7642842,1
T21366,P00053,Smartwatch,Electronics,64.49183742,5,05/09/2023,Fall,2023,0,322.4591871,3
T53803,P00007,Wi-Fi Router,Electronics,74.07210303,18,06/03/2018,Winter,2018,0,1333.297855,2
T15548,P00053,HD Webcam,Accessories,72.90855646,12,27/09/2015,Summer,2015,0,874.9026775,2
T30924,P00010,Fitness Tracker,Electronics,57.41127189,10,05/03/2021,Spring,2021,0,574.1127189,3
T76896,P00017,Dress Shoes,Footwear,209.9319861,12,06/02/2019,Summer,2019,0,2519.183833,2
T61831,P00020,Smartphone Case,Accessories,85.22499348,13,22/10/2020,Summer,2020,0,1107.924915,1
T85484,P00019,Hiking Boots,Footwear,75.66301082,4,02/12/2018,Winter,2018,10,302.6520433,2
T56582,P00050,External Hard Drive,Accessories,65.21958193,14,24/02/2022,Fall,2022,0,913.074147,1
T37916,P00023,Electric Kettle,Home Decor,14.69001957,9,20/10/2018,Summer,2018,0,132.2101761,1
T33342,P00056,Science Textbook,Books,19.19035801,11,02/09/2022,Winter,2022,0,211.0939381,1
T67881,P00027,Monitor Arm,Electronics,70.71348122,1,20/11/2020,Winter,2020,0,70.71348122,1
T58655,P00050,Shorts,Clothing,28.12346558,15,07/10/2021,Summer,2021,0,421.8519837,1
T74282,P00032,Portable Fan,Home Decor,63.58220018,17,10/08/2022,Winter,2022,0,1080.897403,4
T55827,P00002,Sweatpants,Clothing,55.70233075,13,05/10/2023,Spring,2023,20,724.1302998,1
T91898,P00043,Laptop Stand,Accessories,37.36763457,15,30/04/2019,Summer,2019,0,560.5145186,1
T90963,P00004,E-Reader,Electronics,21.66728519,11,19/06/2022,Fall,2022,0,238.3401371,1
T20808,P00027,Shorts,Clothing,61.00348494,13,28/10/2018,Fall,2018,0,793.0453042,1
T51483,P00035,Microwave Oven,Home Decor,83.91626063,8,30/03/2015,Winter,2015,0,671.330085,1
T47572,P00036,HD Webcam,Accessories,67.4990565,16,01/01/2019,Spring,2019,10,1079.984904,1
T67644,P00037,Smart Thermostat,Electronics,95.47838152,10,07/06/2018,Summer,2018,10,954.7838152,1
T79971,P00009,Winter Jacket,Clothing,24.01779824,14,01/12/2021,Fall,2021,10,336.2491754,1
T13909,P00008,Travel Guide,Books,81.31707975,13,24/12/2020,Spring,2020,0,1057.122037,1
T35168,P00021,Laptop Stand,Accessories,72.9169465,14,15/07/2022,Summer,2022,0,1020.837251,1
T40093,P00031,Cookbook,Books,75.62500325,10,20/05/2019,Spring,2019,0,756.2500325,2
T28880,P00047,HD Webcam,Accessories,51.34106828,10,11/10/2022,Spring,2022,10,513.4106828,1
T97331,P00031,LED Desk Lamp,Home Decor,71.9775657,19,01/04/2015,Fall,2015,10,1367.573748,1
T16708,P00032,Formal Suit,Clothing,97.24746706,15,11/03/2018,Spring,2018,20,1458.712006,4
T41772,P00042,Self-Help Book,Books,40.19910365,4,17/04/2018,Summer,2018,10,160.7964146,1
T36255,P00020,Hiking Boots,Footwear,271.1606074,11,05/05/2023,Fall,2023,0,2982.766681,1
T43335,P00045,Hiking Boots,Footwear,130.760543,20,05/10/2021,Spring,2021,0,2615.21086,1
T53947,P00055,Hiking Boots,Footwear,136.0142488,15,14/07/2020,Spring,2020,0,2040.213732,1
T18615,P00019,Blender,Home Decor,64.75629049,2,08/03/2020,Spring,2020,0,129.512581,2
T69739,P00016,HD Webcam,Accessories,77.76995279,8,05/07/2018,Winter,2018,0,622.1596223,1
T29949,P00036,Travel Guide,Books,76.11587743,11,22/01/2018,Winter,2018,10,837.2746517,4
T28224,P00057,Cookbook,Books,71.86737997,15,13/05/2019,Summer,2019,10,1078.0107,1
T40125,P00022,Laptop Stand,Accessories,50.54986433,8,25/04/2018,Summer,2018,10,404.3989146,4
T13485,P00058,Monitor Arm,Electronics,60.54970032,12,28/02/2021,Spring,2021,0,726.5964038,1
T45043,P00055,Formal Suit,Clothing,150.3681292,3,11/02/2023,Spring,2023,0,451.1043876,1
T93534,P00001,Dress Shoes,Footwear,253.6165705,5,03/12/2019,Spring,2019,10,1268.082853,3
T27648,P00021,Flip-Flops,Footwear,202.7217598,7,09/03/2022,Winter,2022,10,1419.052319,1
T40965,P00043,Microwave Oven,Home Decor,60.75164987,4,04/08/2023,Spring,2023,20,243.0065995,1
T15851,P00051,HD Webcam,Accessories,43.63923293,3,02/12/2018,Spring,2018,0,130.9176988,3
T82570,P00049,Cutting Board,Home Decor,22.40903973,2,21/10/2018,Winter,2018,0,44.81807946,1
T87462,P00015,Wireless Keyboard,Accessories,96.27199135,18,08/09/2020,Fall,2020,0,1732.895844,1
T24878,P00052,Soundbar,Electronics,51.56580631,6,06/10/2017,Spring,2017,10,309.3948379,1
T33416,P00019,Shorts,Clothing,119.7492652,6,20/11/2015,Fall,2015,0,718.4955912,1
T47771,P00040,Running Shoes,Footwear,231.5451133,5,20/07/2023,Summer,2023,0,1157.725567,3
T81561,P00030,Raincoat,Clothing,27.65593972,10,05/05/2018,Spring,2018,0,276.5593972,1
T34371,P00053,Casual Sneakers,Footwear,260.1280275,11,16/10/2017,Fall,2017,0,2861.408303,3
T64331,P00048,Microwave Oven,Home Decor,81.7323169,5,17/07/2023,Fall,2023,0,408.6615845,1
T56567,P00028,Smartphone Case,Accessories,79.69857237,12,03/03/2017,Winter,2017,0,956.3828684,1
T91119,P00048,Air Fryer,Home Decor,11.97844361,15,28/05/2022,Winter,2022,0,179.6766542,1
T84473,P00034,VR Headset,Electronics,57.38669663,8,29/11/2015,Winter,2015,0,459.093573,2
T85490,P00020,Running Shoes,Footwear,39.92380195,12,11/11/2023,Winter,2023,10,479.0856234,4
T30163,P00006,Microwave Oven,Home Decor,59.5785321,10,22/02/2017,Spring,2017,10,595.785321,1
T28849,P00032,Laptop Stand,Accessories,74.66034936,4,04/10/2020,Spring,2020,0,298.6413974,1
T14771,P00052,Children's Book,Books,20.96652252,15,02/04/2022,Winter,2022,10,314.4978378,1
T13901,P00056,Fiction Novel,Books,72.53947949,16,07/07/2017,Winter,2017,0,1160.631672,2
T56259,P00010,USB Flash Drive,Accessories,50.45795614,13,29/11/2020,Summer,2020,0,655.9534298,1
T50481,P00023,Raincoat,Clothing,165.1372922,7,20/09/2020,Fall,2020,20,1155.961045,2
T57858,P00030,Digital Camera,Electronics,58.02300454,19,16/07/2015,Winter,2015,10,1102.437086,1
T94749,P00058,Monitor Arm,Electronics,40.25093823,9,16/08/2017,Fall,2017,10,362.2584441,1
T83819,P00027,Formal Suit,Clothing,76.41843923,6,23/02/2021,Winter,2021,0,458.5106354,1
T37701,P00019,Water Filter Pitcher,Home Decor,90.7737868,8,05/06/2020,Spring,2020,0,726.1902944,1
T96094,P00041,Wireless Earbuds,Electronics,50.75844261,14,25/08/2020,Winter,2020,20,710.6181965,2
T20374,P00019,Smartwatch,Electronics,13.58862601,7,16/02/2020,Fall,2020,0,95.12038207,1
T67935,P00002,Gaming Mouse,Accessories,42.78921446,5,06/04/2018,Spring,2018,10,213.9460723,1
T92255,P00036,USB Flash Drive,Accessories,86.46643494,13,01/03/2017,Fall,2017,10,1124.063654,1
T50239,P00028,Coffee Maker,Home Decor,78.48888909,18,13/12/2023,Summer,2023,20,1412.800004,3
T33506,P00018,HD Webcam,Accessories,29.88218825,4,13/08/2021,Winter,2021,0,119.528753,1
T99074,P00051,Sweatpants,Clothing,51.36724008,10,05/11/2017,Summer,2017,0,513.6724008,1
T88056,P00058,Soundbar,Electronics,95.87951352,16,28/07/2021,Winter,2021,0,1534.072216,1
T67227,P00016,Travel Guide,Books,63.83060907,10,01/10/2020,Fall,2020,0,638.3060907,1
T45448,P00008,Science Textbook,Books,77.89193133,8,31/12/2023,Winter,2023,0,623.1354506,1
T15800,P00004,Dress Shoes,Footwear,221.2973787,14,15/11/2021,Summer,2021,0,3098.163302,1
T47694,P00053,Dress Shoes,Footwear,265.2645749,18,19/11/2018,Summer,2018,0,4774.762348,2
T53300,P00035,Leather Loafers,Footwear,286.0651391,7,08/12/2015,Fall,2015,0,2002.455974,1
T13322,P00047,HD Webcam,Accessories,12.92015564,9,23/09/2015,Spring,2015,0,116.2814008,1
T22705,P00037,Formal Suit,Clothing,195.4307183,5,18/09/2022,Spring,2022,0,977.1535915,2
T88527,P00029,Cookbook,Books,88.34882168,4,16/10/2015,Spring,2015,0,353.3952867,1
T61082,P00028,Gaming Mouse,Accessories,44.46526678,16,21/01/2018,Fall,2018,0,711.4442685,2
T79491,P00009,Travel Guide,Books,85.33623183,4,05/08/2019,Fall,2019,10,341.3449273,1
T74029,P00019,Flip-Flops,Footwear,227.5534451,16,03/03/2022,Summer,2022,10,3640.855122,1
T27060,P00029,LED Desk Lamp,Home Decor,81.3802939,9,07/09/2017,Summer,2017,0,732.4226451,1
T30661,P00006,Mystery Novel,Books,29.86219296,20,08/07/2017,Summer,2017,10,597.2438592,1
T56779,P00034,4K TV,Electronics,68.37073317,4,21/06/2021,Spring,2021,0,273.4829327,3
T85502,P00038,Soundbar,Electronics,12.33333049,2,04/12/2022,Winter,2022,0,24.66666098,1
T76613,P00002,External Hard Drive,Accessories,86.34062193,2,25/01/2015,Fall,2015,10,172.6812439,1
T34489,P00015,Microwave Oven,Home Decor,95.59386752,17,09/06/2015,Winter,2015,0,1625.095748,1
T81139,P00048,External Hard Drive,Accessories,69.59110966,9,13/03/2023,Fall,2023,30,626.3199869,1
T68842,P00060,Dress Shoes,Footwear,165.9841546,1,04/07/2018,Fall,2018,0,165.9841546,1
T41208,P00056,Wireless Keyboard,Accessories,75.31579804,18,05/03/2018,Summer,2018,10,1355.684365,1
T89078,P00025,Formal Suit,Clothing,75.37683832,18,11/01/2017,Spring,2017,0,1356.78309,1
T60475,P00046,Soundbar,Electronics,66.37490162,16,10/11/2023,Winter,2023,0,1061.998426,3
T82035,P00031,Winter Jacket,Clothing,148.0099938,5,22/09/2017,Winter,2017,0,740.049969,1
T22055,P00003,Gaming Mouse,Accessories,22.84127033,8,01/04/2023,Summer,2023,10,182.7301626,2
T79008,P00060,Laptop Stand,Accessories,22.60612049,15,30/12/2020,Fall,2020,0,339.0918074,3
T30191,P00048,Running Shoes,Footwear,221.9379989,10,25/10/2017,Summer,2017,20,2219.379989,1
T88629,P00053,Bluetooth Speaker,Electronics,48.86042447,4,08/06/2015,Summer,2015,0,195.4416979,3
T29001,P00007,Toaster Oven,Home Decor,90.02813486,5,25/06/2019,Fall,2019,0,450.1406743,2
T33569,P00017,Sweatpants,Clothing,72.7086932,19,14/01/2021,Summer,2021,0,1381.465171,1
T65630,P00059,E-Reader,Electronics,13.81876635,3,13/01/2020,Fall,2020,0,41.45629905,4
T70661,P00017,Digital Camera,Electronics,59.82324481,15,20/10/2023,Spring,2023,0,897.3486722,2
T60561,P00053,Flip-Flops,Footwear,212.9164776,13,06/02/2018,Spring,2018,0,2767.914209,1
T55391,P00046,Soundbar,Electronics,57.137891,9,10/08/2015,Fall,2015,0,514.241019,1
T99750,P00001,Microwave Oven,Home Decor,72.33695345,7,08/02/2015,Spring,2015,20,506.3586742,1
T53787,P00042,Electric Kettle,Home Decor,43.15576332,7,08/08/2019,Fall,2019,0,302.0903432,2
T77427,P00009,Dress Shoes,Footwear,82.97465244,16,07/11/2018,Spring,2018,30,1327.594439,1
T68557,P00054,Sweatpants,Clothing,33.37533564,14,07/02/2015,Spring,2015,20,467.254699,4
T80534,P00031,Travel Guide,Books,97.58182495,4,01/06/2017,Winter,2017,0,390.3272998,2
T50089,P00028,Wireless Earbuds,Electronics,35.78913259,14,23/01/2020,Winter,2020,0,501.0478563,2
T14713,P00055,Casual Sneakers,Footwear,88.51371679,2,29/04/2021,Spring,2021,10,177.0274336,1
T91190,P00033,Hiking Boots,Footwear,254.5904892,19,21/12/2023,Spring,2023,0,4837.219295,1
T58764,P00049,Cordless Vacuum,Home Decor,47.72045955,20,29/09/2018,Fall,2018,0,954.409191,3
T46330,P00060,Shorts,Clothing,92.97110796,3,10/03/2015,Spring,2015,0,278.9133239,4
T97374,P00003,Mechanical Keyboard,Electronics,49.92314197,3,15/11/2020,Fall,2020,0,149.7694259,2
T73067,P00005,Sweatpants,Clothing,92.05888363,9,29/05/2023,Winter,2023,0,828.5299527,1
T58765,P00019,Laptop Stand,Accessories,39.39089095,19,24/08/2022,Spring,2022,0,748.4269281,4
T61220,P00032,HD Webcam,Accessories,35.77054983,8,29/06/2021,Spring,2021,0,286.1643986,3
T21140,P00003,E-Reader,Electronics,89.37637088,8,08/03/2021,Fall,2021,0,715.010967,1
T27693,P00043,Fiction Novel,Books,24.55366115,14,16/05/2019,Winter,2019,0,343.7512561,3
T55634,P00005,Coffee Maker,Home Decor,26.29561176,4,24/12/2020,Fall,2020,0,105.182447,3
T46209,P00025,Laptop Stand,Accessories,61.45471904,8,01/04/2023,Fall,2023,0,491.6377523,4
T24477,P00032,Self-Help Book,Books,40.92927217,6,02/06/2018,Fall,2018,0,245.575633,3
T40461,P00050,Casual Sneakers,Footwear,140.9205753,12,31/01/2021,Winter,2021,0,1691.046904,2
T87965,P00021,Gaming Mouse,Accessories,82.58919471,4,29/08/2019,Winter,2019,0,330.3567788,2
T86419,P00005,Wi-Fi Router,Electronics,91.32679543,11,14/06/2015,Fall,2015,0,1004.59475,1
T42966,P00044,Running Shoes,Footwear,242.4022619,17,11/05/2023,Winter,2023,0,4120.838452,2
T80979,P00017,Fiction Novel,Books,31.1435437,11,22/06/2021,Winter,2021,10,342.5789807,2
T89794,P00038,External Hard Drive,Accessories,98.19741606,14,16/03/2021,Fall,2021,20,1374.763825,4
T58920,P00029,Dress Shoes,Footwear,124.8735377,2,20/07/2015,Winter,2015,10,249.7470754,1
T13932,P00034,4K TV,Electronics,25.2160355,9,29/01/2022,Fall,2022,0,226.9443195,1
T25233,P00034,Formal Suit,Clothing,149.1778674,12,07/07/2018,Summer,2018,0,1790.134409,2
T64662,P00028,Flip-Flops,Footwear,47.89949236,6,02/11/2017,Winter,2017,0,287.3969542,2
T22058,P00003,Smartphone Case,Accessories,67.08582232,6,25/01/2018,Fall,2018,0,402.5149339,1
T35470,P00048,Gaming Mouse,Accessories,87.22701311,2,01/06/2022,Summer,2022,20,174.4540262,1
T46202,P00034,Soundbar,Electronics,33.56033344,7,26/12/2023,Spring,2023,0,234.9223341,1
T80415,P00052,USB Flash Drive,Accessories,72.3810891,10,14/10/2018,Summer,2018,0,723.810891,1
T66815,P00014,Biography,Books,45.9917767,12,29/01/2018,Spring,2018,10,551.9013204,2
T47795,P00005,Blender,Home Decor,47.27216288,2,08/01/2019,Fall,2019,10,94.54432576,1
T44115,P00041,Formal Suit,Clothing,66.95059577,13,25/09/2018,Summer,2018,0,870.357745,1
T44655,P00047,Biography,Books,66.19544168,10,07/05/2020,Winter,2020,0,661.9544168,1
T14716,P00029,Travel Guide,Books,42.48993277,11,26/02/2022,Winter,2022,0,467.3892605,1
T12229,P00060,Laptop Stand,Accessories,84.78127031,17,28/11/2015,Spring,2015,10,1441.281595,2
T84869,P00034,Flip-Flops,Footwear,289.7989913,7,29/11/2023,Summer,2023,0,2028.592939,1
T97458,P00060,4K TV,Electronics,94.1578912,4,29/04/2018,Fall,2018,0,376.6315648,3
T94917,P00020,Running Shoes,Footwear,69.86030257,11,30/08/2019,Summer,2019,10,768.4633283,1
T97302,P00003,LED Desk Lamp,Home Decor,11.277127,19,11/08/2023,Summer,2023,0,214.265413,1
T48322,P00051,Formal Suit,Clothing,96.11664311,11,05/01/2020,Fall,2020,0,1057.283074,1
T10443,P00015,Coffee Maker,Home Decor,75.59953369,17,08/08/2018,Winter,2018,0,1285.192073,2
T65067,P00048,Shorts,Clothing,195.8292246,15,30/04/2022,Spring,2022,0,2937.438369,1
T73925,P00004,Running Shoes,Footwear,240.4411329,11,12/11/2017,Fall,2017,0,2644.852462,4
T42353,P00016,Hoodie,Clothing,122.4016245,13,11/05/2018,Winter,2018,0,1591.221119,2
T33654,P00052,Biography,Books,12.3717621,8,12/03/2021,Spring,2021,0,98.9740968,1
T39117,P00002,Self-Help Book,Books,84.29866224,11,16/01/2018,Fall,2018,0,927.2852846,2
T81648,P00038,Hiking Boots,Footwear,73.71488433,10,22/03/2017,Fall,2017,0,737.1488433,4
T23193,P00006,Gaming Mouse,Accessories,15.00458628,14,06/05/2021,Winter,2021,20,210.0642079,1
T15578,P00048,Formal Suit,Clothing,172.3163868,8,27/04/2021,Summer,2021,30,1378.531094,1
T50462,P00028,Winter Jacket,Clothing,119.7564106,2,09/06/2017,Summer,2017,0,239.5128212,2
T37671,P00052,Wireless Earbuds,Electronics,21.56964381,16,09/11/2018,Fall,2018,0,345.114301,1
T52374,P00052,Self-Help Book,Books,44.78883969,14,25/04/2015,Winter,2015,0,627.0437557,4
T95022,P00056,T-Shirt,Clothing,30.82520844,19,05/01/2021,Spring,2021,10,585.6789604,1
T14715,P00056,Hiking Boots,Footwear,200.4529719,9,30/12/2020,Winter,2020,0,1804.076747,1
T78646,P00050,Self-Help Book,Books,42.20244259,16,12/07/2019,Fall,2019,30,675.2390814,1
T20589,P00011,Fiction Novel,Books,54.51704767,2,11/06/2017,Spring,2017,10,109.0340953,4
T17102,P00038,Casual Sneakers,Footwear,100.7879696,6,26/02/2017,Spring,2017,0,604.7278176,1
T65457,P00009,Self-Help Book,Books,70.90905445,18,04/02/2019,Summer,2019,0,1276.36298,4
T66464,P00016,T-Shirt,Clothing,151.208612,16,13/02/2023,Spring,2023,0,2419.337792,1
T98820,P00052,Toaster Oven,Home Decor,31.85396695,17,26/08/2022,Summer,2022,0,541.5174382,1
T99047,P00005,Denim Jeans,Clothing,108.2067183,5,16/06/2018,Winter,2018,0,541.0335915,1
T23877,P00008,4K TV,Electronics,83.57779947,12,31/10/2020,Winter,2020,0,1002.933594,2
T46333,P00024,Flip-Flops,Footwear,129.4752942,2,12/02/2022,Summer,2022,0,258.9505884,1
T57426,P00003,Blender,Home Decor,22.03941406,4,15/06/2021,Fall,2021,0,88.15765624,1
T49339,P00009,Science Textbook,Books,48.86833507,7,07/10/2015,Summer,2015,0,342.0783455,2
T87367,P00057,Laptop Stand,Accessories,64.05657989,15,21/06/2022,Spring,2022,0,960.8486984,1
T49833,P00045,Hiking Boots,Footwear,27.03459525,1,23/12/2019,Spring,2019,30,27.03459525,2
T11822,P00026,Hoodie,Clothing,79.48498874,18,15/01/2019,Fall,2019,0,1430.729797,3
T40086,P00011,Mystery Novel,Books,64.66922388,2,02/11/2015,Fall,2015,0,129.3384478,1
T93926,P00017,Hiking Boots,Footwear,137.3509014,2,13/11/2017,Fall,2017,10,274.7018028,1
T12464,P00021,Wireless Keyboard,Accessories,24.66750389,15,22/08/2022,Summer,2022,0,370.0125584,2
T83411,P00035,Travel Guide,Books,35.7177125,18,03/10/2020,Summer,2020,0,642.918825,1
T60013,P00034,Monitor Arm,Electronics,29.33014594,11,16/01/2021,Winter,2021,0,322.6316053,1
T46364,P00004,Hoodie,Clothing,124.2246029,19,28/10/2020,Spring,2020,0,2360.267455,1
T34322,P00057,Water Filter Pitcher,Home Decor,92.42951809,6,05/09/2020,Winter,2020,20,554.5771085,1
T68473,P00010,Casual Sneakers,Footwear,254.6866562,9,12/07/2018,Summer,2018,30,2292.179906,1
T12335,P00006,Shorts,Clothing,48.72411969,14,20/06/2015,Fall,2015,0,682.1376757,3
T19087,P00039,Bluetooth Speaker,Electronics,78.92915125,17,25/09/2015,Summer,2015,0,1341.795571,1
T88328,P00048,4K TV,Electronics,30.68817709,9,03/06/2015,Fall,2015,0,276.1935938,2
T27896,P00008,Smartwatch,Electronics,92.80463562,3,21/07/2022,Spring,2022,0,278.4139069,1
T97411,P00019,Self-Help Book,Books,91.99451356,14,23/08/2020,Spring,2020,0,1287.92319,1
T42793,P00032,Flip-Flops,Footwear,71.37346025,7,03/05/2019,Fall,2019,30,499.6142218,2
T71522,P00051,Hoodie,Clothing,26.87549335,2,10/05/2017,Spring,2017,20,53.7509867,1
T90409,P00039,Blender,Home Decor,62.35975538,18,21/03/2020,Winter,2020,0,1122.475597,1
T50335,P00024,4K TV,Electronics,88.920251,20,24/08/2018,Winter,2018,0,1778.40502,2
T70994,P00037,Portable Fan,Home Decor,20.695365,8,11/08/2021,Winter,2021,0,165.56292,1
T38349,P00050,Wireless Keyboard,Accessories,47.3462652,18,31/12/2019,Winter,2019,0,852.2327736,1
T67648,P00035,Casual Sneakers,Footwear,99.73119135,10,22/05/2022,Winter,2022,0,997.3119135,3
T77637,P00055,Hoodie,Clothing,17.76185894,14,11/04/2020,Summer,2020,20,248.6660252,3
T74941,P00052,Digital Camera,Electronics,80.96016347,1,21/06/2023,Fall,2023,10,80.96016347,1
T31583,P00012,Travel Guide,Books,83.19557919,11,15/11/2018,Spring,2018,0,915.1513711,2
T94095,P00044,Soundbar,Electronics,29.91061556,2,06/10/2021,Summer,2021,0,59.82123112,1
T96812,P00008,Portable Fan,Home Decor,23.6116225,6,22/06/2021,Spring,2021,0,141.669735,2
T70654,P00026,Laptop Stand,Accessories,23.01047683,12,29/11/2019,Fall,2019,0,276.125722,3
T88626,P00032,Biography,Books,51.75524708,16,14/09/2015,Summer,2015,0,828.0839533,1
T78493,P00034,Children's Book,Books,32.18460287,11,25/05/2018,Spring,2018,0,354.0306316,2
T99921,P00034,Gaming Mouse,Accessories,56.02200782,19,04/02/2022,Fall,2022,0,1064.418149,1
T29943,P00036,USB Flash Drive,Accessories,44.63665634,16,08/05/2022,Fall,2022,0,714.1865014,1
T63475,P00022,Digital Camera,Electronics,28.98012744,4,22/09/2020,Summer,2020,20,115.9205098,2
T23107,P00036,Winter Jacket,Clothing,153.9704811,8,04/10/2019,Fall,2019,0,1231.763849,4
T78137,P00042,Gaming Mouse,Accessories,81.90120833,19,12/04/2020,Winter,2020,0,1556.122958,1
T22296,P00052,Hoodie,Clothing,168.9268714,15,14/04/2017,Summer,2017,0,2533.903071,4
T70043,P00002,Soundbar,Electronics,10.42831361,12,11/07/2015,Spring,2015,30,125.1397633,2
T24862,P00020,Microwave Oven,Home Decor,77.42696671,15,22/02/2017,Fall,2017,20,1161.404501,2
T35238,P00058,Water Filter Pitcher,Home Decor,14.63640339,6,28/06/2021,Fall,2021,0,87.81842034,1
T70954,P00055,Smartphone Case,Accessories,73.24655396,13,08/03/2017,Summer,2017,0,952.2052015,3
T29551,P00006,Casual Sneakers,Footwear,113.0473799,18,11/06/2017,Spring,2017,0,2034.852838,2
T46770,P00017,Formal Suit,Clothing,74.17234118,19,18/10/2020,Summer,2020,10,1409.274482,1
T30286,P00004,Denim Jeans,Clothing,174.3760902,7,14/02/2022,Spring,2022,0,1220.632631,1
T91535,P00016,Portable Fan,Home Decor,91.25561156,16,02/07/2022,Fall,2022,0,1460.089785,1
T52566,P00021,HD Webcam,Accessories,90.24159529,17,18/12/2019,Summer,2019,0,1534.10712,2
T87816,P00051,Denim Jeans,Clothing,164.6169541,13,06/05/2018,Spring,2018,0,2140.020403,1
T73912,P00052,Shorts,Clothing,166.5209239,7,16/08/2017,Winter,2017,20,1165.646467,2
T87777,P00055,Laptop Stand,Accessories,61.54911126,13,02/09/2021,Spring,2021,0,800.1384464,1
T36849,P00025,Electric Kettle,Home Decor,17.80959539,12,12/12/2019,Fall,2019,0,213.7151447,1
T28084,P00029,Raincoat,Clothing,135.1673511,13,22/11/2018,Summer,2018,10,1757.175564,1
T81528,P00039,Blender,Home Decor,46.10486443,17,27/05/2019,Summer,2019,0,783.7826953,1
T21946,P00010,Wi-Fi Router,Electronics,30.79698604,8,07/10/2020,Summer,2020,20,246.3758883,1
T66255,P00001,Mechanical Keyboard,Electronics,68.44754563,12,19/11/2015,Fall,2015,0,821.3705476,3
T14279,P00029,HD Webcam,Accessories,31.85465898,6,06/05/2020,Spring,2020,0,191.1279539,1
T92075,P00011,USB Flash Drive,Accessories,51.47315182,20,10/07/2020,Spring,2020,0,1029.463036,1
T86832,P00020,Mystery Novel,Books,53.08479096,6,29/09/2019,Summer,2019,10,318.5087458,1
T49458,P00015,Leather Loafers,Footwear,73.85876321,10,09/03/2019,Summer,2019,0,738.5876321,1
T70941,P00052,Dress Shoes,Footwear,265.9571248,18,31/05/2019,Winter,2019,20,4787.228246,1
T38982,P00025,HD Webcam,Accessories,57.32389506,2,24/12/2020,Fall,2020,0,114.6477901,1
T38647,P00053,Cordless Vacuum,Home Decor,88.01054001,16,03/06/2023,Winter,2023,0,1408.16864,1
T85329,P00056,Smart Thermostat,Electronics,33.62821259,12,01/05/2018,Winter,2018,10,403.5385511,1
T58858,P00043,Smartphone Case,Accessories,25.51023509,1,03/11/2015,Winter,2015,0,25.51023509,2
T69904,P00005,Wireless Keyboard,Accessories,11.62149829,18,05/10/2015,Winter,2015,20,209.1869692,1
T48505,P00023,Self-Help Book,Books,18.44781938,1,09/12/2015,Spring,2015,30,18.44781938,1
T69789,P00021,Wireless Keyboard,Accessories,23.27235444,11,04/05/2018,Summer,2018,0,255.9958988,1
T69120,P00055,Leather Loafers,Footwear,46.68527965,1,01/03/2019,Summer,2019,0,46.68527965,3
T16300,P00054,LED Desk Lamp,Home Decor,90.71913656,2,19/02/2023,Spring,2023,0,181.4382731,2
T13536,P00051,Sweatpants,Clothing,183.616087,18,10/11/2022,Fall,2022,10,3305.089566,2
T10796,P00017,Fiction Novel,Books,94.3626405,15,30/01/2019,Fall,2019,20,1415.439608,1
T96807,P00015,Gaming Mouse,Accessories,96.38747529,4,27/08/2020,Spring,2020,0,385.5499012,3
T62601,P00057,Monitor Arm,Electronics,57.70221731,16,13/06/2020,Winter,2020,0,923.235477,1
T94696,P00028,Leather Loafers,Footwear,60.97836786,18,20/10/2015,Winter,2015,10,1097.610621,2
T49324,P00015,Biography,Books,22.3346834,10,17/12/2021,Summer,2021,0,223.346834,1
T60030,P00005,Toaster Oven,Home Decor,79.54807948,18,28/01/2017,Fall,2017,0,1431.865431,4
T33966,P00018,Raincoat,Clothing,173.3098806,10,31/10/2023,Summer,2023,0,1733.098806,1
T47642,P00007,Mystery Novel,Books,80.62429876,14,23/03/2017,Summer,2017,10,1128.740183,4
T84453,P00046,Water Filter Pitcher,Home Decor,85.11182785,20,07/01/2020,Spring,2020,0,1702.236557,2
T57583,P00029,E-Reader,Electronics,34.89132839,5,09/02/2018,Spring,2018,0,174.456642,1
T99730,P00036,Mechanical Keyboard,Electronics,51.94592059,4,15/10/2023,Summer,2023,0,207.7836824,1
T54740,P00004,Biography,Books,51.32794451,7,19/01/2019,Summer,2019,0,359.2956116,1
T36027,P00004,Hiking Boots,Footwear,298.7029359,4,19/10/2022,Fall,2022,10,1194.811744,4
T30819,P00010,Fiction Novel,Books,95.42602181,6,03/09/2015,Fall,2015,30,572.5561309,1
T22817,P00023,Mystery Novel,Books,63.86374958,15,08/03/2018,Spring,2018,0,957.9562437,2
T41103,P00019,Toaster Oven,Home Decor,22.41758198,10,11/01/2022,Fall,2022,0,224.1758198,4
T96366,P00059,Water Filter Pitcher,Home Decor,33.27364348,8,27/03/2023,Fall,2023,0,266.1891478,1
T58252,P00045,T-Shirt,Clothing,82.29588767,8,22/09/2018,Fall,2018,0,658.3671014,1
T83508,P00013,Smartphone Case,Accessories,88.58904937,4,06/11/2020,Winter,2020,10,354.3561975,2
T35560,P00056,Hiking Boots,Footwear,85.43040207,13,02/01/2020,Winter,2020,0,1110.595227,1
T75114,P00017,Coffee Maker,Home Decor,41.44462225,3,01/07/2018,Summer,2018,0,124.3338668,1
T87353,P00015,HD Webcam,Accessories,93.42191698,19,26/10/2015,Fall,2015,0,1775.016423,1
T92385,P00041,HD Webcam,Accessories,68.21524329,19,14/01/2021,Summer,2021,0,1296.089623,1
T75277,P00020,Fitness Tracker,Electronics,44.85009746,3,05/03/2022,Spring,2022,0,134.5502924,4
T61553,P00007,Soundbar,Electronics,26.96699,15,20/11/2021,Spring,2021,10,404.50485,1
T87448,P00017,Cookbook,Books,30.05204837,13,18/06/2022,Fall,2022,0,390.6766288,2
T34321,P00015,Denim Jeans,Clothing,180.2941771,12,09/02/2018,Summer,2018,30,2163.530125,1
T79276,P00031,Air Fryer,Home Decor,42.12950747,13,09/08/2019,Fall,2019,10,547.6835971,2
T28149,P00054,Casual Sneakers,Footwear,210.1010631,18,21/08/2020,Spring,2020,0,3781.819136,1
T13470,P00026,HD Webcam,Accessories,13.67865797,14,08/05/2019,Fall,2019,0,191.5012116,1
T85627,P00006,Raincoat,Clothing,141.202001,6,13/12/2015,Spring,2015,0,847.212006,1
T72455,P00009,Flip-Flops,Footwear,182.7619506,17,16/01/2022,Spring,2022,20,3106.95316,2
T38422,P00013,Wireless Keyboard,Accessories,98.0260578,10,22/10/2017,Winter,2017,0,980.260578,3
T96000,P00025,HD Webcam,Accessories,87.95038404,13,30/12/2019,Winter,2019,0,1143.354993,1
T38393,P00010,Cutting Board,Home Decor,15.37645652,2,26/04/2019,Spring,2019,0,30.75291304,4
T80976,P00002,Flip-Flops,Footwear,117.4898184,14,28/12/2019,Fall,2019,0,1644.857458,2
T18103,P00006,HD Webcam,Accessories,71.38744328,12,27/02/2023,Spring,2023,0,856.6493194,1
T77771,P00020,Fiction Novel,Books,65.55021275,9,28/12/2021,Summer,2021,10,589.9519148,1
T12114,P00019,VR Headset,Electronics,55.27452332,5,12/05/2018,Spring,2018,30,276.3726166,1
T13654,P00023,Science Textbook,Books,73.78208741,14,05/01/2017,Spring,2017,0,1032.949224,2
T60937,P00023,Soundbar,Electronics,35.34433742,13,18/10/2019,Spring,2019,10,459.4763865,1
T54891,P00027,Microwave Oven,Home Decor,41.33147721,12,30/09/2022,Summer,2022,0,495.9777265,3
T77452,P00010,Laptop Stand,Accessories,96.98179936,2,28/07/2022,Summer,2022,0,193.9635987,2
T70996,P00041,Mystery Novel,Books,43.44238894,3,27/08/2022,Winter,2022,20,130.3271668,1
T36179,P00008,Coffee Maker,Home Decor,12.90642851,10,18/10/2018,Summer,2018,0,129.0642851,1
T26679,P00050,Wireless Keyboard,Accessories,50.12991599,11,17/01/2017,Fall,2017,0,551.4290759,1
T82900,P00035,Running Shoes,Footwear,245.2715374,17,17/10/2020,Summer,2020,0,4169.616136,2
T68700,P00042,Wireless Earbuds,Electronics,96.81964126,7,07/11/2023,Winter,2023,0,677.7374888,1
T14164,P00012,USB Flash Drive,Accessories,80.44144845,7,07/12/2018,Winter,2018,30,563.0901392,1
T45728,P00036,Smart Thermostat,Electronics,36.87655934,17,06/10/2023,Winter,2023,10,626.9015088,2
T24581,P00024,T-Shirt,Clothing,139.3646208,4,11/04/2019,Spring,2019,0,557.4584832,1
T87806,P00039,Hiking Boots,Footwear,299.4556416,5,20/07/2019,Spring,2019,10,1497.278208,1
T41659,P00029,4K TV,Electronics,22.48641201,13,25/04/2018,Spring,2018,0,292.3233561,2
T60321,P00043,Water Filter Pitcher,Home Decor,27.21929524,16,03/01/2021,Fall,2021,0,435.5087238,1
T94326,P00018,Hiking Boots,Footwear,186.9915314,4,09/01/2021,Spring,2021,0,747.9661256,1
T99314,P00020,Leather Loafers,Footwear,62.20779486,5,03/09/2018,Summer,2018,0,311.0389743,1
T14936,P00041,Soundbar,Electronics,69.0406938,13,22/10/2023,Spring,2023,0,897.5290194,1
T47347,P00025,USB Flash Drive,Accessories,82.33966458,5,02/05/2017,Fall,2017,0,411.6983229,2
T67191,P00041,USB Flash Drive,Accessories,48.95136318,18,14/06/2019,Spring,2019,20,881.1245372,1
T98201,P00015,Mechanical Keyboard,Electronics,60.46165737,3,24/03/2022,Winter,2022,0,181.3849721,2
T39997,P00038,Children's Book,Books,28.77449968,17,27/11/2015,Fall,2015,0,489.1664946,1
T91757,P00060,Mystery Novel,Books,40.88744186,13,25/11/2021,Spring,2021,0,531.5367442,1
T38078,P00020,Running Shoes,Footwear,170.7075959,19,19/04/2022,Fall,2022,10,3243.444322,1
T73369,P00017,Coffee Maker,Home Decor,23.94079169,7,14/09/2020,Summer,2020,0,167.5855418,1
T24020,P00012,Air Fryer,Home Decor,65.12678518,5,15/06/2019,Fall,2019,20,325.6339259,1
T26719,P00046,Denim Jeans,Clothing,199.860527,11,03/06/2019,Winter,2019,0,2198.465797,2
T37762,P00053,Biography,Books,68.72814684,11,09/07/2023,Summer,2023,0,756.0096152,1
T22860,P00038,Hiking Boots,Footwear,127.4130646,12,20/12/2022,Fall,2022,0,1528.956775,4
T28135,P00014,LED Desk Lamp,Home Decor,39.85718425,7,24/08/2017,Winter,2017,20,279.0002898,4
T91733,P00055,Soundbar,Electronics,93.84429903,1,31/10/2015,Fall,2015,10,93.84429903,1
T69186,P00023,Winter Jacket,Clothing,176.2301438,1,18/02/2020,Fall,2020,0,176.2301438,4
T95428,P00018,Running Shoes,Footwear,154.8986206,13,10/01/2018,Summer,2018,0,2013.682068,1
T45880,P00042,Leather Loafers,Footwear,122.1890052,11,18/06/2018,Fall,2018,0,1344.079057,1
T12949,P00060,Portable Fan,Home Decor,73.94178552,17,05/05/2020,Spring,2020,10,1257.010354,1
T77574,P00011,Blender,Home Decor,38.3052228,6,08/04/2017,Spring,2017,0,229.8313368,1
T34064,P00007,Monitor Arm,Electronics,49.08663839,2,22/10/2019,Spring,2019,0,98.17327678,1
T32951,P00003,Mechanical Keyboard,Electronics,29.51323533,10,17/02/2019,Summer,2019,0,295.1323533,3
T59644,P00044,Air Fryer,Home Decor,10.55261464,13,06/08/2020,Spring,2020,0,137.1839903,1
T43093,P00028,T-Shirt,Clothing,128.6730543,8,15/04/2017,Summer,2017,0,1029.384434,2
T68705,P00014,Dress Shoes,Footwear,76.70694039,15,24/08/2021,Fall,2021,10,1150.604106,1
T92008,P00058,Shorts,Clothing,90.77061683,8,24/05/2019,Fall,2019,0,726.1649346,1
T30834,P00043,4K TV,Electronics,12.29314902,13,26/02/2017,Summer,2017,0,159.8109373,1
T98839,P00014,Dish Drying Rack,Home Decor,29.77947255,15,02/05/2015,Spring,2015,0,446.6920883,4
T57279,P00012,Science Textbook,Books,72.28607358,4,27/03/2015,Winter,2015,0,289.1442943,3
T34844,P00046,Gaming Mouse,Accessories,28.14579089,7,19/07/2018,Winter,2018,0,197.0205362,1
T38088,P00056,Casual Sneakers,Footwear,39.82592619,3,18/08/2020,Fall,2020,0,119.4777786,1
T62919,P00034,Cookbook,Books,65.59355993,12,07/01/2015,Spring,2015,20,787.1227192,1
T45763,P00044,Fiction Novel,Books,56.65193115,16,21/10/2022,Summer,2022,10,906.4308984,4
T10429,P00004,Casual Sneakers,Footwear,237.4736318,4,18/06/2018,Fall,2018,20,949.8945272,1
T31198,P00038,Mystery Novel,Books,96.39417284,11,14/09/2023,Winter,2023,0,1060.335901,2
T75536,P00058,Fitness Tracker,Electronics,15.13157896,17,15/03/2019,Spring,2019,0,257.2368423,4
T76090,P00018,Sweatpants,Clothing,22.21304267,6,11/12/2020,Fall,2020,0,133.278256,1
T53735,P00019,Cookbook,Books,98.84773432,17,16/10/2023,Spring,2023,0,1680.411483,1
T84415,P00045,Laptop Stand,Accessories,68.03630899,16,14/05/2017,Winter,2017,0,1088.580944,1
T99718,P00043,Smart Thermostat,Electronics,74.38334857,1,08/03/2020,Winter,2020,10,74.38334857,1
T76067,P00033,Leather Loafers,Footwear,51.53255543,5,30/05/2015,Winter,2015,0,257.6627772,2
T32433,P00051,Sweatpants,Clothing,27.91534781,11,11/07/2018,Spring,2018,10,307.0688259,2
T20020,P00050,Hoodie,Clothing,44.64691488,14,13/06/2023,Winter,2023,0,625.0568083,2
T22598,P00014,Winter Jacket,Clothing,94.03118652,18,29/12/2022,Fall,2022,10,1692.561357,1
T69426,P00046,Smart Thermostat,Electronics,19.91585645,13,15/02/2017,Fall,2017,0,258.9061339,1
T53678,P00009,Smartwatch,Electronics,60.53823128,4,12/12/2017,Spring,2017,0,242.1529251,1
T56396,P00013,HD Webcam,Accessories,10.02996711,15,17/10/2021,Fall,2021,0,150.4495067,2
T72001,P00043,Cookbook,Books,20.28210677,5,13/09/2019,Winter,2019,0,101.4105339,1
T48769,P00012,Fiction Novel,Books,14.79968134,4,15/01/2020,Winter,2020,0,59.19872536,1
T76239,P00036,Dress Shoes,Footwear,88.74400738,5,20/06/2018,Fall,2018,0,443.7200369,1
T11791,P00015,Wireless Keyboard,Accessories,48.66412728,6,07/03/2020,Summer,2020,20,291.9847637,3
T44778,P00053,Portable Fan,Home Decor,74.33534781,13,23/06/2020,Summer,2020,0,966.3595215,1
T90438,P00014,Travel Guide,Books,21.94197506,4,15/11/2017,Spring,2017,0,87.76790024,2
T48846,P00054,Flip-Flops,Footwear,227.9386073,19,08/12/2015,Spring,2015,20,4330.833539,1
T65834,P00017,Raincoat,Clothing,23.08925365,9,25/06/2023,Summer,2023,0,207.8032829,1
T88748,P00018,Hiking Boots,Footwear,146.1797639,12,11/03/2023,Spring,2023,0,1754.157167,2
T87897,P00060,Hoodie,Clothing,137.1122103,1,21/02/2023,Summer,2023,0,137.1122103,1
T67891,P00002,Winter Jacket,Clothing,196.0249299,20,21/07/2015,Summer,2015,10,3920.498598,1
T61005,P00041,Wi-Fi Router,Electronics,45.6132839,1,14/04/2022,Fall,2022,0,45.6132839,3
T50842,P00047,Shorts,Clothing,128.9472484,12,30/10/2019,Summer,2019,0,1547.366981,3
T26939,P00034,Formal Suit,Clothing,179.8008023,9,15/04/2015,Summer,2015,0,1618.207221,1
T57439,P00027,Science Textbook,Books,53.14796507,19,10/06/2017,Winter,2017,10,1009.811336,2
T12029,P00040,Toaster Oven,Home Decor,33.51171978,1,25/06/2023,Fall,2023,0,33.51171978,2
T39115,P00033,Wireless Earbuds,Electronics,22.33899521,12,06/06/2022,Winter,2022,20,268.0679425,1
T86891,P00041,Formal Suit,Clothing,148.7264869,5,27/08/2015,Fall,2015,0,743.6324345,3
T60435,P00016,External Hard Drive,Accessories,97.27927419,5,25/02/2021,Winter,2021,0,486.396371,1
T39876,P00014,Sweatpants,Clothing,174.4357574,1,26/11/2017,Fall,2017,0,174.4357574,1
T47784,P00015,Flip-Flops,Footwear,81.16626269,2,22/06/2022,Spring,2022,0,162.3325254,3
T20435,P00002,Travel Guide,Books,36.01911285,17,22/03/2020,Spring,2020,10,612.3249185,1
T22445,P00038,Denim Jeans,Clothing,141.44243,17,17/10/2020,Summer,2020,0,2404.52131,2
T15853,P00043,Dish Drying Rack,Home Decor,69.92249144,15,14/09/2023,Spring,2023,10,1048.837372,1
T65440,P00034,USB Flash Drive,Accessories,34.51875426,7,22/04/2021,Spring,2021,0,241.6312798,2
T62919,P00020,Running Shoes,Footwear,89.45687056,17,29/03/2020,Fall,2020,20,1520.7668,1
T20243,P00006,External Hard Drive,Accessories,19.35439863,11,15/02/2022,Spring,2022,10,212.8983849,1
T63633,P00026,LED Desk Lamp,Home Decor,87.2605953,9,17/12/2015,Fall,2015,10,785.3453577,4
T21227,P00032,Laptop Stand,Accessories,14.48644552,2,28/08/2023,Winter,2023,0,28.97289104,1
T70918,P00022,Science Textbook,Books,17.98670499,19,28/01/2023,Spring,2023,10,341.7473948,1
T93070,P00053,Smartwatch,Electronics,31.49668318,13,18/05/2018,Winter,2018,0,409.4568813,1
T33305,P00059,Wireless Keyboard,Accessories,89.88924956,15,10/11/2023,Winter,2023,0,1348.338743,1
T10745,P00015,4K TV,Electronics,39.96463244,14,22/04/2017,Summer,2017,10,559.5048542,1
T16502,P00040,Fitness Tracker,Electronics,74.39999462,1,08/01/2019,Spring,2019,0,74.39999462,1
T16713,P00050,LED Desk Lamp,Home Decor,38.71627794,11,28/05/2021,Summer,2021,10,425.8790573,1
T27053,P00001,Leather Loafers,Footwear,116.6758255,17,31/03/2022,Summer,2022,0,1983.489034,2
T93264,P00009,Wi-Fi Router,Electronics,76.50789363,1,09/03/2020,Winter,2020,0,76.50789363,2
T38717,P00050,Children's Book,Books,32.6487534,19,19/04/2017,Spring,2017,0,620.3263146,1
T75193,P00059,T-Shirt,Clothing,180.9006088,9,08/08/2015,Winter,2015,0,1628.105479,1
T16367,P00007,VR Headset,Electronics,60.52795102,6,31/05/2021,Spring,2021,30,363.1677061,2
T60217,P00044,Dress Shoes,Footwear,172.9037206,11,15/08/2015,Winter,2015,0,1901.940927,2
T62353,P00054,Science Textbook,Books,33.82770116,16,06/04/2022,Spring,2022,0,541.2432186,1
T56852,P00020,VR Headset,Electronics,85.15849061,10,25/03/2022,Fall,2022,0,851.5849061,4
T40220,P00007,T-Shirt,Clothing,120.9586669,13,29/11/2023,Fall,2023,10,1572.46267,1
T25606,P00001,Toaster Oven,Home Decor,23.99648931,10,12/08/2017,Spring,2017,0,239.9648931,1
T90790,P00042,Flip-Flops,Footwear,81.73201524,13,22/03/2021,Spring,2021,0,1062.516198,1
T19159,P00012,E-Reader,Electronics,52.14303179,3,19/04/2021,Winter,2021,20,156.4290954,4
T57266,P00040,Laptop Stand,Accessories,80.16776402,1,03/03/2017,Spring,2017,0,80.16776402,1
T52942,P00024,Fitness Tracker,Electronics,94.53657463,3,28/11/2021,Winter,2021,0,283.6097239,2
T73861,P00008,Formal Suit,Clothing,137.7472466,6,22/08/2017,Fall,2017,0,826.4834796,1
T77931,P00052,T-Shirt,Clothing,108.6365012,5,24/07/2017,Summer,2017,0,543.182506,1
T70373,P00015,Hoodie,Clothing,61.38541584,12,02/02/2021,Winter,2021,0,736.6249901,1
T45825,P00044,HD Webcam,Accessories,70.55811644,9,18/11/2023,Spring,2023,0,635.023048,3
T65873,P00015,Dish Drying Rack,Home Decor,98.40157803,1,25/07/2022,Spring,2022,20,98.40157803,1
T31632,P00038,Shorts,Clothing,103.101158,1,22/04/2021,Spring,2021,0,103.101158,1
T28628,P00021,Mystery Novel,Books,24.5927691,2,11/01/2017,Summer,2017,10,49.1855382,1
T44436,P00027,Monitor Arm,Electronics,19.30065233,7,14/08/2017,Summer,2017,0,135.1045663,3
T48890,P00034,Smart Thermostat,Electronics,95.2124771,8,17/01/2023,Spring,2023,0,761.6998168,1
T87868,P00034,Sweatpants,Clothing,70.34554037,11,16/10/2022,Summer,2022,0,773.8009441,4
T99866,P00025,Raincoat,Clothing,71.4973667,15,23/03/2017,Summer,2017,0,1072.460501,3
T63921,P00045,Shorts,Clothing,104.0182369,5,22/07/2019,Fall,2019,20,520.0911845,2
T44403,P00022,Denim Jeans,Clothing,184.930332,4,27/07/2019,Spring,2019,20,739.721328,1
T70821,P00045,Hoodie,Clothing,92.52518436,6,18/02/2017,Summer,2017,0,555.1511062,1
T98816,P00037,Mystery Novel,Books,30.09064527,1,10/06/2020,Fall,2020,0,30.09064527,4
T26776,P00012,4K TV,Electronics,24.68178235,3,12/10/2019,Winter,2019,0,74.04534705,1
T31465,P00028,Running Shoes,Footwear,150.6792265,15,04/12/2023,Fall,2023,10,2260.188398,1
T37811,P00048,Water Filter Pitcher,Home Decor,82.06096922,5,20/05/2019,Spring,2019,0,410.3048461,1
T89515,P00003,Running Shoes,Footwear,105.1219113,20,25/12/2015,Winter,2015,0,2102.438226,4
T87150,P00034,External Hard Drive,Accessories,64.27074452,16,07/08/2022,Spring,2022,0,1028.331912,1
T18711,P00013,Gaming Mouse,Accessories,92.95711101,7,22/04/2020,Summer,2020,0,650.6997771,1
T64460,P00042,Hoodie,Clothing,149.889861,17,09/02/2018,Summer,2018,0,2548.127637,4
T58122,P00021,Soundbar,Electronics,67.24387049,8,30/11/2022,Fall,2022,0,537.9509639,3
T49452,P00047,Running Shoes,Footwear,299.463206,2,25/11/2021,Summer,2021,30,598.926412,2
T57910,P00017,Wireless Earbuds,Electronics,51.0679121,8,23/05/2020,Winter,2020,10,408.5432968,1
T97961,P00056,Monitor Arm,Electronics,48.2475136,5,03/03/2023,Summer,2023,0,241.237568,4
T43518,P00030,Laptop Stand,Accessories,42.41258795,19,02/06/2015,Summer,2015,0,805.8391711,1
T91509,P00058,Shorts,Clothing,81.90126498,14,19/03/2021,Fall,2021,20,1146.61771,3
T86028,P00035,Monitor Arm,Electronics,34.81931896,1,23/01/2019,Winter,2019,0,34.81931896,4
T24950,P00031,Dress Shoes,Footwear,294.6732844,6,05/07/2021,Winter,2021,0,1768.039706,2
T32271,P00016,Microwave Oven,Home Decor,88.37038309,1,18/01/2021,Winter,2021,20,88.37038309,3
T51038,P00016,Self-Help Book,Books,38.50057045,17,31/07/2023,Winter,2023,10,654.5096977,2
T44502,P00037,Dress Shoes,Footwear,108.9379873,18,29/07/2023,Fall,2023,30,1960.883771,1
T41258,P00028,Hiking Boots,Footwear,53.47184648,3,27/02/2017,Winter,2017,20,160.4155394,2
T31568,P00032,Hoodie,Clothing,177.2507092,9,30/06/2022,Spring,2022,20,1595.256383,1
T12739,P00026,Portable Fan,Home Decor,43.45894457,19,10/09/2017,Fall,2017,0,825.7199468,1
T50077,P00043,External Hard Drive,Accessories,61.53538529,3,08/08/2018,Winter,2018,0,184.6061559,1
T81202,P00034,Denim Jeans,Clothing,181.5698798,6,24/08/2023,Fall,2023,0,1089.419279,1
T87021,P00007,Portable Fan,Home Decor,46.72905836,6,26/11/2021,Winter,2021,0,280.3743502,3
T35823,P00002,Smartphone Case,Accessories,48.72570636,1,28/06/2023,Fall,2023,0,48.72570636,1
T97604,P00054,Microwave Oven,Home Decor,73.08468451,19,09/11/2015,Spring,2015,0,1388.609006,1
T86185,P00009,USB Flash Drive,Accessories,48.80659665,12,16/08/2021,Winter,2021,0,585.6791598,1
T63682,P00017,Raincoat,Clothing,87.66043989,6,22/07/2017,Summer,2017,0,525.9626393,4
T39707,P00029,Running Shoes,Footwear,297.4450409,8,19/02/2015,Fall,2015,0,2379.560327,1
T39492,P00009,Winter Jacket,Clothing,128.2847208,14,19/08/2015,Winter,2015,0,1795.986091,2
T96144,P00056,Hiking Boots,Footwear,95.9003562,5,15/10/2017,Spring,2017,0,479.501781,1
T91466,P00034,4K TV,Electronics,13.57897332,2,22/07/2019,Summer,2019,0,27.15794664,4
T17267,P00039,Smart Thermostat,Electronics,43.49416854,4,22/08/2023,Summer,2023,0,173.9766742,4
T47516,P00002,Raincoat,Clothing,166.9320203,2,20/11/2018,Spring,2018,0,333.8640406,1
T26617,P00014,Microwave Oven,Home Decor,42.74816146,9,07/11/2017,Winter,2017,0,384.7334531,1
T83471,P00057,USB Flash Drive,Accessories,43.59962732,1,15/12/2019,Spring,2019,0,43.59962732,3
T73655,P00024,Travel Guide,Books,80.12629058,19,18/03/2023,Fall,2023,20,1522.399521,1
T38985,P00015,Laptop Stand,Accessories,54.05199911,13,31/12/2023,Spring,2023,0,702.6759884,2
T72278,P00005,Smartwatch,Electronics,89.64052935,3,02/07/2022,Winter,2022,0,268.9215881,1
T92275,P00026,Electric Kettle,Home Decor,63.1122181,4,25/04/2019,Fall,2019,0,252.4488724,1
T59281,P00028,Formal Suit,Clothing,59.5192905,12,14/04/2021,Summer,2021,0,714.231486,1
T84620,P00059,Microwave Oven,Home Decor,61.14446689,7,21/06/2023,Spring,2023,0,428.0112682,1
T25075,P00032,Bluetooth Speaker,Electronics,10.36015083,16,28/02/2015,Fall,2015,0,165.7624133,1
T11038,P00056,E-Reader,Electronics,38.11576372,11,14/06/2020,Summer,2020,0,419.2734009,1
T61770,P00008,T-Shirt,Clothing,53.47118299,9,29/07/2023,Winter,2023,0,481.2406469,1
T92014,P00021,Children's Book,Books,68.876907,19,09/10/2017,Fall,2017,0,1308.661233,2
T49475,P00059,Formal Suit,Clothing,40.16713795,8,10/12/2018,Spring,2018,0,321.3371036,2
T22091,P00046,Gaming Mouse,Accessories,36.10877021,8,04/06/2019,Fall,2019,0,288.8701617,1
T47046,P00002,Fitness Tracker,Electronics,38.00135152,14,11/10/2015,Winter,2015,0,532.0189213,1
T98948,P00018,Gaming Mouse,Accessories,30.01208079,8,25/02/2020,Summer,2020,0,240.0966463,1
T78688,P00053,Leather Loafers,Footwear,67.3944555,4,08/07/2017,Summer,2017,0,269.577822,2
T88151,P00038,Fitness Tracker,Electronics,85.19832652,14,05/07/2015,Spring,2015,10,1192.776571,1
T49310,P00012,Children's Book,Books,71.4987618,5,08/06/2017,Summer,2017,0,357.493809,4
T72631,P00056,External Hard Drive,Accessories,53.57057779,1,31/03/2023,Winter,2023,10,53.57057779,1
T58828,P00056,Self-Help Book,Books,91.79872986,19,10/08/2022,Winter,2022,0,1744.175867,4
T90353,P00011,Raincoat,Clothing,20.46726632,6,12/09/2023,Fall,2023,20,122.8035979,1
T76915,P00026,Sweatpants,Clothing,78.81296315,4,01/01/2023,Winter,2023,0,315.2518526,1
T67133,P00018,USB Flash Drive,Accessories,84.10453458,6,31/08/2023,Summer,2023,0,504.6272075,1
T55059,P00013,Travel Guide,Books,66.54600951,7,05/04/2022,Fall,2022,0,465.8220666,1
T48366,P00055,Cutting Board,Home Decor,98.3518691,10,13/12/2017,Summer,2017,0,983.518691,1
T63984,P00049,Sweatpants,Clothing,189.7352608,2,24/12/2023,Summer,2023,30,379.4705216,1
T44164,P00039,Cookbook,Books,25.2948242,2,20/10/2021,Winter,2021,0,50.5896484,2
T71102,P00030,Shorts,Clothing,194.8175945,6,03/02/2019,Spring,2019,0,1168.905567,1
T29429,P00031,Shorts,Clothing,189.9239354,6,14/11/2015,Fall,2015,0,1139.543612,2
T88529,P00029,Fiction Novel,Books,98.45922625,8,31/07/2017,Spring,2017,0,787.67381,4
T46844,P00038,Cordless Vacuum,Home Decor,69.46754994,1,02/09/2018,Winter,2018,0,69.46754994,1
T93595,P00057,Gaming Mouse,Accessories,33.95330238,18,14/05/2020,Summer,2020,20,611.1594428,1
T18647,P00028,Denim Jeans,Clothing,38.95067287,18,21/10/2020,Spring,2020,0,701.1121117,1
T87834,P00006,Formal Suit,Clothing,121.8439611,5,03/03/2019,Summer,2019,0,609.2198055,1
T71766,P00033,HD Webcam,Accessories,37.57152774,4,21/06/2021,Spring,2021,10,150.286111,1
T48726,P00006,Laptop Stand,Accessories,70.01428094,11,14/01/2020,Summer,2020,0,770.1570903,2
T50697,P00034,Hoodie,Clothing,114.8964946,13,01/08/2022,Summer,2022,0,1493.65443,4
T63602,P00036,Denim Jeans,Clothing,87.62903917,19,11/01/2018,Spring,2018,0,1664.951744,1
T41553,P00028,Wireless Earbuds,Electronics,26.36399452,8,19/02/2021,Summer,2021,0,210.9119562,4
T32353,P00008,HD Webcam,Accessories,64.11251777,13,18/03/2017,Spring,2017,0,833.462731,4
T75826,P00008,Wireless Keyboard,Accessories,84.63075665,18,08/02/2018,Spring,2018,20,1523.35362,3
T25742,P00034,Digital Camera,Electronics,64.94703002,3,14/10/2017,Winter,2017,0,194.8410901,1
T25304,P00031,LED Desk Lamp,Home Decor,56.06536277,8,31/01/2018,Winter,2018,10,448.5229022,1
T41642,P00035,Laptop Stand,Accessories,44.94161056,3,05/12/2020,Fall,2020,30,134.8248317,2
T69181,P00014,Winter Jacket,Clothing,99.6297377,1,28/08/2020,Fall,2020,0,99.6297377,1
T51332,P00059,Biography,Books,99.05875814,15,11/02/2015,Spring,2015,0,1485.881372,1
T80815,P00039,Shorts,Clothing,153.6886729,5,09/04/2023,Fall,2023,0,768.4433645,1
T57101,P00025,Wi-Fi Router,Electronics,48.75035176,1,27/02/2018,Spring,2018,20,48.75035176,1
T30687,P00007,Running Shoes,Footwear,150.75651,18,09/09/2021,Summer,2021,20,2713.61718,2
T20732,P00019,Hoodie,Clothing,107.4319214,9,06/12/2023,Fall,2023,0,966.8872926,1
T61161,P00037,4K TV,Electronics,69.33827749,5,23/11/2020,Fall,2020,0,346.6913875,2
T22515,P00049,USB Flash Drive,Accessories,51.93624108,6,11/12/2022,Summer,2022,0,311.6174465,2
T92678,P00007,Portable Fan,Home Decor,71.75612066,5,14/04/2020,Summer,2020,10,358.7806033,1
T97762,P00043,Cookbook,Books,39.6269026,4,15/09/2020,Spring,2020,0,158.5076104,1
T19215,P00057,Gaming Mouse,Accessories,46.95756688,17,23/10/2018,Spring,2018,0,798.278637,2
T82153,P00044,External Hard Drive,Accessories,87.76478122,4,03/06/2023,Winter,2023,30,351.0591249,1
T67711,P00044,Biography,Books,39.60150892,11,27/07/2023,Fall,2023,0,435.6165981,1
T83639,P00059,Bluetooth Speaker,Electronics,96.79930599,2,31/10/2020,Summer,2020,0,193.598612,1
T56787,P00022,External Hard Drive,Accessories,31.75118341,12,29/07/2019,Spring,2019,0,381.0142009,1
T20027,P00046,Denim Jeans,Clothing,100.7807539,18,08/03/2022,Fall,2022,0,1814.05357,1
T13263,P00033,Biography,Books,81.76678534,8,26/06/2019,Spring,2019,0,654.1342827,1
T67095,P00058,Soundbar,Electronics,25.70194159,17,20/01/2017,Winter,2017,20,436.933007,3
T55430,P00028,Running Shoes,Footwear,90.08838214,14,30/07/2017,Summer,2017,0,1261.23735,1
T95845,P00014,Fiction Novel,Books,61.77366901,2,10/02/2017,Spring,2017,0,123.547338,3
T91246,P00026,Blender,Home Decor,36.56482708,1,03/11/2017,Summer,2017,0,36.56482708,1
T83054,P00006,Fitness Tracker,Electronics,48.0092792,4,20/09/2022,Summer,2022,10,192.0371168,2
T64602,P00022,Mechanical Keyboard,Electronics,63.48214048,15,07/01/2023,Fall,2023,0,952.2321072,2
T87147,P00017,E-Reader,Electronics,32.5946192,11,27/11/2017,Fall,2017,0,358.5408112,1
T40598,P00030,External Hard Drive,Accessories,24.68261292,11,20/05/2020,Winter,2020,0,271.5087421,2
T28064,P00048,Soundbar,Electronics,45.8707049,5,16/12/2017,Spring,2017,0,229.3535245,1
T73491,P00019,Sweatpants,Clothing,30.1748516,4,13/10/2021,Summer,2021,0,120.6994064,1
T72939,P00001,Shorts,Clothing,112.4515567,5,14/06/2017,Fall,2017,10,562.2577835,1
T99014,P00045,Smart Thermostat,Electronics,20.70780935,15,15/01/2017,Winter,2017,0,310.6171403,2
T98116,P00008,Winter Jacket,Clothing,35.85514844,5,13/02/2018,Winter,2018,10,179.2757422,1
T52674,P00033,Toaster Oven,Home Decor,17.2196019,14,26/12/2018,Spring,2018,20,241.0744266,2
T45516,P00050,Casual Sneakers,Footwear,295.4520597,5,21/04/2021,Winter,2021,20,1477.260299,3
T88700,P00031,Microwave Oven,Home Decor,42.24981646,9,07/07/2015,Fall,2015,0,380.2483481,2
T56486,P00001,Raincoat,Clothing,75.82099944,2,28/06/2022,Summer,2022,20,151.6419989,1
T35618,P00055,Flip-Flops,Footwear,50.19873183,7,20/11/2023,Fall,2023,30,351.3911228,2
T54411,P00007,Fiction Novel,Books,62.70770914,10,22/12/2021,Fall,2021,0,627.0770914,1
T39329,P00036,HD Webcam,Accessories,62.72939911,15,06/04/2023,Summer,2023,10,940.9409867,4
T20854,P00050,LED Desk Lamp,Home Decor,54.44252446,4,22/01/2022,Fall,2022,10,217.7700978,1
T52595,P00049,Fiction Novel,Books,37.99181325,5,14/04/2017,Fall,2017,0,189.9590663,1
T77623,P00028,Toaster Oven,Home Decor,38.84530543,8,12/08/2015,Fall,2015,0,310.7624434,2
T65260,P00041,Flip-Flops,Footwear,142.1902623,10,04/10/2017,Summer,2017,0,1421.902623,4
T65806,P00057,HD Webcam,Accessories,40.76092949,17,24/11/2022,Winter,2022,0,692.9358013,1
T72443,P00034,Water Filter Pitcher,Home Decor,70.79655879,10,22/07/2023,Fall,2023,0,707.9655879,2
T46110,P00054,Wireless Keyboard,Accessories,41.57544083,13,11/10/2023,Summer,2023,0,540.4807308,2
T77161,P00013,Travel Guide,Books,49.19138963,16,28/08/2021,Spring,2021,10,787.0622341,1
T45127,P00030,External Hard Drive,Accessories,10.35656508,13,31/01/2022,Summer,2022,30,134.635346,3
T70591,P00024,Water Filter Pitcher,Home Decor,33.02378229,7,06/03/2020,Summer,2020,0,231.166476,2
T15940,P00060,T-Shirt,Clothing,25.38783399,20,14/04/2015,Summer,2015,20,507.7566798,1
T69075,P00026,Science Textbook,Books,91.99191689,4,23/11/2021,Winter,2021,10,367.9676676,1
T49698,P00004,4K TV,Electronics,39.01768605,12,25/04/2017,Spring,2017,0,468.2122326,3
T38864,P00038,Coffee Maker,Home Decor,48.34767373,17,11/02/2023,Fall,2023,0,821.9104534,1
T60134,P00001,Biography,Books,84.46088425,12,18/05/2017,Summer,2017,0,1013.530611,1
T56823,P00052,USB Flash Drive,Accessories,25.01100737,8,08/03/2021,Winter,2021,20,200.088059,2
T62293,P00016,Blender,Home Decor,86.52779286,2,24/06/2022,Summer,2022,0,173.0555857,1
T79526,P00003,Digital Camera,Electronics,31.74741533,8,27/08/2021,Summer,2021,0,253.9793226,1
T58056,P00034,Hoodie,Clothing,123.9720099,4,29/08/2015,Spring,2015,0,495.8880396,1
T77162,P00001,Running Shoes,Footwear,213.5615545,19,23/08/2023,Fall,2023,0,4057.669536,1
T65623,P00041,Electric Kettle,Home Decor,64.68741952,15,17/10/2023,Winter,2023,0,970.3112928,1
T14261,P00015,Casual Sneakers,Footwear,182.3740719,3,09/09/2021,Winter,2021,10,547.1222157,1
T38627,P00023,Science Textbook,Books,28.18742165,6,18/07/2022,Winter,2022,0,169.1245299,1
T28438,P00040,Children's Book,Books,72.01669007,6,15/05/2015,Winter,2015,0,432.1001404,1
T87573,P00041,Microwave Oven,Home Decor,26.81926408,10,18/10/2020,Summer,2020,0,268.1926408,1
T20087,P00036,Science Textbook,Books,60.15228509,9,19/11/2022,Winter,2022,0,541.3705658,2
T61860,P00031,Casual Sneakers,Footwear,203.0910069,9,16/02/2017,Spring,2017,0,1827.819062,2
T14434,P00046,Blender,Home Decor,90.87248624,10,16/02/2020,Spring,2020,0,908.7248624,1
T63335,P00038,4K TV,Electronics,50.51708434,20,27/07/2017,Summer,2017,10,1010.341687,1
T38977,P00032,Biography,Books,79.77999039,6,16/07/2017,Winter,2017,10,478.6799423,1
T78478,P00033,Toaster Oven,Home Decor,25.07774395,12,22/09/2017,Spring,2017,20,300.9329274,2
T58679,P00041,Hoodie,Clothing,43.89634857,5,04/03/2018,Winter,2018,0,219.4817429,1
T25989,P00045,HD Webcam,Accessories,57.23182123,10,08/04/2019,Winter,2019,0,572.3182123,1
T79363,P00026,Gaming Mouse,Accessories,63.67066886,4,18/04/2019,Summer,2019,20,254.6826754,1
T78493,P00040,Dish Drying Rack,Home Decor,36.5438339,1,30/08/2017,Fall,2017,0,36.5438339,4
T71573,P00015,Travel Guide,Books,66.03469497,16,30/04/2020,Summer,2020,0,1056.55512,1
T15554,P00049,Raincoat,Clothing,49.80573735,3,28/06/2018,Winter,2018,0,149.4172121,1
T42328,P00028,Raincoat,Clothing,55.51457618,8,25/05/2015,Summer,2015,30,444.1166094,1
T88988,P00013,Casual Sneakers,Footwear,43.5099443,10,18/11/2023,Spring,2023,0,435.099443,2
T16097,P00034,Smartwatch,Electronics,77.23005275,9,19/10/2015,Fall,2015,0,695.0704748,4
T66955,P00005,Smart Thermostat,Electronics,55.62936733,15,18/12/2022,Spring,2022,30,834.44051,1
T89251,P00030,Formal Suit,Clothing,117.9039793,6,21/05/2022,Fall,2022,0,707.4238758,1
T14193,P00041,Science Textbook,Books,41.88161788,2,22/10/2020,Fall,2020,0,83.76323576,1
T32933,P00022,Soundbar,Electronics,85.34889193,15,29/06/2015,Winter,2015,10,1280.233379,1
T19751,P00009,Casual Sneakers,Footwear,170.2406672,7,29/04/2019,Summer,2019,10,1191.68467,1
T57169,P00006,Dress Shoes,Footwear,33.19794878,18,16/08/2015,Fall,2015,0,597.563078,1
T12984,P00025,Science Textbook,Books,16.68686844,14,28/03/2017,Summer,2017,0,233.6161582,2
T43143,P00022,Mystery Novel,Books,72.636237,19,14/06/2023,Winter,2023,0,1380.088503,1
T55776,P00027,Cookbook,Books,49.35302553,13,23/10/2019,Spring,2019,0,641.5893319,1
T62336,P00059,Flip-Flops,Footwear,93.56239679,9,14/09/2019,Winter,2019,0,842.0615711,1
T34694,P00020,Bluetooth Speaker,Electronics,70.8812411,12,06/07/2022,Summer,2022,10,850.5748932,3
T90280,P00014,Casual Sneakers,Footwear,59.62177227,11,21/10/2020,Spring,2020,0,655.839495,2
T64135,P00060,External Hard Drive,Accessories,87.24220286,12,09/05/2017,Fall,2017,0,1046.906434,1
T57045,P00058,Water Filter Pitcher,Home Decor,32.55507873,3,06/06/2015,Winter,2015,0,97.66523619,1
T58250,P00037,Dress Shoes,Footwear,124.3997561,14,10/11/2023,Summer,2023,0,1741.596585,1
T14165,P00027,Monitor Arm,Electronics,66.93792727,3,23/07/2018,Spring,2018,0,200.8137818,2
T35789,P00004,Smartphone Case,Accessories,10.0926384,1,10/11/2015,Summer,2015,0,10.0926384,2
T87628,P00001,Smartphone Case,Accessories,52.54737529,13,25/07/2017,Winter,2017,0,683.1158788,3
T19293,P00026,Wireless Keyboard,Accessories,90.48240294,3,06/03/2017,Winter,2017,10,271.4472088,1
T57560,P00043,Mystery Novel,Books,71.23740771,16,19/08/2022,Spring,2022,0,1139.798523,4
T83378,P00011,Soundbar,Electronics,44.91103284,17,31/05/2015,Spring,2015,0,763.4875583,4
T68205,P00059,Formal Suit,Clothing,137.1785192,19,27/07/2021,Summer,2021,10,2606.391865,3
T29766,P00031,Water Filter Pitcher,Home Decor,94.29124824,13,30/09/2017,Spring,2017,0,1225.786227,1
T33729,P00048,Shorts,Clothing,49.74398361,10,19/04/2021,Spring,2021,0,497.4398361,1
T46363,P00019,Water Filter Pitcher,Home Decor,57.8627208,7,22/05/2015,Summer,2015,30,405.0390456,1
T94270,P00028,Biography,Books,31.12638231,10,26/11/2022,Fall,2022,0,311.2638231,1
T24487,P00022,Denim Jeans,Clothing,173.0315582,4,05/08/2022,Spring,2022,0,692.1262328,1
T91010,P00043,Water Filter Pitcher,Home Decor,74.89452264,7,08/02/2023,Spring,2023,0,524.2616585,2
T14538,P00054,Digital Camera,Electronics,82.09683282,14,27/04/2017,Fall,2017,0,1149.355659,2
T75559,P00007,Formal Suit,Clothing,189.4571927,5,07/10/2020,Summer,2020,30,947.2859635,4
T37438,P00019,Casual Sneakers,Footwear,88.88491351,6,20/01/2019,Summer,2019,0,533.3094811,1
T85026,P00049,Gaming Mouse,Accessories,14.38472544,15,03/06/2017,Winter,2017,10,215.7708816,1
T39349,P00032,T-Shirt,Clothing,68.81718823,4,02/09/2020,Fall,2020,10,275.2687529,2
T59996,P00014,LED Desk Lamp,Home Decor,45.92253778,5,28/05/2021,Fall,2021,0,229.6126889,1
T81639,P00038,Flip-Flops,Footwear,196.9189468,1,04/11/2020,Summer,2020,0,196.9189468,1
T32487,P00059,Air Fryer,Home Decor,81.79341062,15,17/06/2015,Spring,2015,0,1226.901159,4
T43414,P00023,Shorts,Clothing,79.71360829,13,16/01/2023,Fall,2023,0,1036.276908,2
T98264,P00043,Dress Shoes,Footwear,155.2116714,14,10/09/2017,Spring,2017,0,2172.9634,1
T60049,P00006,T-Shirt,Clothing,160.3114442,5,29/03/2022,Summer,2022,20,801.557221,3
T74691,P00060,Fiction Novel,Books,30.27958537,14,12/11/2022,Winter,2022,30,423.9141952,2
T44329,P00018,Raincoat,Clothing,124.0081031,8,12/11/2020,Summer,2020,0,992.0648248,3
T18389,P00059,E-Reader,Electronics,49.24511475,9,04/07/2019,Spring,2019,10,443.2060328,1
T28569,P00025,Formal Suit,Clothing,190.5459086,12,15/07/2022,Fall,2022,0,2286.550903,2
T90807,P00008,Gaming Mouse,Accessories,42.13274887,10,26/08/2019,Spring,2019,20,421.3274887,1
T44723,P00023,Hiking Boots,Footwear,233.877791,13,29/04/2021,Fall,2021,0,3040.411283,1
T53199,P00021,4K TV,Electronics,14.91184828,11,19/12/2015,Fall,2015,10,164.0303311,1
T88010,P00001,Dish Drying Rack,Home Decor,17.59469932,9,14/02/2023,Summer,2023,0,158.3522939,2
T81170,P00050,Self-Help Book,Books,28.28408394,9,03/10/2015,Spring,2015,20,254.5567555,3
T86834,P00060,Cordless Vacuum,Home Decor,22.88373606,10,16/11/2015,Spring,2015,20,228.8373606,4
T75298,P00031,Dress Shoes,Footwear,115.5771597,18,20/02/2018,Summer,2018,0,2080.388875,3
T37992,P00019,Electric Kettle,Home Decor,64.21262887,13,12/06/2020,Winter,2020,30,834.7641753,1
T86724,P00020,Sweatpants,Clothing,123.7370403,14,22/04/2015,Spring,2015,20,1732.318564,1
T98050,P00047,Winter Jacket,Clothing,36.75759741,1,05/11/2020,Fall,2020,0,36.75759741,1
T48952,P00010,Mystery Novel,Books,64.02028698,15,24/08/2021,Spring,2021,10,960.3043047,1
T52575,P00020,Wireless Keyboard,Accessories,46.87721982,10,17/04/2023,Summer,2023,0,468.7721982,1
T90324,P00021,Hoodie,Clothing,182.0647431,7,06/09/2019,Spring,2019,0,1274.453202,2
T83934,P00016,Smartwatch,Electronics,92.07857765,3,16/04/2023,Winter,2023,20,276.235733,4
T39914,P00017,Fitness Tracker,Electronics,79.1356444,2,27/09/2021,Summer,2021,0,158.2712888,2
T80576,P00025,Casual Sneakers,Footwear,218.3544666,1,22/12/2023,Fall,2023,20,218.3544666,2
T10091,P00044,USB Flash Drive,Accessories,20.34574456,4,20/09/2017,Winter,2017,0,81.38297824,1
T84962,P00050,Sweatpants,Clothing,30.66842914,1,23/08/2018,Fall,2018,0,30.66842914,1
T22056,P00057,Biography,Books,85.67503218,15,20/10/2019,Spring,2019,0,1285.125483,1
T46887,P00060,Sweatpants,Clothing,93.99792604,5,08/05/2019,Winter,2019,0,469.9896302,2
T99756,P00005,Self-Help Book,Books,50.62260477,8,30/11/2017,Winter,2017,0,404.9808382,1
T55794,P00023,Flip-Flops,Footwear,258.1430998,17,12/03/2020,Winter,2020,0,4388.432697,2
T71116,P00058,Hiking Boots,Footwear,195.8935137,3,31/08/2023,Spring,2023,0,587.6805411,1
T44943,P00021,Cutting Board,Home Decor,28.99119061,13,14/03/2023,Winter,2023,0,376.8854779,1
T15338,P00022,LED Desk Lamp,Home Decor,10.57394521,7,29/06/2015,Winter,2015,10,74.01761647,1
T62580,P00004,Denim Jeans,Clothing,104.8381568,2,01/11/2023,Winter,2023,0,209.6763136,2
T37247,P00007,Formal Suit,Clothing,190.7433239,7,25/07/2015,Summer,2015,0,1335.203267,2
T88584,P00038,External Hard Drive,Accessories,74.26115211,3,19/05/2015,Winter,2015,0,222.7834563,1
T97955,P00029,Winter Jacket,Clothing,34.08324224,6,30/04/2017,Summer,2017,0,204.4994534,3
T75334,P00014,Shorts,Clothing,44.88517009,2,06/10/2017,Spring,2017,0,89.77034018,1
T75311,P00013,Wireless Earbuds,Electronics,55.15521821,12,10/02/2020,Winter,2020,0,661.8626185,4
T17933,P00039,Sweatpants,Clothing,186.1017212,3,01/09/2022,Spring,2022,10,558.3051636,1
T17319,P00015,Flip-Flops,Footwear,92.99404972,15,01/04/2022,Spring,2022,10,1394.910746,2
T63198,P00043,Winter Jacket,Clothing,167.7323374,5,15/08/2019,Fall,2019,0,838.661687,1
T11708,P00005,Sweatpants,Clothing,64.93098007,4,28/02/2017,Fall,2017,0,259.7239203,1
T97859,P00055,Casual Sneakers,Footwear,272.8830061,15,29/10/2020,Winter,2020,0,4093.245092,1
T66920,P00054,Hiking Boots,Footwear,37.99143782,7,12/11/2023,Summer,2023,0,265.9400647,1
T73723,P00013,HD Webcam,Accessories,69.46669349,12,29/09/2019,Summer,2019,0,833.6003219,1
T51457,P00010,Hiking Boots,Footwear,36.87106643,1,08/03/2020,Fall,2020,0,36.87106643,4
T23956,P00028,Wireless Keyboard,Accessories,82.06874079,10,11/02/2021,Spring,2021,0,820.6874079,3
T94111,P00038,Hiking Boots,Footwear,253.0861976,3,18/04/2021,Summer,2021,0,759.2585928,2
T40729,P00003,T-Shirt,Clothing,180.2709663,10,16/09/2017,Fall,2017,0,1802.709663,2
T20974,P00032,Soundbar,Electronics,26.74810554,3,13/11/2017,Winter,2017,0,80.24431662,4
T40109,P00051,Dress Shoes,Footwear,59.23699288,9,18/09/2022,Spring,2022,0,533.1329359,1
T40750,P00025,Leather Loafers,Footwear,163.4721378,3,12/06/2019,Spring,2019,0,490.4164134,1
T33568,P00009,Travel Guide,Books,34.44693594,5,07/09/2015,Summer,2015,0,172.2346797,3
T42528,P00007,Wireless Earbuds,Electronics,56.23725615,20,08/10/2020,Winter,2020,0,1124.745123,1
T80898,P00042,Leather Loafers,Footwear,64.83433031,9,23/04/2020,Spring,2020,0,583.5089728,1
T99327,P00041,Winter Jacket,Clothing,151.7650414,14,02/12/2021,Summer,2021,0,2124.71058,1
T40536,P00059,Toaster Oven,Home Decor,82.34059407,11,07/03/2023,Spring,2023,0,905.7465348,4
T53814,P00001,External Hard Drive,Accessories,96.67387202,10,09/05/2021,Summer,2021,0,966.7387202,1
T98348,P00030,Shorts,Clothing,88.17469213,2,03/01/2015,Winter,2015,0,176.3493843,4
T11208,P00055,Flip-Flops,Footwear,117.8771073,3,25/04/2021,Spring,2021,0,353.6313219,4
T37873,P00059,Wireless Keyboard,Accessories,27.30363904,18,19/10/2018,Fall,2018,0,491.4655027,2
T13163,P00027,LED Desk Lamp,Home Decor,26.27785497,8,11/11/2021,Fall,2021,20,210.2228398,1
T41177,P00016,Gaming Mouse,Accessories,38.89479568,12,12/08/2019,Winter,2019,0,466.7375482,1
T13550,P00019,Formal Suit,Clothing,32.06785482,8,19/07/2022,Summer,2022,20,256.5428386,1
T78644,P00048,Dress Shoes,Footwear,96.32570557,8,14/12/2018,Spring,2018,10,770.6056446,2
T79284,P00052,Toaster Oven,Home Decor,17.73805572,11,22/08/2019,Spring,2019,0,195.1186129,1
T42846,P00041,Portable Fan,Home Decor,34.62682535,3,14/03/2018,Spring,2018,0,103.8804761,1
T26439,P00056,Fiction Novel,Books,18.31612893,8,09/01/2019,Fall,2019,0,146.5290314,1
T37745,P00041,Cookbook,Books,55.74779801,9,17/05/2022,Winter,2022,0,501.7301821,4
T69533,P00054,USB Flash Drive,Accessories,25.66452973,7,08/02/2017,Fall,2017,0,179.6517081,4
T98385,P00049,Hiking Boots,Footwear,73.07217079,13,29/11/2019,Winter,2019,0,949.9382203,1
T10967,P00016,Hoodie,Clothing,130.8301786,3,02/08/2015,Summer,2015,20,392.4905358,1
T15861,P00052,Dress Shoes,Footwear,131.4583682,2,14/11/2019,Summer,2019,30,262.9167364,1
T96192,P00007,Science Textbook,Books,15.05754431,18,15/10/2023,Summer,2023,0,271.0357976,1
T98750,P00012,4K TV,Electronics,92.81733398,15,29/12/2020,Summer,2020,0,1392.26001,2
T12347,P00050,Bluetooth Speaker,Electronics,46.44572372,7,09/10/2015,Winter,2015,0,325.120066,1
T49767,P00052,Laptop Stand,Accessories,63.19427994,10,22/10/2022,Winter,2022,20,631.9427994,1
T30623,P00036,Smartwatch,Electronics,89.68707549,3,29/12/2018,Summer,2018,0,269.0612265,2
T92899,P00055,Wireless Earbuds,Electronics,46.19430975,14,18/01/2015,Fall,2015,0,646.7203365,2
T53266,P00042,USB Flash Drive,Accessories,83.85940355,2,23/11/2017,Spring,2017,0,167.7188071,2
T42740,P00014,Casual Sneakers,Footwear,276.5568618,15,03/05/2022,Winter,2022,0,4148.352927,1
T95627,P00053,Soundbar,Electronics,25.66606453,11,22/01/2019,Summer,2019,0,282.3267098,1
T33634,P00048,Soundbar,Electronics,20.7849202,17,10/08/2020,Summer,2020,0,353.3436434,3
T80659,P00038,Dress Shoes,Footwear,100.6600376,20,27/05/2018,Summer,2018,0,2013.200752,4
T13632,P00026,Smart Thermostat,Electronics,82.73903029,5,25/02/2015,Spring,2015,0,413.6951515,1
T33480,P00043,Portable Fan,Home Decor,91.06160935,16,06/09/2020,Winter,2020,0,1456.98575,2
T27538,P00056,Dress Shoes,Footwear,213.1381668,15,10/06/2020,Spring,2020,20,3197.072502,2
T49927,P00024,Water Filter Pitcher,Home Decor,57.06930492,19,22/03/2019,Fall,2019,30,1084.316793,3
T83326,P00015,Laptop Stand,Accessories,61.53706981,10,19/10/2021,Summer,2021,20,615.3706981,2
T45301,P00056,Formal Suit,Clothing,67.14405005,14,03/12/2015,Winter,2015,0,940.0167007,1
T47106,P00012,Smartwatch,Electronics,99.21662262,17,10/04/2021,Spring,2021,0,1686.682585,1
T15827,P00013,Sweatpants,Clothing,77.09117202,10,15/11/2020,Summer,2020,0,770.9117202,3
T19211,P00032,Digital Camera,Electronics,28.92292924,10,21/01/2019,Spring,2019,20,289.2292924,1
T52447,P00002,Blender,Home Decor,19.91224258,7,12/12/2020,Spring,2020,0,139.3856981,1
T27892,P00014,Sweatpants,Clothing,85.02273326,16,05/06/2022,Summer,2022,0,1360.363732,1
T82413,P00020,Raincoat,Clothing,143.134458,14,20/01/2021,Winter,2021,10,2003.882412,1
T32700,P00023,Children's Book,Books,30.8275384,9,03/07/2018,Winter,2018,0,277.4478456,4
T93851,P00032,Toaster Oven,Home Decor,79.25897957,9,04/10/2015,Winter,2015,0,713.3308161,1
T77074,P00009,Raincoat,Clothing,144.9391419,11,29/12/2023,Spring,2023,0,1594.330561,1
T24272,P00025,Smartwatch,Electronics,22.17784624,9,31/12/2022,Summer,2022,10,199.6006162,1
T81903,P00006,Shorts,Clothing,125.6008088,16,09/08/2021,Fall,2021,0,2009.612941,2
T11805,P00038,Casual Sneakers,Footwear,244.7119409,11,06/04/2020,Winter,2020,30,2691.83135,1
T43193,P00019,Hiking Boots,Footwear,188.7759465,19,20/04/2021,Winter,2021,0,3586.742984,1
T21831,P00012,Wireless Keyboard,Accessories,56.03175319,4,15/09/2023,Summer,2023,0,224.1270128,2
T76434,P00060,Mystery Novel,Books,85.44695979,20,06/08/2017,Summer,2017,10,1708.939196,3
T12137,P00030,USB Flash Drive,Accessories,26.31816571,13,29/11/2015,Fall,2015,0,342.1361542,4
T33228,P00043,Science Textbook,Books,72.22117072,10,16/12/2022,Winter,2022,10,722.2117072,2
T37361,P00055,Cordless Vacuum,Home Decor,17.25917989,8,28/04/2023,Fall,2023,0,138.0734391,2
T15504,P00025,Travel Guide,Books,13.85569216,3,16/11/2015,Summer,2015,0,41.56707648,3
T73271,P00023,HD Webcam,Accessories,35.27370732,3,30/06/2018,Summer,2018,0,105.821122,1
T79784,P00037,Children's Book,Books,97.38278097,14,08/12/2022,Winter,2022,0,1363.358934,1
T25870,P00028,Denim Jeans,Clothing,117.1561955,8,20/10/2017,Spring,2017,0,937.249564,2
T15515,P00005,Biography,Books,34.14442096,19,04/02/2021,Summer,2021,0,648.7439982,1
T91561,P00007,Science Textbook,Books,21.93274868,7,02/07/2015,Fall,2015,10,153.5292408,1
T61615,P00036,Mystery Novel,Books,92.81650627,20,26/07/2022,Spring,2022,20,1856.330125,1
T14933,P00050,Monitor Arm,Electronics,42.61299237,5,10/09/2020,Fall,2020,0,213.0649619,1
T78602,P00008,Biography,Books,37.60275433,2,27/10/2023,Fall,2023,0,75.20550866,1
T39133,P00020,Smart Thermostat,Electronics,87.21670888,7,15/08/2020,Winter,2020,0,610.5169622,3
T71620,P00011,USB Flash Drive,Accessories,25.17725005,11,17/07/2019,Winter,2019,0,276.9497506,2
T49365,P00007,Smart Thermostat,Electronics,47.93594784,3,13/05/2019,Summer,2019,10,143.8078435,3
T18932,P00019,Smart Thermostat,Electronics,93.54079613,4,05/05/2017,Summer,2017,10,374.1631845,1
T55369,P00017,Cookbook,Books,91.10832171,7,01/08/2023,Fall,2023,0,637.758252,1
T71568,P00015,Flip-Flops,Footwear,44.280193,12,02/10/2015,Spring,2015,0,531.362316,1
T53444,P00034,Cutting Board,Home Decor,34.17518735,7,25/01/2017,Fall,2017,0,239.2263115,2
T57385,P00050,Running Shoes,Footwear,67.49833446,15,25/05/2022,Winter,2022,0,1012.475017,1
T97170,P00033,USB Flash Drive,Accessories,58.04305428,13,05/12/2020,Summer,2020,0,754.5597056,1
T89095,P00015,Formal Suit,Clothing,153.7469137,18,10/02/2021,Winter,2021,30,2767.444447,2
T76967,P00034,Wi-Fi Router,Electronics,36.598889,10,06/08/2019,Fall,2019,0,365.98889,1
T14792,P00001,Mystery Novel,Books,78.21964696,7,21/09/2022,Spring,2022,10,547.5375287,4
T17466,P00059,Science Textbook,Books,70.18440158,20,13/07/2021,Summer,2021,0,1403.688032,2
T98016,P00032,Microwave Oven,Home Decor,75.53999885,7,26/02/2021,Winter,2021,0,528.779992,1
T17251,P00009,LED Desk Lamp,Home Decor,95.3419342,9,21/10/2022,Summer,2022,0,858.0774078,1
T62741,P00036,External Hard Drive,Accessories,48.21506747,16,11/11/2020,Winter,2020,0,771.4410795,2
T99370,P00003,Fiction Novel,Books,40.83112222,2,19/03/2023,Fall,2023,0,81.66224444,1
T22599,P00011,USB Flash Drive,Accessories,71.54624873,8,21/01/2021,Summer,2021,0,572.3699898,1
T86952,P00042,Hiking Boots,Footwear,247.0782139,2,19/05/2023,Summer,2023,20,494.1564278,1
T47883,P00045,Digital Camera,Electronics,27.23007625,3,09/02/2018,Summer,2018,0,81.69022875,4
T88017,P00020,Water Filter Pitcher,Home Decor,86.21196407,1,12/09/2020,Winter,2020,0,86.21196407,1
T36494,P00060,Winter Jacket,Clothing,25.70271083,1,02/11/2019,Summer,2019,20,25.70271083,4
T35546,P00042,Hoodie,Clothing,16.18284413,8,21/11/2015,Summer,2015,10,129.462753,3
T72576,P00016,Coffee Maker,Home Decor,24.25844345,16,20/10/2018,Summer,2018,10,388.1350952,1
T43393,P00008,Flip-Flops,Footwear,294.1334764,12,06/12/2023,Summer,2023,0,3529.601717,2
T30673,P00010,Mechanical Keyboard,Electronics,57.12088399,13,15/03/2019,Fall,2019,20,742.5714919,1
T86930,P00035,Air Fryer,Home Decor,14.19106704,11,14/07/2023,Fall,2023,0,156.1017374,1
T26035,P00026,Winter Jacket,Clothing,199.4775015,16,17/07/2021,Spring,2021,0,3191.640024,2
T35955,P00053,Sweatpants,Clothing,152.8085821,18,07/03/2018,Winter,2018,0,2750.554478,2
T62079,P00001,Self-Help Book,Books,85.42045684,17,01/07/2022,Spring,2022,0,1452.147766,1
T42987,P00046,Biography,Books,29.16464738,16,10/12/2023,Winter,2023,0,466.6343581,4
T32577,P00016,Digital Camera,Electronics,19.49044908,4,01/03/2022,Summer,2022,0,77.96179632,2
T46686,P00035,Cookbook,Books,56.35764484,12,02/02/2023,Summer,2023,0,676.2917381,4
T57917,P00013,Biography,Books,79.49581159,12,27/06/2023,Spring,2023,0,953.9497391,1
T51006,P00003,Sweatpants,Clothing,132.9894207,11,27/08/2021,Summer,2021,0,1462.883628,4
T71134,P00035,Raincoat,Clothing,131.7459763,10,19/03/2017,Spring,2017,20,1317.459763,1
T14277,P00039,External Hard Drive,Accessories,78.13864753,2,19/06/2023,Winter,2023,30,156.2772951,1
T56925,P00014,Dish Drying Rack,Home Decor,30.4318743,2,06/11/2018,Spring,2018,0,60.8637486,2
T13329,P00049,Leather Loafers,Footwear,206.9178025,18,26/10/2023,Winter,2023,10,3724.520445,2
T15474,P00019,Running Shoes,Footwear,132.830434,13,17/05/2019,Summer,2019,0,1726.795642,1
T90462,P00034,Leather Loafers,Footwear,44.18220846,6,04/01/2020,Fall,2020,0,265.0932508,1
T11603,P00059,Gaming Mouse,Accessories,81.46033653,12,11/08/2018,Summer,2018,0,977.5240384,2
T34019,P00006,Winter Jacket,Clothing,180.7471791,8,10/08/2023,Summer,2023,20,1445.977433,1
T67043,P00058,Microwave Oven,Home Decor,35.45396304,9,22/06/2022,Winter,2022,0,319.0856674,1
T92564,P00057,Flip-Flops,Footwear,77.34925795,2,28/05/2022,Spring,2022,0,154.6985159,1
T12490,P00024,Laptop Stand,Accessories,12.40520538,3,24/01/2021,Spring,2021,0,37.21561614,4
T13594,P00039,Cordless Vacuum,Home Decor,95.29276497,8,18/10/2019,Spring,2019,0,762.3421198,2
T42503,P00024,Mystery Novel,Books,71.54694325,14,14/06/2023,Fall,2023,10,1001.657206,2
T71615,P00045,Winter Jacket,Clothing,192.0505694,1,20/06/2019,Fall,2019,10,192.0505694,4
T94026,P00024,Travel Guide,Books,87.74642647,7,04/02/2020,Spring,2020,0,614.2249853,1
T30350,P00008,Science Textbook,Books,40.64199334,14,19/07/2021,Summer,2021,20,568.9879068,1
T81337,P00013,Children's Book,Books,20.14147412,16,19/01/2021,Fall,2021,0,322.2635859,1
T96914,P00030,External Hard Drive,Accessories,54.91511154,4,13/04/2021,Winter,2021,30,219.6604462,2
T76367,P00059,Running Shoes,Footwear,32.3737944,15,24/03/2019,Summer,2019,0,485.606916,1
T76850,P00046,Water Filter Pitcher,Home Decor,23.49249653,19,13/06/2020,Summer,2020,0,446.3574341,1
T47473,P00059,Toaster Oven,Home Decor,31.00893661,18,17/10/2019,Fall,2019,0,558.160859,1
T41209,P00028,Flip-Flops,Footwear,208.0528139,16,25/10/2019,Spring,2019,0,3328.845022,1
T85004,P00005,Flip-Flops,Footwear,165.2163053,14,06/02/2022,Summer,2022,0,2313.028274,1
T92748,P00036,Flip-Flops,Footwear,180.3113098,13,30/06/2015,Fall,2015,0,2344.047027,2
T63471,P00024,Bluetooth Speaker,Electronics,21.2682384,13,04/08/2018,Summer,2018,10,276.4870992,4
T12945,P00052,Dish Drying Rack,Home Decor,78.01373141,8,25/02/2021,Summer,2021,0,624.1098513,4
T96143,P00002,Wireless Keyboard,Accessories,74.08316249,10,22/08/2019,Spring,2019,0,740.8316249,1
T66036,P00009,Formal Suit,Clothing,55.052995,14,18/02/2019,Winter,2019,0,770.74193,1
T40218,P00001,Mystery Novel,Books,64.57524002,19,03/10/2021,Winter,2021,10,1226.92956,2
T42308,P00020,Casual Sneakers,Footwear,163.4082162,6,22/04/2018,Summer,2018,0,980.4492972,3
T51281,P00057,Mystery Novel,Books,15.47346807,5,21/02/2017,Summer,2017,20,77.36734035,1
T71084,P00008,Toaster Oven,Home Decor,35.03385252,12,02/12/2022,Fall,2022,10,420.4062302,4
T29191,P00053,Laptop Stand,Accessories,99.95344336,3,02/02/2017,Summer,2017,0,299.8603301,1
T92224,P00006,Flip-Flops,Footwear,52.37230681,12,27/09/2022,Summer,2022,0,628.4676817,1
T96423,P00060,Winter Jacket,Clothing,108.6860918,2,25/11/2020,Fall,2020,0,217.3721836,2
T77827,P00051,4K TV,Electronics,86.44003792,10,13/12/2017,Summer,2017,0,864.4003792,1
T72702,P00006,Soundbar,Electronics,37.05866857,13,28/01/2020,Spring,2020,20,481.7626914,1
T91466,P00054,Cordless Vacuum,Home Decor,33.46377751,2,03/09/2019,Summer,2019,20,66.92755502,1
T73365,P00050,Sweatpants,Clothing,179.7967146,5,06/12/2015,Spring,2015,0,898.983573,1
T57499,P00006,Blender,Home Decor,68.63439801,8,27/12/2017,Fall,2017,10,549.0751841,3
T14144,P00030,Casual Sneakers,Footwear,241.8698811,11,07/09/2018,Winter,2018,0,2660.568692,2
T49324,P00004,Wireless Keyboard,Accessories,99.52836736,8,23/10/2023,Fall,2023,0,796.2269389,1
T20051,P00052,USB Flash Drive,Accessories,82.28728627,9,26/09/2019,Spring,2019,0,740.5855764,1
T28008,P00015,Flip-Flops,Footwear,205.6783431,1,12/02/2017,Winter,2017,10,205.6783431,1
T82549,P00006,Self-Help Book,Books,90.5917202,16,21/02/2023,Fall,2023,0,1449.467523,1
T32098,P00052,Blender,Home Decor,91.51701721,1,13/11/2020,Summer,2020,0,91.51701721,1
T12782,P00050,Bluetooth Speaker,Electronics,97.58498119,17,02/10/2015,Fall,2015,20,1658.94468,3
T95061,P00057,Cordless Vacuum,Home Decor,79.8818738,11,14/05/2015,Spring,2015,0,878.7006118,4
T71405,P00025,Raincoat,Clothing,51.06155616,11,11/06/2020,Fall,2020,20,561.6771178,1
T54399,P00052,Dress Shoes,Footwear,220.1966744,14,01/12/2019,Fall,2019,0,3082.753442,2
T15820,P00010,Gaming Mouse,Accessories,16.76155975,17,05/04/2021,Fall,2021,0,284.9465158,1
T23121,P00005,Dish Drying Rack,Home Decor,38.61666351,19,29/08/2015,Summer,2015,20,733.7166067,2
T11224,P00036,Hoodie,Clothing,36.42438941,11,13/09/2015,Summer,2015,0,400.6682835,2
T71684,P00047,Wireless Earbuds,Electronics,95.49483462,3,05/07/2020,Spring,2020,0,286.4845039,1
T69241,P00037,Gaming Mouse,Accessories,40.4878701,18,07/12/2020,Fall,2020,0,728.7816618,1
T58525,P00025,Winter Jacket,Clothing,146.9448946,1,18/12/2017,Fall,2017,0,146.9448946,3
T94249,P00042,Portable Fan,Home Decor,61.41865922,16,13/08/2019,Spring,2019,0,982.6985475,2
T28137,P00008,Microwave Oven,Home Decor,19.67602718,14,25/09/2021,Spring,2021,20,275.4643805,3
T42767,P00026,Smartphone Case,Accessories,60.52100031,18,01/10/2021,Summer,2021,20,1089.378006,3
T90281,P00041,Wireless Keyboard,Accessories,69.49211891,18,24/06/2022,Summer,2022,20,1250.85814,4
T38103,P00026,Coffee Maker,Home Decor,89.33655316,2,09/04/2017,Spring,2017,0,178.6731063,1
T29265,P00014,Smart Thermostat,Electronics,36.60705866,3,11/04/2015,Winter,2015,0,109.821176,1
T31904,P00016,Shorts,Clothing,143.0830746,2,06/08/2018,Summer,2018,20,286.1661492,1
T25402,P00039,Dress Shoes,Footwear,34.44119986,9,27/08/2023,Fall,2023,0,309.9707987,1
T32227,P00005,Mystery Novel,Books,28.31981106,2,27/05/2015,Summer,2015,0,56.63962212,2
T52351,P00010,Flip-Flops,Footwear,85.13435901,15,15/04/2017,Summer,2017,10,1277.015385,1
T55043,P00036,Coffee Maker,Home Decor,70.23937715,19,29/04/2018,Winter,2018,0,1334.548166,1
T12109,P00019,Self-Help Book,Books,35.73646115,12,25/02/2021,Spring,2021,0,428.8375338,4
T73015,P00013,Leather Loafers,Footwear,189.8888071,5,29/05/2023,Fall,2023,30,949.4440355,1
T44779,P00053,Raincoat,Clothing,193.5894626,17,30/08/2021,Winter,2021,30,3291.020864,1
T21157,P00013,Soundbar,Electronics,81.39186838,17,19/06/2022,Summer,2022,0,1383.661762,2
T29319,P00029,Travel Guide,Books,39.96125242,15,14/03/2021,Summer,2021,0,599.4187863,2
T63244,P00059,Leather Loafers,Footwear,154.9099914,12,04/09/2015,Winter,2015,30,1858.919897,1
T67977,P00013,Soundbar,Electronics,11.41480093,4,21/07/2018,Summer,2018,0,45.65920372,2
T89858,P00060,Laptop Stand,Accessories,36.07438583,19,16/12/2017,Spring,2017,0,685.4133308,1
T65774,P00053,Flip-Flops,Footwear,180.2009726,18,22/10/2020,Winter,2020,0,3243.617507,2
T23211,P00040,Dish Drying Rack,Home Decor,94.96599843,5,21/05/2019,Winter,2019,0,474.8299922,1
T59784,P00031,Laptop Stand,Accessories,95.30668658,17,07/07/2017,Winter,2017,0,1620.213672,1
T49218,P00012,Fitness Tracker,Electronics,16.3088469,10,15/10/2021,Summer,2021,0,163.088469,1
T60873,P00019,Smartphone Case,Accessories,65.31811116,12,21/04/2023,Summer,2023,30,783.8173339,4
T77210,P00051,Formal Suit,Clothing,134.8949988,1,21/06/2021,Spring,2021,10,134.8949988,1
T35723,P00044,Running Shoes,Footwear,57.36834213,8,21/01/2023,Fall,2023,0,458.946737,1
T61439,P00010,Bluetooth Speaker,Electronics,95.17625425,16,31/01/2021,Winter,2021,0,1522.820068,1
T99773,P00008,Running Shoes,Footwear,262.6931377,16,20/12/2021,Spring,2021,0,4203.090203,1
T60069,P00034,Dish Drying Rack,Home Decor,12.00959475,17,11/02/2022,Spring,2022,20,204.1631108,1
T50826,P00052,Toaster Oven,Home Decor,80.3918552,4,24/03/2019,Winter,2019,0,321.5674208,2
T26688,P00057,HD Webcam,Accessories,67.23074055,14,14/06/2018,Winter,2018,0,941.2303677,1
T50187,P00034,Soundbar,Electronics,54.58322716,3,11/03/2021,Spring,2021,10,163.7496815,1
T75071,P00041,Casual Sneakers,Footwear,190.7244839,16,08/05/2022,Fall,2022,0,3051.591742,1
T81225,P00007,Hoodie,Clothing,140.4762612,5,19/06/2020,Spring,2020,0,702.381306,1
T30891,P00010,Sweatpants,Clothing,178.624633,15,30/12/2020,Fall,2020,30,2679.369495,1
T54104,P00016,Wireless Keyboard,Accessories,79.06218949,9,02/07/2021,Winter,2021,20,711.5597054,1
T13218,P00041,Hiking Boots,Footwear,183.2289003,20,30/12/2015,Fall,2015,0,3664.578006,2
T78321,P00017,Hoodie,Clothing,197.580747,13,08/08/2015,Fall,2015,0,2568.549711,1
T19550,P00043,Running Shoes,Footwear,107.5500557,8,18/10/2023,Winter,2023,10,860.4004456,1
T38646,P00013,Children's Book,Books,20.65786246,15,22/08/2015,Summer,2015,0,309.8679369,1
T82930,P00046,Smartphone Case,Accessories,75.83034346,10,31/05/2021,Spring,2021,0,758.3034346,1
T20978,P00029,Wi-Fi Router,Electronics,98.07367005,1,29/11/2017,Fall,2017,0,98.07367005,2
T49974,P00007,Smartphone Case,Accessories,20.50353291,12,24/08/2018,Fall,2018,20,246.0423949,1
T49047,P00009,Dish Drying Rack,Home Decor,48.85365322,17,21/05/2021,Summer,2021,0,830.5121047,2
T95607,P00050,Toaster Oven,Home Decor,15.6040878,5,25/03/2015,Summer,2015,0,78.020439,2
T74059,P00047,Shorts,Clothing,158.6584094,5,22/09/2020,Winter,2020,0,793.292047,4
T53035,P00034,Fiction Novel,Books,95.38378441,12,03/03/2021,Fall,2021,10,1144.605413,4
T33765,P00054,Winter Jacket,Clothing,107.3139186,16,30/04/2022,Fall,2022,0,1717.022698,1
T28164,P00032,E-Reader,Electronics,46.85690325,5,05/05/2018,Winter,2018,0,234.2845163,4
T24156,P00017,Microwave Oven,Home Decor,91.69471209,19,23/07/2017,Winter,2017,0,1742.19953,2
T63365,P00035,Formal Suit,Clothing,39.67685202,19,21/08/2023,Summer,2023,0,753.8601884,2
T70227,P00058,4K TV,Electronics,90.24258803,4,29/10/2023,Spring,2023,0,360.9703521,1
T36989,P00035,Gaming Mouse,Accessories,45.29134025,6,11/01/2021,Fall,2021,0,271.7480415,3
T84341,P00043,Wi-Fi Router,Electronics,60.34657711,14,08/10/2022,Winter,2022,0,844.8520795,1
T43792,P00045,T-Shirt,Clothing,112.7340394,19,24/01/2023,Spring,2023,0,2141.946749,3
T49790,P00007,LED Desk Lamp,Home Decor,65.4381257,14,20/06/2023,Winter,2023,10,916.1337598,1
T54916,P00059,Monitor Arm,Electronics,94.79109824,9,01/03/2015,Winter,2015,0,853.1198842,2
T49979,P00047,Smart Thermostat,Electronics,95.6014329,4,19/07/2021,Summer,2021,0,382.4057316,1
T70306,P00012,Leather Loafers,Footwear,253.5657735,9,04/07/2017,Spring,2017,30,2282.091962,1
T72626,P00042,Monitor Arm,Electronics,40.01646919,7,16/05/2015,Fall,2015,20,280.1152843,1
T45233,P00010,Flip-Flops,Footwear,159.1518338,10,22/11/2017,Spring,2017,0,1591.518338,1
T74152,P00048,Microwave Oven,Home Decor,97.96920982,2,01/05/2023,Summer,2023,30,195.9384196,3
T56038,P00017,Smartwatch,Electronics,98.54570545,1,15/08/2018,Summer,2018,0,98.54570545,2
T30907,P00035,Raincoat,Clothing,125.738088,17,23/03/2019,Fall,2019,0,2137.547496,1
T29064,P00059,Smartphone Case,Accessories,88.97458056,4,25/01/2023,Summer,2023,30,355.8983222,1
T19945,P00045,Travel Guide,Books,99.93004408,12,27/01/2019,Fall,2019,0,1199.160529,1
T69655,P00001,Sweatpants,Clothing,172.1975558,3,15/06/2023,Summer,2023,0,516.5926674,4
T82114,P00017,Wireless Earbuds,Electronics,86.0620173,8,07/06/2023,Winter,2023,10,688.4961384,1
T98873,P00008,Hiking Boots,Footwear,47.73014199,3,30/11/2019,Spring,2019,0,143.190426,1
T94748,P00037,Blender,Home Decor,67.13391858,1,12/02/2022,Spring,2022,0,67.13391858,3
T43674,P00056,Casual Sneakers,Footwear,84.54355886,18,02/02/2015,Winter,2015,0,1521.784059,3
T67149,P00025,External Hard Drive,Accessories,20.44572856,1,25/08/2021,Spring,2021,0,20.44572856,3
T88700,P00028,Gaming Mouse,Accessories,90.35841271,2,18/10/2021,Summer,2021,30,180.7168254,3
T68790,P00050,Wireless Keyboard,Accessories,67.56804494,16,04/02/2023,Spring,2023,20,1081.088719,1
T56504,P00010,Mystery Novel,Books,31.91918913,6,05/11/2023,Winter,2023,10,191.5151348,1
T25760,P00002,Running Shoes,Footwear,292.65105,3,21/01/2022,Fall,2022,0,877.95315,1
T64858,P00014,Hoodie,Clothing,174.5036798,5,29/08/2020,Winter,2020,0,872.518399,1
T35129,P00022,Blender,Home Decor,11.4023616,12,26/09/2020,Winter,2020,10,136.8283392,1
T23857,P00039,Children's Book,Books,98.18208956,20,19/03/2023,Winter,2023,0,1963.641791,1
T70393,P00050,Laptop Stand,Accessories,43.1676526,2,30/11/2018,Winter,2018,0,86.3353052,1
T91965,P00049,Formal Suit,Clothing,143.6523607,8,30/07/2022,Spring,2022,10,1149.218886,1
T28628,P00058,Dish Drying Rack,Home Decor,74.14089081,1,06/09/2019,Spring,2019,0,74.14089081,1
T42050,P00006,Sweatpants,Clothing,183.6616206,4,30/04/2022,Fall,2022,20,734.6464824,1
T22377,P00046,Cookbook,Books,89.65547886,18,07/05/2021,Fall,2021,0,1613.798619,3
T74265,P00051,Water Filter Pitcher,Home Decor,35.35566323,2,08/08/2015,Winter,2015,0,70.71132646,3
T68079,P00049,HD Webcam,Accessories,67.91819305,17,16/03/2017,Fall,2017,0,1154.609282,1
T66066,P00059,Cutting Board,Home Decor,45.43348806,4,04/01/2019,Spring,2019,0,181.7339522,1
T26202,P00047,Biography,Books,57.29893628,17,20/12/2020,Winter,2020,10,974.0819168,1
T23562,P00008,Cutting Board,Home Decor,59.92106729,11,27/05/2017,Spring,2017,0,659.1317402,2
T25644,P00032,Electric Kettle,Home Decor,45.67091012,18,14/08/2015,Summer,2015,0,822.0763822,1
T13227,P00031,Formal Suit,Clothing,100.8203938,3,12/02/2020,Fall,2020,0,302.4611814,1
T69921,P00045,Leather Loafers,Footwear,192.1027554,14,30/11/2015,Summer,2015,0,2689.438576,1
T41287,P00024,Electric Kettle,Home Decor,78.30638339,11,30/12/2021,Winter,2021,20,861.3702173,1
T94936,P00060,USB Flash Drive,Accessories,97.99120794,13,08/01/2021,Winter,2021,10,1273.885703,1
T40444,P00024,Dish Drying Rack,Home Decor,15.15037667,18,09/05/2021,Winter,2021,20,272.7067801,1
T90234,P00027,Hiking Boots,Footwear,187.0191875,8,07/12/2018,Spring,2018,0,1496.1535,3
T34542,P00057,E-Reader,Electronics,62.52406961,12,27/02/2015,Spring,2015,0,750.2888353,1
T23750,P00012,Formal Suit,Clothing,21.71481151,17,14/01/2023,Fall,2023,10,369.1517957,2
T26103,P00012,Raincoat,Clothing,56.54548189,5,09/09/2015,Spring,2015,0,282.7274095,1
T54025,P00036,Casual Sneakers,Footwear,274.0242105,10,02/05/2015,Fall,2015,0,2740.242105,1
T45883,P00033,LED Desk Lamp,Home Decor,49.27472875,10,10/06/2015,Winter,2015,30,492.7472875,1
T69568,P00006,4K TV,Electronics,47.3946801,5,12/04/2022,Fall,2022,20,236.9734005,1
T81264,P00015,Science Textbook,Books,89.93447488,7,11/10/2015,Fall,2015,10,629.5413242,1
T41865,P00037,Children's Book,Books,87.32501761,19,07/07/2017,Winter,2017,0,1659.175335,1
T15110,P00046,Winter Jacket,Clothing,41.60665736,10,28/12/2015,Summer,2015,0,416.0665736,1
T49728,P00020,Self-Help Book,Books,76.23773839,3,25/08/2017,Spring,2017,20,228.7132152,1
T14695,P00023,Raincoat,Clothing,113.0672167,2,11/07/2022,Winter,2022,0,226.1344334,1
T94773,P00026,Dress Shoes,Footwear,157.3457663,18,23/12/2018,Fall,2018,0,2832.223793,2
T53982,P00049,Science Textbook,Books,30.26768754,16,06/07/2020,Winter,2020,0,484.2830006,1
T43081,P00056,Bluetooth Speaker,Electronics,47.20368663,12,12/05/2017,Fall,2017,10,566.4442396,1
T41683,P00022,Wireless Earbuds,Electronics,87.078384,20,14/08/2022,Fall,2022,10,1741.56768,2
T32983,P00060,Leather Loafers,Footwear,236.640909,19,13/07/2018,Summer,2018,0,4496.177271,4
T72099,P00051,Dish Drying Rack,Home Decor,31.77576186,13,02/06/2015,Winter,2015,0,413.0849042,2
T21011,P00018,Electric Kettle,Home Decor,98.64580896,10,18/02/2022,Winter,2022,0,986.4580896,1
T73102,P00006,Soundbar,Electronics,91.28894557,3,04/04/2023,Winter,2023,0,273.8668367,2
T62217,P00053,Denim Jeans,Clothing,112.804587,11,06/02/2018,Spring,2018,0,1240.850457,1
T43503,P00054,Flip-Flops,Footwear,170.7913381,4,17/03/2018,Fall,2018,0,683.1653524,1
T93880,P00058,Travel Guide,Books,91.11393685,8,30/12/2020,Summer,2020,0,728.9114948,3
T92867,P00012,HD Webcam,Accessories,67.25303276,19,02/11/2017,Fall,2017,20,1277.807622,1
T42033,P00057,Mystery Novel,Books,58.30195707,7,07/06/2020,Fall,2020,0,408.1136995,4
T89954,P00060,Winter Jacket,Clothing,153.5924769,3,24/01/2022,Summer,2022,0,460.7774307,2
T25767,P00031,Hiking Boots,Footwear,89.6517067,12,19/07/2018,Fall,2018,0,1075.82048,2
T30419,P00013,Wireless Earbuds,Electronics,89.05396777,12,30/05/2023,Winter,2023,0,1068.647613,2
T73008,P00044,Flip-Flops,Footwear,171.1391911,4,10/11/2018,Fall,2018,0,684.5567644,1
T31087,P00021,Winter Jacket,Clothing,126.6473696,4,05/10/2017,Winter,2017,0,506.5894784,1
T86816,P00035,Bluetooth Speaker,Electronics,18.09494841,20,26/09/2021,Fall,2021,0,361.8989682,3
T26377,P00004,Wireless Keyboard,Accessories,37.85580629,5,17/09/2015,Summer,2015,0,189.2790315,2
T31441,P00002,LED Desk Lamp,Home Decor,48.4061803,17,05/03/2018,Summer,2018,10,822.9050651,3
T85111,P00047,Science Textbook,Books,47.25185711,10,16/03/2021,Fall,2021,0,472.5185711,3
T23347,P00056,Leather Loafers,Footwear,102.6386593,6,18/04/2019,Summer,2019,0,615.8319558,2
T48706,P00021,Children's Book,Books,26.38983361,16,27/01/2019,Fall,2019,0,422.2373378,1
T76841,P00019,Fitness Tracker,Electronics,62.43555263,18,13/04/2021,Spring,2021,0,1123.839947,1
T81343,P00031,Running Shoes,Footwear,194.1290861,6,07/04/2023,Fall,2023,0,1164.774517,2
T60044,P00017,Travel Guide,Books,20.94249764,2,13/06/2020,Summer,2020,20,41.88499528,1
T36346,P00050,Laptop Stand,Accessories,10.22216527,3,02/05/2019,Fall,2019,10,30.66649581,1
T27798,P00008,Laptop Stand,Accessories,17.16732974,9,22/12/2021,Spring,2021,20,154.5059677,3
T39957,P00014,T-Shirt,Clothing,181.1053824,3,20/03/2017,Fall,2017,0,543.3161472,3
T27341,P00026,Travel Guide,Books,45.92933869,7,02/12/2015,Spring,2015,0,321.5053708,2
T92058,P00039,Winter Jacket,Clothing,135.815343,11,27/07/2015,Winter,2015,0,1493.968773,1
T94392,P00020,Fitness Tracker,Electronics,26.70532216,17,11/03/2019,Winter,2019,30,453.9904767,2
T69248,P00017,Fiction Novel,Books,84.1525325,13,20/03/2019,Fall,2019,10,1093.982923,2
T11645,P00056,Microwave Oven,Home Decor,26.21740482,4,16/08/2019,Winter,2019,0,104.8696193,1
T28507,P00049,Dish Drying Rack,Home Decor,44.78582335,4,29/10/2022,Winter,2022,10,179.1432934,1
T41021,P00045,Sweatpants,Clothing,59.0347692,9,18/03/2015,Fall,2015,0,531.3129228,1
T20290,P00052,Winter Jacket,Clothing,169.9386022,2,25/07/2022,Spring,2022,0,339.8772044,1
T82951,P00026,Casual Sneakers,Footwear,261.0423488,15,23/09/2017,Spring,2017,0,3915.635232,2
T99860,P00046,Dress Shoes,Footwear,127.3079446,8,02/12/2015,Summer,2015,0,1018.463557,1
T92676,P00045,HD Webcam,Accessories,37.66406239,7,05/02/2023,Summer,2023,20,263.6484367,4
T42979,P00001,Denim Jeans,Clothing,158.1095944,10,02/02/2015,Summer,2015,0,1581.095944,1
T61017,P00050,Science Textbook,Books,89.06607746,14,04/06/2021,Spring,2021,0,1246.925084,1
T12406,P00057,Wireless Keyboard,Accessories,66.16179947,12,21/03/2019,Fall,2019,0,793.9415936,1
T79894,P00042,Flip-Flops,Footwear,280.0360108,16,14/06/2021,Summer,2021,0,4480.576173,1
T80738,P00053,HD Webcam,Accessories,44.47394316,13,15/05/2015,Winter,2015,0,578.1612611,1
T16215,P00020,Wireless Keyboard,Accessories,23.66977618,16,12/08/2020,Winter,2020,0,378.7164189,1
T37848,P00050,USB Flash Drive,Accessories,26.16786841,14,12/09/2020,Winter,2020,0,366.3501577,1
T66179,P00030,Microwave Oven,Home Decor,70.28487571,4,02/06/2020,Fall,2020,0,281.1395028,1
T96314,P00043,Running Shoes,Footwear,137.0697663,2,29/10/2017,Summer,2017,0,274.1395326,2
T34180,P00010,Dress Shoes,Footwear,67.98651454,18,27/10/2023,Summer,2023,10,1223.757262,1
T16781,P00025,Science Textbook,Books,36.30041694,19,24/03/2022,Winter,2022,0,689.7079219,1
T64849,P00008,Running Shoes,Footwear,170.9163948,15,16/10/2022,Summer,2022,0,2563.745922,2
T96571,P00021,Hoodie,Clothing,37.46737439,15,04/05/2021,Winter,2021,0,562.0106159,1
T44334,P00011,Running Shoes,Footwear,25.94668721,6,18/12/2023,Winter,2023,0,155.6801233,3
T54759,P00046,T-Shirt,Clothing,184.7001388,11,16/12/2023,Fall,2023,0,2031.701527,4
T31851,P00027,Blender,Home Decor,37.43750717,20,03/10/2019,Spring,2019,10,748.7501434,1
T82330,P00002,Flip-Flops,Footwear,85.91198997,17,05/06/2022,Summer,2022,20,1460.503829,4
T50211,P00031,Running Shoes,Footwear,217.0822227,6,05/10/2019,Summer,2019,20,1302.493336,2
T22669,P00027,Flip-Flops,Footwear,259.6857486,6,01/03/2018,Summer,2018,0,1558.114492,4
T36551,P00029,Raincoat,Clothing,131.971572,10,10/09/2022,Summer,2022,0,1319.71572,2
T78159,P00051,Running Shoes,Footwear,94.98275738,8,21/10/2023,Fall,2023,10,759.862059,1
T88304,P00014,Gaming Mouse,Accessories,87.5472961,8,02/01/2022,Winter,2022,0,700.3783688,3
T52766,P00053,T-Shirt,Clothing,109.4290313,13,12/08/2023,Summer,2023,0,1422.577407,1
T80878,P00051,Hiking Boots,Footwear,129.8274708,1,25/12/2018,Spring,2018,10,129.8274708,1
T54840,P00007,External Hard Drive,Accessories,64.42535077,15,01/02/2021,Spring,2021,0,966.3802616,1
T31412,P00049,Winter Jacket,Clothing,144.6132614,15,16/05/2020,Summer,2020,0,2169.198921,1
T43927,P00036,Denim Jeans,Clothing,124.8585267,17,26/03/2019,Winter,2019,0,2122.594954,1
T64001,P00011,Fiction Novel,Books,92.82209012,17,17/04/2015,Winter,2015,0,1577.975532,2
T42911,P00020,Water Filter Pitcher,Home Decor,89.07226414,16,07/02/2018,Spring,2018,0,1425.156226,1
T47851,P00027,Laptop Stand,Accessories,62.82625916,10,18/05/2018,Spring,2018,0,628.2625916,4
T45885,P00037,Fiction Novel,Books,39.67116164,19,24/06/2018,Fall,2018,0,753.7520712,4
T14143,P00012,Cordless Vacuum,Home Decor,57.90671357,4,18/09/2018,Summer,2018,0,231.6268543,1
T88334,P00032,Flip-Flops,Footwear,48.74258965,18,20/01/2018,Fall,2018,10,877.3666137,1
T44617,P00037,Cookbook,Books,30.71571705,6,25/05/2023,Spring,2023,0,184.2943023,3
T61870,P00018,Science Textbook,Books,69.53280496,9,25/07/2015,Fall,2015,0,625.7952446,2
T12316,P00053,HD Webcam,Accessories,24.98668395,12,23/11/2019,Fall,2019,20,299.8402074,2
T30581,P00007,Cordless Vacuum,Home Decor,49.42136586,5,31/03/2023,Spring,2023,0,247.1068293,1
T79966,P00021,Travel Guide,Books,22.77929853,11,27/08/2017,Spring,2017,0,250.5722838,1
T43877,P00017,Wireless Keyboard,Accessories,87.02360707,16,25/09/2022,Fall,2022,0,1392.377713,1
T33197,P00025,Cookbook,Books,68.88114971,12,22/04/2015,Summer,2015,0,826.5737965,2
T56341,P00030,Self-Help Book,Books,64.63000009,7,29/09/2020,Spring,2020,0,452.4100006,3
T57301,P00032,Smart Thermostat,Electronics,52.54989811,11,02/05/2023,Spring,2023,0,578.0488792,1
T41776,P00033,Children's Book,Books,46.356085,7,29/12/2019,Spring,2019,10,324.492595,1
T26524,P00010,Fitness Tracker,Electronics,78.5395734,11,22/08/2022,Fall,2022,0,863.9353074,2
T91955,P00055,Hoodie,Clothing,151.6796863,17,23/05/2023,Spring,2023,10,2578.554667,4
T19062,P00018,Hiking Boots,Footwear,231.2014857,15,01/08/2020,Fall,2020,0,3468.022286,2
T65889,P00031,Wireless Earbuds,Electronics,18.91868053,4,20/03/2020,Fall,2020,0,75.67472212,4
T70445,P00017,VR Headset,Electronics,87.53487606,5,03/11/2021,Spring,2021,0,437.6743803,2
T15223,P00056,Denim Jeans,Clothing,169.8772955,10,16/04/2019,Winter,2019,20,1698.772955,1
T38692,P00002,External Hard Drive,Accessories,71.31864736,17,16/01/2018,Spring,2018,0,1212.417005,2
T58211,P00016,Formal Suit,Clothing,127.0925629,4,01/09/2023,Spring,2023,0,508.3702516,3
T53821,P00003,Biography,Books,43.01845358,19,07/02/2015,Winter,2015,0,817.350618,1
T58736,P00046,Electric Kettle,Home Decor,30.16743324,3,08/12/2018,Spring,2018,0,90.50229972,1
T94924,P00038,External Hard Drive,Accessories,70.0890794,4,04/02/2022,Winter,2022,0,280.3563176,3
T12955,P00024,HD Webcam,Accessories,92.17311743,4,01/03/2018,Winter,2018,0,368.6924697,2
T26994,P00017,Smartphone Case,Accessories,49.32969182,12,09/04/2018,Winter,2018,10,591.9563018,1
T55775,P00055,USB Flash Drive,Accessories,37.28912232,18,20/06/2022,Winter,2022,0,671.2042018,1
T92091,P00054,Biography,Books,12.13347186,11,28/03/2023,Summer,2023,30,133.4681905,2
T95805,P00023,Leather Loafers,Footwear,168.0870986,4,25/10/2017,Summer,2017,10,672.3483944,3
T93462,P00029,LED Desk Lamp,Home Decor,98.94124269,13,28/06/2018,Winter,2018,0,1286.236155,1
T50006,P00051,Winter Jacket,Clothing,165.8189775,3,23/04/2017,Fall,2017,10,497.4569325,1
T26386,P00019,Cutting Board,Home Decor,90.77272463,10,26/03/2019,Fall,2019,0,907.7272463,1
T71328,P00056,Fiction Novel,Books,53.33017694,12,27/06/2021,Fall,2021,0,639.9621233,1
T57690,P00016,Wireless Earbuds,Electronics,99.14113067,3,04/12/2021,Spring,2021,30,297.423392,1
T42717,P00053,Raincoat,Clothing,97.72499047,4,30/12/2021,Winter,2021,0,390.8999619,1
T30757,P00017,Formal Suit,Clothing,184.6136565,14,16/09/2021,Winter,2021,0,2584.591191,2
T87973,P00012,Winter Jacket,Clothing,155.9412896,16,30/08/2020,Spring,2020,0,2495.060634,1
T58736,P00009,T-Shirt,Clothing,76.23100867,18,07/07/2023,Fall,2023,10,1372.158156,1
T73211,P00052,Laptop Stand,Accessories,55.27559649,16,23/07/2020,Summer,2020,0,884.4095438,4
T51210,P00017,Laptop Stand,Accessories,44.58962996,19,08/10/2020,Summer,2020,0,847.2029692,1
T86939,P00055,Dish Drying Rack,Home Decor,22.26009467,8,30/10/2015,Summer,2015,0,178.0807574,1
T38086,P00051,Science Textbook,Books,42.10899234,7,01/08/2020,Summer,2020,10,294.7629464,4
T99361,P00020,Flip-Flops,Footwear,269.4675432,1,25/02/2023,Summer,2023,30,269.4675432,1
T87655,P00047,Dress Shoes,Footwear,231.9748135,9,08/08/2017,Spring,2017,0,2087.773322,1
T27175,P00018,Wireless Keyboard,Accessories,34.98229669,13,13/12/2015,Summer,2015,0,454.769857,1
T20604,P00049,Denim Jeans,Clothing,129.0402758,6,06/09/2017,Spring,2017,0,774.2416548,1
T53113,P00035,HD Webcam,Accessories,47.45258335,11,26/02/2022,Spring,2022,10,521.9784169,3
T11947,P00044,Children's Book,Books,72.835157,11,24/01/2017,Spring,2017,0,801.186727,1
T38688,P00040,Smartphone Case,Accessories,27.18728107,16,22/02/2019,Fall,2019,0,434.9964971,4
T21642,P00001,Smartwatch,Electronics,56.85165436,4,10/02/2015,Spring,2015,0,227.4066174,1
T38187,P00055,Gaming Mouse,Accessories,42.05064072,18,14/07/2015,Spring,2015,0,756.911533,3
T74922,P00049,4K TV,Electronics,36.16608056,19,27/02/2018,Fall,2018,0,687.1555306,1
T57533,P00051,Formal Suit,Clothing,75.7000838,8,19/02/2019,Winter,2019,0,605.6006704,1
T99140,P00040,Wireless Earbuds,Electronics,49.51019957,8,13/05/2023,Summer,2023,0,396.0815966,1
T84999,P00056,Winter Jacket,Clothing,150.8005643,9,30/10/2021,Winter,2021,0,1357.205079,1
T38936,P00039,Soundbar,Electronics,70.10937447,1,18/03/2015,Summer,2015,20,70.10937447,1
T39942,P00019,Shorts,Clothing,102.183139,18,03/10/2023,Spring,2023,0,1839.296502,1
T73323,P00008,T-Shirt,Clothing,15.33854022,9,31/03/2023,Winter,2023,20,138.046862,1
T77138,P00011,Flip-Flops,Footwear,118.6514456,4,26/11/2017,Summer,2017,0,474.6057824,4
T15870,P00021,Travel Guide,Books,83.1872836,11,24/06/2015,Spring,2015,0,915.0601196,4
T50839,P00031,Running Shoes,Footwear,180.0502594,5,08/02/2018,Fall,2018,0,900.251297,1
T66563,P00014,HD Webcam,Accessories,28.42658347,11,26/12/2018,Summer,2018,0,312.6924182,1
T66767,P00045,Toaster Oven,Home Decor,92.42719677,8,26/02/2019,Fall,2019,0,739.4175742,2
T28572,P00014,Blender,Home Decor,93.08533922,12,28/12/2017,Winter,2017,0,1117.024071,4
T17475,P00047,VR Headset,Electronics,23.14633456,20,12/06/2017,Fall,2017,0,462.9266912,1
T59871,P00026,Running Shoes,Footwear,224.143711,17,27/05/2023,Summer,2023,0,3810.443087,3
T31075,P00018,Cutting Board,Home Decor,16.7714657,1,12/05/2019,Spring,2019,0,16.7714657,4
T94134,P00017,Science Textbook,Books,63.86928562,1,09/08/2017,Spring,2017,0,63.86928562,3
T82940,P00027,Hiking Boots,Footwear,74.12975398,12,19/01/2022,Spring,2022,0,889.5570478,1
T42638,P00050,Formal Suit,Clothing,41.95547171,13,08/09/2019,Fall,2019,0,545.4211322,1
T64928,P00048,Smartphone Case,Accessories,10.37078357,18,04/08/2018,Winter,2018,0,186.6741043,1
T32043,P00040,Coffee Maker,Home Decor,94.67714232,13,08/12/2020,Fall,2020,0,1230.80285,1
T55925,P00026,Leather Loafers,Footwear,253.0444352,5,28/12/2015,Summer,2015,30,1265.222176,1
T32958,P00015,Blender,Home Decor,63.94380491,16,19/04/2021,Spring,2021,0,1023.100879,2
T91222,P00057,Hiking Boots,Footwear,89.04701457,18,07/03/2022,Spring,2022,0,1602.846262,1
T97610,P00041,Gaming Mouse,Accessories,33.76142939,5,23/06/2021,Fall,2021,20,168.807147,1
T94046,P00004,Casual Sneakers,Footwear,265.3968385,11,21/03/2019,Summer,2019,0,2919.365224,2
T39284,P00009,Leather Loafers,Footwear,56.43958004,4,09/09/2022,Fall,2022,30,225.7583202,2
T22277,P00060,Self-Help Book,Books,64.13411221,10,26/01/2019,Winter,2019,0,641.3411221,2
T41149,P00051,Dress Shoes,Footwear,135.3452721,2,04/11/2015,Spring,2015,0,270.6905442,1
T38755,P00050,Cookbook,Books,27.17205397,19,10/11/2023,Winter,2023,20,516.2690254,2
T56108,P00045,USB Flash Drive,Accessories,94.64403584,17,24/05/2023,Fall,2023,0,1608.948609,1
T58606,P00006,Gaming Mouse,Accessories,80.34490443,20,14/06/2023,Summer,2023,10,1606.898089,2
T47749,P00015,Dish Drying Rack,Home Decor,21.89002612,4,22/02/2020,Summer,2020,20,87.56010448,1
T64233,P00014,Wi-Fi Router,Electronics,86.44867657,14,18/01/2022,Summer,2022,0,1210.281472,1
T97552,P00052,Wi-Fi Router,Electronics,94.36964761,18,24/02/2021,Summer,2021,0,1698.653657,1
T68421,P00016,Water Filter Pitcher,Home Decor,34.92678528,12,16/11/2021,Fall,2021,10,419.1214234,1
T55848,P00012,Smartphone Case,Accessories,41.0446094,14,25/08/2015,Spring,2015,0,574.6245316,1
T76081,P00001,Bluetooth Speaker,Electronics,70.58267174,8,18/05/2019,Spring,2019,0,564.6613739,4
T57994,P00015,USB Flash Drive,Accessories,34.49395136,10,19/05/2015,Fall,2015,20,344.9395136,1
T58025,P00011,Cordless Vacuum,Home Decor,10.61425097,3,23/10/2018,Spring,2018,0,31.84275291,1
T35249,P00038,Denim Jeans,Clothing,77.63075981,1,21/04/2017,Summer,2017,0,77.63075981,1
T27916,P00006,Wireless Keyboard,Accessories,50.78566261,2,09/11/2021,Winter,2021,0,101.5713252,1
T66723,P00034,Science Textbook,Books,60.97204337,4,09/09/2015,Fall,2015,0,243.8881735,2
T28326,P00048,Travel Guide,Books,71.54425939,9,07/03/2020,Winter,2020,0,643.8983345,1
T85263,P00022,Coffee Maker,Home Decor,15.56059098,1,24/01/2020,Winter,2020,10,15.56059098,1
T30316,P00039,Portable Fan,Home Decor,52.27767508,4,16/05/2021,Winter,2021,0,209.1107003,2
T85082,P00021,Hoodie,Clothing,64.2770556,16,12/06/2023,Spring,2023,0,1028.43289,1
T67732,P00021,Travel Guide,Books,95.3172609,15,17/05/2023,Summer,2023,10,1429.758914,3
T28914,P00057,USB Flash Drive,Accessories,42.39086588,16,15/12/2022,Summer,2022,0,678.2538541,2
T34716,P00032,Raincoat,Clothing,33.52288426,18,16/05/2020,Fall,2020,0,603.4119167,1
T32789,P00029,Winter Jacket,Clothing,22.67592579,3,15/08/2020,Summer,2020,0,68.02777737,1
T28160,P00045,Self-Help Book,Books,33.88652988,4,11/05/2019,Fall,2019,30,135.5461195,1
T73780,P00059,Water Filter Pitcher,Home Decor,26.0990865,7,09/07/2015,Spring,2015,0,182.6936055,3
T19132,P00050,Raincoat,Clothing,135.212931,18,01/06/2023,Spring,2023,0,2433.832758,1
T46761,P00020,Sweatpants,Clothing,171.6888102,16,29/09/2019,Spring,2019,0,2747.020963,1
T20176,P00019,Hiking Boots,Footwear,110.9536435,7,23/10/2023,Summer,2023,0,776.6755045,1
T86242,P00022,USB Flash Drive,Accessories,62.00123095,2,25/06/2018,Fall,2018,0,124.0024619,1
T92878,P00030,Electric Kettle,Home Decor,75.72747493,13,12/12/2023,Winter,2023,0,984.4571741,1
T11477,P00044,Biography,Books,45.86389202,6,07/05/2022,Spring,2022,0,275.1833521,3
T69644,P00039,Cookbook,Books,30.62664198,19,08/11/2017,Summer,2017,0,581.9061976,4
T75999,P00042,Dress Shoes,Footwear,267.8430972,12,18/01/2023,Fall,2023,0,3214.117166,3
T52160,P00034,Self-Help Book,Books,84.20322396,19,23/01/2020,Fall,2020,0,1599.861255,1
T77964,P00059,Portable Fan,Home Decor,17.78792759,8,08/02/2022,Spring,2022,0,142.3034207,1
T62280,P00038,Portable Fan,Home Decor,30.1553851,13,27/12/2018,Winter,2018,0,392.0200063,1
T63380,P00032,LED Desk Lamp,Home Decor,53.73084088,12,16/05/2019,Summer,2019,0,644.7700906,1
T35248,P00007,Running Shoes,Footwear,233.9909337,12,19/04/2019,Summer,2019,10,2807.891204,4
T65831,P00046,Microwave Oven,Home Decor,28.99832245,14,03/02/2015,Summer,2015,0,405.9765143,2
T88396,P00008,Electric Kettle,Home Decor,95.74283253,18,24/06/2017,Winter,2017,0,1723.370986,1
T97707,P00015,Raincoat,Clothing,159.967378,2,25/04/2020,Fall,2020,0,319.934756,2
T96196,P00050,Children's Book,Books,27.77070923,7,01/02/2019,Fall,2019,0,194.3949646,1
T75429,P00016,Portable Fan,Home Decor,60.26042806,8,21/01/2015,Summer,2015,0,482.0834245,3
T74408,P00032,VR Headset,Electronics,20.17874153,18,02/09/2017,Winter,2017,0,363.2173475,1
T66380,P00003,Running Shoes,Footwear,124.3945742,19,16/07/2022,Winter,2022,0,2363.49691,1
T33245,P00056,Denim Jeans,Clothing,137.0299532,3,18/08/2015,Fall,2015,20,411.0898596,1
T29643,P00015,Wi-Fi Router,Electronics,39.71149191,3,30/04/2017,Summer,2017,0,119.1344757,3
T97488,P00009,Blender,Home Decor,69.10825562,19,19/01/2022,Fall,2022,0,1313.056857,1
T15402,P00003,Portable Fan,Home Decor,32.03015182,6,13/12/2019,Fall,2019,0,192.1809109,4
T97503,P00040,USB Flash Drive,Accessories,74.90861025,5,29/02/2020,Summer,2020,0,374.5430513,1
T39470,P00033,Sweatpants,Clothing,100.8275039,11,29/10/2020,Summer,2020,20,1109.102543,1
T15197,P00028,Smartphone Case,Accessories,48.14609721,18,25/05/2022,Spring,2022,0,866.6297498,2
T98458,P00029,Casual Sneakers,Footwear,144.1009887,3,15/01/2015,Fall,2015,0,432.3029661,1
T22505,P00022,USB Flash Drive,Accessories,50.0323,2,17/04/2022,Summer,2022,0,100.0646,1
T78935,P00053,Dish Drying Rack,Home Decor,98.99231727,17,22/02/2022,Summer,2022,0,1682.869394,1
T57718,P00034,Flip-Flops,Footwear,78.1182034,16,26/08/2015,Winter,2015,20,1249.891254,2
T69598,P00020,Gaming Mouse,Accessories,79.17974475,6,07/03/2015,Winter,2015,0,475.0784685,1
T42367,P00026,Cordless Vacuum,Home Decor,59.6609903,7,28/06/2021,Fall,2021,20,417.6269321,1
T65441,P00002,E-Reader,Electronics,47.22655763,7,25/07/2020,Spring,2020,0,330.5859034,1
T81462,P00039,Wireless Earbuds,Electronics,67.01758455,13,08/08/2019,Spring,2019,20,871.2285992,2
T70443,P00016,VR Headset,Electronics,86.81782988,2,01/08/2022,Fall,2022,20,173.6356598,3
T76722,P00020,Self-Help Book,Books,51.99745276,10,04/02/2020,Summer,2020,0,519.9745276,1
T14992,P00035,Winter Jacket,Clothing,174.9882533,3,30/05/2019,Fall,2019,0,524.9647599,1
T53836,P00051,Toaster Oven,Home Decor,18.44185015,16,18/10/2020,Fall,2020,0,295.0696024,3
T33065,P00024,Sweatpants,Clothing,135.8205811,8,04/08/2022,Fall,2022,10,1086.564649,4
T53472,P00040,Wireless Earbuds,Electronics,39.98620552,11,10/10/2021,Spring,2021,30,439.8482607,2
T76272,P00046,HD Webcam,Accessories,44.80437945,1,12/01/2015,Spring,2015,10,44.80437945,4
T63196,P00047,Mechanical Keyboard,Electronics,61.39177758,2,15/09/2022,Spring,2022,0,122.7835552,2
T65847,P00023,Sweatpants,Clothing,103.7846077,14,10/07/2017,Winter,2017,0,1452.984508,2
T15085,P00044,Flip-Flops,Footwear,129.9893456,15,23/03/2019,Summer,2019,10,1949.840184,1
T85109,P00031,Biography,Books,65.6483772,15,22/06/2022,Winter,2022,10,984.725658,1
T25501,P00011,Cutting Board,Home Decor,55.50216866,3,06/04/2022,Winter,2022,0,166.506506,3
T26666,P00029,Fiction Novel,Books,39.0978213,14,07/07/2017,Spring,2017,0,547.3694982,4
T81995,P00059,Toaster Oven,Home Decor,28.4464917,4,23/05/2019,Fall,2019,0,113.7859668,2
T76919,P00027,Bluetooth Speaker,Electronics,79.70213764,2,07/11/2019,Spring,2019,0,159.4042753,1
T22417,P00008,Mystery Novel,Books,81.97434321,15,28/12/2020,Summer,2020,0,1229.615148,1
T81932,P00023,Toaster Oven,Home Decor,29.24093143,18,20/07/2022,Summer,2022,0,526.3367657,1
T12298,P00013,E-Reader,Electronics,33.54841119,14,06/03/2021,Summer,2021,0,469.6777567,1
T28997,P00018,Wireless Earbuds,Electronics,31.52287203,16,11/12/2023,Summer,2023,0,504.3659525,2
T91757,P00006,Sweatpants,Clothing,178.6454029,20,09/02/2021,Spring,2021,0,3572.908058,4
T64991,P00022,Leather Loafers,Footwear,237.8858548,3,08/01/2023,Spring,2023,10,713.6575644,1
T36280,P00036,Wireless Keyboard,Accessories,16.71161709,19,22/08/2017,Fall,2017,30,317.5207247,1
T25720,P00057,Running Shoes,Footwear,253.9831362,12,14/04/2022,Fall,2022,10,3047.797634,2
T87099,P00009,Coffee Maker,Home Decor,13.31666387,16,02/08/2018,Fall,2018,30,213.0666219,1
T71036,P00018,Hiking Boots,Footwear,94.62994252,13,14/02/2023,Winter,2023,0,1230.189253,3
T95660,P00029,Leather Loafers,Footwear,277.7226306,12,20/08/2015,Winter,2015,0,3332.671567,1
T48609,P00037,Hiking Boots,Footwear,262.6911061,14,15/06/2022,Fall,2022,0,3677.675485,1
T98909,P00057,Smartwatch,Electronics,80.32910633,7,25/05/2021,Summer,2021,10,562.3037443,1
T54153,P00056,USB Flash Drive,Accessories,51.17925062,19,04/11/2015,Fall,2015,0,972.4057618,1
T36869,P00011,Raincoat,Clothing,74.46160869,3,06/01/2020,Winter,2020,0,223.3848261,1
T54158,P00054,Monitor Arm,Electronics,89.33912538,7,22/07/2017,Winter,2017,10,625.3738777,1
T83867,P00016,Formal Suit,Clothing,136.5587067,1,21/07/2020,Fall,2020,0,136.5587067,1
T96941,P00012,Cordless Vacuum,Home Decor,36.59579695,6,16/05/2021,Spring,2021,0,219.5747817,1
T67907,P00001,HD Webcam,Accessories,51.68762902,5,04/05/2019,Summer,2019,0,258.4381451,1
T57717,P00027,Laptop Stand,Accessories,91.31098925,10,10/05/2019,Fall,2019,0,913.1098925,1
T86021,P00050,Gaming Mouse,Accessories,69.33718846,10,16/05/2022,Spring,2022,0,693.3718846,2
T85774,P00014,Smartwatch,Electronics,75.93002746,2,15/02/2023,Winter,2023,0,151.8600549,4
T44613,P00049,HD Webcam,Accessories,13.53680499,6,04/07/2021,Summer,2021,0,81.22082994,1
T78848,P00041,Gaming Mouse,Accessories,64.41404569,19,16/12/2019,Summer,2019,10,1223.866868,1
T91543,P00028,Raincoat,Clothing,142.4636251,3,18/01/2019,Summer,2019,20,427.3908753,1
T97090,P00020,Coffee Maker,Home Decor,85.94730892,1,26/01/2017,Fall,2017,10,85.94730892,2
T52398,P00052,Hoodie,Clothing,186.7327272,3,08/09/2021,Spring,2021,0,560.1981816,3
T76566,P00001,Raincoat,Clothing,59.0182437,14,27/03/2017,Fall,2017,0,826.2554118,2
T76962,P00001,Hoodie,Clothing,171.4722475,8,07/09/2022,Summer,2022,0,1371.77798,1
T33371,P00006,Laptop Stand,Accessories,69.89613244,9,21/08/2020,Fall,2020,0,629.065192,1
T58402,P00027,Denim Jeans,Clothing,122.4287267,4,15/09/2018,Fall,2018,0,489.7149068,4
T97774,P00025,Sweatpants,Clothing,170.9783051,14,06/09/2019,Spring,2019,0,2393.696271,1
T26375,P00030,T-Shirt,Clothing,67.83794911,15,02/03/2022,Spring,2022,0,1017.569237,1
T24748,P00052,Self-Help Book,Books,38.30686909,1,25/03/2019,Summer,2019,0,38.30686909,2
T86551,P00033,HD Webcam,Accessories,80.87108886,2,10/06/2018,Spring,2018,0,161.7421777,2
T48265,P00026,Soundbar,Electronics,50.59486052,13,21/12/2018,Spring,2018,0,657.7331868,1
T20346,P00042,Denim Jeans,Clothing,85.58117416,10,03/07/2019,Summer,2019,0,855.8117416,1
T24934,P00034,Microwave Oven,Home Decor,31.01439505,3,05/10/2020,Summer,2020,0,93.04318515,2
T97249,P00053,Leather Loafers,Footwear,52.64617647,4,21/11/2015,Summer,2015,0,210.5847059,1
T74896,P00045,Hoodie,Clothing,35.40310766,1,17/01/2020,Spring,2020,20,35.40310766,3
T95755,P00030,Hoodie,Clothing,159.3132087,7,09/02/2015,Summer,2015,0,1115.192461,3
T38023,P00024,Children's Book,Books,89.32580673,2,18/03/2021,Fall,2021,30,178.6516135,1
T88152,P00015,Flip-Flops,Footwear,279.9605078,8,24/02/2017,Fall,2017,0,2239.684062,1
T19492,P00058,Air Fryer,Home Decor,86.85515551,12,22/10/2018,Fall,2018,0,1042.261866,1
T60891,P00038,Dish Drying Rack,Home Decor,84.72024876,8,03/01/2019,Fall,2019,0,677.7619901,2
T58309,P00003,Winter Jacket,Clothing,27.73463253,14,15/10/2023,Summer,2023,0,388.2848554,2
T28441,P00021,Smartphone Case,Accessories,81.11112352,15,21/12/2022,Winter,2022,0,1216.666853,2
T99882,P00002,Gaming Mouse,Accessories,80.49543937,14,08/01/2020,Fall,2020,0,1126.936151,1
T73118,P00037,Toaster Oven,Home Decor,21.81613547,19,02/12/2021,Spring,2021,10,414.5065739,1
T65525,P00002,Soundbar,Electronics,69.58083087,5,12/04/2018,Spring,2018,20,347.9041544,2
T28726,P00010,Gaming Mouse,Accessories,50.72566028,4,10/12/2022,Winter,2022,0,202.9026411,1
T86292,P00011,Portable Fan,Home Decor,91.00121711,12,05/05/2023,Fall,2023,0,1092.014605,2
T64283,P00029,USB Flash Drive,Accessories,72.58675262,12,16/07/2020,Summer,2020,0,871.0410314,2
T13191,P00041,Denim Jeans,Clothing,190.9326942,10,17/02/2019,Spring,2019,0,1909.326942,1
T46191,P00014,Formal Suit,Clothing,34.41068938,1,22/04/2019,Winter,2019,10,34.41068938,1
T21722,P00007,LED Desk Lamp,Home Decor,13.6546583,11,30/03/2018,Summer,2018,10,150.2012413,1
T18045,P00049,Self-Help Book,Books,17.21729453,7,04/09/2020,Winter,2020,0,120.5210617,2
T93297,P00010,Self-Help Book,Books,44.75762388,19,03/06/2023,Summer,2023,0,850.3948537,2
T20702,P00050,USB Flash Drive,Accessories,68.497356,7,19/01/2015,Fall,2015,0,479.481492,3
T62885,P00060,Soundbar,Electronics,32.91195864,8,20/02/2015,Summer,2015,0,263.2956691,1
T17678,P00036,Blender,Home Decor,56.91581114,13,28/01/2018,Summer,2018,0,739.9055448,3
T82402,P00002,Water Filter Pitcher,Home Decor,52.40008182,10,01/02/2019,Winter,2019,10,524.0008182,1
T89846,P00038,LED Desk Lamp,Home Decor,88.65094308,1,22/01/2023,Spring,2023,0,88.65094308,2
T39773,P00008,VR Headset,Electronics,77.43899544,5,13/10/2022,Summer,2022,30,387.1949772,1
T22471,P00016,LED Desk Lamp,Home Decor,87.23047449,7,17/03/2017,Summer,2017,20,610.6133214,1
T92816,P00006,Travel Guide,Books,72.3170763,6,20/11/2017,Spring,2017,0,433.9024578,3
T72647,P00019,Mechanical Keyboard,Electronics,97.75915619,18,31/10/2020,Fall,2020,10,1759.664811,1
T66794,P00028,Wireless Keyboard,Accessories,65.07225026,6,23/06/2018,Fall,2018,20,390.4335016,4
T57856,P00039,Winter Jacket,Clothing,199.219373,5,18/02/2022,Fall,2022,0,996.096865,4
T78545,P00026,Cutting Board,Home Decor,57.54912234,6,31/05/2021,Winter,2021,0,345.294734,1
T70781,P00029,Leather Loafers,Footwear,256.01623,20,05/11/2022,Winter,2022,10,5120.3246,1
T55078,P00050,Dish Drying Rack,Home Decor,23.44253027,14,21/09/2022,Spring,2022,0,328.1954238,3
T54640,P00057,Biography,Books,57.88160372,12,21/10/2020,Spring,2020,20,694.5792446,2
T54857,P00042,Travel Guide,Books,35.97940545,14,06/12/2020,Spring,2020,0,503.7116763,3
T51540,P00059,T-Shirt,Clothing,38.57303817,13,25/06/2020,Summer,2020,0,501.4494962,1
T72736,P00060,Portable Fan,Home Decor,36.63501987,13,25/07/2015,Fall,2015,0,476.2552583,1
T76092,P00021,Winter Jacket,Clothing,80.65357754,6,20/05/2023,Spring,2023,0,483.9214652,3
T50731,P00057,VR Headset,Electronics,73.89595947,8,24/02/2018,Fall,2018,0,591.1676758,1
T69128,P00049,Casual Sneakers,Footwear,74.12088693,12,09/08/2017,Fall,2017,10,889.4506432,1
T97071,P00012,Denim Jeans,Clothing,34.62939831,1,28/04/2017,Winter,2017,0,34.62939831,2
T28974,P00053,Denim Jeans,Clothing,86.58381509,10,07/09/2019,Summer,2019,20,865.8381509,1
T86456,P00014,Fitness Tracker,Electronics,51.27882548,17,04/01/2018,Fall,2018,0,871.7400332,1
T41587,P00007,Laptop Stand,Accessories,66.5546547,10,02/08/2020,Summer,2020,0,665.546547,4
T34581,P00042,Blender,Home Decor,90.0349938,4,12/10/2015,Fall,2015,0,360.1399752,3
T85721,P00019,Hiking Boots,Footwear,104.4622305,16,24/02/2017,Winter,2017,0,1671.395688,3
T63271,P00040,Mechanical Keyboard,Electronics,42.94366361,19,06/05/2021,Summer,2021,10,815.9296086,1
T18701,P00052,Mechanical Keyboard,Electronics,10.12795048,20,19/08/2015,Winter,2015,0,202.5590096,1
T90725,P00017,E-Reader,Electronics,62.14886404,18,11/11/2015,Spring,2015,30,1118.679553,1
T99711,P00055,Cookbook,Books,83.42164681,2,08/02/2019,Spring,2019,0,166.8432936,2
T10252,P00042,Smart Thermostat,Electronics,13.27955375,7,17/04/2020,Summer,2020,10,92.95687625,2
T69852,P00015,Gaming Mouse,Accessories,10.31425827,19,12/12/2022,Spring,2022,0,195.9709071,1
T31241,P00004,Shorts,Clothing,149.6464052,16,03/10/2022,Winter,2022,0,2394.342483,1
T29779,P00043,Dress Shoes,Footwear,213.0614244,18,06/01/2020,Fall,2020,10,3835.105639,1
T49823,P00005,Sweatpants,Clothing,90.08263949,12,05/01/2017,Winter,2017,0,1080.991674,1
T84915,P00023,Hiking Boots,Footwear,206.9413424,10,13/08/2015,Summer,2015,0,2069.413424,1
T91067,P00006,Gaming Mouse,Accessories,32.13339351,15,26/08/2022,Spring,2022,10,482.0009027,1
T27464,P00008,Travel Guide,Books,26.76089843,2,26/03/2022,Summer,2022,0,53.52179686,1
T60445,P00054,Hiking Boots,Footwear,122.1270405,11,18/11/2021,Fall,2021,0,1343.397446,1
T21619,P00042,Raincoat,Clothing,197.9082298,14,12/06/2015,Spring,2015,0,2770.715217,1
T75029,P00043,Dress Shoes,Footwear,221.5284485,3,03/01/2019,Summer,2019,10,664.5853455,1
T72996,P00018,Dish Drying Rack,Home Decor,43.0639198,5,25/11/2015,Winter,2015,0,215.319599,1
T58707,P00054,Raincoat,Clothing,42.5994163,4,08/07/2020,Spring,2020,30,170.3976652,1
T62253,P00060,Blender,Home Decor,63.28223349,5,04/09/2019,Winter,2019,0,316.4111675,4
T58050,P00003,LED Desk Lamp,Home Decor,36.54129278,18,14/08/2019,Winter,2019,0,657.74327,1
T68805,P00058,4K TV,Electronics,91.49581732,14,22/09/2020,Spring,2020,0,1280.941442,4
T76406,P00038,Fiction Novel,Books,36.33849681,16,08/03/2019,Winter,2019,0,581.415949,1
T49275,P00033,Smart Thermostat,Electronics,62.96966331,7,20/11/2021,Winter,2021,10,440.7876432,1
T96145,P00044,Laptop Stand,Accessories,22.32770509,15,28/05/2020,Winter,2020,0,334.9155764,1
T54960,P00020,Shorts,Clothing,118.8865785,20,27/03/2022,Fall,2022,0,2377.73157,1
T32129,P00056,Denim Jeans,Clothing,25.38062353,14,08/05/2021,Fall,2021,0,355.3287294,1
T54379,P00059,Denim Jeans,Clothing,127.2744061,9,05/05/2015,Summer,2015,0,1145.469655,1
T77473,P00029,Smartwatch,Electronics,57.71474595,14,22/04/2015,Spring,2015,0,808.0064433,1
T31792,P00024,HD Webcam,Accessories,56.86893839,18,19/12/2017,Winter,2017,20,1023.640891,1
T13008,P00045,Cookbook,Books,71.57479484,3,12/12/2022,Fall,2022,10,214.7243845,1
T13851,P00037,Denim Jeans,Clothing,23.22447367,6,21/09/2022,Spring,2022,10,139.346842,1
T33161,P00001,Coffee Maker,Home Decor,51.37583182,18,15/11/2021,Winter,2021,10,924.7649728,2
T48730,P00023,Fiction Novel,Books,49.96347967,19,19/07/2018,Spring,2018,0,949.3061137,3
T15935,P00052,Blender,Home Decor,98.1901874,8,06/12/2017,Fall,2017,0,785.5214992,1
T22649,P00025,Leather Loafers,Footwear,63.30158011,6,23/06/2022,Spring,2022,0,379.8094807,1
T13995,P00015,Winter Jacket,Clothing,142.7295051,10,23/08/2020,Summer,2020,0,1427.295051,3
T51333,P00035,Cordless Vacuum,Home Decor,46.17965236,19,05/12/2015,Fall,2015,0,877.4133948,1
T71263,P00054,Toaster Oven,Home Decor,56.05538719,3,20/08/2020,Summer,2020,10,168.1661616,2
T38530,P00052,Smartphone Case,Accessories,24.16378983,18,29/04/2023,Winter,2023,10,434.9482169,1
T71547,P00015,Self-Help Book,Books,78.72266914,7,22/07/2017,Winter,2017,0,551.058684,1
T45349,P00057,Coffee Maker,Home Decor,16.32977044,15,27/02/2019,Summer,2019,0,244.9465566,1
T49355,P00006,LED Desk Lamp,Home Decor,53.49785601,8,27/04/2019,Winter,2019,10,427.9828481,3
T71218,P00033,Smart Thermostat,Electronics,76.78637719,16,05/02/2019,Winter,2019,0,1228.582035,1
T98577,P00007,Winter Jacket,Clothing,50.62201924,20,03/06/2022,Winter,2022,0,1012.440385,1
T37230,P00010,Self-Help Book,Books,79.38240814,8,29/03/2015,Spring,2015,0,635.0592651,1
T63922,P00009,External Hard Drive,Accessories,25.01312562,17,28/06/2017,Summer,2017,0,425.2231355,2
T99622,P00005,Fitness Tracker,Electronics,81.93148812,20,12/08/2018,Fall,2018,0,1638.629762,1
T27001,P00009,Fiction Novel,Books,52.20420156,20,13/05/2021,Fall,2021,0,1044.084031,1
T81362,P00009,Blender,Home Decor,92.56658125,10,30/04/2018,Spring,2018,20,925.6658125,1
T54131,P00026,Denim Jeans,Clothing,87.69481371,19,07/05/2022,Summer,2022,0,1666.20146,4
T93104,P00010,Self-Help Book,Books,93.38429947,12,02/05/2020,Spring,2020,20,896.4892749,4
T28431,P00027,Hiking Boots,Footwear,209.3533754,17,25/12/2020,Summer,2020,0,3559.007382,2
T90038,P00006,Microwave Oven,Home Decor,59.5785321,3,23/12/2017,Summer,2017,15,151.9252569,1
T78148,P00059,Wireless Keyboard,Accessories,89.88924956,14,28/09/2018,Winter,2018,15,1069.68207,2
T77121,P00002,Raincoat,Clothing,166.9320203,15,08/12/2021,Winter,2021,0,2503.980305,4
T82409,P00017,Sweatpants,Clothing,72.7086932,4,10/06/2020,Summer,2020,0,290.8347728,2
T50397,P00001,External Hard Drive,Accessories,96.67387202,14,04/10/2016,Summer,2016,10,1218.090787,4
T96807,P00060,Hoodie,Clothing,137.1122103,16,21/08/2023,Summer,2023,10,1974.415828,1
T12695,P00029,Casual Sneakers,Footwear,119.393665,7,25/01/2023,Winter,2023,0,835.755655,4
T13561,P00059,Flip-Flops,Footwear,93.56239679,3,08/01/2017,Summer,2017,10,252.6184713,1
T45222,P00052,Hoodie,Clothing,186.7327272,12,08/09/2021,Fall,2021,0,2240.792726,3
T18110,P00031,Laptop Stand,Accessories,95.30668658,8,12/03/2019,Summer,2019,0,762.4534926,1
T97054,P00034,Smartwatch,Electronics,77.23005275,14,05/01/2017,Winter,2017,0,1081.220739,3
T66044,P00042,Flip-Flops,Footwear,280.0360108,4,17/07/2017,Summer,2017,20,896.1152346,3
T74044,P00019,Running Shoes,Footwear,132.830434,19,27/07/2018,Spring,2018,0,2523.778246,2
T31834,P00050,Bluetooth Speaker,Electronics,46.44572372,12,06/05/2023,Spring,2023,0,557.3486846,2
T76842,P00008,Flip-Flops,Footwear,294.1334764,7,25/12/2021,Winter,2021,20,1647.147468,1
T13748,P00048,Air Fryer,Home Decor,11.97844361,6,07/03/2023,Winter,2023,0,71.87066166,2
T49353,P00045,Laptop Stand,Accessories,68.03630899,9,22/11/2022,Spring,2022,0,612.3267809,1
T36736,P00001,Blender,Home Decor,75.3162859,17,03/02/2021,Fall,2021,0,1280.37686,1
T56717,P00023,Children's Book,Books,74.00109665,5,22/12/2016,Winter,2016,0,370.0054833,3
T22688,P00052,Dress Shoes,Footwear,265.9571248,6,26/12/2019,Fall,2019,0,1595.742749,3
T90623,P00051,Gaming Mouse,Accessories,38.30900451,2,05/08/2020,Summer,2020,5,72.78710857,3
T12811,P00009,External Hard Drive,Accessories,25.01312562,6,28/09/2015,Summer,2015,5,142.574816,4
T18680,P00044,Children's Book,Books,72.835157,19,03/10/2017,Summer,2017,0,1383.867983,4
T57254,P00049,4K TV,Electronics,36.16608056,1,08/02/2021,Winter,2021,5,34.35777653,1
T87371,P00008,Winter Jacket,Clothing,35.85514844,16,28/07/2017,Winter,2017,15,487.6300188,4
T82694,P00035,Shorts,Clothing,75.94888565,12,16/01/2016,Fall,2016,0,911.3866278,3
T69040,P00044,Flip-Flops,Footwear,129.9893456,16,19/03/2023,Fall,2023,15,1767.8551,4
T12557,P00051,Wi-Fi Router,Electronics,88.48567623,6,04/08/2015,Spring,2015,5,504.3683545,3
T71135,P00020,Bluetooth Speaker,Electronics,70.8812411,14,18/09/2017,Spring,2017,0,992.3373754,3
T13987,P00022,Laptop Stand,Accessories,50.54986433,4,01/04/2023,Winter,2023,0,202.1994573,4
T50818,P00059,E-Reader,Electronics,49.24511475,17,03/07/2022,Fall,2022,0,837.1669508,4
T15895,P00052,Cordless Vacuum,Home Decor,53.59572242,6,14/06/2021,Summer,2021,20,257.2594676,2
T50764,P00057,Smartwatch,Electronics,80.32910633,15,01/05/2016,Winter,2016,0,1204.936595,4
T28589,P00033,Self-Help Book,Books,98.76427726,17,03/04/2017,Fall,2017,0,1678.992713,4
T10301,P00051,Formal Suit,Clothing,96.11664311,9,03/06/2019,Winter,2019,20,692.0398304,1
T44584,P00039,Mechanical Keyboard,Electronics,66.69176971,1,01/12/2017,Fall,2017,0,66.69176971,2
T14014,P00034,Dish Drying Rack,Home Decor,12.00959475,8,03/10/2020,Spring,2020,0,96.076758,4
T88069,P00024,Mystery Novel,Books,71.54694325,2,10/11/2016,Fall,2016,0,143.0938865,1
T97545,P00037,Dress Shoes,Footwear,124.3997561,18,03/10/2021,Winter,2021,15,1903.316268,4
T65766,P00039,Cookbook,Books,40.16740917,14,08/01/2018,Fall,2018,10,506.1093555,3
T60300,P00057,Monitor Arm,Electronics,57.70221731,19,23/02/2016,Summer,2016,0,1096.342129,2
T13051,P00004,Wireless Keyboard,Accessories,99.52836736,5,11/06/2020,Winter,2020,0,497.6418368,4
T90738,P00059,Casual Sneakers,Footwear,247.9101693,13,06/04/2021,Spring,2021,0,3222.832201,3
T38251,P00052,Biography,Books,68.87057358,19,10/12/2016,Summer,2016,10,1177.686808,3
T26896,P00052,Self-Help Book,Books,44.78883969,9,05/10/2021,Winter,2021,5,382.9445793,2
T63222,P00052,Digital Camera,Electronics,80.96016347,13,08/09/2020,Fall,2020,0,1052.482125,1
T23284,P00011,Wireless Keyboard,Accessories,46.93015596,3,23/06/2019,Fall,2019,0,140.7904679,3
T45247,P00014,Dress Shoes,Footwear,76.70694039,5,14/01/2019,Spring,2019,0,383.534702,2
T50158,P00055,E-Reader,Electronics,40.33781568,10,05/01/2018,Fall,2018,20,322.7025254,2
T40977,P00023,HD Webcam,Accessories,35.27370732,13,05/08/2015,Fall,2015,0,458.5581952,4
T80588,P00046,Laptop Stand,Accessories,49.03263253,18,12/08/2018,Winter,2018,0,882.5873855,1
T96027,P00036,Mystery Novel,Books,92.81650627,8,01/01/2017,Fall,2017,20,594.0256401,1
T98668,P00025,Travel Guide,Books,13.85569216,3,18/03/2016,Spring,2016,0,41.56707648,4
T36092,P00012,Wireless Keyboard,Accessories,56.03175319,7,09/03/2016,Winter,2016,0,392.2222723,2
T57295,P00047,HD Webcam,Accessories,78.84453866,4,25/04/2022,Winter,2022,0,315.3781546,4
T42479,P00008,Portable Fan,Home Decor,23.6116225,7,17/02/2018,Summer,2018,0,165.2813575,2
T24397,P00001,External Hard Drive,Accessories,20.29786121,3,13/07/2015,Winter,2015,0,60.89358363,1
T82936,P00018,Shorts,Clothing,77.64051054,19,13/06/2023,Fall,2023,0,1475.1697,1
T70921,P00012,Self-Help Book,Books,92.74791844,14,28/07/2023,Fall,2023,5,1233.547315,3
T70566,P00049,Sweatpants,Clothing,189.7352608,12,03/05/2019,Summer,2019,0,2276.82313,1
T19348,P00028,Leather Loafers,Footwear,60.97836786,10,13/07/2023,Spring,2023,20,487.8269429,3
T54261,P00011,Blender,Home Decor,38.3052228,10,09/12/2016,Winter,2016,15,325.5943938,1
T98092,P00016,Smartwatch,Electronics,92.07857765,18,09/10/2022,Spring,2022,15,1408.802238,1
T67854,P00036,HD Webcam,Accessories,62.72939911,13,16/08/2017,Fall,2017,0,815.4821884,1
T35289,P00042,Gaming Mouse,Accessories,77.57475626,19,06/04/2018,Spring,2018,10,1326.528332,3
T40355,P00042,Flip-Flops,Footwear,280.0360108,13,03/07/2017,Fall,2017,0,3640.46814,2
T38016,P00022,Self-Help Book,Books,45.60404274,3,01/07/2023,Spring,2023,0,136.8121282,1
T32700,P00051,Gaming Mouse,Accessories,68.14632333,6,21/06/2015,Winter,2015,15,347.546249,4
T40354,P00013,Wireless Earbuds,Electronics,89.05396777,11,21/06/2019,Fall,2019,20,783.6749164,3
T62736,P00007,Formal Suit,Clothing,190.7433239,9,15/02/2023,Summer,2023,0,1716.689915,3
T20975,P00057,Gaming Mouse,Accessories,33.95330238,16,03/06/2020,Summer,2020,10,488.9275543,4
T94665,P00040,Running Shoes,Footwear,231.5451133,8,24/12/2020,Fall,2020,0,1852.360906,2
T45547,P00010,Cutting Board,Home Decor,33.86685158,17,04/09/2019,Winter,2019,0,575.7364769,4
T75545,P00010,Fitness Tracker,Electronics,57.41127189,19,18/06/2017,Summer,2017,10,981.7327493,1
T37712,P00036,Mystery Novel,Books,87.27809204,5,13/11/2016,Winter,2016,0,436.3904602,2
T18702,P00009,Fiction Novel,Books,52.20420156,17,21/11/2015,Spring,2015,15,754.3507125,1
T90642,P00037,HD Webcam,Accessories,98.18275593,17,06/07/2019,Winter,2019,0,1669.106851,2
T66397,P00001,Biography,Books,84.46088425,5,21/05/2021,Summer,2021,10,380.0739791,1
T55543,P00051,Hiking Boots,Footwear,129.8274708,13,13/03/2015,Winter,2015,0,1687.75712,1
T53125,P00060,USB Flash Drive,Accessories,97.99120794,7,08/12/2016,Spring,2016,5,651.6415328,2
T52808,P00008,Sweatpants,Clothing,155.8681428,12,01/12/2016,Spring,2016,0,1870.417714,3
T91317,P00051,Hiking Boots,Footwear,202.4486855,14,21/05/2021,Summer,2021,10,2550.853437,3
T71886,P00029,Casual Sneakers,Footwear,119.393665,2,18/06/2016,Summer,2016,5,226.8479635,3
T80390,P00044,Biography,Books,45.86389202,1,06/09/2018,Fall,2018,10,41.27750282,2
T83477,P00019,Mechanical Keyboard,Electronics,97.75915619,17,10/04/2019,Fall,2019,0,1661.905655,4
T34214,P00053,Leather Loafers,Footwear,52.64617647,16,11/11/2016,Summer,2016,0,842.3388235,1
T93807,P00053,Denim Jeans,Clothing,86.58381509,8,04/08/2020,Winter,2020,5,658.0369947,3
T46668,P00046,Self-Help Book,Books,34.42516154,19,19/10/2016,Spring,2016,15,555.9663589,4
T91818,P00014,Fiction Novel,Books,61.77366901,9,05/01/2020,Spring,2020,0,555.9630211,2
T74291,P00030,T-Shirt,Clothing,67.83794911,11,15/06/2023,Winter,2023,20,596.9739522,1
T18717,P00027,Science Textbook,Books,53.14796507,15,03/01/2022,Fall,2022,0,797.219476,2
T15126,P00007,Electric Kettle,Home Decor,23.7459155,13,02/08/2021,Summer,2021,0,308.6969015,4
T44674,P00001,Microwave Oven,Home Decor,72.33695345,13,15/11/2021,Spring,2021,15,799.3233356,3
T16229,P00039,Hiking Boots,Footwear,299.4556416,10,05/07/2023,Winter,2023,0,2994.556416,3
T36734,P00030,Running Shoes,Footwear,122.2417881,4,13/01/2023,Winter,2023,0,488.9671524,1
T91449,P00011,Children's Book,Books,23.11237799,8,15/02/2020,Fall,2020,0,184.8990239,3
T37285,P00021,Hoodie,Clothing,182.0647431,13,02/10/2018,Winter,2018,0,2366.84166,1
T86125,P00041,Wireless Keyboard,Accessories,69.49211891,4,16/07/2020,Spring,2020,15,236.2732043,2
T86323,P00025,Travel Guide,Books,13.85569216,3,09/07/2022,Fall,2022,0,41.56707648,1
T94471,P00003,Wireless Keyboard,Accessories,54.3686102,11,20/02/2020,Spring,2020,15,508.3465054,2
T98236,P00059,Portable Fan,Home Decor,17.78792759,15,02/09/2017,Spring,2017,0,266.8189139,3
T46976,P00001,Self-Help Book,Books,85.42045684,4,22/10/2020,Winter,2020,0,341.6818274,4
T57362,P00006,LED Desk Lamp,Home Decor,53.49785601,6,14/10/2015,Summer,2015,0,320.9871361,3
T15287,P00049,Fitness Tracker,Electronics,85.51617179,5,10/08/2016,Fall,2016,0,427.580859,2
T36614,P00032,Toaster Oven,Home Decor,79.25897957,17,09/05/2015,Summer,2015,0,1347.402653,4
T80792,P00055,Hoodie,Clothing,17.76185894,12,28/05/2015,Winter,2015,0,213.1423073,4
T40523,P00003,T-Shirt,Clothing,180.2709663,8,22/08/2015,Winter,2015,15,1225.842571,2
T30611,P00024,Fitness Tracker,Electronics,94.53657463,19,05/05/2019,Spring,2019,5,1706.385172,2
T21954,P00026,Wi-Fi Router,Electronics,17.33631355,8,08/02/2023,Spring,2023,0,138.6905084,4
T28381,P00025,Science Textbook,Books,36.30041694,17,25/01/2021,Summer,2021,15,524.5410248,2
T93122,P00033,Cordless Vacuum,Home Decor,69.67259924,7,19/08/2022,Spring,2022,0,487.7081947,3
T76656,P00036,Science Textbook,Books,60.15228509,7,20/01/2018,Winter,2018,0,421.0659956,2
T53872,P00045,Hiking Boots,Footwear,130.760543,2,22/04/2015,Summer,2015,10,235.3689774,2
T24382,P00051,Denim Jeans,Clothing,164.6169541,15,13/04/2020,Winter,2020,10,2222.32888,1
T81315,P00008,Science Textbook,Books,79.94292117,4,04/03/2017,Summer,2017,10,287.7945162,1
T12443,P00033,Smart Thermostat,Electronics,86.70740737,8,06/06/2022,Spring,2022,0,693.659259,2
T95451,P00033,Smart Thermostat,Electronics,76.78637719,1,25/02/2022,Fall,2022,0,76.78637719,3
T75310,P00028,Raincoat,Clothing,138.2534572,5,24/05/2018,Spring,2018,10,622.1405574,1
T44560,P00016,Formal Suit,Clothing,127.0925629,8,14/03/2020,Summer,2020,15,864.2294277,3
T63173,P00036,Mystery Novel,Books,92.81650627,4,14/10/2019,Winter,2019,0,371.2660251,1
T49224,P00031,Biography,Books,16.17582601,15,15/08/2017,Winter,2017,0,242.6373902,2
T18666,P00029,LED Desk Lamp,Home Decor,23.23270083,11,20/03/2023,Summer,2023,20,204.4477673,2
T77526,P00033,Leather Loafers,Footwear,135.0947425,12,27/11/2015,Spring,2015,20,1296.909528,4
T14757,P00023,Science Textbook,Books,73.78208741,1,24/05/2020,Summer,2020,0,73.78208741,3
T31566,P00025,Science Textbook,Books,16.68686844,9,17/07/2015,Spring,2015,0,150.181816,2
T12482,P00010,Gaming Mouse,Accessories,16.76155975,1,07/01/2022,Spring,2022,0,16.76155975,3
T74077,P00055,Hiking Boots,Footwear,136.0142488,16,13/01/2017,Spring,2017,0,2176.227981,1
T75155,P00029,Fiction Novel,Books,98.45922625,17,22/02/2016,Spring,2016,0,1673.806846,3
T85629,P00033,Children's Book,Books,46.356085,3,07/07/2022,Spring,2022,0,139.068255,3
T86534,P00057,Biography,Books,57.88160372,7,18/12/2021,Winter,2021,5,384.9126647,1
T82258,P00047,Science Textbook,Books,47.25185711,8,27/07/2022,Summer,2022,0,378.0148569,1
T22175,P00002,Travel Guide,Books,36.01911285,14,24/03/2016,Spring,2016,5,479.0542009,3
T16150,P00019,Children's Book,Books,44.86283533,14,22/05/2018,Fall,2018,0,628.0796946,2
T60460,P00039,Water Filter Pitcher,Home Decor,22.27510357,19,23/01/2021,Summer,2021,0,423.2269678,4
T86918,P00012,Water Filter Pitcher,Home Decor,60.8937655,5,15/01/2016,Spring,2016,0,304.4688275,3
T72516,P00018,Electric Kettle,Home Decor,73.66104633,6,05/05/2018,Winter,2018,10,397.7696502,2
T29063,P00021,Hoodie,Clothing,37.46737439,12,22/10/2018,Spring,2018,0,449.6084927,2
T70774,P00038,Dish Drying Rack,Home Decor,84.72024876,19,18/01/2021,Winter,2021,0,1609.684726,4
T84532,P00058,4K TV,Electronics,90.24258803,4,14/11/2020,Winter,2020,0,360.9703521,1
T49952,P00018,Wi-Fi Router,Electronics,81.68226651,10,21/02/2020,Spring,2020,0,816.8226651,2
T71396,P00002,Wireless Keyboard,Accessories,74.08316249,12,26/06/2023,Spring,2023,0,888.9979499,2
T57924,P00057,Smartwatch,Electronics,80.32910633,8,27/06/2023,Winter,2023,0,642.6328506,1
T71120,P00035,Formal Suit,Clothing,16.66561974,14,21/10/2015,Fall,2015,0,233.3186764,2
T34762,P00010,Dress Shoes,Footwear,209.1392346,11,26/03/2018,Fall,2018,0,2300.531581,4
T99399,P00034,Cookbook,Books,65.59355993,15,23/02/2020,Spring,2020,20,787.1227192,1
T34058,P00012,E-Reader,Electronics,52.14303179,3,19/04/2018,Winter,2018,15,132.9647311,2
T47904,P00040,Science Textbook,Books,70.43057372,2,26/09/2016,Winter,2016,0,140.8611474,4
T38145,P00010,Mechanical Keyboard,Electronics,57.12088399,10,08/11/2023,Summer,2023,0,571.2088399,3
T79626,P00004,Casual Sneakers,Footwear,237.4736318,12,02/06/2017,Fall,2017,0,2849.683582,3
T10338,P00003,E-Reader,Electronics,89.37637088,15,17/07/2023,Fall,2023,0,1340.645563,4
T25896,P00037,Blender,Home Decor,67.13391858,5,23/01/2019,Spring,2019,5,318.8861133,4
T97833,P00051,Hoodie,Clothing,26.87549335,10,15/10/2023,Winter,2023,0,268.7549335,3
T51786,P00046,Raincoat,Clothing,150.6532343,9,07/05/2021,Fall,2021,0,1355.879109,2
T97312,P00010,Gaming Mouse,Accessories,72.09216753,3,07/04/2016,Spring,2016,0,216.2765026,3
T12983,P00013,Smartphone Case,Accessories,88.58904937,13,12/03/2022,Winter,2022,0,1151.657642,3
T25317,P00021,Hiking Boots,Footwear,171.20718,15,07/12/2021,Fall,2021,15,2182.891545,1
T84038,P00016,Digital Camera,Electronics,59.44107105,13,16/01/2016,Spring,2016,5,734.0972275,2
T79346,P00059,Cookbook,Books,22.45645026,13,23/11/2016,Fall,2016,0,291.9338534,4
T68606,P00007,Cordless Vacuum,Home Decor,49.42136586,12,17/04/2021,Fall,2021,5,563.4035708,4
T43933,P00047,Smartwatch,Electronics,71.89124871,5,20/07/2023,Winter,2023,10,323.5106192,3
T45400,P00003,Children's Book,Books,86.3143982,5,18/04/2016,Winter,2016,0,431.571991,1
T55028,P00041,Smartphone Case,Accessories,69.91277933,4,24/09/2015,Spring,2015,0,279.6511173,1
T90097,P00035,Microwave Oven,Home Decor,83.91626063,14,24/07/2020,Spring,2020,5,1116.086266,1
T71665,P00002,Cutting Board,Home Decor,69.41694501,19,22/04/2022,Spring,2022,0,1318.921955,3
T83781,P00055,USB Flash Drive,Accessories,14.48310698,3,26/01/2023,Winter,2023,15,36.9319228,1
T35425,P00010,Gaming Mouse,Accessories,72.09216753,17,03/09/2015,Spring,2015,0,1225.566848,3
T85758,P00002,Gaming Mouse,Accessories,80.49543937,3,03/08/2015,Fall,2015,0,241.4863181,1
T75160,P00047,Portable Fan,Home Decor,20.92097412,9,11/02/2019,Summer,2019,0,188.2887671,4
T74772,P00018,Hiking Boots,Footwear,186.9915314,10,12/02/2023,Fall,2023,15,1589.428017,1
T80831,P00043,Cookbook,Books,39.6269026,15,28/08/2016,Summer,2016,0,594.403539,1
T55648,P00012,Wireless Keyboard,Accessories,56.03175319,16,05/06/2016,Winter,2016,5,851.6826485,1
T96231,P00017,Formal Suit,Clothing,74.17234118,3,26/03/2022,Spring,2022,0,222.5170235,4
T36292,P00057,VR Headset,Electronics,73.89595947,16,27/11/2015,Summer,2015,10,1064.101816,1
T78344,P00026,HD Webcam,Accessories,13.67865797,7,06/11/2018,Winter,2018,15,81.38801492,2
T28787,P00028,Flip-Flops,Footwear,47.89949236,11,10/10/2021,Summer,2021,0,526.894416,3
T41966,P00055,LED Desk Lamp,Home Decor,63.14818957,14,13/02/2021,Winter,2021,0,884.074654,1
T97272,P00030,LED Desk Lamp,Home Decor,25.91946461,6,16/03/2022,Summer,2022,0,155.5167877,2
T23507,P00012,Science Textbook,Books,72.28607358,15,28/12/2016,Winter,2016,20,867.432883,2
T19077,P00010,Dress Shoes,Footwear,67.98651454,17,04/02/2018,Winter,2018,10,1040.193672,2
T31195,P00039,Smartwatch,Electronics,56.56088853,18,18/11/2022,Summer,2022,20,814.4767948,1
T41598,P00019,Gaming Mouse,Accessories,14.45303719,7,12/04/2017,Winter,2017,0,101.1712603,2
T24288,P00016,LED Desk Lamp,Home Decor,87.23047449,2,26/11/2017,Winter,2017,0,174.460949,4
T87258,P00031,LED Desk Lamp,Home Decor,54.66673825,2,20/11/2021,Fall,2021,10,98.40012885,2
T58901,P00043,Winter Jacket,Clothing,167.7323374,15,12/01/2017,Summer,2017,0,2515.985061,4
T86961,P00058,Microwave Oven,Home Decor,35.45396304,1,03/05/2023,Spring,2023,0,35.45396304,3
T95530,P00026,Leather Loafers,Footwear,253.0444352,12,25/01/2017,Fall,2017,0,3036.533222,4
T40707,P00043,Portable Fan,Home Decor,91.06160935,8,21/01/2023,Spring,2023,10,655.6435873,2
T57837,P00030,Wireless Keyboard,Accessories,99.78551524,3,28/08/2019,Summer,2019,0,299.3565457,1
T15109,P00033,Leather Loafers,Footwear,51.53255543,6,09/04/2018,Fall,2018,0,309.1953326,3
T36589,P00029,LED Desk Lamp,Home Decor,23.23270083,11,08/08/2016,Winter,2016,20,204.4477673,4
T62648,P00035,Monitor Arm,Electronics,34.81931896,13,11/06/2016,Fall,2016,10,407.3860318,2
T48559,P00037,4K TV,Electronics,69.33827749,9,24/03/2020,Winter,2020,0,624.0444974,2
T73483,P00036,Dish Drying Rack,Home Decor,38.37744102,1,28/06/2020,Fall,2020,0,38.37744102,2
T66985,P00023,Children's Book,Books,74.00109665,13,09/01/2015,Winter,2015,0,962.0142565,4
T78577,P00015,USB Flash Drive,Accessories,10.9421716,7,06/02/2021,Spring,2021,0,76.5952012,2
T11925,P00023,Air Fryer,Home Decor,30.48058273,8,17/12/2021,Summer,2021,5,231.6524287,3
T36289,P00044,Flip-Flops,Footwear,129.9893456,9,07/09/2020,Fall,2020,10,1052.913699,4
T37961,P00020,Wireless Keyboard,Accessories,23.66977618,11,07/11/2018,Fall,2018,15,221.3124073,2
T82715,P00039,Smartwatch,Electronics,56.56088853,10,28/09/2017,Spring,2017,0,565.6088853,2
T93847,P00057,Biography,Books,57.88160372,19,26/03/2023,Fall,2023,20,879.8003765,1
T12920,P00023,E-Reader,Electronics,63.58045665,6,18/12/2017,Spring,2017,10,343.3344659,1
T65230,P00056,T-Shirt,Clothing,30.82520844,19,10/12/2017,Winter,2017,5,556.3950123,2
T10956,P00053,Biography,Books,68.72814684,17,12/07/2015,Summer,2015,15,993.1217218,2
T90818,P00018,Hiking Boots,Footwear,94.62994252,12,04/05/2018,Fall,2018,10,1022.003379,4
T36017,P00038,HD Webcam,Accessories,21.13552794,2,26/04/2023,Spring,2023,0,42.27105588,3
T58364,P00017,Wireless Earbuds,Electronics,86.0620173,19,19/10/2021,Winter,2021,0,1635.178329,4
T33279,P00056,Science Textbook,Books,33.06183663,1,15/05/2022,Fall,2022,0,33.06183663,4
T74324,P00036,Flip-Flops,Footwear,145.8119847,14,12/10/2021,Summer,2021,20,1633.094229,1
T79350,P00060,Self-Help Book,Books,49.95991187,14,15/12/2020,Winter,2020,0,699.4387662,4
T23760,P00042,Running Shoes,Footwear,27.10673839,2,25/11/2015,Winter,2015,15,46.08145526,3
T43397,P00049,Fiction Novel,Books,37.99181325,15,13/04/2022,Spring,2022,0,569.8771988,3
T92495,P00021,Denim Jeans,Clothing,26.74559354,8,05/01/2023,Winter,2023,5,203.2665109,1
T19847,P00022,Coffee Maker,Home Decor,15.56059098,15,05/11/2023,Winter,2023,5,221.7384215,1
T44707,P00001,External Hard Drive,Accessories,96.67387202,15,15/12/2022,Summer,2022,0,1450.10808,1
T38404,P00030,Raincoat,Clothing,27.65593972,1,26/04/2019,Spring,2019,0,27.65593972,1
T45057,P00056,T-Shirt,Clothing,30.82520844,19,17/01/2019,Spring,2019,0,585.6789604,4
T78785,P00007,Monitor Arm,Electronics,49.08663839,7,18/09/2016,Summer,2016,0,343.6064687,3
T92811,P00050,Running Shoes,Footwear,294.9580537,13,23/04/2020,Spring,2020,0,3834.454698,2
T23669,P00017,Water Filter Pitcher,Home Decor,76.83338662,1,21/02/2022,Winter,2022,10,69.15004796,4
T91040,P00002,Toaster Oven,Home Decor,20.8472502,11,01/02/2020,Spring,2020,5,217.8537646,2
T41890,P00007,Leather Loafers,Footwear,256.7987536,8,12/01/2022,Fall,2022,10,1848.951026,1
T15704,P00001,Toaster Oven,Home Decor,23.99648931,2,09/05/2019,Spring,2019,20,38.3943829,3
T39165,P00051,Hoodie,Clothing,26.87549335,9,13/05/2023,Spring,2023,0,241.8794402,1
T35426,P00053,Sweatpants,Clothing,152.8085821,2,06/03/2020,Winter,2020,10,275.0554478,3
T37723,P00013,Travel Guide,Books,66.54600951,7,22/08/2015,Summer,2015,0,465.8220666,1
T32443,P00050,Dish Drying Rack,Home Decor,48.86035623,1,28/03/2019,Winter,2019,0,48.86035623,3
T32612,P00017,E-Reader,Electronics,62.14886404,14,14/08/2017,Spring,2017,5,826.5798917,1
T37598,P00046,Blender,Home Decor,90.87248624,12,21/12/2020,Fall,2020,0,1090.469835,1
T34596,P00007,Hoodie,Clothing,140.4762612,18,14/06/2021,Summer,2021,10,2275.715431,1
T55379,P00036,External Hard Drive,Accessories,60.10009177,15,28/05/2021,Summer,2021,0,901.5013766,3
T46378,P00033,Flip-Flops,Footwear,247.8558183,14,02/03/2020,Fall,2020,0,3469.981456,1
T54976,P00059,Running Shoes,Footwear,32.3737944,10,16/08/2017,Spring,2017,5,307.5510468,2
T13654,P00060,Portable Fan,Home Decor,36.63501987,12,07/11/2023,Winter,2023,0,439.6202384,3
T31675,P00046,Formal Suit,Clothing,54.93371164,4,20/04/2022,Spring,2022,0,219.7348466,1
T86153,P00033,HD Webcam,Accessories,37.57152774,9,22/06/2021,Summer,2021,10,304.3293747,2
T65826,P00011,USB Flash Drive,Accessories,71.54624873,17,16/08/2022,Winter,2022,0,1216.286228,4
T36160,P00046,Soundbar,Electronics,25.83489496,1,10/04/2017,Winter,2017,0,25.83489496,3
T43755,P00038,Portable Fan,Home Decor,56.60093534,17,23/01/2016,Winter,2016,0,962.2159008,3
T42117,P00050,Sweatpants,Clothing,30.66842914,2,25/09/2023,Summer,2023,0,61.33685828,1
T41007,P00047,HD Webcam,Accessories,12.92015564,19,14/12/2022,Spring,2022,5,233.2088093,2
T64624,P00015,Denim Jeans,Clothing,180.2941771,1,05/08/2018,Winter,2018,0,180.2941771,4
T80587,P00007,Cordless Vacuum,Home Decor,49.42136586,4,07/09/2020,Fall,2020,0,197.6854634,2
T55113,P00023,T-Shirt,Clothing,142.9454661,8,06/08/2019,Spring,2019,5,1086.385542,4
T19686,P00044,4K TV,Electronics,99.5196069,12,23/02/2020,Winter,2020,5,1134.523519,3
T58604,P00045,Leather Loafers,Footwear,192.1027554,12,22/08/2018,Winter,2018,0,2305.233065,1
T30103,P00003,Gaming Mouse,Accessories,22.84127033,16,25/10/2021,Fall,2021,0,365.4603253,4
T72711,P00034,Leather Loafers,Footwear,44.18220846,8,19/12/2021,Fall,2021,0,353.4576677,4
T14895,P00047,Cutting Board,Home Decor,24.22380878,6,21/09/2015,Fall,2015,0,145.3428527,3
T15782,P00017,Coffee Maker,Home Decor,41.44462225,2,06/12/2019,Fall,2019,0,82.8892445,1
T65114,P00043,Dress Shoes,Footwear,221.5284485,2,21/09/2016,Winter,2016,20,354.4455176,1
T75450,P00011,HD Webcam,Accessories,95.16852511,4,26/07/2018,Spring,2018,15,323.5729854,3
T35169,P00010,Self-Help Book,Books,79.38240814,10,05/12/2020,Winter,2020,0,793.8240814,2
T50461,P00054,Wireless Keyboard,Accessories,41.57544083,14,10/08/2017,Fall,2017,15,494.7477459,3
T65249,P00041,Self-Help Book,Books,75.87478496,2,02/03/2019,Spring,2019,0,151.7495699,4
T41055,P00047,Smartwatch,Electronics,71.89124871,1,25/02/2023,Spring,2023,20,57.51299897,1
T27347,P00030,Toaster Oven,Home Decor,95.04468158,9,03/03/2018,Winter,2018,15,727.0918141,1
T62188,P00013,Coffee Maker,Home Decor,86.70779469,13,12/12/2018,Fall,2018,20,901.7610648,2
T52913,P00031,Hiking Boots,Footwear,89.6517067,19,02/11/2020,Winter,2020,0,1703.382427,3
T71588,P00059,Blender,Home Decor,55.42646952,9,15/08/2016,Winter,2016,0,498.8382257,3
T64823,P00034,Denim Jeans,Clothing,181.5698798,16,16/07/2017,Fall,2017,0,2905.118077,4
T25422,P00052,Mechanical Keyboard,Electronics,10.12795048,4,20/12/2021,Summer,2021,0,40.51180192,2
T79252,P00031,Water Filter Pitcher,Home Decor,94.29124824,14,07/03/2018,Winter,2018,0,1320.077475,2
T15542,P00037,Children's Book,Books,79.91761176,6,27/02/2021,Spring,2021,0,479.5056706,3
T57076,P00051,Winter Jacket,Clothing,140.4836035,18,26/05/2015,Winter,2015,5,2402.26962,2
T39300,P00030,Microwave Oven,Home Decor,13.60995824,17,03/01/2018,Summer,2018,0,231.3692901,1
T36035,P00008,Microwave Oven,Home Decor,19.67602718,18,16/04/2016,Winter,2016,0,354.1684892,1
T42784,P00055,Dish Drying Rack,Home Decor,22.26009467,10,21/10/2020,Winter,2020,15,189.2108047,4
T30281,P00002,External Hard Drive,Accessories,91.2590201,16,02/01/2023,Spring,2023,0,1460.144322,2
T35431,P00033,Flip-Flops,Footwear,247.8558183,8,08/02/2021,Winter,2021,0,1982.846546,4
T73530,P00033,Toaster Oven,Home Decor,17.2196019,8,05/07/2015,Winter,2015,0,137.7568152,3
T20142,P00009,4K TV,Electronics,33.89469075,5,17/08/2017,Fall,2017,0,169.4734538,2
T67906,P00012,Gaming Mouse,Accessories,55.01431057,15,20/11/2018,Summer,2018,20,660.1717268,4
T33888,P00016,External Hard Drive,Accessories,97.27927419,10,08/06/2019,Fall,2019,0,972.7927419,4
T87360,P00014,Dish Drying Rack,Home Decor,29.77947255,9,25/08/2022,Spring,2022,0,268.015253,3
T15978,P00012,Formal Suit,Clothing,21.71481151,18,09/09/2018,Fall,2018,0,390.8666072,4
T67866,P00028,Biography,Books,31.12638231,16,13/06/2016,Fall,2016,15,423.3187994,2
T65419,P00020,Leather Loafers,Footwear,102.9177133,9,18/08/2015,Summer,2015,0,926.2594197,2
T40841,P00022,Coffee Maker,Home Decor,15.56059098,14,19/12/2019,Winter,2019,0,217.8482737,3
T38044,P00010,Hiking Boots,Footwear,36.87106643,12,17/07/2021,Spring,2021,20,353.9622377,1
T68005,P00002,External Hard Drive,Accessories,71.31864736,12,23/07/2022,Fall,2022,0,855.8237683,2
T65731,P00010,Portable Fan,Home Decor,70.36262145,13,28/06/2023,Winter,2023,0,914.7140789,1
T77260,P00003,Hiking Boots,Footwear,32.90341667,12,23/03/2016,Summer,2016,10,355.3569,1
T19496,P00059,Formal Suit,Clothing,40.16713795,19,22/03/2022,Spring,2022,0,763.175621,3
T59666,P00058,Water Filter Pitcher,Home Decor,14.63640339,16,26/10/2022,Fall,2022,15,199.0550861,1
T44196,P00043,Wireless Keyboard,Accessories,39.81685064,10,03/08/2018,Winter,2018,5,378.2600811,2
T29033,P00051,Formal Suit,Clothing,134.8949988,13,16/09/2016,Fall,2016,0,1753.634984,2
T99464,P00022,Bluetooth Speaker,Electronics,81.70756456,14,17/12/2020,Spring,2020,0,1143.905904,1
T19596,P00032,E-Reader,Electronics,46.85690325,19,24/06/2021,Fall,2021,20,712.2249294,3
T88645,P00053,Cordless Vacuum,Home Decor,88.01054001,3,24/10/2018,Spring,2018,0,264.03162,1
T47804,P00032,LED Desk Lamp,Home Decor,53.73084088,6,10/05/2021,Fall,2021,0,322.3850453,1
T46727,P00053,Hiking Boots,Footwear,39.82376951,16,05/08/2017,Fall,2017,0,637.1803122,4
T88229,P00033,Smartphone Case,Accessories,76.5791009,19,28/03/2016,Spring,2016,0,1455.002917,3
T38854,P00034,Raincoat,Clothing,118.6194527,19,04/05/2020,Fall,2020,0,2253.769601,2
T26184,P00042,Raincoat,Clothing,197.9082298,17,18/01/2021,Summer,2021,0,3364.439907,3
T93930,P00053,Bluetooth Speaker,Electronics,48.86042447,6,17/01/2020,Fall,2020,5,278.5044195,3
T18329,P00041,Smartphone Case,Accessories,69.91277933,7,11/12/2020,Fall,2020,0,489.3894553,1
T94530,P00026,Soundbar,Electronics,50.59486052,13,17/11/2017,Summer,2017,5,624.8465274,1
T12096,P00041,Flip-Flops,Footwear,142.1902623,5,19/10/2017,Winter,2017,15,604.3086148,4
T12839,P00011,Wireless Keyboard,Accessories,46.93015596,4,06/04/2019,Summer,2019,0,187.7206238,2
T23975,P00019,Fitness Tracker,Electronics,62.43555263,12,14/06/2023,Summer,2023,0,749.2266316,4
T10162,P00019,Water Filter Pitcher,Home Decor,90.7737868,12,24/05/2018,Spring,2018,0,1089.285442,4
T42972,P00018,Cutting Board,Home Decor,16.7714657,16,16/10/2022,Spring,2022,10,241.5091061,1
T25892,P00041,Smartwatch,Electronics,95.70465637,11,24/04/2023,Spring,2023,0,1052.75122,3
T17927,P00052,VR Headset,Electronics,37.89758281,6,07/11/2015,Spring,2015,15,193.2776723,4
T32669,P00007,Mystery Novel,Books,80.62429876,10,21/07/2022,Fall,2022,15,685.3065395,4
T36928,P00042,Hoodie,Clothing,149.889861,18,21/10/2019,Summer,2019,0,2698.017498,2
T17345,P00051,Winter Jacket,Clothing,165.8189775,12,21/09/2017,Winter,2017,0,1989.82773,1
T85415,P00009,Wi-Fi Router,Electronics,66.57444335,7,25/10/2018,Winter,2018,5,442.7200483,1
T96544,P00019,4K TV,Electronics,76.95945106,11,26/12/2016,Spring,2016,0,846.5539617,1
T24357,P00028,Denim Jeans,Clothing,117.1561955,1,02/06/2020,Winter,2020,0,117.1561955,2
T84071,P00052,Wireless Earbuds,Electronics,21.56964381,16,02/10/2016,Winter,2016,0,345.114301,3
T19283,P00015,Hoodie,Clothing,61.38541584,7,17/03/2017,Spring,2017,15,365.2432242,3
T24939,P00051,Hiking Boots,Footwear,129.8274708,8,15/06/2018,Spring,2018,15,882.8268014,4
T23565,P00001,External Hard Drive,Accessories,69.40270996,17,26/08/2023,Winter,2023,0,1179.846069,4
T98664,P00015,Dish Drying Rack,Home Decor,21.89002612,3,20/10/2015,Fall,2015,0,65.67007836,3
T61707,P00020,Fiction Novel,Books,65.55021275,11,19/05/2017,Spring,2017,0,721.0523403,4
T97983,P00007,T-Shirt,Clothing,171.99262,8,05/04/2023,Summer,2023,10,1238.346864,3
T16530,P00036,USB Flash Drive,Accessories,44.63665634,6,28/10/2016,Summer,2016,10,241.0379442,4
T99087,P00006,VR Headset,Electronics,54.9355061,6,08/11/2016,Winter,2016,0,329.6130366,3
T72987,P00015,Dress Shoes,Footwear,66.71487349,14,06/04/2019,Fall,2019,0,934.0082289,1
T77065,P00046,Electric Kettle,Home Decor,30.16743324,13,13/01/2021,Fall,2021,0,392.1766321,2
T34217,P00034,Dish Drying Rack,Home Decor,12.00959475,3,05/11/2021,Winter,2021,0,36.02878425,4
T40090,P00046,Fitness Tracker,Electronics,15.33455081,18,06/04/2023,Fall,2023,0,276.0219146,4
T69165,P00046,Blender,Home Decor,90.87248624,2,24/05/2023,Fall,2023,15,154.4832266,4
T55096,P00041,Wireless Earbuds,Electronics,50.75844261,1,24/12/2019,Fall,2019,0,50.75844261,2
T65915,P00008,Travel Guide,Books,81.31707975,16,11/10/2016,Winter,2016,0,1301.073276,1
T20487,P00035,Raincoat,Clothing,131.7459763,16,20/01/2017,Summer,2017,0,2107.935621,4
T85330,P00028,Toaster Oven,Home Decor,79.55932483,1,09/06/2021,Summer,2021,15,67.62542611,4
T18179,P00056,E-Reader,Electronics,59.30095014,3,15/06/2023,Winter,2023,10,160.1125654,2
T60290,P00042,Dress Shoes,Footwear,267.8430972,3,09/07/2015,Summer,2015,0,803.5292916,2
T12659,P00019,T-Shirt,Clothing,100.0714209,2,27/11/2021,Spring,2021,0,200.1428418,2
T33383,P00018,Leather Loafers,Footwear,67.61351406,14,19/03/2022,Winter,2022,0,946.5891968,1
T94866,P00021,Denim Jeans,Clothing,26.74559354,16,22/07/2020,Spring,2020,10,385.136547,3
T21002,P00041,Flip-Flops,Footwear,142.1902623,13,28/09/2017,Summer,2017,20,1478.778728,1
T60085,P00020,Water Filter Pitcher,Home Decor,86.21196407,19,28/09/2021,Spring,2021,15,1392.32322,4
T56733,P00001,Biography,Books,84.46088425,9,17/08/2018,Fall,2018,0,760.1479583,4
T18259,P00020,Running Shoes,Footwear,170.7075959,14,09/03/2019,Fall,2019,10,2150.915708,3
T80910,P00002,Gaming Mouse,Accessories,42.78921446,14,09/02/2022,Fall,2022,0,599.0490024,3
T59812,P00023,E-Reader,Electronics,63.58045665,11,03/12/2015,Spring,2015,20,559.5080185,1
T95436,P00028,Hiking Boots,Footwear,53.47184648,12,03/05/2018,Winter,2018,0,641.6621578,1
T99388,P00016,Formal Suit,Clothing,127.0925629,2,17/03/2018,Winter,2018,15,216.0573569,4
T36649,P00008,Microwave Oven,Home Decor,81.46532184,12,22/12/2022,Summer,2022,0,977.5838621,1
T88002,P00015,T-Shirt,Clothing,63.68488215,19,21/08/2020,Winter,2020,0,1210.012761,1
T21093,P00004,Cutting Board,Home Decor,83.40589277,4,28/07/2021,Winter,2021,0,333.6235711,3
T50197,P00007,Formal Suit,Clothing,189.4571927,9,02/08/2016,Summer,2016,0,1705.114734,2
T85868,P00023,Leather Loafers,Footwear,168.0870986,8,27/10/2020,Spring,2020,0,1344.696789,1
T81344,P00015,Flip-Flops,Footwear,44.280193,14,08/03/2015,Winter,2015,5,588.9265669,4
T26724,P00060,Self-Help Book,Books,32.83738484,17,14/01/2020,Summer,2020,0,558.2355423,4
T69156,P00031,Running Shoes,Footwear,180.0502594,5,09/09/2020,Winter,2020,0,900.251297,4
T69518,P00021,Hiking Boots,Footwear,171.20718,11,13/07/2023,Summer,2023,0,1883.27898,1
T82124,P00016,Portable Fan,Home Decor,38.26168874,12,19/12/2022,Winter,2022,15,390.2692251,1
T89190,P00018,Wireless Keyboard,Accessories,34.98229669,5,26/12/2021,Summer,2021,0,174.9114835,2
T34995,P00010,Gaming Mouse,Accessories,72.09216753,18,18/04/2015,Spring,2015,0,1297.659016,1
T54409,P00048,Formal Suit,Clothing,49.28763524,8,15/03/2019,Winter,2019,10,354.8709737,4
T84637,P00052,Hoodie,Clothing,186.7327272,10,09/02/2021,Summer,2021,0,1867.327272,1
T70058,P00030,Wireless Keyboard,Accessories,43.1668083,7,09/06/2017,Fall,2017,15,256.8425094,2
T38669,P00009,Wi-Fi Router,Electronics,66.57444335,16,03/06/2016,Spring,2016,20,852.1528749,1
T47437,P00025,Laptop Stand,Accessories,43.71216462,13,01/11/2017,Winter,2017,0,568.2581401,1
T46268,P00003,Science Textbook,Books,27.6361139,6,24/07/2023,Spring,2023,15,140.9441809,3
T89003,P00017,Water Filter Pitcher,Home Decor,76.83338662,12,06/05/2023,Summer,2023,10,829.8005755,3
T76677,P00060,Laptop Stand,Accessories,84.78127031,16,11/08/2021,Summer,2021,0,1356.500325,1
T78803,P00007,Science Textbook,Books,21.93274868,2,07/08/2015,Winter,2015,0,43.86549736,3
T12011,P00054,USB Flash Drive,Accessories,25.66452973,19,15/01/2015,Fall,2015,0,487.6260649,2
T27438,P00001,Raincoat,Clothing,75.82099944,5,06/01/2015,Fall,2015,0,379.1049972,4
T17597,P00015,Formal Suit,Clothing,153.7469137,3,24/05/2016,Fall,2016,20,368.9925929,2
T12169,P00033,Sweatpants,Clothing,100.8275039,15,06/02/2017,Spring,2017,0,1512.412559,1
T76321,P00059,Denim Jeans,Clothing,127.2744061,5,28/10/2019,Spring,2019,0,636.3720305,4
T46575,P00020,Gaming Mouse,Accessories,79.17974475,15,13/01/2023,Winter,2023,0,1187.696171,1
T96836,P00001,Leather Loafers,Footwear,116.6758255,9,05/05/2018,Spring,2018,0,1050.08243,1
T80393,P00036,Denim Jeans,Clothing,87.62903917,10,03/03/2021,Winter,2021,15,744.8468329,3
T40654,P00015,Coffee Maker,Home Decor,52.13628818,7,11/12/2019,Winter,2019,0,364.9540173,4
T30219,P00050,Children's Book,Books,32.6487534,4,11/02/2017,Winter,2017,0,130.5950136,3
T11307,P00042,Smart Thermostat,Electronics,13.27955375,19,24/09/2020,Winter,2020,0,252.3115213,4
T34842,P00014,Raincoat,Clothing,149.5271394,19,22/04/2019,Summer,2019,0,2841.015649,1
T11207,P00053,Denim Jeans,Clothing,112.804587,11,22/05/2020,Winter,2020,0,1240.850457,1
T70011,P00025,Laptop Stand,Accessories,61.45471904,6,12/10/2023,Summer,2023,0,368.7283142,2
T89063,P00029,Wi-Fi Router,Electronics,98.07367005,4,23/06/2018,Winter,2018,0,392.2946802,2
T31083,P00041,Smartphone Case,Accessories,69.91277933,17,18/03/2023,Spring,2023,15,1010.239661,3
T92035,P00045,Toaster Oven,Home Decor,92.42719677,3,13/07/2018,Winter,2018,0,277.2815903,4
T35518,P00035,Shorts,Clothing,75.94888565,6,19/08/2015,Winter,2015,0,455.6933139,1
T36943,P00010,Gaming Mouse,Accessories,16.76155975,11,22/02/2021,Spring,2021,15,156.7205837,2
T96072,P00030,Running Shoes,Footwear,122.2417881,9,02/12/2019,Fall,2019,0,1100.176093,2
T22866,P00049,Coffee Maker,Home Decor,17.06665507,17,26/08/2016,Spring,2016,0,290.1331362,3
T88471,P00016,T-Shirt,Clothing,151.208612,1,05/09/2018,Winter,2018,0,151.208612,4
T31281,P00020,Laptop Stand,Accessories,40.50331453,2,03/04/2015,Summer,2015,0,81.00662906,1
T71388,P00009,Winter Jacket,Clothing,24.01779824,3,11/06/2018,Spring,2018,0,72.05339472,4
T69766,P00022,USB Flash Drive,Accessories,62.00123095,6,27/03/2016,Fall,2016,0,372.0073857,1
T78487,P00033,Smartphone Case,Accessories,76.5791009,2,02/12/2020,Fall,2020,10,137.8423816,3
T25592,P00011,Blender,Home Decor,38.3052228,7,27/07/2022,Winter,2022,0,268.1365596,1
T86112,P00046,Water Filter Pitcher,Home Decor,23.49249653,19,19/05/2019,Spring,2019,5,424.0395624,3
T10159,P00021,Hiking Boots,Footwear,171.20718,4,10/10/2021,Fall,2021,5,650.587284,4
T81121,P00060,Dress Shoes,Footwear,165.9841546,4,15/08/2019,Summer,2019,0,663.9366184,4
T58688,P00060,Shorts,Clothing,92.97110796,2,18/02/2021,Winter,2021,10,167.3479943,4
T37990,P00034,Hoodie,Clothing,123.9720099,18,26/10/2015,Spring,2015,0,2231.496178,1
T80812,P00032,Flip-Flops,Footwear,71.37346025,6,09/08/2016,Winter,2016,0,428.2407615,4
T15571,P00029,Formal Suit,Clothing,139.9026426,19,11/01/2023,Spring,2023,0,2658.150209,4
T42441,P00035,Monitor Arm,Electronics,56.45015651,16,06/01/2017,Summer,2017,20,722.5620033,1
T25372,P00033,Denim Jeans,Clothing,44.96542771,10,27/12/2015,Winter,2015,0,449.6542771,1
T85357,P00032,Biography,Books,51.75524708,11,12/08/2015,Summer,2015,20,455.4461743,1
T27508,P00016,Shorts,Clothing,143.0830746,19,19/04/2019,Spring,2019,5,2582.649497,1
T15355,P00060,Fiction Novel,Books,30.27958537,3,09/12/2021,Spring,2021,0,90.83875611,4
T90769,P00024,Cookbook,Books,86.16214425,18,13/09/2021,Fall,2021,0,1550.918597,3
T93692,P00049,Cookbook,Books,15.98381227,1,11/06/2023,Summer,2023,10,14.38543104,1
T65621,P00033,Smartphone Case,Accessories,76.5791009,7,08/08/2023,Summer,2023,0,536.0537063,4
T90098,P00036,HD Webcam,Accessories,67.4990565,1,08/12/2019,Fall,2019,15,57.37419802,3
T71997,P00060,Sweatpants,Clothing,93.99792604,10,22/01/2023,Summer,2023,0,939.9792604,1
T61813,P00049,HD Webcam,Accessories,67.91819305,4,17/06/2016,Summer,2016,20,217.3382178,1
T25193,P00013,E-Reader,Electronics,33.54841119,11,24/04/2020,Spring,2020,15,313.6776446,4
T81354,P00017,Self-Help Book,Books,30.19405005,12,28/08/2015,Winter,2015,0,362.3286006,2
T71240,P00036,Flip-Flops,Footwear,180.3113098,1,07/06/2019,Summer,2019,10,162.2801788,4
T14426,P00029,Fiction Novel,Books,39.0978213,7,13/04/2019,Summer,2019,15,232.6320367,1
T55671,P00003,External Hard Drive,Accessories,70.56840765,8,24/09/2021,Summer,2021,0,564.5472612,4
T68585,P00056,Dish Drying Rack,Home Decor,78.78585087,13,02/02/2023,Summer,2023,10,921.7944552,4
T71215,P00007,Flip-Flops,Footwear,234.7581257,5,23/09/2022,Fall,2022,0,1173.790629,2
T56473,P00050,Digital Camera,Electronics,17.52648969,12,27/01/2023,Winter,2023,5,199.8019825,2
T84218,P00042,Cordless Vacuum,Home Decor,34.91261174,4,08/08/2019,Fall,2019,0,139.650447,3
T21033,P00004,Running Shoes,Footwear,240.4411329,15,24/06/2018,Spring,2018,0,3606.616994,2
T86721,P00034,Fiction Novel,Books,95.38378441,9,20/05/2016,Spring,2016,0,858.4540597,1
T94565,P00052,Laptop Stand,Accessories,55.27559649,14,21/10/2016,Spring,2016,0,773.8583509,2
T34272,P00024,HD Webcam,Accessories,92.17311743,12,08/06/2017,Fall,2017,15,940.1657978,1
T83402,P00026,Soundbar,Electronics,50.59486052,4,16/09/2020,Fall,2020,20,161.9035537,4
T40873,P00054,Microwave Oven,Home Decor,73.08468451,19,18/09/2019,Spring,2019,0,1388.609006,2
T78431,P00007,Running Shoes,Footwear,150.75651,2,19/12/2018,Summer,2018,5,286.437369,1
T73069,P00023,Electric Kettle,Home Decor,14.69001957,10,13/08/2021,Fall,2021,0,146.9001957,4
T87960,P00047,Biography,Books,66.19544168,18,20/11/2015,Spring,2015,10,1072.366155,4
T28601,P00060,Soundbar,Electronics,32.91195864,10,28/05/2018,Winter,2018,15,279.7516484,4
T91050,P00047,Smart Thermostat,Electronics,95.6014329,8,23/02/2022,Spring,2022,15,650.0897437,1
T50695,P00030,Wireless Keyboard,Accessories,99.78551524,13,13/12/2017,Winter,2017,0,1297.211698,2
T13696,P00046,Self-Help Book,Books,34.42516154,7,01/03/2016,Fall,2016,0,240.9761308,4
T25417,P00023,Sweatpants,Clothing,71.83981639,18,21/04/2018,Spring,2018,5,1228.46086,1
T44681,P00010,Portable Fan,Home Decor,25.51536305,10,23/04/2018,Winter,2018,15,216.8805859,1
T66575,P00029,4K TV,Electronics,22.48641201,13,02/06/2015,Fall,2015,0,292.3233561,1
T76668,P00031,Digital Camera,Electronics,38.16174998,3,21/03/2022,Summer,2022,0,114.4852499,3
T53798,P00030,LED Desk Lamp,Home Decor,25.91946461,8,07/07/2021,Spring,2021,0,207.3557169,4
T92534,P00018,Toaster Oven,Home Decor,25.25199267,13,20/02/2018,Winter,2018,0,328.2759047,4
T55095,P00055,Flip-Flops,Footwear,117.8771073,15,04/11/2023,Winter,2023,15,1502.933118,3
T37056,P00057,Hiking Boots,Footwear,89.04701457,10,24/02/2018,Spring,2018,15,756.8996238,1
T98454,P00006,VR Headset,Electronics,82.40766398,6,09/05/2019,Spring,2019,0,494.4459839,4
T85715,P00008,Biography,Books,37.60275433,3,20/05/2020,Spring,2020,15,95.88702354,3
T61001,P00002,LED Desk Lamp,Home Decor,61.02890492,15,04/03/2020,Winter,2020,0,915.4335738,3
T17214,P00034,Raincoat,Clothing,48.93407189,19,16/09/2019,Spring,2019,0,929.7473659,4
T20014,P00012,Cordless Vacuum,Home Decor,57.90671357,8,16/07/2018,Summer,2018,5,440.0910231,3
T78368,P00012,Cordless Vacuum,Home Decor,36.59579695,11,17/09/2016,Spring,2016,5,382.4260781,1
T52712,P00027,LED Desk Lamp,Home Decor,26.27785497,5,27/09/2018,Winter,2018,0,131.3892749,3
T99285,P00057,Water Filter Pitcher,Home Decor,92.42951809,8,02/08/2023,Summer,2023,0,739.4361447,3
T94040,P00034,4K TV,Electronics,68.37073317,17,07/10/2021,Winter,2021,0,1162.302464,1
T28287,P00017,Fiction Novel,Books,94.3626405,3,20/06/2020,Winter,2020,0,283.0879215,4
T43919,P00048,LED Desk Lamp,Home Decor,21.95170435,3,17/01/2021,Fall,2021,0,65.85511305,4
T60445,P00029,LED Desk Lamp,Home Decor,98.94124269,3,11/03/2015,Spring,2015,0,296.8237281,1
T20578,P00045,Cutting Board,Home Decor,32.68873586,19,24/04/2021,Winter,2021,10,558.9773832,1
T45531,P00033,Toaster Oven,Home Decor,25.07774395,16,13/08/2020,Summer,2020,15,341.0573177,3
T27266,P00002,Monitor Arm,Electronics,99.56631932,12,04/04/2023,Fall,2023,0,1194.795832,2
T34335,P00038,Mystery Novel,Books,63.98466438,14,07/08/2019,Summer,2019,5,850.9960363,2
T97051,P00052,VR Headset,Electronics,13.8478184,16,20/02/2017,Winter,2017,0,221.5650944,1
T10887,P00031,Wireless Earbuds,Electronics,18.91868053,5,01/06/2015,Spring,2015,10,85.13406239,1
T17846,P00030,Laptop Stand,Accessories,42.41258795,5,19/09/2016,Spring,2016,0,212.0629398,3
T32931,P00019,Children's Book,Books,44.86283533,7,22/04/2015,Spring,2015,5,298.3378549,3
T65312,P00049,HD Webcam,Accessories,67.91819305,8,09/10/2016,Winter,2016,0,543.3455444,2
T24256,P00039,Raincoat,Clothing,156.1114901,5,09/12/2019,Fall,2019,0,780.5574505,1
T81291,P00050,Sweatpants,Clothing,179.7967146,10,03/11/2021,Summer,2021,0,1797.967146,4
T74619,P00039,Smartwatch,Electronics,56.56088853,15,27/07/2021,Summer,2021,20,678.7306624,1
T91730,P00020,Smartphone Case,Accessories,32.04616276,2,15/03/2018,Spring,2018,0,64.09232552,2
T61707,P00043,Smartphone Case,Accessories,25.51023509,6,16/01/2023,Fall,2023,0,153.0614105,3
T12994,P00047,HD Webcam,Accessories,78.84453866,10,19/01/2018,Summer,2018,5,749.0231173,2
T51243,P00023,Denim Jeans,Clothing,15.51696101,4,24/11/2019,Winter,2019,10,55.86105964,1
T87219,P00031,Casual Sneakers,Footwear,203.0910069,17,07/04/2015,Summer,2015,0,3452.547117,1
T29874,P00025,Sweatpants,Clothing,170.9783051,10,17/06/2020,Spring,2020,0,1709.783051,2
T78498,P00017,Microwave Oven,Home Decor,91.69471209,15,28/09/2019,Winter,2019,0,1375.420681,3
T20278,P00014,Travel Guide,Books,21.94197506,9,25/11/2015,Fall,2015,0,197.4777755,1
T31869,P00007,LED Desk Lamp,Home Decor,82.4933524,15,15/07/2019,Winter,2019,0,1237.400286,1
T96346,P00028,Wi-Fi Router,Electronics,61.09850101,18,11/08/2016,Spring,2016,10,989.7957164,1
T17610,P00058,Hiking Boots,Footwear,195.8935137,18,10/07/2016,Summer,2016,15,2997.17076,4
T33248,P00052,Wi-Fi Router,Electronics,94.36964761,14,23/01/2020,Spring,2020,0,1321.175067,2
T22855,P00051,Winter Jacket,Clothing,166.3795001,1,17/07/2023,Winter,2023,15,141.4225751,2
T57195,P00046,Formal Suit,Clothing,54.93371164,4,08/10/2020,Summer,2020,0,219.7348466,1
T64122,P00006,Laptop Stand,Accessories,44.00193936,13,26/11/2020,Fall,2020,0,572.0252117,3
T86709,P00030,Toaster Oven,Home Decor,95.04468158,15,28/04/2022,Summer,2022,0,1425.670224,2
T45529,P00054,Winter Jacket,Clothing,107.3139186,6,06/01/2023,Winter,2023,0,643.8835116,1
T22356,P00036,Wireless Keyboard,Accessories,16.71161709,13,03/07/2016,Summer,2016,15,184.6633688,3
T36489,P00015,Leather Loafers,Footwear,73.85876321,10,28/12/2018,Winter,2018,0,738.5876321,1
T72061,P00034,Microwave Oven,Home Decor,31.01439505,14,13/09/2022,Fall,2022,20,347.3612246,1
T10136,P00046,Microwave Oven,Home Decor,28.99832245,7,26/10/2015,Winter,2015,0,202.9882572,1
T86240,P00054,Sweatpants,Clothing,33.37533564,9,07/03/2017,Spring,2017,15,255.3213176,3
T33199,P00002,Water Filter Pitcher,Home Decor,52.40008182,9,25/03/2021,Winter,2021,0,471.6007364,3
T24955,P00030,4K TV,Electronics,73.97445281,8,23/01/2021,Winter,2021,15,503.0262791,2
T51458,P00055,Cordless Vacuum,Home Decor,17.25917989,17,01/06/2020,Fall,2020,0,293.4060581,2
T79166,P00009,Dress Shoes,Footwear,182.9272652,9,02/04/2017,Summer,2017,0,1646.345387,2
T95280,P00043,4K TV,Electronics,52.47415475,8,24/12/2020,Winter,2020,20,335.8345904,3
T40049,P00049,Coffee Maker,Home Decor,17.06665507,15,08/10/2017,Winter,2017,10,230.3998434,2
T38916,P00023,Shorts,Clothing,79.71360829,16,02/01/2020,Fall,2020,20,1020.334186,1
T71744,P00006,Mystery Novel,Books,85.22139948,17,26/08/2021,Winter,2021,0,1448.763791,2
T75048,P00031,Travel Guide,Books,97.58182495,1,21/07/2015,Winter,2015,0,97.58182495,3
T61831,P00039,Raincoat,Clothing,110.854774,16,11/05/2017,Fall,2017,0,1773.676384,1
T82309,P00058,Travel Guide,Books,91.11393685,16,22/09/2015,Fall,2015,0,1457.82299,3
T79300,P00041,USB Flash Drive,Accessories,48.95136318,9,02/03/2017,Summer,2017,15,374.4779283,3
T12581,P00056,Casual Sneakers,Footwear,44.64260285,19,18/08/2023,Spring,2023,0,848.2094542,4
T61756,P00031,Running Shoes,Footwear,217.0822227,17,20/12/2018,Spring,2018,0,3690.397786,1
T37197,P00025,HD Webcam,Accessories,79.04377919,14,03/03/2017,Summer,2017,0,1106.612909,3
T43665,P00057,HD Webcam,Accessories,25.71745426,11,26/11/2018,Spring,2018,20,226.3135975,3
T31639,P00011,Fiction Novel,Books,54.51704767,2,28/09/2015,Summer,2015,10,98.13068581,4
T51003,P00046,Raincoat,Clothing,150.6532343,17,26/07/2019,Summer,2019,0,2561.104983,4
T91471,P00014,Mystery Novel,Books,65.12875961,17,06/12/2023,Summer,2023,0,1107.188913,3
T49178,P00052,Smart Thermostat,Electronics,18.34694156,10,05/10/2018,Winter,2018,0,183.4694156,1
T86509,P00048,Microwave Oven,Home Decor,73.08184438,8,27/08/2022,Spring,2022,0,584.654755,2
T17485,P00026,HD Webcam,Accessories,56.73953049,18,02/10/2015,Spring,2015,0,1021.311549,3
T88976,P00030,Shorts,Clothing,194.8175945,3,15/09/2020,Spring,2020,20,467.5622268,1
T62198,P00022,USB Flash Drive,Accessories,62.00123095,13,14/10/2019,Summer,2019,5,765.7152022,2
T32867,P00020,Running Shoes,Footwear,39.92380195,6,23/07/2018,Spring,2018,10,215.5885305,1
T90764,P00041,Smartphone Case,Accessories,27.99137312,1,08/12/2015,Spring,2015,0,27.99137312,2
T12103,P00030,Portable Fan,Home Decor,18.00417203,14,28/05/2017,Spring,2017,5,239.455488,1
T91159,P00012,Gaming Mouse,Accessories,55.01431057,8,07/08/2022,Spring,2022,5,418.1087603,2
T24908,P00027,Microwave Oven,Home Decor,41.33147721,12,20/11/2020,Summer,2020,0,495.9777265,3
T89818,P00038,4K TV,Electronics,50.51708434,11,03/01/2017,Summer,2017,0,555.6879277,2
T62656,P00039,Wireless Earbuds,Electronics,67.01758455,6,22/03/2019,Fall,2019,0,402.1055073,2
T96724,P00051,Sweatpants,Clothing,51.36724008,11,15/07/2018,Summer,2018,0,565.0396409,4
T49850,P00015,Self-Help Book,Books,78.72266914,19,04/09/2017,Spring,2017,0,1495.730714,1
T78798,P00040,Fitness Tracker,Electronics,74.39999462,11,24/07/2017,Summer,2017,20,654.7199527,4
T77753,P00047,Running Shoes,Footwear,299.463206,12,21/03/2019,Spring,2019,0,3593.558472,1
T46182,P00012,Winter Jacket,Clothing,155.9412896,18,23/11/2016,Summer,2016,0,2806.943213,1
T82518,P00028,Toaster Oven,Home Decor,38.84530543,10,22/09/2023,Winter,2023,0,388.4530543,4
T96669,P00019,Running Shoes,Footwear,132.830434,18,22/12/2022,Winter,2022,5,2271.400421,2
T14627,P00027,HD Webcam,Accessories,53.21710696,11,27/07/2015,Fall,2015,0,585.3881766,2
T34519,P00025,Children's Book,Books,48.78779723,6,17/05/2016,Spring,2016,5,278.0904442,2
T61539,P00049,4K TV,Electronics,36.16608056,8,08/04/2020,Winter,2020,0,289.3286445,4
T69546,P00051,Wi-Fi Router,Electronics,88.48567623,16,07/11/2021,Summer,2021,15,1203.405197,4
T92384,P00023,Soundbar,Electronics,35.34433742,3,09/08/2021,Winter,2021,0,106.0330123,2
T65571,P00050,Toaster Oven,Home Decor,15.6040878,15,08/09/2021,Spring,2021,15,198.9521195,2
T97954,P00048,Water Filter Pitcher,Home Decor,82.06096922,17,17/12/2021,Spring,2021,15,1185.781005,1
T79681,P00044,Hoodie,Clothing,171.5041068,12,07/02/2016,Summer,2016,0,2058.049282,4
T64567,P00009,Dish Drying Rack,Home Decor,44.89673755,3,20/05/2018,Winter,2018,20,107.7521701,4
T65863,P00048,Travel Guide,Books,54.59065223,11,08/07/2022,Fall,2022,0,600.4971745,1
T54825,P00056,Hiking Boots,Footwear,200.4529719,4,17/12/2021,Fall,2021,5,761.7212932,4
T13373,P00034,4K TV,Electronics,13.57897332,2,24/08/2020,Summer,2020,15,23.08425464,4
T95103,P00014,Fitness Tracker,Electronics,51.27882548,8,10/06/2019,Fall,2019,0,410.2306038,3
T51185,P00031,Hiking Boots,Footwear,89.6517067,10,01/01/2021,Spring,2021,15,762.039507,1
T97438,P00032,Running Shoes,Footwear,209.1044972,18,16/09/2020,Fall,2020,5,3575.686902,1
T74729,P00004,Shorts,Clothing,149.6464052,17,13/07/2021,Fall,2021,10,2289.59,4
T30527,P00010,Casual Sneakers,Footwear,254.6866562,6,12/12/2023,Summer,2023,15,1298.901947,1
T76788,P00016,Blender,Home Decor,86.52779286,8,27/04/2021,Winter,2021,0,692.2223429,1
T93494,P00007,Running Shoes,Footwear,150.75651,14,28/09/2017,Fall,2017,5,2005.061583,4
T64722,P00057,Laptop Stand,Accessories,64.05657989,6,06/11/2023,Winter,2023,15,326.6885574,2
T35805,P00026,Winter Jacket,Clothing,199.4775015,6,16/02/2020,Fall,2020,20,957.4920072,2
T22100,P00010,Hiking Boots,Footwear,36.87106643,12,03/10/2017,Summer,2017,0,442.4527972,1
T25916,P00028,Formal Suit,Clothing,184.374419,7,21/09/2023,Fall,2023,0,1290.620933,1
T26279,P00048,Laptop Stand,Accessories,87.1289369,4,22/01/2018,Summer,2018,0,348.5157476,1
T76670,P00043,External Hard Drive,Accessories,61.53538529,14,13/11/2016,Summer,2016,5,818.4206244,2
T66830,P00053,Travel Guide,Books,46.81062086,16,17/05/2021,Spring,2021,5,711.5214371,2
T57764,P00042,Dish Drying Rack,Home Decor,44.50244672,18,14/02/2021,Winter,2021,0,801.044041,2
T88388,P00033,USB Flash Drive,Accessories,58.04305428,19,08/01/2021,Winter,2021,5,1047.67713,4
T45554,P00004,Wireless Keyboard,Accessories,99.52836736,9,20/09/2015,Winter,2015,15,761.3920103,4
T64200,P00014,T-Shirt,Clothing,181.1053824,12,15/09/2016,Spring,2016,10,1955.93813,1
T32800,P00012,Formal Suit,Clothing,161.9690824,10,08/11/2015,Summer,2015,0,1619.690824,3
T35068,P00026,Wireless Keyboard,Accessories,90.48240294,6,08/05/2019,Spring,2019,0,542.8944176,1
T33383,P00060,Travel Guide,Books,39.21428831,9,08/06/2017,Summer,2017,0,352.9285948,3
T67616,P00008,Bluetooth Speaker,Electronics,11.35204068,8,02/03/2019,Fall,2019,20,72.65306035,3
T66563,P00054,Sweatpants,Clothing,33.37533564,2,06/08/2017,Winter,2017,5,63.41313772,3
T81762,P00058,Air Fryer,Home Decor,86.85515551,9,17/10/2018,Fall,2018,0,781.6963996,2
T86384,P00050,Wireless Keyboard,Accessories,50.12991599,1,24/08/2017,Fall,2017,0,50.12991599,4
T53919,P00040,Running Shoes,Footwear,231.5451133,6,04/02/2022,Winter,2022,0,1389.27068,3
T76809,P00009,Cordless Vacuum,Home Decor,41.73549398,13,14/07/2022,Spring,2022,0,542.5614217,3
T29738,P00045,Hiking Boots,Footwear,27.03459525,19,10/08/2018,Winter,2018,20,410.9258478,3
T28782,P00011,Water Filter Pitcher,Home Decor,86.90545831,12,09/12/2017,Spring,2017,0,1042.8655,3
T36177,P00027,HD Webcam,Accessories,53.21710696,4,23/12/2018,Summer,2018,0,212.8684278,4
T44812,P00034,LED Desk Lamp,Home Decor,63.61189615,17,21/10/2017,Winter,2017,15,919.1918994,2
T41508,P00010,Children's Book,Books,48.91041498,14,26/10/2020,Spring,2020,0,684.7458097,1
T51430,P00027,Formal Suit,Clothing,76.41843923,6,05/10/2023,Fall,2023,20,366.8085083,4
T52946,P00051,Dress Shoes,Footwear,135.3452721,3,28/05/2016,Summer,2016,0,406.0358163,4
T65161,P00015,Self-Help Book,Books,78.72266914,8,17/04/2023,Winter,2023,15,535.3141502,4
T40266,P00052,USB Flash Drive,Accessories,82.28728627,13,24/05/2021,Winter,2021,0,1069.734722,1
T14006,P00020,Sweatpants,Clothing,123.7370403,19,28/08/2015,Fall,2015,5,2233.453577,4
T93639,P00012,Wireless Keyboard,Accessories,56.03175319,9,28/06/2022,Spring,2022,0,504.2857787,1
T85886,P00045,Cutting Board,Home Decor,32.68873586,12,25/04/2021,Spring,2021,0,392.2648303,4
T93948,P00042,Science Textbook,Books,22.10207975,15,21/10/2020,Spring,2020,15,281.8015168,3
T76125,P00038,Hiking Boots,Footwear,127.4130646,13,17/01/2022,Winter,2022,0,1656.36984,4
T75333,P00004,Casual Sneakers,Footwear,205.4641939,14,14/03/2020,Winter,2020,0,2876.498715,3
T75942,P00052,Biography,Books,68.87057358,3,24/05/2015,Winter,2015,0,206.6117207,2
T98209,P00049,Denim Jeans,Clothing,129.0402758,6,20/10/2019,Fall,2019,0,774.2416548,2
T17566,P00039,Shorts,Clothing,153.6886729,14,14/09/2015,Fall,2015,0,2151.641421,4
T20283,P00049,Coffee Maker,Home Decor,17.06665507,19,03/01/2017,Summer,2017,0,324.2664463,4
T71381,P00031,Running Shoes,Footwear,217.0822227,11,07/01/2022,Summer,2022,20,1910.32356,4
T15313,P00020,Mystery Novel,Books,53.08479096,16,08/04/2019,Spring,2019,15,721.9531571,4
T85308,P00001,Toaster Oven,Home Decor,23.99648931,15,08/06/2017,Winter,2017,10,323.9526057,3
T63218,P00043,Microwave Oven,Home Decor,60.75164987,12,24/07/2022,Spring,2022,20,583.2158388,1
T47034,P00015,Travel Guide,Books,66.03469497,5,18/02/2020,Summer,2020,10,297.1561274,4
T93973,P00011,Fiction Novel,Books,54.83324414,14,26/08/2020,Winter,2020,0,767.665418,3
T78207,P00035,Cutting Board,Home Decor,65.44793072,9,26/08/2016,Fall,2016,0,589.0313765,2
T68819,P00036,Raincoat,Clothing,66.61873282,11,11/10/2017,Fall,2017,20,586.2448488,3
T94117,P00021,E-Reader,Electronics,15.77495963,6,22/05/2017,Winter,2017,0,94.64975778,4
T72993,P00049,Winter Jacket,Clothing,144.6132614,10,13/11/2021,Fall,2021,0,1446.132614,4
T45699,P00042,Raincoat,Clothing,197.9082298,10,23/09/2023,Summer,2023,5,1880.128183,1
T95016,P00034,Formal Suit,Clothing,179.8008023,2,28/09/2021,Fall,2021,0,359.6016046,3
T85874,P00024,Water Filter Pitcher,Home Decor,57.06930492,9,23/10/2023,Summer,2023,0,513.6237443,4
T78477,P00049,Raincoat,Clothing,49.80573735,13,22/05/2019,Winter,2019,0,647.4745856,4
T34816,P00036,Smartwatch,Electronics,89.68707549,10,25/12/2016,Summer,2016,20,717.4966039,3
T35006,P00032,E-Reader,Electronics,46.85690325,16,21/03/2016,Fall,2016,0,749.710452,3
T14686,P00047,Monitor Arm,Electronics,13.56988687,2,22/07/2018,Summer,2018,0,27.13977374,3
T38202,P00010,Self-Help Book,Books,44.75762388,8,14/07/2021,Winter,2021,0,358.060991,2
T78379,P00013,Monitor Arm,Electronics,87.24380937,8,04/08/2015,Fall,2015,20,558.36038,4
T62347,P00047,Raincoat,Clothing,150.1183869,14,16/07/2019,Winter,2019,10,1891.491675,4
T22748,P00008,HD Webcam,Accessories,64.11251777,4,15/03/2019,Fall,2019,5,243.6275675,3
T79855,P00017,External Hard Drive,Accessories,52.3190909,6,27/05/2019,Spring,2019,0,313.9145454,2
T74140,P00003,Air Fryer,Home Decor,21.21505088,4,22/05/2016,Summer,2016,0,84.86020352,3
T89762,P00025,HD Webcam,Accessories,96.60418135,15,22/04/2020,Summer,2020,0,1449.06272,3
T51347,P00025,Leather Loafers,Footwear,163.4721378,15,15/04/2020,Winter,2020,15,2084.269757,4
T70380,P00045,Sweatpants,Clothing,59.0347692,11,23/04/2019,Spring,2019,0,649.3824612,4
T87986,P00027,Hiking Boots,Footwear,187.0191875,4,07/10/2023,Spring,2023,20,598.4614,3
T48751,P00046,Dress Shoes,Footwear,127.3079446,10,02/05/2017,Fall,2017,0,1273.079446,4
T62550,P00012,Monitor Arm,Electronics,60.39205176,1,11/05/2021,Winter,2021,0,60.39205176,4
T31684,P00030,External Hard Drive,Accessories,24.68261292,1,17/12/2016,Fall,2016,0,24.68261292,1
T56250,P00014,Winter Jacket,Clothing,99.6297377,19,12/04/2022,Fall,2022,0,1892.965016,2
T24209,P00040,Formal Suit,Clothing,179.5411147,17,27/10/2017,Winter,2017,20,2441.75916,4
T43783,P00054,Monitor Arm,Electronics,89.33912538,10,28/06/2018,Fall,2018,5,848.7216911,1
T96483,P00056,Self-Help Book,Books,91.79872986,5,15/10/2020,Winter,2020,5,436.0439668,2
T61033,P00044,Dress Shoes,Footwear,172.9037206,2,26/02/2023,Winter,2023,0,345.8074412,4
T91531,P00020,Laptop Stand,Accessories,40.50331453,7,16/02/2023,Winter,2023,5,269.3470416,3
T41899,P00033,Sweatpants,Clothing,100.8275039,2,14/09/2016,Fall,2016,0,201.6550078,1
T69095,P00059,Denim Jeans,Clothing,127.2744061,10,21/08/2021,Winter,2021,0,1272.744061,2
T53646,P00045,Cutting Board,Home Decor,32.68873586,4,06/08/2020,Spring,2020,20,104.6039548,2
T83922,P00018,Gaming Mouse,Accessories,30.01208079,13,01/09/2022,Spring,2022,5,370.6491978,2
T95709,P00059,Smart Thermostat,Electronics,78.59088778,8,21/04/2019,Summer,2019,0,628.7271022,3
T35256,P00030,Leather Loafers,Footwear,209.2046881,7,14/07/2015,Summer,2015,0,1464.432817,4
T10864,P00003,Running Shoes,Footwear,105.1219113,8,13/05/2016,Spring,2016,0,840.9752904,3
T76471,P00036,Dress Shoes,Footwear,88.74400738,19,28/01/2017,Spring,2017,0,1686.13614,3
T25960,P00001,Self-Help Book,Books,85.42045684,2,25/06/2023,Fall,2023,5,162.298868,3
T14078,P00010,Self-Help Book,Books,44.75762388,12,20/01/2021,Summer,2021,0,537.0914866,3
T28624,P00034,Portable Fan,Home Decor,95.82994514,16,22/11/2022,Spring,2022,20,1226.623298,3
T64383,P00058,Air Fryer,Home Decor,86.85515551,2,17/01/2019,Spring,2019,5,165.0247955,4
T89526,P00023,Fiction Novel,Books,49.96347967,12,27/05/2017,Winter,2017,5,569.5836682,4
T62664,P00045,Travel Guide,Books,99.93004408,6,19/06/2017,Summer,2017,0,599.5802645,1
T50745,P00008,Smartwatch,Electronics,92.80463562,11,13/05/2018,Fall,2018,0,1020.850992,4
T73927,P00052,Smart Thermostat,Electronics,18.34694156,11,23/10/2017,Winter,2017,0,201.8163572,4
T86441,P00018,Fitness Tracker,Electronics,59.42588853,15,12/03/2021,Spring,2021,0,891.388328,3
T14837,P00034,Flip-Flops,Footwear,289.7989913,19,11/02/2020,Spring,2020,5,5230.871793,4
T75911,P00030,Shorts,Clothing,194.8175945,8,08/03/2015,Spring,2015,0,1558.540756,3
T50874,P00003,Portable Fan,Home Decor,13.63023888,12,25/04/2021,Spring,2021,10,147.2065799,4
T96133,P00032,Microwave Oven,Home Decor,75.53999885,16,24/05/2019,Winter,2019,0,1208.639982,1
T40133,P00054,Raincoat,Clothing,42.5994163,17,11/04/2020,Spring,2020,5,687.9805732,3
T56546,P00007,Running Shoes,Footwear,233.9909337,11,18/07/2021,Spring,2021,20,2059.120217,1
T24414,P00036,Mystery Novel,Books,87.27809204,14,16/03/2015,Winter,2015,0,1221.893289,1
T82255,P00042,Sweatpants,Clothing,62.22236358,6,19/09/2022,Summer,2022,0,373.3341815,1
T41728,P00053,Toaster Oven,Home Decor,62.08460699,10,25/07/2020,Winter,2020,10,558.7614629,2
T15867,P00054,Casual Sneakers,Footwear,210.1010631,18,16/07/2023,Fall,2023,0,3781.819136,1
T20310,P00042,Wireless Earbuds,Electronics,96.81964126,4,17/04/2016,Spring,2016,0,387.278565,4
T81466,P00021,HD Webcam,Accessories,62.85878292,19,24/08/2017,Fall,2017,0,1194.316875,3
T40979,P00044,Dress Shoes,Footwear,172.9037206,16,28/02/2023,Summer,2023,0,2766.45953,3
T46483,P00034,Cutting Board,Home Decor,66.40925156,14,16/07/2015,Summer,2015,10,836.7565697,1
T83984,P00001,Leather Loafers,Footwear,116.6758255,4,12/12/2016,Winter,2016,10,420.0329718,3
T34594,P00056,E-Reader,Electronics,59.30095014,6,13/10/2021,Fall,2021,10,320.2251308,4
T17797,P00032,Biography,Books,51.75524708,10,25/05/2016,Winter,2016,0,517.5524708,4
T44493,P00029,Digital Camera,Electronics,95.99159293,12,22/09/2021,Winter,2021,15,979.1142479,3
T58849,P00011,Water Filter Pitcher,Home Decor,86.90545831,12,07/04/2016,Summer,2016,0,1042.8655,3
T91418,P00029,Wi-Fi Router,Electronics,98.07367005,1,26/05/2020,Summer,2020,15,83.36261954,2
T29627,P00047,Portable Fan,Home Decor,20.92097412,2,17/04/2016,Spring,2016,10,37.65775342,2
T88002,P00050,Leather Loafers,Footwear,26.27824645,16,25/10/2020,Summer,2020,15,357.3841517,4
T97593,P00036,External Hard Drive,Accessories,48.21506747,13,26/09/2015,Winter,2015,15,532.7764955,3
T56418,P00030,Formal Suit,Clothing,72.35481305,7,15/10/2021,Summer,2021,0,506.4836914,3
T95058,P00011,Fiction Novel,Books,41.50901244,15,12/06/2017,Winter,2017,15,529.2399086,3
T92476,P00036,Casual Sneakers,Footwear,271.6570206,15,26/07/2022,Winter,2022,0,4074.855309,3
T92936,P00023,Self-Help Book,Books,18.44781938,9,16/03/2021,Winter,2021,0,166.0303744,1
T45081,P00008,Mystery Novel,Books,81.97434321,9,02/06/2021,Winter,2021,20,590.2152711,1
T68861,P00054,Digital Camera,Electronics,82.09683282,18,17/08/2022,Winter,2022,0,1477.742991,4
T37672,P00039,Cookbook,Books,25.2948242,11,25/04/2023,Winter,2023,5,264.3309129,3
T65432,P00022,LED Desk Lamp,Home Decor,10.57394521,19,28/11/2016,Fall,2016,0,200.904959,3
T89823,P00016,USB Flash Drive,Accessories,37.57675554,2,14/04/2015,Spring,2015,0,75.15351108,4
T79806,P00049,HD Webcam,Accessories,67.91819305,18,25/05/2021,Spring,2021,10,1100.274727,2
T49449,P00021,Winter Jacket,Clothing,126.6473696,11,23/09/2016,Summer,2016,15,1184.152906,1
T16869,P00005,Sweatpants,Clothing,92.05888363,9,24/12/2020,Summer,2020,5,787.103455,3
T62349,P00045,Sweatpants,Clothing,59.0347692,1,28/12/2021,Summer,2021,15,50.17955382,4
T55349,P00006,HD Webcam,Accessories,71.38744328,2,03/10/2019,Fall,2019,5,135.6361422,4
T12887,P00024,Travel Guide,Books,80.12629058,16,16/06/2020,Winter,2020,10,1153.818584,2
T40341,P00016,Blender,Home Decor,86.52779286,8,21/06/2021,Winter,2021,0,692.2223429,1
T10490,P00059,Smart Thermostat,Electronics,78.59088778,11,11/07/2017,Spring,2017,0,864.4997656,1
T13159,P00001,Denim Jeans,Clothing,158.1095944,7,25/05/2015,Winter,2015,0,1106.767161,4
T39320,P00045,Shorts,Clothing,104.0182369,7,10/03/2022,Fall,2022,10,655.3148925,3
T24678,P00004,Wireless Earbuds,Electronics,67.21649488,8,26/05/2023,Winter,2023,5,510.8453611,1
T71497,P00052,Mechanical Keyboard,Electronics,10.12795048,17,28/05/2020,Spring,2020,5,163.5664003,1
T12881,P00059,Air Fryer,Home Decor,81.79341062,6,11/06/2023,Summer,2023,0,490.7604637,2
T69251,P00031,Air Fryer,Home Decor,42.12950747,3,21/07/2017,Summer,2017,0,126.3885224,2
T95473,P00007,Smartphone Case,Accessories,20.50353291,13,04/01/2017,Spring,2017,0,266.5459278,3
T37464,P00052,Smartwatch,Electronics,82.93846322,19,23/03/2016,Spring,2016,5,1497.039261,3
T91441,P00010,Mechanical Keyboard,Electronics,57.12088399,16,02/01/2017,Summer,2017,0,913.9341438,2
T94518,P00052,Smartwatch,Electronics,82.93846322,6,26/05/2020,Fall,2020,5,472.7492404,3
T76727,P00028,Gaming Mouse,Accessories,44.46526678,9,18/04/2023,Fall,2023,5,380.178031,3
T13332,P00021,Wireless Keyboard,Accessories,23.27235444,15,16/01/2018,Fall,2018,0,349.0853166,1
T97134,P00037,Running Shoes,Footwear,278.7362629,4,13/02/2016,Spring,2016,20,891.9560413,1
T69658,P00025,Formal Suit,Clothing,115.4390919,14,16/03/2022,Spring,2022,0,1616.147287,1
T66827,P00005,Biography,Books,34.14442096,4,13/10/2019,Fall,2019,0,136.5776838,1
T27558,P00041,Self-Help Book,Books,75.87478496,7,02/07/2018,Summer,2018,20,424.8987958,1
T82833,P00028,Dish Drying Rack,Home Decor,17.36409944,18,25/07/2019,Summer,2019,0,312.5537899,1
T42330,P00042,Hiking Boots,Footwear,247.0782139,6,10/12/2021,Summer,2021,0,1482.469283,2
T30863,P00039,Hiking Boots,Footwear,299.4556416,19,22/03/2019,Spring,2019,0,5689.65719,4
T41186,P00042,Gaming Mouse,Accessories,77.57475626,14,23/03/2021,Spring,2021,0,1086.046588,4
T98658,P00028,Leather Loafers,Footwear,60.97836786,8,19/08/2020,Fall,2020,0,487.8269429,4
T75431,P00041,Winter Jacket,Clothing,151.7650414,10,27/07/2015,Winter,2015,10,1365.885373,2
T54414,P00015,Smartphone Case,Accessories,59.79137076,17,25/06/2021,Summer,2021,5,965.6306378,2
T31045,P00054,Science Textbook,Books,33.82770116,14,06/11/2017,Fall,2017,0,473.5878162,1
T80714,P00041,Mystery Novel,Books,43.44238894,19,08/11/2021,Fall,2021,20,660.3243119,2
T81916,P00026,Portable Fan,Home Decor,43.45894457,4,08/01/2023,Summer,2023,5,165.1439894,2
T30008,P00022,Raincoat,Clothing,31.91363872,16,01/11/2021,Fall,2021,15,434.0254866,3
T21695,P00039,Blender,Home Decor,46.10486443,4,18/01/2019,Summer,2019,0,184.4194577,3
T21516,P00025,Wi-Fi Router,Electronics,48.75035176,3,15/04/2017,Summer,2017,15,124.313397,4
T80990,P00056,Monitor Arm,Electronics,48.2475136,18,24/12/2015,Spring,2015,0,868.4552448,2
T96988,P00038,Dress Shoes,Footwear,100.6600376,8,23/04/2016,Spring,2016,5,765.0162858,3
T72699,P00056,Self-Help Book,Books,91.79872986,17,08/08/2016,Spring,2016,0,1560.578408,2
T37388,P00056,Leather Loafers,Footwear,88.57308958,7,22/02/2016,Summer,2016,15,527.009883,4
T21357,P00016,Digital Camera,Electronics,59.44107105,2,27/08/2020,Spring,2020,0,118.8821421,1
T19130,P00024,Science Textbook,Books,52.17544184,3,22/05/2019,Spring,2019,15,133.0473767,2
T39670,P00017,Dish Drying Rack,Home Decor,18.45278715,7,04/02/2021,Spring,2021,0,129.1695101,1
T67608,P00058,Hiking Boots,Footwear,195.8935137,8,05/09/2017,Spring,2017,0,1567.14811,1
T10215,P00016,Blender,Home Decor,86.52779286,1,14/11/2020,Winter,2020,10,77.87501357,3
T38899,P00059,Denim Jeans,Clothing,127.2744061,1,11/11/2016,Winter,2016,10,114.5469655,3
T87239,P00030,Formal Suit,Clothing,117.9039793,10,18/07/2016,Winter,2016,0,1179.039793,1
T98721,P00043,Fiction Novel,Books,24.55366115,11,05/01/2020,Spring,2020,5,256.585759,1
T81927,P00050,Running Shoes,Footwear,294.9580537,2,26/03/2020,Summer,2020,0,589.9161074,3
T41601,P00046,Soundbar,Electronics,25.83489496,1,06/08/2021,Winter,2021,15,21.95966072,4
T66754,P00031,Formal Suit,Clothing,100.8203938,9,14/10/2019,Fall,2019,0,907.3835442,2
T71382,P00057,USB Flash Drive,Accessories,42.39086588,17,01/08/2020,Fall,2020,0,720.64472,3
T88282,P00001,Flip-Flops,Footwear,145.7368966,3,23/09/2020,Winter,2020,0,437.2106898,2
T37025,P00029,Smartwatch,Electronics,57.71474595,2,10/09/2017,Spring,2017,15,98.11506812,4
T91463,P00025,Shorts,Clothing,63.83219922,15,14/06/2015,Spring,2015,10,861.7346895,3
T70892,P00032,Flip-Flops,Footwear,48.74258965,2,12/09/2017,Winter,2017,20,77.98814344,1
T73143,P00040,Smartphone Case,Accessories,27.18728107,16,01/03/2015,Winter,2015,0,434.9964971,2
T14011,P00024,Raincoat,Clothing,41.15111435,17,11/10/2018,Summer,2018,15,594.6336024,3
T42769,P00005,Sweatpants,Clothing,90.08263949,14,14/04/2016,Fall,2016,0,1261.156953,3
T18320,P00033,Hiking Boots,Footwear,254.5904892,12,05/01/2016,Fall,2016,10,2749.577283,1
T80934,P00050,Water Filter Pitcher,Home Decor,15.43876094,19,06/10/2019,Winter,2019,0,293.3364579,1
T35279,P00030,External Hard Drive,Accessories,24.68261292,1,27/12/2021,Winter,2021,0,24.68261292,3
T95711,P00028,T-Shirt,Clothing,128.6730543,1,02/05/2023,Spring,2023,0,128.6730543,3
T98646,P00017,Raincoat,Clothing,87.66043989,2,23/03/2017,Winter,2017,0,175.3208798,3
T45333,P00012,Cordless Vacuum,Home Decor,36.59579695,9,07/11/2016,Spring,2016,0,329.3621726,4
T95998,P00038,Soundbar,Electronics,49.25878878,17,28/05/2018,Summer,2018,0,837.3994093,3
T92203,P00008,Toaster Oven,Home Decor,35.03385252,16,24/12/2017,Summer,2017,5,532.5145583,2
T30056,P00013,Soundbar,Electronics,81.39186838,4,02/10/2016,Winter,2016,0,325.5674735,3
T14136,P00041,Wireless Earbuds,Electronics,50.75844261,5,10/11/2015,Winter,2015,0,253.7922131,2
T29585,P00004,Casual Sneakers,Footwear,205.4641939,1,14/08/2022,Winter,2022,0,205.4641939,1
T33345,P00021,Children's Book,Books,68.876907,9,24/12/2023,Winter,2023,0,619.892163,1
T67196,P00035,Casual Sneakers,Footwear,99.73119135,18,11/10/2022,Fall,2022,15,1525.887228,2
T45853,P00042,Dish Drying Rack,Home Decor,44.50244672,5,16/10/2016,Winter,2016,0,222.5122336,1
T66398,P00014,Smartphone Case,Accessories,29.71714021,15,27/02/2018,Winter,2018,15,378.8935377,1
T28100,P00027,Dish Drying Rack,Home Decor,56.1194807,14,19/07/2019,Spring,2019,20,628.5381838,4
T67986,P00030,Electric Kettle,Home Decor,75.72747493,1,12/01/2017,Fall,2017,0,75.72747493,3
T30085,P00051,Running Shoes,Footwear,94.98275738,3,26/07/2015,Fall,2015,20,227.9586177,1
T94431,P00008,Hiking Boots,Footwear,47.73014199,1,22/08/2018,Spring,2018,0,47.73014199,2
T54264,P00012,Monitor Arm,Electronics,60.39205176,6,28/07/2022,Fall,2022,5,344.234695,3
T75603,P00017,Raincoat,Clothing,87.66043989,13,26/01/2021,Summer,2021,0,1139.585719,4
T45709,P00020,Sweatpants,Clothing,123.7370403,12,26/12/2015,Spring,2015,0,1484.844484,4
T91149,P00004,Dress Shoes,Footwear,221.2973787,9,10/02/2022,Winter,2022,0,1991.676408,3
T17489,P00028,Wireless Earbuds,Electronics,26.36399452,14,20/04/2016,Fall,2016,5,350.6411271,4
T54387,P00031,Dress Shoes,Footwear,115.5771597,12,02/03/2018,Spring,2018,5,1317.579621,1
T44565,P00050,Digital Camera,Electronics,17.52648969,19,20/12/2016,Fall,2016,0,333.0033041,4
T59294,P00026,Cutting Board,Home Decor,57.54912234,16,05/11/2019,Winter,2019,0,920.7859574,3
T32469,P00060,Travel Guide,Books,39.21428831,5,05/10/2017,Summer,2017,0,196.0714416,1
T29324,P00010,Fiction Novel,Books,95.42602181,11,21/08/2019,Spring,2019,10,944.7176159,4
T13240,P00021,Winter Jacket,Clothing,191.9616306,10,14/07/2021,Fall,2021,20,1535.693045,3
T40825,P00009,Dress Shoes,Footwear,182.9272652,19,03/01/2015,Summer,2015,0,3475.618039,4
T31584,P00048,4K TV,Electronics,30.68817709,18,04/09/2020,Spring,2020,10,497.1484689,4
T49563,P00039,Water Filter Pitcher,Home Decor,22.27510357,19,08/06/2016,Winter,2016,0,423.2269678,3
T80663,P00046,Soundbar,Electronics,57.137891,4,11/10/2022,Fall,2022,0,228.551564,4
T40935,P00018,Toaster Oven,Home Decor,25.25199267,12,21/02/2020,Summer,2020,0,303.023912,4
T87909,P00032,External Hard Drive,Accessories,28.11694137,6,26/01/2023,Winter,2023,15,143.396401,4
T73753,P00008,Laptop Stand,Accessories,17.16732974,17,06/10/2021,Spring,2021,5,277.2523753,4
T34503,P00014,Travel Guide,Books,21.94197506,7,25/05/2020,Summer,2020,0,153.5938254,2
T50115,P00055,USB Flash Drive,Accessories,14.48310698,10,16/12/2018,Spring,2018,0,144.8310698,1
T51302,P00040,Wireless Earbuds,Electronics,49.51019957,2,23/11/2023,Fall,2023,0,99.02039914,2
T33777,P00006,Wireless Earbuds,Electronics,39.09880934,2,01/08/2021,Winter,2021,0,78.19761868,1
T60717,P00018,Shorts,Clothing,77.64051054,18,18/03/2017,Fall,2017,0,1397.52919,4
T91731,P00053,Cookbook,Books,91.03704743,11,17/04/2021,Spring,2021,15,851.1963935,4
T56900,P00042,Children's Book,Books,59.98529611,16,23/10/2017,Fall,2017,0,959.7647378,2
T90908,P00003,Gaming Mouse,Accessories,22.84127033,16,25/02/2022,Spring,2022,5,347.187309,2
T98657,P00039,Smart Thermostat,Electronics,43.49416854,12,08/10/2017,Fall,2017,20,417.544018,4
T97227,P00040,Toaster Oven,Home Decor,33.51171978,12,26/07/2019,Fall,2019,0,402.1406374,2
T10654,P00060,Fitness Tracker,Electronics,35.66761735,10,11/05/2019,Winter,2019,10,321.0085562,1
T61028,P00011,Raincoat,Clothing,20.46726632,3,08/07/2022,Fall,2022,0,61.40179896,4
T52470,P00024,Shorts,Clothing,160.9186536,16,21/07/2019,Winter,2019,0,2574.698458,3
T23161,P00049,4K TV,Electronics,36.16608056,4,16/11/2021,Summer,2021,15,122.9646739,1
T21957,P00012,Wireless Keyboard,Accessories,56.03175319,9,28/01/2019,Spring,2019,0,504.2857787,4
T94585,P00057,Coffee Maker,Home Decor,25.37046629,2,05/03/2022,Winter,2022,20,40.59274606,3
T95092,P00013,Travel Guide,Books,66.54600951,1,21/04/2020,Winter,2020,0,66.54600951,4
T79202,P00009,Winter Jacket,Clothing,90.24700246,15,11/10/2017,Winter,2017,10,1218.334533,1
T39475,P00026,Hoodie,Clothing,117.0335105,4,12/10/2017,Fall,2017,20,374.5072336,4
T15629,P00040,Hiking Boots,Footwear,294.0182968,3,05/04/2016,Winter,2016,5,837.9521459,2
T37675,P00011,USB Flash Drive,Accessories,71.54624873,14,09/02/2021,Winter,2021,0,1001.647482,3
T38333,P00006,Gaming Mouse,Accessories,24.86260883,17,26/07/2015,Summer,2015,0,422.6643501,4
T84160,P00026,HD Webcam,Accessories,13.67865797,17,26/07/2020,Summer,2020,0,232.5371855,2
T12429,P00038,Dish Drying Rack,Home Decor,84.72024876,2,07/04/2023,Fall,2023,20,135.552398,3
T49385,P00018,HD Webcam,Accessories,29.88218825,2,11/03/2022,Winter,2022,15,50.79972003,4
T70408,P00013,Casual Sneakers,Footwear,43.5099443,3,04/12/2018,Spring,2018,5,124.0033413,2
T22126,P00045,Casual Sneakers,Footwear,200.9413229,12,17/12/2021,Fall,2021,0,2411.295875,4
T36660,P00035,Leather Loafers,Footwear,48.44108189,5,16/12/2021,Winter,2021,0,242.2054095,2
T43132,P00050,Water Filter Pitcher,Home Decor,64.06422793,4,14/02/2017,Fall,2017,0,256.2569117,3
T14137,P00021,HD Webcam,Accessories,90.24159529,2,02/11/2018,Spring,2018,0,180.4831906,4
T88975,P00038,Shorts,Clothing,103.101158,10,26/05/2021,Summer,2021,0,1031.01158,4
T25032,P00029,4K TV,Electronics,22.48641201,17,14/07/2015,Winter,2015,0,382.2690042,2
T59597,P00009,Formal Suit,Clothing,55.052995,1,18/04/2017,Fall,2017,0,55.052995,1
T79711,P00034,Hoodie,Clothing,114.8964946,7,01/09/2020,Winter,2020,0,804.2754622,4
T93732,P00058,Travel Guide,Books,91.11393685,6,20/04/2021,Fall,2021,0,546.6836211,1
T96292,P00022,LED Desk Lamp,Home Decor,10.57394521,1,19/09/2020,Summer,2020,20,8.459156168,2
T97475,P00014,Winter Jacket,Clothing,69.84260459,13,25/03/2022,Summer,2022,0,907.9538597,4
T91494,P00023,Hiking Boots,Footwear,206.9413424,16,24/05/2016,Summer,2016,20,2648.849183,1
T92234,P00056,Running Shoes,Footwear,205.6062255,7,19/03/2016,Spring,2016,0,1439.243579,2
T18949,P00003,E-Reader,Electronics,89.37637088,17,19/04/2016,Spring,2016,0,1519.398305,1
T17837,P00057,Water Filter Pitcher,Home Decor,92.42951809,13,08/04/2021,Winter,2021,0,1201.583735,1
T69305,P00041,Smartphone Case,Accessories,27.99137312,4,09/08/2018,Spring,2018,0,111.9654925,1
T97318,P00052,Wireless Earbuds,Electronics,21.56964381,17,18/12/2017,Summer,2017,15,311.6813531,3
T59570,P00010,Travel Guide,Books,69.2062515,15,09/12/2015,Fall,2015,0,1038.093773,1
T27929,P00053,Flip-Flops,Footwear,180.2009726,1,20/12/2017,Winter,2017,0,180.2009726,1
T81387,P00015,Coffee Maker,Home Decor,75.59953369,18,22/12/2021,Fall,2021,15,1156.672865,3
T26198,P00053,Flip-Flops,Footwear,290.735761,8,12/02/2015,Spring,2015,0,2325.886088,2
T89026,P00027,Monitor Arm,Electronics,70.71348122,9,06/12/2016,Spring,2016,15,540.9581313,4
T66523,P00048,Formal Suit,Clothing,49.28763524,7,04/12/2019,Winter,2019,20,276.0107573,4
T68502,P00029,E-Reader,Electronics,34.89132839,4,06/04/2021,Winter,2021,15,118.6305165,1
T57761,P00050,Bluetooth Speaker,Electronics,97.58498119,10,18/12/2019,Fall,2019,0,975.8498119,3
T80134,P00021,Science Textbook,Books,79.4738901,9,07/04/2015,Fall,2015,10,643.7385098,3
T18061,P00038,Portable Fan,Home Decor,30.1553851,18,06/02/2021,Spring,2021,0,542.7969318,3
T99941,P00033,Leather Loafers,Footwear,135.0947425,18,05/02/2020,Summer,2020,0,2431.705365,2
T38481,P00033,LED Desk Lamp,Home Decor,16.93290233,16,12/03/2017,Winter,2017,0,270.9264373,4
T55772,P00021,Cutting Board,Home Decor,28.99119061,5,19/06/2018,Winter,2018,10,130.4603577,3
T68535,P00027,Toaster Oven,Home Decor,63.31955051,3,04/06/2022,Winter,2022,15,161.4648538,1
T76381,P00042,Leather Loafers,Footwear,237.4839021,12,24/03/2020,Winter,2020,0,2849.806825,4
T13832,P00017,Fiction Novel,Books,94.3626405,8,04/01/2020,Winter,2020,0,754.901124,1
T61638,P00029,Hiking Boots,Footwear,208.8670879,11,28/04/2016,Spring,2016,15,1952.907272,3
T21814,P00011,HD Webcam,Accessories,95.16852511,12,26/12/2017,Fall,2017,10,1027.820071,3
T98416,P00003,Mechanical Keyboard,Electronics,49.92314197,13,21/09/2023,Fall,2023,5,616.5508033,2
T36505,P00020,Coffee Maker,Home Decor,85.94730892,5,03/03/2020,Spring,2020,0,429.7365446,3
T13880,P00016,Portable Fan,Home Decor,91.25561156,11,08/03/2016,Winter,2016,0,1003.811727,2
T50828,P00014,HD Webcam,Accessories,28.42658347,7,07/12/2023,Summer,2023,20,159.1888674,2
T34624,P00024,4K TV,Electronics,88.920251,15,02/06/2020,Winter,2020,5,1267.113577,4
T19589,P00002,Self-Help Book,Books,84.29866224,15,18/06/2015,Spring,2015,0,1264.479934,2
T36639,P00012,Raincoat,Clothing,56.54548189,10,15/10/2017,Fall,2017,0,565.4548189,2
T97876,P00030,Toaster Oven,Home Decor,95.04468158,2,02/03/2020,Winter,2020,0,190.0893632,4
T56505,P00037,Portable Fan,Home Decor,20.695365,13,13/07/2019,Fall,2019,0,269.039745,3
T65182,P00059,Wireless Keyboard,Accessories,27.30363904,5,06/11/2019,Spring,2019,20,109.2145562,1
T23303,P00011,Running Shoes,Footwear,244.2642274,19,22/09/2017,Spring,2017,0,4641.020321,3
T69412,P00002,Soundbar,Electronics,69.58083087,6,01/11/2018,Summer,2018,5,396.610736,1
T35022,P00034,Children's Book,Books,32.18460287,11,04/11/2016,Summer,2016,5,336.3291,1
T70924,P00012,USB Flash Drive,Accessories,78.85912152,19,03/04/2020,Spring,2020,0,1498.323309,4
T24345,P00053,Casual Sneakers,Footwear,260.1280275,2,02/09/2019,Winter,2019,0,520.256055,3
T38036,P00027,Science Textbook,Books,58.7706851,6,15/01/2019,Summer,2019,20,282.0992885,2
T30750,P00006,Mystery Novel,Books,29.86219296,12,06/10/2019,Winter,2019,0,358.3463155,2
T70726,P00026,Fiction Novel,Books,15.97677795,15,03/05/2015,Fall,2015,15,203.7039189,4
T96373,P00038,Hiking Boots,Footwear,179.3448007,6,27/06/2016,Spring,2016,0,1076.068804,3
T88194,P00003,Mechanical Keyboard,Electronics,29.51323533,7,01/08/2022,Winter,2022,0,206.5926473,4
T89096,P00025,Formal Suit,Clothing,75.37683832,8,20/08/2019,Summer,2019,15,512.5625006,2
T59990,P00024,Laptop Stand,Accessories,84.04921914,16,10/10/2023,Winter,2023,15,1143.06938,2
T40733,P00006,Fitness Tracker,Electronics,48.0092792,6,16/08/2023,Spring,2023,0,288.0556752,3
T48826,P00041,Fiction Novel,Books,23.44415308,13,09/09/2015,Summer,2015,0,304.77399,1
T30269,P00010,Gaming Mouse,Accessories,72.09216753,10,07/10/2019,Summer,2019,0,720.9216753,2
T75602,P00037,Fiction Novel,Books,39.67116164,10,10/07/2015,Spring,2015,0,396.7116164,1
T37027,P00046,HD Webcam,Accessories,44.80437945,18,02/05/2020,Fall,2020,15,685.5070056,2
T88572,P00024,Microwave Oven,Home Decor,50.17146979,17,01/01/2018,Winter,2018,0,852.9149864,4
T69902,P00030,Laptop Stand,Accessories,81.96016395,12,11/07/2017,Winter,2017,0,983.5219674,1
T76830,P00015,Travel Guide,Books,66.03469497,4,28/08/2017,Fall,2017,20,211.3110239,3
T94361,P00028,Gaming Mouse,Accessories,90.35841271,4,19/10/2015,Summer,2015,0,361.4336508,1
T24650,P00011,Mystery Novel,Books,64.66922388,9,07/02/2016,Summer,2016,0,582.0230149,3
T42334,P00047,Biography,Books,66.19544168,17,07/12/2017,Winter,2017,15,956.5241323,4
T60508,P00029,Cookbook,Books,88.34882168,18,20/04/2021,Fall,2021,5,1510.764851,4
T96322,P00024,Children's Book,Books,89.32580673,16,04/06/2017,Winter,2017,0,1429.212908,1
T83169,P00052,Smartphone Case,Accessories,21.41123609,4,21/05/2018,Fall,2018,0,85.64494436,4
T56694,P00030,Formal Suit,Clothing,117.9039793,2,22/02/2023,Fall,2023,5,224.0175607,4
T49390,P00059,Wireless Keyboard,Accessories,27.30363904,17,26/06/2021,Summer,2021,15,394.5375841,3
T31602,P00015,USB Flash Drive,Accessories,34.49395136,16,02/05/2015,Summer,2015,5,524.3080607,1
T99743,P00050,Formal Suit,Clothing,41.95547171,19,02/04/2017,Summer,2017,0,797.1539625,1
T78681,P00039,Shorts,Clothing,153.6886729,3,12/07/2021,Spring,2021,0,461.0660187,2
T42317,P00049,Dish Drying Rack,Home Decor,44.78582335,17,09/10/2019,Fall,2019,0,761.358997,2
T79468,P00034,4K TV,Electronics,25.2160355,6,15/09/2016,Winter,2016,10,136.1665917,3
T36498,P00028,Wireless Keyboard,Accessories,65.07225026,12,17/09/2016,Summer,2016,15,663.7369527,2
T25043,P00053,HD Webcam,Accessories,96.99603491,16,18/10/2020,Spring,2020,20,1241.549247,1
T85652,P00039,Mechanical Keyboard,Electronics,41.29613702,5,20/12/2015,Spring,2015,0,206.4806851,4
T41362,P00048,Soundbar,Electronics,20.7849202,3,01/10/2023,Fall,2023,0,62.3547606,1
T54722,P00007,Electric Kettle,Home Decor,23.7459155,2,26/09/2023,Spring,2023,20,37.9934648,4
T82255,P00017,Fiction Novel,Books,94.3626405,9,03/12/2021,Spring,2021,0,849.2637645,1
T10767,P00035,VR Headset,Electronics,23.3764196,14,13/02/2016,Spring,2016,0,327.2698744,4
T46674,P00037,Cookbook,Books,12.10133447,7,05/02/2023,Spring,2023,0,84.70934129,3
T53723,P00054,Digital Camera,Electronics,34.46958207,6,25/10/2017,Spring,2017,10,186.1357432,1
T12147,P00056,Denim Jeans,Clothing,137.0299532,7,11/02/2018,Spring,2018,20,767.3677379,1
T18733,P00022,Raincoat,Clothing,31.91363872,18,22/12/2018,Winter,2018,0,574.445497,4
T19490,P00002,Travel Guide,Books,36.01911285,9,15/09/2016,Fall,2016,0,324.1720157,1
T41826,P00055,Winter Jacket,Clothing,65.1052455,8,23/03/2022,Summer,2022,5,494.7998658,2
T84094,P00032,Smart Thermostat,Electronics,52.54989811,9,07/10/2016,Winter,2016,0,472.949083,3
T20100,P00047,T-Shirt,Clothing,20.32260117,12,26/07/2021,Spring,2021,0,243.871214,4
T97904,P00007,VR Headset,Electronics,60.52795102,13,15/06/2019,Summer,2019,0,786.8633633,3
T36287,P00046,Smartphone Case,Accessories,75.83034346,16,21/02/2016,Winter,2016,10,1091.956946,2
T54247,P00013,External Hard Drive,Accessories,55.58163262,6,17/02/2020,Spring,2020,15,283.4663264,2
T29641,P00035,Digital Camera,Electronics,23.64478903,10,28/08/2023,Spring,2023,0,236.4478903,1
T81218,P00007,LED Desk Lamp,Home Decor,13.6546583,7,06/06/2020,Spring,2020,20,76.46608648,2
T59402,P00024,Mystery Novel,Books,71.54694325,13,18/08/2021,Spring,2021,0,930.1102623,1
T80434,P00025,Casual Sneakers,Footwear,218.3544666,13,25/02/2018,Spring,2018,20,2270.886453,2
T77906,P00011,Denim Jeans,Clothing,15.7909124,6,24/10/2017,Fall,2017,0,94.7454744,1
T56531,P00035,4K TV,Electronics,89.49415125,5,12/04/2023,Winter,2023,20,357.976605,2
T60468,P00015,Wireless Keyboard,Accessories,96.27199135,18,28/11/2015,Winter,2015,0,1732.895844,2
T10028,P00013,Wireless Keyboard,Accessories,98.0260578,4,22/03/2022,Spring,2022,20,313.683385,2
T23503,P00056,Science Textbook,Books,19.19035801,9,10/12/2020,Spring,2020,0,172.7132221,1
T17961,P00028,Flip-Flops,Footwear,208.0528139,2,24/02/2017,Summer,2017,5,395.3003464,4
T90729,P00055,Casual Sneakers,Footwear,272.8830061,16,14/10/2017,Summer,2017,0,4366.128098,2
T78607,P00049,USB Flash Drive,Accessories,51.93624108,1,21/07/2020,Spring,2020,0,51.93624108,3
T11779,P00059,Cutting Board,Home Decor,85.01608898,17,13/12/2018,Fall,2018,20,1156.21881,2
T93028,P00051,Denim Jeans,Clothing,23.35429297,14,02/12/2021,Spring,2021,15,277.9160863,1
T65718,P00034,Dress Shoes,Footwear,181.5108882,17,27/03/2019,Summer,2019,0,3085.685099,1
T78322,P00002,Wireless Keyboard,Accessories,74.08316249,11,28/12/2017,Spring,2017,0,814.9147874,4
T33806,P00015,Toaster Oven,Home Decor,57.63145029,5,26/05/2019,Winter,2019,20,230.5258012,1
T85432,P00045,Microwave Oven,Home Decor,85.0805941,2,25/02/2018,Spring,2018,10,153.1450694,2
T43688,P00016,Self-Help Book,Books,38.50057045,5,19/01/2015,Fall,2015,15,163.6274244,4
T14792,P00055,USB Flash Drive,Accessories,14.48310698,5,12/03/2017,Summer,2017,0,72.4155349,1
T45031,P00020,Hiking Boots,Footwear,271.1606074,5,21/12/2017,Spring,2017,0,1355.803037,1
T83705,P00014,HD Webcam,Accessories,28.42658347,18,16/12/2018,Winter,2018,0,511.6785025,1
T98534,P00055,E-Reader,Electronics,40.33781568,15,16/08/2023,Fall,2023,0,605.0672352,2
T99367,P00012,Smartwatch,Electronics,99.21662262,5,17/04/2016,Winter,2016,0,496.0831131,2
T19215,P00052,Children's Book,Books,20.96652252,4,07/02/2015,Fall,2015,0,83.86609008,3
T34976,P00055,Casual Sneakers,Footwear,272.8830061,15,14/05/2021,Winter,2021,0,4093.245092,1
T78049,P00015,Flip-Flops,Footwear,279.9605078,19,14/10/2015,Fall,2015,10,4787.324683,1
T85701,P00009,Dish Drying Rack,Home Decor,48.85365322,18,08/07/2015,Fall,2015,0,879.365758,1
T39592,P00013,E-Reader,Electronics,33.54841119,3,06/11/2017,Spring,2017,5,95.61297189,4
T95374,P00014,Shorts,Clothing,196.4130722,16,11/05/2022,Winter,2022,0,3142.609155,2
T38400,P00036,Dish Drying Rack,Home Decor,38.37744102,16,26/03/2021,Fall,2021,0,614.0390563,3
T14055,P00036,Wireless Keyboard,Accessories,16.71161709,16,04/11/2016,Winter,2016,0,267.3858734,2
T88082,P00044,Dress Shoes,Footwear,172.9037206,9,02/09/2018,Winter,2018,10,1400.520137,2
T20702,P00022,Coffee Maker,Home Decor,15.56059098,1,01/07/2020,Winter,2020,20,12.44847278,2
T59111,P00040,HD Webcam,Accessories,92.14824088,7,22/10/2023,Spring,2023,0,645.0376862,3
T87658,P00018,HD Webcam,Accessories,29.88218825,16,04/08/2015,Summer,2015,0,478.115012,2
T98290,P00029,Leather Loafers,Footwear,277.7226306,18,14/02/2018,Winter,2018,20,3999.205881,4
T62066,P00005,Soundbar,Electronics,39.61879831,10,22/04/2022,Spring,2022,0,396.1879831,1
T93569,P00043,Smart Thermostat,Electronics,74.38334857,19,04/07/2015,Summer,2015,0,1413.283623,3
T42826,P00009,T-Shirt,Clothing,76.23100867,4,15/04/2016,Spring,2016,5,289.6778329,3
T87028,P00012,Wireless Keyboard,Accessories,56.03175319,2,28/11/2017,Winter,2017,0,112.0635064,3
T56157,P00041,Smartphone Case,Accessories,66.06433522,9,03/10/2020,Summer,2020,20,475.6632136,4
T93029,P00019,Sweatpants,Clothing,30.1748516,10,21/09/2021,Summer,2021,10,271.5736644,4
T42376,P00046,Water Filter Pitcher,Home Decor,85.11182785,13,18/12/2018,Fall,2018,15,940.4856977,2
T30991,P00036,Denim Jeans,Clothing,199.880292,18,21/05/2017,Summer,2017,0,3597.845256,1
T27806,P00021,Hoodie,Clothing,182.0647431,4,12/03/2020,Spring,2020,0,728.2589724,2
T54013,P00036,External Hard Drive,Accessories,60.10009177,14,28/07/2015,Winter,2015,0,841.4012848,4
T17847,P00015,Laptop Stand,Accessories,54.05199911,5,18/11/2020,Spring,2020,0,270.2599956,2
T76922,P00015,Coffee Maker,Home Decor,75.59953369,1,24/06/2020,Fall,2020,20,60.47962695,1
T36739,P00029,Formal Suit,Clothing,139.9026426,2,07/12/2022,Spring,2022,0,279.8052852,3
T17642,P00034,Flip-Flops,Footwear,289.7989913,8,28/02/2016,Winter,2016,0,2318.39193,1
T14782,P00040,Mechanical Keyboard,Electronics,42.94366361,2,17/01/2019,Summer,2019,0,85.88732722,3
T56950,P00007,VR Headset,Electronics,60.52795102,7,02/05/2023,Fall,2023,10,381.3260914,3
T32936,P00034,Smartwatch,Electronics,77.23005275,4,06/02/2019,Fall,2019,0,308.920211,4
T22537,P00031,Travel Guide,Books,97.58182495,3,05/12/2020,Summer,2020,0,292.7454749,2
T12413,P00019,Cutting Board,Home Decor,90.77272463,8,11/12/2017,Summer,2017,15,617.2545275,3
T89731,P00040,Laptop Stand,Accessories,80.16776402,16,09/10/2017,Winter,2017,0,1282.684224,4
T11214,P00013,Sweatpants,Clothing,77.09117202,15,07/03/2023,Fall,2023,0,1156.36758,2
T32301,P00050,Mystery Novel,Books,96.83739269,15,28/03/2017,Fall,2017,20,1162.048712,2
T38469,P00050,Casual Sneakers,Footwear,140.9205753,18,09/05/2017,Spring,2017,15,2156.084802,4
T26619,P00049,4K TV,Electronics,36.16608056,2,15/09/2016,Spring,2016,0,72.33216112,2
T22178,P00021,Hiking Boots,Footwear,171.20718,1,22/05/2022,Fall,2022,15,145.526103,3
T77313,P00037,Children's Book,Books,79.91761176,8,17/05/2022,Spring,2022,20,511.4727153,1
T34502,P00041,USB Flash Drive,Accessories,48.95136318,18,20/06/2019,Fall,2019,15,748.9558567,2
T80192,P00009,Coffee Maker,Home Decor,87.38405934,16,11/06/2016,Summer,2016,0,1398.144949,3
T38511,P00025,Raincoat,Clothing,71.4973667,5,22/08/2020,Fall,2020,0,357.4868335,2
T20683,P00030,Self-Help Book,Books,64.63000009,14,15/01/2015,Fall,2015,5,859.5790012,1
T86920,P00012,Air Fryer,Home Decor,65.12678518,5,21/10/2019,Fall,2019,0,325.6339259,3
T10368,P00014,Dish Drying Rack,Home Decor,30.4318743,15,25/04/2015,Spring,2015,0,456.4781145,1
T88858,P00033,Mechanical Keyboard,Electronics,40.27061106,10,12/11/2017,Winter,2017,0,402.7061106,1
T90771,P00040,Children's Book,Books,72.01669007,14,07/04/2020,Fall,2020,10,907.4102949,1
T46486,P00036,Mystery Novel,Books,87.27809204,6,13/03/2022,Fall,2022,15,445.1182694,4
T80198,P00039,Smartwatch,Electronics,56.56088853,7,26/01/2022,Fall,2022,0,395.9262197,3
T91187,P00026,Hoodie,Clothing,134.5048117,2,09/09/2022,Summer,2022,20,215.2076987,3
T95914,P00052,Smartwatch,Electronics,82.93846322,2,17/12/2022,Winter,2022,0,165.8769264,2
T38615,P00019,Running Shoes,Footwear,132.830434,10,20/01/2022,Winter,2022,5,1261.889123,3
T52372,P00010,Cookbook,Books,91.06114483,5,13/05/2021,Summer,2021,20,364.2445793,2
T13650,P00029,Formal Suit,Clothing,139.9026426,15,03/03/2023,Spring,2023,0,2098.539639,4
T27459,P00053,HD Webcam,Accessories,96.99603491,18,23/05/2021,Fall,2021,0,1745.928628,1
T60311,P00012,E-Reader,Electronics,52.14303179,16,12/10/2015,Summer,2015,0,834.2885086,4
T21767,P00021,4K TV,Electronics,14.91184828,16,18/11/2015,Summer,2015,0,238.5895725,4
T29787,P00008,Children's Book,Books,15.11577556,4,09/05/2020,Fall,2020,0,60.46310224,4
T18593,P00055,Sweatpants,Clothing,170.9397529,10,07/09/2015,Fall,2015,15,1452.9879,1
T83719,P00020,Running Shoes,Footwear,39.92380195,11,12/10/2020,Spring,2020,0,439.1618215,2
T73321,P00026,Hoodie,Clothing,117.0335105,16,18/05/2023,Fall,2023,10,1685.282551,2
T78921,P00008,Smartwatch,Electronics,92.80463562,6,12/09/2022,Winter,2022,0,556.8278137,3
T83889,P00006,Microwave Oven,Home Decor,59.5785321,19,08/06/2020,Winter,2020,0,1131.99211,2
T73600,P00012,Cordless Vacuum,Home Decor,57.90671357,12,27/01/2022,Summer,2022,15,590.6484784,2
T11067,P00009,Coffee Maker,Home Decor,13.31666387,3,22/07/2022,Fall,2022,0,39.94999161,2
T29563,P00056,Cookbook,Books,49.81394509,3,10/11/2015,Spring,2015,15,127.02556,1
T30968,P00010,Smart Thermostat,Electronics,39.27027705,10,23/04/2015,Spring,2015,0,392.7027705,3
T58340,P00023,Wi-Fi Router,Electronics,19.05799549,17,05/04/2016,Spring,2016,0,323.9859233,4
T96799,P00027,Travel Guide,Books,78.36335945,19,18/03/2017,Summer,2017,0,1488.90383,2
T20635,P00015,Mechanical Keyboard,Electronics,60.46165737,11,16/04/2016,Winter,2016,0,665.0782311,1
T55591,P00007,Smartphone Case,Accessories,20.50353291,17,01/07/2021,Winter,2021,20,278.8480476,4
T92886,P00013,Shorts,Clothing,180.8540235,17,10/07/2023,Summer,2023,20,2459.61472,1
T78827,P00011,Hoodie,Clothing,47.87465074,12,09/11/2022,Fall,2022,5,545.7710184,4
T15409,P00014,Shorts,Clothing,44.88517009,7,05/10/2017,Winter,2017,0,314.1961906,4
T91948,P00045,HD Webcam,Accessories,57.23182123,11,15/07/2016,Fall,2016,10,566.5950302,3
T17244,P00034,External Hard Drive,Accessories,88.45380198,12,17/05/2021,Summer,2021,10,955.3010614,2
T59510,P00019,4K TV,Electronics,76.95945106,19,07/09/2021,Winter,2021,5,1389.118092,3
T49709,P00049,Formal Suit,Clothing,143.6523607,17,06/10/2018,Winter,2018,0,2442.090132,4
T56412,P00004,Hiking Boots,Footwear,298.7029359,6,19/01/2015,Fall,2015,0,1792.217615,3
T73888,P00024,Science Textbook,Books,52.17544184,18,03/04/2015,Summer,2015,0,939.1579531,3
T15622,P00016,Blender,Home Decor,86.52779286,17,26/05/2018,Winter,2018,0,1470.972479,2
T89332,P00045,HD Webcam,Accessories,37.66406239,6,04/04/2019,Winter,2019,5,214.6851556,2
T43837,P00030,Hiking Boots,Footwear,33.53353395,1,20/07/2021,Fall,2021,0,33.53353395,1
T57456,P00028,Leather Loafers,Footwear,60.97836786,8,28/04/2022,Winter,2022,0,487.8269429,3
T74800,P00034,Monitor Arm,Electronics,29.33014594,18,10/12/2020,Winter,2020,0,527.9426269,3
T35570,P00031,Wireless Earbuds,Electronics,18.91868053,15,03/08/2023,Winter,2023,5,269.5911976,2
T11353,P00027,LED Desk Lamp,Home Decor,26.27785497,11,17/08/2015,Spring,2015,0,289.0564047,2
T36872,P00026,Formal Suit,Clothing,154.3027232,12,24/04/2020,Summer,2020,0,1851.632678,3
T25438,P00043,E-Reader,Electronics,86.20953234,6,01/06/2019,Winter,2019,0,517.257194,4
T82227,P00042,Denim Jeans,Clothing,85.58117416,3,06/06/2022,Fall,2022,0,256.7435225,2
T48179,P00050,Formal Suit,Clothing,41.95547171,10,12/11/2020,Summer,2020,10,377.5992454,3
T71416,P00052,Toaster Oven,Home Decor,17.73805572,9,09/02/2015,Summer,2015,20,127.7140012,1
T89468,P00011,Water Filter Pitcher,Home Decor,86.90545831,3,06/11/2017,Summer,2017,0,260.7163749,3
T19587,P00051,Wi-Fi Router,Electronics,88.48567623,18,18/09/2020,Spring,2020,0,1592.742172,2
T73620,P00031,Wireless Keyboard,Accessories,92.50907524,2,20/08/2016,Summer,2016,0,185.0181505,2
T80102,P00016,T-Shirt,Clothing,151.208612,19,01/08/2016,Fall,2016,0,2872.963628,1
T22055,P00042,Travel Guide,Books,52.26193436,18,22/12/2018,Spring,2018,10,846.6433366,1
T39377,P00026,LED Desk Lamp,Home Decor,87.2605953,13,11/05/2018,Winter,2018,5,1077.668352,4
T50100,P00009,Winter Jacket,Clothing,128.2847208,11,17/01/2020,Summer,2020,15,1199.462139,1
T41629,P00056,Running Shoes,Footwear,205.6062255,11,10/07/2020,Spring,2020,0,2261.668481,3
T35318,P00039,Gaming Mouse,Accessories,54.48567803,10,24/01/2017,Spring,2017,0,544.8567803,4
T71779,P00019,Shorts,Clothing,119.7492652,2,09/11/2018,Winter,2018,15,203.5737508,1
T44815,P00041,Portable Fan,Home Decor,34.62682535,8,28/04/2017,Winter,2017,0,277.0146028,1
T28895,P00046,Soundbar,Electronics,25.83489496,19,06/09/2021,Summer,2021,10,441.7767038,3
T86349,P00003,Air Fryer,Home Decor,21.21505088,7,05/03/2015,Winter,2015,15,126.2295527,1
T52487,P00022,Laptop Stand,Accessories,50.54986433,18,15/02/2015,Spring,2015,0,909.8975579,4
T16849,P00053,Sweatpants,Clothing,152.8085821,13,13/04/2019,Summer,2019,0,1986.511567,4
T22884,P00009,Casual Sneakers,Footwear,170.2406672,7,03/12/2023,Winter,2023,0,1191.68467,2
T37862,P00030,LED Desk Lamp,Home Decor,25.91946461,9,05/09/2017,Fall,2017,0,233.2751815,1
T61259,P00009,Science Textbook,Books,48.86833507,9,12/07/2022,Spring,2022,0,439.8150156,3
T60617,P00022,Wireless Earbuds,Electronics,87.078384,6,28/03/2015,Spring,2015,0,522.470304,1
T83300,P00022,Toaster Oven,Home Decor,51.46303943,15,21/04/2018,Fall,2018,0,771.9455915,4
T43892,P00029,Dress Shoes,Footwear,124.8735377,16,12/06/2018,Spring,2018,15,1698.280113,2
T99152,P00055,Casual Sneakers,Footwear,272.8830061,7,10/10/2016,Summer,2016,0,1910.181043,1
T22397,P00014,Hoodie,Clothing,174.5036798,10,20/12/2018,Spring,2018,10,1570.533118,4
T20974,P00032,Wi-Fi Router,Electronics,15.05232824,1,10/07/2016,Winter,2016,0,15.05232824,4
T65612,P00014,Shorts,Clothing,44.88517009,13,02/01/2015,Fall,2015,0,583.5072112,2
T45524,P00020,Shorts,Clothing,118.8865785,8,10/09/2015,Summer,2015,0,951.092628,2
T92809,P00023,Leather Loafers,Footwear,168.0870986,5,02/09/2018,Fall,2018,0,840.435493,2
T57965,P00029,Biography,Books,86.26080932,12,22/09/2017,Summer,2017,0,1035.129712,2
T46145,P00054,Winter Jacket,Clothing,107.3139186,16,10/02/2016,Winter,2016,5,1631.171563,4
T64437,P00024,HD Webcam,Accessories,92.17311743,10,08/12/2019,Spring,2019,20,737.3849394,3
T97193,P00054,LED Desk Lamp,Home Decor,90.71913656,18,20/11/2019,Spring,2019,0,1632.944458,2
T37331,P00051,Science Textbook,Books,42.10899234,4,10/03/2023,Spring,2023,0,168.4359694,2
T30431,P00050,Running Shoes,Footwear,67.49833446,19,19/01/2021,Summer,2021,0,1282.468355,1
T50931,P00011,Mystery Novel,Books,64.66922388,19,24/10/2021,Spring,2021,15,1044.407966,1
T84408,P00009,Coffee Maker,Home Decor,13.31666387,16,02/02/2023,Winter,2023,0,213.0666219,3
T23541,P00048,Air Fryer,Home Decor,11.97844361,8,02/06/2019,Fall,2019,0,95.82754888,2
T77853,P00015,Gaming Mouse,Accessories,10.31425827,4,10/09/2015,Spring,2015,0,41.25703308,3
T64545,P00018,Electric Kettle,Home Decor,73.66104633,11,02/03/2015,Summer,2015,0,810.2715096,1
T54990,P00022,Leather Loafers,Footwear,237.8858548,8,22/01/2016,Fall,2016,0,1903.086838,2
T50958,P00046,Fitness Tracker,Electronics,18.95249349,8,28/08/2017,Summer,2017,5,144.0389505,4
T91867,P00047,HD Webcam,Accessories,69.22889963,14,17/04/2015,Spring,2015,15,823.8239056,2
T38314,P00022,USB Flash Drive,Accessories,62.00123095,15,21/03/2018,Fall,2018,0,930.0184643,4
T29971,P00058,Hoodie,Clothing,185.1284962,4,20/04/2019,Winter,2019,0,740.5139848,1
T13346,P00017,Hiking Boots,Footwear,137.3509014,10,06/10/2023,Fall,2023,0,1373.509014,2
T85133,P00042,Travel Guide,Books,35.97940545,13,13/01/2017,Winter,2017,0,467.7322709,2
T94880,P00030,Digital Camera,Electronics,58.02300454,16,14/01/2023,Fall,2023,0,928.3680726,1
T49994,P00040,Children's Book,Books,72.01669007,8,11/01/2016,Winter,2016,0,576.1335206,4
T21595,P00056,Wireless Keyboard,Accessories,75.31579804,19,17/11/2015,Spring,2015,0,1431.000163,3
T97502,P00023,Flip-Flops,Footwear,258.1430998,14,23/12/2016,Winter,2016,20,2891.202718,2
T27323,P00032,Laptop Stand,Accessories,14.48644552,6,14/10/2018,Winter,2018,5,82.57273946,2
T42583,P00015,Laptop Stand,Accessories,61.53706981,19,22/04/2023,Fall,2023,0,1169.204326,1
T15295,P00059,Cutting Board,Home Decor,45.43348806,5,25/02/2023,Winter,2023,0,227.1674403,4
T57598,P00014,Hoodie,Clothing,174.5036798,6,03/06/2015,Fall,2015,0,1047.022079,2
T31274,P00011,Toaster Oven,Home Decor,42.78964463,7,17/10/2017,Summer,2017,5,284.5511368,1
T22363,P00015,Formal Suit,Clothing,153.7469137,15,19/07/2019,Winter,2019,0,2306.203706,3
T12810,P00040,Smartphone Case,Accessories,27.18728107,9,26/09/2017,Spring,2017,0,244.6855296,3
T86850,P00044,Flip-Flops,Footwear,129.9893456,6,17/04/2017,Spring,2017,10,701.9424662,3
T63911,P00050,Coffee Maker,Home Decor,75.11701211,15,13/07/2022,Spring,2022,0,1126.755182,4
T67745,P00032,E-Reader,Electronics,46.85690325,9,04/10/2023,Summer,2023,0,421.7121293,4
T67032,P00007,Formal Suit,Clothing,189.4571927,12,25/04/2019,Summer,2019,0,2273.486312,4
T85591,P00030,Running Shoes,Footwear,122.2417881,17,03/09/2016,Winter,2016,10,1870.299358,1
T98207,P00029,Raincoat,Clothing,191.0770094,19,03/09/2019,Spring,2019,0,3630.463179,2
T63517,P00015,Sweatpants,Clothing,178.6988958,16,26/01/2016,Summer,2016,0,2859.182333,4
T12402,P00058,Shorts,Clothing,90.77061683,19,15/07/2022,Spring,2022,0,1724.64172,3
T32620,P00040,Dish Drying Rack,Home Decor,94.96599843,4,28/08/2015,Winter,2015,20,303.891195,2
T59932,P00031,Dress Shoes,Footwear,294.6732844,17,17/01/2018,Fall,2018,0,5009.445835,4
T19230,P00053,Bluetooth Speaker,Electronics,48.86042447,13,19/12/2016,Summer,2016,5,603.4262422,2
T58356,P00008,Biography,Books,57.04238229,17,01/12/2018,Spring,2018,0,969.7204989,3
T27357,P00042,Monitor Arm,Electronics,40.01646919,17,07/06/2016,Fall,2016,20,544.223981,1
T79103,P00006,Formal Suit,Clothing,121.8439611,7,15/04/2020,Spring,2020,0,852.9077277,2
T87924,P00046,Fitness Tracker,Electronics,18.95249349,3,05/12/2021,Summer,2021,0,56.85748047,1
T40615,P00050,Toaster Oven,Home Decor,15.6040878,13,10/07/2023,Fall,2023,0,202.8531414,2
T89431,P00004,4K TV,Electronics,39.01768605,18,17/06/2015,Summer,2015,20,561.8546791,2
T89646,P00008,Fitness Tracker,Electronics,49.2231557,10,22/07/2021,Winter,2021,20,393.7852456,1
T75715,P00031,Running Shoes,Footwear,194.1290861,3,03/10/2023,Fall,2023,0,582.3872583,3
T66095,P00001,Smartphone Case,Accessories,52.54737529,6,15/03/2023,Winter,2023,0,315.2842517,1
T67450,P00006,Shorts,Clothing,48.72411969,2,21/12/2015,Spring,2015,0,97.44823938,3
T48097,P00041,Hiking Boots,Footwear,183.3754586,5,09/04/2020,Spring,2020,10,825.1895637,2
T63260,P00037,4K TV,Electronics,18.03576264,6,09/03/2021,Spring,2021,10,97.39311826,4
T70653,P00017,Hiking Boots,Footwear,137.3509014,19,21/03/2017,Winter,2017,0,2609.667127,4
T74860,P00012,Water Filter Pitcher,Home Decor,60.8937655,4,17/10/2018,Winter,2018,0,243.575062,3
T35287,P00028,Wi-Fi Router,Electronics,62.92932687,2,15/03/2023,Winter,2023,0,125.8586537,2
T52503,P00015,Flip-Flops,Footwear,205.6783431,4,03/07/2015,Summer,2015,0,822.7133724,3
T69056,P00001,Flip-Flops,Footwear,65.87532781,15,24/03/2016,Spring,2016,0,988.1299172,2
T87271,P00039,Smart Thermostat,Electronics,43.49416854,19,07/07/2019,Spring,2019,0,826.3892023,3
T63450,P00043,Mystery Novel,Books,71.23740771,13,16/07/2023,Spring,2023,0,926.0863002,1
T27290,P00052,Science Textbook,Books,33.84935121,7,20/01/2023,Winter,2023,20,189.5563668,3
T25863,P00028,Wireless Earbuds,Electronics,26.36399452,9,24/12/2020,Winter,2020,0,237.2759507,2
T77643,P00023,Sweatpants,Clothing,71.83981639,10,28/07/2015,Summer,2015,0,718.3981639,4
T59777,P00056,E-Reader,Electronics,59.30095014,14,24/02/2023,Summer,2023,20,664.1706416,4
T32391,P00013,Children's Book,Books,20.14147412,7,27/06/2019,Spring,2019,15,119.841771,1
T83914,P00007,Flip-Flops,Footwear,234.7581257,18,11/01/2023,Summer,2023,20,3380.51701,2
T34714,P00050,Bluetooth Speaker,Electronics,46.44572372,15,24/04/2015,Winter,2015,20,557.3486846,1
T23092,P00027,Cookbook,Books,48.669123,13,06/06/2015,Summer,2015,0,632.698599,2
T47089,P00006,Soundbar,Electronics,37.05866857,15,14/04/2016,Spring,2016,15,472.4980243,4
T65355,P00009,Self-Help Book,Books,70.90905445,10,16/10/2021,Spring,2021,15,602.7269628,1
T44600,P00001,Air Fryer,Home Decor,79.86025476,13,06/01/2015,Winter,2015,0,1038.183312,1
T60903,P00001,Bluetooth Speaker,Electronics,79.95605346,15,17/08/2015,Fall,2015,0,1199.340802,1
T61248,P00016,VR Headset,Electronics,86.81782988,1,01/09/2020,Spring,2020,0,86.81782988,3
T85312,P00058,Microwave Oven,Home Decor,35.45396304,17,09/02/2016,Fall,2016,0,602.7173717,1
T42813,P00002,LED Desk Lamp,Home Decor,61.02890492,11,03/02/2018,Fall,2018,0,671.3179541,1
T74591,P00026,HD Webcam,Accessories,13.67865797,6,23/11/2015,Fall,2015,5,77.96835043,2
T79180,P00032,Smart Thermostat,Electronics,77.98492696,9,24/08/2015,Winter,2015,0,701.8643426,2
T89305,P00001,Children's Book,Books,99.97253482,3,13/11/2023,Spring,2023,0,299.9176045,1
T77381,P00004,Hoodie,Clothing,124.2246029,11,27/04/2021,Fall,2021,20,1093.176506,2
T92799,P00036,External Hard Drive,Accessories,48.21506747,9,03/11/2015,Winter,2015,5,412.2388269,3
T30344,P00018,Dish Drying Rack,Home Decor,43.0639198,4,03/01/2019,Winter,2019,0,172.2556792,2
T18080,P00043,4K TV,Electronics,52.47415475,1,22/10/2015,Summer,2015,5,49.85044701,1
T48314,P00017,Cookbook,Books,30.05204837,11,13/09/2019,Fall,2019,0,330.5725321,3
T92824,P00026,HD Webcam,Accessories,13.67865797,3,07/01/2023,Winter,2023,0,41.03597391,3
T45057,P00050,Children's Book,Books,27.77070923,18,22/08/2020,Spring,2020,15,424.8918512,2
T84877,P00013,HD Webcam,Accessories,69.46669349,7,01/11/2015,Winter,2015,5,461.9535117,4
T19834,P00016,Travel Guide,Books,91.70509859,19,16/11/2019,Spring,2019,0,1742.396873,2
T14311,P00024,HD Webcam,Accessories,73.4524386,5,12/01/2016,Summer,2016,0,367.262193,4
T67395,P00014,Raincoat,Clothing,149.5271394,13,04/10/2021,Winter,2021,0,1943.852812,3
T45790,P00034,4K TV,Electronics,13.57897332,12,17/03/2018,Fall,2018,0,162.9476798,4
T33147,P00021,Children's Book,Books,26.38983361,19,28/10/2018,Summer,2018,0,501.4068386,1
T71918,P00060,Self-Help Book,Books,64.13411221,1,18/07/2022,Winter,2022,0,64.13411221,2
T88947,P00052,Dress Shoes,Footwear,131.4583682,5,03/03/2015,Winter,2015,15,558.6980648,1
T14482,P00046,Leather Loafers,Footwear,166.5547358,18,14/01/2018,Spring,2018,5,2848.085982,4
T22500,P00027,Cookbook,Books,49.35302553,4,23/09/2019,Summer,2019,5,187.541497,3
T32331,P00046,Wireless Earbuds,Electronics,58.59197792,11,24/06/2017,Summer,2017,15,547.8349936,3
T50077,P00017,Microwave Oven,Home Decor,91.69471209,17,14/03/2020,Winter,2020,15,1324.98859,1
T36016,P00006,Laptop Stand,Accessories,69.89613244,12,17/06/2015,Spring,2015,5,796.8159098,3
T63836,P00041,Wireless Keyboard,Accessories,69.49211891,10,13/01/2023,Winter,2023,0,694.9211891,3
T53744,P00059,Biography,Books,99.05875814,17,02/04/2016,Summer,2016,0,1683.998888,1
T16806,P00048,Soundbar,Electronics,20.7849202,7,28/03/2022,Spring,2022,0,145.4944414,1
T68830,P00023,HD Webcam,Accessories,35.27370732,1,07/05/2022,Fall,2022,15,29.98265122,1
T21136,P00004,Cutting Board,Home Decor,83.40589277,5,01/05/2016,Spring,2016,10,375.3265175,2
T69052,P00047,Biography,Books,66.19544168,1,01/10/2020,Fall,2020,0,66.19544168,1
T78226,P00034,Digital Camera,Electronics,64.94703002,10,20/02/2021,Spring,2021,0,649.4703002,1
T67730,P00044,Air Fryer,Home Decor,10.55261464,16,19/10/2023,Spring,2023,10,151.9576508,1
T33572,P00056,Casual Sneakers,Footwear,39.82592619,9,24/02/2015,Summer,2015,5,340.5116689,4
T47030,P00058,Microwave Oven,Home Decor,35.45396304,1,11/06/2023,Fall,2023,15,30.13586858,1
T95481,P00057,Laptop Stand,Accessories,64.05657989,1,25/09/2019,Spring,2019,0,64.05657989,4
T53094,P00010,Bluetooth Speaker,Electronics,95.17625425,6,28/01/2020,Fall,2020,20,456.8460204,3
T23280,P00045,Sweatpants,Clothing,59.0347692,17,08/04/2022,Winter,2022,5,953.4115226,1
T30256,P00030,Microwave Oven,Home Decor,13.60995824,14,26/06/2018,Fall,2018,5,181.0124446,3
T45157,P00028,Flip-Flops,Footwear,47.89949236,8,11/12/2021,Spring,2021,0,383.1959389,4
T86095,P00005,Coffee Maker,Home Decor,26.29561176,14,24/04/2018,Fall,2018,10,331.3247082,4
T21179,P00058,Raincoat,Clothing,50.61564911,9,22/05/2017,Summer,2017,5,432.7637999,1
T86292,P00028,Wireless Earbuds,Electronics,35.78913259,1,01/11/2016,Winter,2016,0,35.78913259,3
T10386,P00010,Smart Thermostat,Electronics,39.27027705,1,18/01/2016,Winter,2016,20,31.41622164,4
T66414,P00053,Dish Drying Rack,Home Decor,98.99231727,8,05/10/2023,Spring,2023,0,791.9385382,1
T22109,P00028,Wireless Keyboard,Accessories,82.06874079,16,07/09/2016,Summer,2016,10,1181.789867,2
T27040,P00033,Shorts,Clothing,181.4074785,16,06/09/2019,Fall,2019,0,2902.519656,4
T39048,P00053,HD Webcam,Accessories,44.47394316,5,24/08/2023,Summer,2023,0,222.3697158,3
T50794,P00019,Formal Suit,Clothing,32.06785482,9,09/12/2022,Winter,2022,0,288.6106934,3
T32257,P00007,Science Textbook,Books,21.93274868,14,02/08/2015,Spring,2015,20,245.6467852,3
T32113,P00022,Laptop Stand,Accessories,50.54986433,10,22/11/2021,Fall,2021,0,505.4986433,1
T68847,P00023,E-Reader,Electronics,63.58045665,4,17/06/2019,Fall,2019,0,254.3218266,2
T81939,P00026,Fiction Novel,Books,15.97677795,8,13/11/2020,Winter,2020,10,115.0328012,4
T87061,P00001,Bluetooth Speaker,Electronics,70.58267174,5,07/11/2023,Spring,2023,0,352.9133587,1
T95279,P00052,Flip-Flops,Footwear,198.9012913,10,02/05/2017,Summer,2017,15,1690.660976,1
T78684,P00029,LED Desk Lamp,Home Decor,81.3802939,4,18/11/2022,Summer,2022,0,325.5211756,1
T17399,P00004,Dress Shoes,Footwear,31.66211216,3,03/08/2021,Summer,2021,0,94.98633648,3
T60624,P00056,Casual Sneakers,Footwear,44.64260285,11,11/02/2021,Spring,2021,0,491.0686314,4
T57850,P00001,Shorts,Clothing,112.4515567,4,03/03/2023,Winter,2023,0,449.8062268,1
T34154,P00053,Denim Jeans,Clothing,49.91063987,13,20/01/2018,Winter,2018,20,519.0706546,2
T74094,P00001,External Hard Drive,Accessories,69.40270996,19,07/04/2022,Fall,2022,0,1318.651489,2
T83545,P00059,Water Filter Pitcher,Home Decor,37.05074966,14,13/05/2023,Spring,2023,0,518.7104952,2
T95836,P00051,Hiking Boots,Footwear,202.4486855,6,27/07/2019,Winter,2019,20,971.7536904,1
T74182,P00037,Mystery Novel,Books,30.09064527,16,08/01/2017,Fall,2017,20,385.1602595,2
T11160,P00010,Laptop Stand,Accessories,96.98179936,8,28/11/2017,Summer,2017,0,775.8543949,4
T24123,P00042,Flip-Flops,Footwear,280.0360108,19,21/06/2016,Spring,2016,5,5054.649995,4
T11212,P00028,Winter Jacket,Clothing,119.7564106,9,18/03/2022,Fall,2022,0,1077.807695,4
T20715,P00042,USB Flash Drive,Accessories,83.85940355,12,25/04/2015,Winter,2015,5,955.9972005,3
T83391,P00050,Casual Sneakers,Footwear,295.4520597,6,18/09/2020,Fall,2020,0,1772.712358,3
T25926,P00006,External Hard Drive,Accessories,19.35439863,7,28/11/2021,Fall,2021,5,128.7067509,2
T48562,P00010,Mystery Novel,Books,31.91918913,1,22/06/2021,Winter,2021,0,31.91918913,2
T51787,P00032,Biography,Books,51.75524708,13,13/03/2021,Spring,2021,20,538.2545696,4
T39204,P00020,Cutting Board,Home Decor,36.59233086,19,14/07/2022,Winter,2022,15,590.9661434,1
T67320,P00004,Dress Shoes,Footwear,31.66211216,4,01/12/2017,Summer,2017,5,120.3160262,4
T30478,P00027,Cookbook,Books,48.669123,12,25/07/2020,Winter,2020,0,584.029476,4
T97710,P00018,Hiking Boots,Footwear,94.62994252,13,10/09/2019,Winter,2019,0,1230.189253,1
T50818,P00020,Wireless Keyboard,Accessories,23.66977618,3,27/12/2016,Summer,2016,0,71.00932854,1
T23418,P00031,Hiking Boots,Footwear,89.6517067,5,25/01/2016,Spring,2016,0,448.2585335,1
T28402,P00024,T-Shirt,Clothing,139.3646208,7,02/01/2016,Spring,2016,10,877.997111,1
T68481,P00030,Microwave Oven,Home Decor,70.28487571,4,12/11/2017,Fall,2017,0,281.1395028,4
T86095,P00024,Shorts,Clothing,160.9186536,15,21/06/2020,Winter,2020,0,2413.779804,2
T92636,P00046,Denim Jeans,Clothing,100.7807539,13,26/03/2023,Spring,2023,0,1310.149801,4
T17634,P00057,Blender,Home Decor,98.76966891,9,10/09/2018,Fall,2018,0,888.9270202,4
T55647,P00034,External Hard Drive,Accessories,88.45380198,11,09/08/2021,Spring,2021,0,972.9918218,3
T17025,P00036,Digital Camera,Electronics,79.41314979,6,25/12/2022,Fall,2022,0,476.4788987,2
T46135,P00009,Fiction Novel,Books,52.20420156,18,07/09/2018,Summer,2018,15,798.7242839,3
T79002,P00042,Dish Drying Rack,Home Decor,44.50244672,4,16/02/2016,Spring,2016,0,178.0097869,2
T19422,P00014,Casual Sneakers,Footwear,59.62177227,3,28/08/2015,Spring,2015,0,178.8653168,3
T64555,P00052,Mechanical Keyboard,Electronics,10.12795048,3,27/09/2015,Spring,2015,0,30.38385144,3
T18524,P00012,Smartphone Case,Accessories,41.0446094,10,03/04/2019,Summer,2019,0,410.446094,3
T58591,P00024,HD Webcam,Accessories,56.86893839,16,24/03/2015,Summer,2015,10,818.9127128,4
T96576,P00010,Portable Fan,Home Decor,70.36262145,3,11/06/2022,Summer,2022,0,211.0878644,1
T52464,P00052,Digital Camera,Electronics,80.96016347,13,23/10/2023,Fall,2023,0,1052.482125,2
T27140,P00031,Running Shoes,Footwear,194.1290861,19,23/04/2020,Summer,2020,0,3688.452636,1
T43440,P00016,USB Flash Drive,Accessories,37.57675554,13,23/05/2018,Summer,2018,20,390.7982576,2
T70520,P00058,Bluetooth Speaker,Electronics,51.99812207,16,15/06/2017,Fall,2017,0,831.9699531,2
T93346,P00042,Dish Drying Rack,Home Decor,44.50244672,13,12/08/2015,Spring,2015,5,549.605217,2
T35218,P00059,Running Shoes,Footwear,32.3737944,7,19/04/2016,Summer,2016,0,226.6165608,4
T72999,P00027,Blender,Home Decor,37.43750717,11,07/12/2016,Summer,2016,0,411.8125789,4
T29996,P00038,Hiking Boots,Footwear,69.09734579,5,12/04/2021,Spring,2021,0,345.486729,2
T17548,P00008,Science Textbook,Books,40.64199334,3,19/11/2019,Summer,2019,20,97.54078402,3
T63444,P00041,Running Shoes,Footwear,275.7890464,9,21/09/2023,Summer,2023,10,2233.891276,2
T72901,P00008,Science Textbook,Books,77.89193133,13,10/04/2022,Summer,2022,10,911.3355966,1
T79506,P00002,Travel Guide,Books,36.01911285,12,21/06/2023,Spring,2023,5,410.6178865,1
T40346,P00004,4K TV,Electronics,39.01768605,18,25/07/2018,Spring,2018,0,702.3183489,2
T43690,P00001,Denim Jeans,Clothing,135.0826256,16,23/09/2022,Spring,2022,15,1837.123708,4
T64471,P00059,Blender,Home Decor,55.42646952,13,17/04/2023,Fall,2023,0,720.5441038,2
T76920,P00060,Fiction Novel,Books,30.27958537,3,10/10/2019,Spring,2019,0,90.83875611,1
T38523,P00028,Formal Suit,Clothing,184.374419,8,05/02/2017,Summer,2017,15,1253.746049,4
T23833,P00043,Water Filter Pitcher,Home Decor,74.89452264,14,21/09/2023,Fall,2023,10,943.6709853,3
T81200,P00040,Formal Suit,Clothing,179.5411147,18,01/01/2021,Summer,2021,15,2746.979055,4
T26978,P00053,HD Webcam,Accessories,96.99603491,8,01/03/2019,Spring,2019,10,698.3714514,1
T52459,P00049,Hiking Boots,Footwear,73.07217079,8,06/03/2015,Winter,2015,0,584.5773663,2
T78580,P00033,LED Desk Lamp,Home Decor,49.27472875,4,20/04/2021,Summer,2021,20,157.679132,1
T80393,P00017,Science Textbook,Books,63.86928562,7,27/02/2023,Winter,2023,0,447.0849993,4
T95973,P00046,Gaming Mouse,Accessories,36.10877021,2,26/01/2016,Summer,2016,5,68.6066634,1
T11750,P00032,Air Fryer,Home Decor,28.96902394,10,15/12/2016,Winter,2016,0,289.6902394,1
T23406,P00034,Wi-Fi Router,Electronics,36.598889,4,16/09/2018,Winter,2018,5,139.0757782,3
T27669,P00033,LED Desk Lamp,Home Decor,16.93290233,13,22/06/2018,Spring,2018,0,220.1277303,1
T50768,P00011,Cutting Board,Home Decor,91.45896591,10,20/03/2022,Spring,2022,0,914.5896591,3
T80649,P00015,T-Shirt,Clothing,63.68488215,4,11/08/2023,Spring,2023,20,203.7916229,3
T88250,P00019,External Hard Drive,Accessories,40.37550206,18,21/10/2016,Fall,2016,0,726.7590371,2
T87711,P00001,Raincoat,Clothing,59.0182437,19,04/06/2015,Winter,2015,10,1009.211967,4
T32462,P00052,USB Flash Drive,Accessories,96.13506668,11,21/07/2016,Fall,2016,20,845.9885868,1
T89364,P00045,Smart Thermostat,Electronics,20.70780935,2,19/04/2023,Spring,2023,10,37.27405683,2
T22380,P00001,Mechanical Keyboard,Electronics,80.36681855,5,22/04/2019,Winter,2019,0,401.8340928,1
T65162,P00039,Cordless Vacuum,Home Decor,95.29276497,17,06/10/2017,Spring,2017,10,1457.979304,3
T42543,P00003,Digital Camera,Electronics,31.74741533,18,19/11/2023,Fall,2023,15,485.7354545,3
T44157,P00033,HD Webcam,Accessories,37.57152774,10,03/04/2017,Spring,2017,15,319.3579858,3
T18245,P00003,Air Fryer,Home Decor,21.21505088,17,02/03/2019,Summer,2019,0,360.655865,2
T82594,P00058,Soundbar,Electronics,25.70194159,4,01/11/2017,Spring,2017,5,97.66737804,4
T59492,P00031,Hoodie,Clothing,98.28957723,6,25/12/2021,Winter,2021,20,471.7899707,3
T93211,P00002,T-Shirt,Clothing,169.9167459,11,25/07/2023,Winter,2023,0,1869.084205,2
T35905,P00040,Sweatpants,Clothing,22.02285178,10,26/01/2021,Spring,2021,0,220.2285178,1
T99303,P00055,Soundbar,Electronics,93.84429903,8,16/06/2015,Winter,2015,5,713.2166726,4
T59892,P00006,Travel Guide,Books,72.3170763,1,03/11/2020,Winter,2020,20,57.85366104,2
T83527,P00026,Electric Kettle,Home Decor,63.1122181,2,25/01/2015,Fall,2015,15,107.2907708,4
T59044,P00002,Wireless Keyboard,Accessories,74.08316249,16,26/04/2015,Summer,2015,5,1126.06407,4
T84466,P00056,Monitor Arm,Electronics,48.2475136,13,07/02/2020,Winter,2020,15,533.1350253,2
T16908,P00045,Laptop Stand,Accessories,68.03630899,15,06/11/2020,Summer,2020,0,1020.544635,1
T34561,P00006,Soundbar,Electronics,78.95553304,4,05/11/2019,Summer,2019,0,315.8221322,1
T96914,P00034,Wi-Fi Router,Electronics,36.598889,13,02/08/2022,Summer,2022,0,475.785557,1
T74303,P00019,Cutting Board,Home Decor,56.04968776,18,20/03/2017,Fall,2017,0,1008.89438,1
T20686,P00016,Digital Camera,Electronics,19.49044908,12,21/08/2023,Fall,2023,0,233.885389,3
T39877,P00021,Science Textbook,Books,79.4738901,5,20/12/2021,Summer,2021,5,377.500978,4
T78232,P00005,Mystery Novel,Books,28.31981106,4,09/10/2021,Summer,2021,10,101.9513198,4
T25858,P00037,Smart Thermostat,Electronics,95.47838152,16,07/09/2022,Spring,2022,10,1374.888694,2
T10036,P00051,Microwave Oven,Home Decor,34.95645072,18,20/10/2019,Fall,2019,10,566.2945017,1
T75129,P00047,Smart Thermostat,Electronics,95.6014329,2,22/08/2017,Winter,2017,0,191.2028658,3
T52770,P00044,Children's Book,Books,96.0579883,1,12/05/2020,Spring,2020,0,96.0579883,3
T71762,P00060,Water Filter Pitcher,Home Decor,83.31208534,10,23/03/2017,Spring,2017,20,666.4966827,1
T95464,P00044,Laptop Stand,Accessories,22.32770509,12,23/03/2021,Fall,2021,0,267.9324611,3
T38084,P00041,Hiking Boots,Footwear,183.3754586,14,09/08/2022,Winter,2022,10,2310.530778,3
T74068,P00009,Winter Jacket,Clothing,128.2847208,4,21/12/2022,Summer,2022,20,410.5111066,2
T53225,P00053,T-Shirt,Clothing,109.4290313,11,08/04/2016,Winter,2016,0,1203.719344,1
T92027,P00033,Self-Help Book,Books,98.76427726,1,21/10/2021,Summer,2021,10,88.88784953,2
T91481,P00056,Running Shoes,Footwear,228.7984878,14,21/12/2016,Fall,2016,20,2562.543063,1
T93397,P00033,Science Textbook,Books,28.42235466,19,06/12/2015,Winter,2015,0,540.0247385,1
T12260,P00001,HD Webcam,Accessories,77.94715196,16,24/09/2023,Spring,2023,0,1247.154431,1
T97616,P00047,Mechanical Keyboard,Electronics,71.18873328,17,28/09/2020,Spring,2020,5,1149.698042,3
T86695,P00028,Formal Suit,Clothing,184.374419,18,03/02/2023,Spring,2023,0,3318.739542,3
T95013,P00003,LED Desk Lamp,Home Decor,11.277127,12,23/03/2022,Summer,2022,15,115.0266954,4
T39714,P00030,USB Flash Drive,Accessories,26.31816571,14,19/12/2023,Spring,2023,5,350.0316039,4
T36844,P00023,Children's Book,Books,30.8275384,16,09/03/2018,Spring,2018,10,443.916553,4
T65309,P00029,Running Shoes,Footwear,99.30630991,10,22/05/2019,Winter,2019,15,844.1036342,2
T79157,P00035,Sweatpants,Clothing,59.96562651,5,07/06/2018,Summer,2018,0,299.8281326,4
T72771,P00020,Leather Loafers,Footwear,62.20779486,3,15/12/2017,Fall,2017,0,186.6233846,2
T56733,P00039,Wireless Earbuds,Electronics,67.01758455,9,16/11/2022,Winter,2022,0,603.158261,4
T45999,P00038,HD Webcam,Accessories,21.13552794,4,26/11/2020,Summer,2020,0,84.54211176,1
T82219,P00012,Air Fryer,Home Decor,65.12678518,8,21/11/2020,Fall,2020,0,521.0142814,4
T37180,P00019,Self-Help Book,Books,35.73646115,15,27/04/2017,Summer,2017,0,536.0469173,1
T91614,P00029,Biography,Books,86.26080932,14,16/08/2015,Spring,2015,0,1207.65133,3
T50761,P00034,Digital Camera,Electronics,64.94703002,9,13/07/2017,Summer,2017,20,467.6186161,1
T45367,P00044,Formal Suit,Clothing,179.4199929,8,16/01/2022,Winter,2022,10,1291.823949,3
T26498,P00038,Flip-Flops,Footwear,196.9189468,7,14/07/2020,Summer,2020,0,1378.432628,4
T50639,P00007,Running Shoes,Footwear,150.75651,18,12/01/2021,Fall,2021,0,2713.61718,1
T42844,P00020,Sweatpants,Clothing,171.6888102,7,26/01/2020,Spring,2020,20,961.4573371,1
T77021,P00033,Self-Help Book,Books,64.98267198,5,12/11/2018,Winter,2018,0,324.9133599,1
T26360,P00020,Fitness Tracker,Electronics,51.58196056,4,02/04/2015,Winter,2015,0,206.3278422,3
T60949,P00006,VR Headset,Electronics,54.9355061,10,16/06/2017,Summer,2017,5,521.8873079,3
T78535,P00010,Fitness Tracker,Electronics,57.41127189,17,28/05/2015,Spring,2015,0,975.9916221,3
T88946,P00026,HD Webcam,Accessories,13.67865797,16,12/05/2021,Winter,2021,0,218.8585275,2
T65279,P00005,Gaming Mouse,Accessories,67.84233206,5,12/03/2019,Spring,2019,0,339.2116603,2
T16050,P00028,Wireless Earbuds,Electronics,35.78913259,8,04/11/2023,Summer,2023,20,229.0504486,1
T97363,P00048,Smartphone Case,Accessories,77.38417873,10,25/05/2023,Winter,2023,0,773.8417873,2
T13869,P00041,Portable Fan,Home Decor,34.62682535,1,12/02/2018,Winter,2018,0,34.62682535,2
T48108,P00018,Sweatpants,Clothing,22.21304267,16,06/04/2021,Spring,2021,15,302.0973803,3
T82254,P00034,Water Filter Pitcher,Home Decor,70.79655879,14,15/05/2015,Fall,2015,20,792.9214584,3
T98938,P00008,Microwave Oven,Home Decor,19.67602718,9,21/09/2021,Fall,2021,5,168.2300324,4
T33259,P00007,Gaming Mouse,Accessories,43.35967611,5,04/10/2019,Summer,2019,0,216.7983806,1
T36309,P00044,Mechanical Keyboard,Electronics,23.7776337,2,04/06/2023,Spring,2023,0,47.5552674,1
T75424,P00029,Formal Suit,Clothing,139.9026426,9,03/03/2016,Summer,2016,0,1259.123783,1
T96274,P00037,Toaster Oven,Home Decor,21.81613547,9,02/07/2021,Summer,2021,10,176.7106973,3
T61364,P00007,Raincoat,Clothing,94.69431736,13,04/06/2017,Summer,2017,10,1107.923513,3
T58542,P00029,4K TV,Electronics,22.48641201,1,22/01/2023,Spring,2023,5,21.36209141,1
T96120,P00047,Biography,Books,57.29893628,12,08/10/2021,Spring,2021,0,687.5872354,3
T60945,P00021,Formal Suit,Clothing,182.500196,9,20/10/2023,Winter,2023,0,1642.501764,1
T46923,P00008,Cutting Board,Home Decor,33.00793044,15,12/06/2022,Winter,2022,5,470.3630088,1
T84716,P00042,Gaming Mouse,Accessories,81.90120833,18,19/03/2023,Spring,2023,0,1474.22175,4
T37301,P00051,Hoodie,Clothing,26.87549335,15,19/08/2021,Winter,2021,0,403.1324003,1
T59262,P00020,Mystery Novel,Books,53.08479096,19,03/11/2017,Summer,2017,0,1008.611028,3
T15239,P00025,Children's Book,Books,48.78779723,13,04/05/2022,Winter,2022,0,634.241364,2
T28105,P00032,LED Desk Lamp,Home Decor,49.08337842,12,28/01/2021,Fall,2021,5,559.550514,3
T97695,P00020,Running Shoes,Footwear,69.86030257,4,25/02/2016,Summer,2016,0,279.4412103,2
T14359,P00002,Soundbar,Electronics,10.42831361,6,19/03/2016,Winter,2016,0,62.56988166,4
T42009,P00015,USB Flash Drive,Accessories,34.49395136,18,15/06/2017,Fall,2017,15,527.7574558,2
T56665,P00048,LED Desk Lamp,Home Decor,21.95170435,3,02/07/2018,Fall,2018,0,65.85511305,3
T76446,P00049,Dish Drying Rack,Home Decor,44.78582335,13,23/05/2017,Summer,2017,15,494.883348,4
T92020,P00010,Mechanical Keyboard,Electronics,22.21637781,19,28/02/2020,Spring,2020,0,422.1111784,3
T76554,P00055,E-Reader,Electronics,40.33781568,10,12/01/2016,Fall,2016,5,383.209249,2
T39410,P00019,Toaster Oven,Home Decor,22.41758198,3,26/01/2020,Fall,2020,0,67.25274594,4
T11626,P00032,Laptop Stand,Accessories,74.66034936,6,22/10/2023,Spring,2023,0,447.9620962,4
T19465,P00011,Wireless Keyboard,Accessories,46.93015596,5,08/11/2020,Fall,2020,15,199.4531628,2
T43276,P00023,Denim Jeans,Clothing,15.51696101,19,10/03/2019,Winter,2019,15,250.5989203,4
T80507,P00059,Water Filter Pitcher,Home Decor,26.0990865,17,04/09/2019,Spring,2019,5,421.500247,3
T30927,P00057,HD Webcam,Accessories,67.23074055,11,17/09/2017,Fall,2017,0,739.538146,2
T63767,P00058,Dish Drying Rack,Home Decor,74.14089081,14,07/09/2022,Winter,2022,0,1037.972471,3
T35714,P00003,Mechanical Keyboard,Electronics,49.92314197,14,03/12/2019,Spring,2019,0,698.9239876,1
T55028,P00027,Hiking Boots,Footwear,209.3533754,3,04/04/2023,Winter,2023,0,628.0601262,3
T35557,P00006,Wireless Keyboard,Accessories,50.78566261,4,03/10/2020,Summer,2020,0,203.1426504,1
T72028,P00022,Denim Jeans,Clothing,184.930332,11,28/05/2021,Winter,2021,15,1729.098604,1
T31183,P00009,Raincoat,Clothing,144.9391419,7,15/01/2023,Spring,2023,0,1014.573993,4
T11245,P00052,Smart Thermostat,Electronics,18.34694156,8,14/09/2019,Summer,2019,10,132.0979792,2
T11652,P00051,LED Desk Lamp,Home Decor,14.66209301,13,21/10/2018,Summer,2018,0,190.6072091,4
T88047,P00044,Formal Suit,Clothing,179.4199929,5,26/03/2019,Fall,2019,20,717.6799716,2
T58348,P00034,Formal Suit,Clothing,179.8008023,2,16/04/2018,Spring,2018,0,359.6016046,1
T85863,P00039,Soundbar,Electronics,70.10937447,7,12/06/2022,Spring,2022,20,392.612497,4
T31071,P00025,Formal Suit,Clothing,75.37683832,2,08/09/2019,Winter,2019,0,150.7536766,3
T57042,P00014,Mystery Novel,Books,65.12875961,15,12/01/2015,Fall,2015,0,976.9313942,4
T25141,P00050,LED Desk Lamp,Home Decor,54.44252446,16,06/06/2022,Summer,2022,20,696.8643131,2
T12365,P00017,Dish Drying Rack,Home Decor,18.45278715,19,01/08/2020,Summer,2020,0,350.6029559,2
T54387,P00001,Dress Shoes,Footwear,253.6165705,17,08/05/2021,Winter,2021,0,4311.481699,2
T24456,P00048,Wireless Earbuds,Electronics,89.29087023,18,04/02/2023,Spring,2023,0,1607.235664,2
T81725,P00008,HD Webcam,Accessories,15.97386278,13,22/01/2019,Winter,2019,0,207.6602161,4
T80375,P00052,Shorts,Clothing,166.5209239,14,28/03/2019,Summer,2019,5,2214.728288,3
T34578,P00051,Formal Suit,Clothing,96.11664311,11,14/12/2020,Summer,2020,5,1004.41892,4
T80202,P00029,Dress Shoes,Footwear,124.8735377,13,03/02/2021,Spring,2021,0,1623.35599,1
T53563,P00051,Dress Shoes,Footwear,240.1240714,1,25/10/2015,Summer,2015,20,192.0992571,4
T36819,P00050,Formal Suit,Clothing,41.95547171,12,06/06/2022,Fall,2022,0,503.4656605,4
T25008,P00033,Leather Loafers,Footwear,135.0947425,9,07/12/2022,Fall,2022,0,1215.852683,2
T32099,P00006,Shorts,Clothing,125.6008088,2,12/07/2019,Summer,2019,20,200.9612941,4
T86215,P00026,Science Textbook,Books,91.99191689,8,14/11/2017,Spring,2017,0,735.9353351,2
T17919,P00043,Smartphone Case,Accessories,25.51023509,12,25/01/2022,Summer,2022,0,306.1228211,4
T22941,P00053,Denim Jeans,Clothing,86.58381509,6,16/09/2019,Spring,2019,10,467.5526015,3
T16021,P00046,Biography,Books,29.16464738,11,28/07/2023,Fall,2023,0,320.8111212,3
T17904,P00033,Hoodie,Clothing,118.9415793,8,20/02/2020,Fall,2020,0,951.5326344,4
T72636,P00016,Hoodie,Clothing,100.8662326,3,25/12/2018,Summer,2018,0,302.5986978,4
T46303,P00016,Blender,Home Decor,86.52779286,13,05/06/2017,Fall,2017,0,1124.861307,1
T17145,P00017,Cookbook,Books,30.05204837,10,02/04/2019,Fall,2019,0,300.5204837,2
T95669,P00029,Casual Sneakers,Footwear,119.393665,17,26/11/2023,Summer,2023,0,2029.692305,4
T32485,P00047,Portable Fan,Home Decor,20.92097412,1,20/06/2015,Fall,2015,0,20.92097412,4
T93529,P00021,Wireless Keyboard,Accessories,24.66750389,13,28/08/2021,Winter,2021,10,288.6097955,4
T15695,P00033,Smart Thermostat,Electronics,86.70740737,17,18/12/2017,Winter,2017,0,1474.025925,3
T16764,P00001,Dish Drying Rack,Home Decor,17.59469932,16,28/07/2018,Winter,2018,0,281.5151891,1
T28800,P00034,LED Desk Lamp,Home Decor,53.21864869,5,26/04/2022,Fall,2022,0,266.0932435,1
T39764,P00042,Toaster Oven,Home Decor,42.69312436,17,16/01/2020,Winter,2020,0,725.7831141,3
T27861,P00050,Monitor Arm,Electronics,42.61299237,19,25/01/2022,Winter,2022,0,809.646855,2
T39782,P00021,Hoodie,Clothing,182.0647431,10,23/03/2015,Summer,2015,0,1820.647431,4
T60438,P00018,Shorts,Clothing,77.64051054,2,27/10/2017,Spring,2017,0,155.2810211,2
T74236,P00052,Leather Loafers,Footwear,184.4712895,19,20/02/2021,Fall,2021,15,2979.211325,2
T98989,P00060,Leather Loafers,Footwear,236.640909,13,22/01/2020,Winter,2020,5,2922.515226,4
T40164,P00027,Air Fryer,Home Decor,87.86717318,12,16/02/2016,Spring,2016,5,1001.685774,2
T68097,P00030,Microwave Oven,Home Decor,70.28487571,8,02/10/2018,Summer,2018,15,477.9371548,3
T48294,P00034,Portable Fan,Home Decor,95.82994514,17,15/07/2022,Fall,2022,0,1629.109067,2
T28907,P00051,Formal Suit,Clothing,96.11664311,15,07/03/2021,Fall,2021,15,1225.4872,3
T78602,P00023,Toaster Oven,Home Decor,29.24093143,2,06/07/2022,Fall,2022,0,58.48186286,3
T94631,P00032,Running Shoes,Footwear,209.1044972,5,27/01/2016,Summer,2016,0,1045.522486,4
T65665,P00020,Running Shoes,Footwear,89.45687056,13,25/01/2021,Fall,2021,0,1162.939317,1
T58791,P00044,Cutting Board,Home Decor,15.77420757,5,13/09/2019,Summer,2019,15,67.04038217,1
T32488,P00013,Cookbook,Books,93.30972187,10,22/05/2016,Summer,2016,10,839.7874968,1
T58478,P00059,Science Textbook,Books,70.18440158,4,23/11/2023,Spring,2023,10,252.6638457,4
T62800,P00019,Hiking Boots,Footwear,104.4622305,6,23/10/2021,Fall,2021,0,626.773383,1
T29394,P00032,Hoodie,Clothing,177.2507092,18,13/09/2019,Summer,2019,0,3190.512766,3
T13691,P00051,Hiking Boots,Footwear,202.4486855,12,16/11/2015,Fall,2015,20,1943.507381,3
T15487,P00046,Fitness Tracker,Electronics,18.95249349,1,13/07/2015,Summer,2015,15,16.10961947,2
T21158,P00052,Smart Thermostat,Electronics,18.34694156,17,20/07/2022,Winter,2022,0,311.8980065,4
T60460,P00001,Science Textbook,Books,86.37190367,1,14/10/2018,Summer,2018,10,77.7347133,2
T59684,P00038,External Hard Drive,Accessories,98.19741606,10,28/08/2016,Winter,2016,0,981.9741606,2
T99062,P00004,Biography,Books,51.32794451,9,08/03/2020,Spring,2020,0,461.9515006,2
T69004,P00036,Denim Jeans,Clothing,124.8585267,1,20/10/2016,Fall,2016,5,118.6156004,3
T30754,P00014,Fitness Tracker,Electronics,77.55852327,5,17/09/2019,Spring,2019,0,387.7926164,2
T70522,P00057,Toaster Oven,Home Decor,30.75836268,3,28/01/2022,Winter,2022,15,78.43382483,3
T64333,P00043,External Hard Drive,Accessories,61.53538529,7,04/05/2015,Fall,2015,0,430.747697,4
T79767,P00053,Smartwatch,Electronics,31.49668318,5,03/04/2019,Summer,2019,0,157.4834159,4
T52017,P00024,HD Webcam,Accessories,92.17311743,9,09/01/2017,Winter,2017,0,829.5580569,4
T16655,P00049,Cookbook,Books,15.98381227,5,13/03/2022,Winter,2022,0,79.91906135,1
T71687,P00030,T-Shirt,Clothing,67.83794911,10,20/04/2018,Spring,2018,15,576.6225674,2
T86579,P00030,Laptop Stand,Accessories,42.41258795,1,14/03/2018,Summer,2018,0,42.41258795,3
T35362,P00035,4K TV,Electronics,20.47062009,14,21/01/2017,Spring,2017,0,286.5886813,2
T93402,P00028,Raincoat,Clothing,55.51457618,9,10/05/2020,Fall,2020,10,449.6680671,3
T67771,P00033,USB Flash Drive,Accessories,58.04305428,19,03/08/2020,Spring,2020,0,1102.818031,1
T66234,P00005,Dish Drying Rack,Home Decor,38.61666351,13,01/04/2017,Spring,2017,0,502.0166256,3
T79715,P00011,Cutting Board,Home Decor,55.50216866,9,27/12/2020,Summer,2020,0,499.5195179,3
T76202,P00023,Wireless Keyboard,Accessories,56.2307313,6,08/11/2022,Fall,2022,5,320.5151684,4
T42926,P00027,Toaster Oven,Home Decor,63.31955051,15,03/06/2016,Winter,2016,10,854.8139319,2
T34686,P00020,Microwave Oven,Home Decor,77.42696671,8,14/05/2019,Summer,2019,0,619.4157337,3
T38133,P00056,Casual Sneakers,Footwear,44.64260285,6,20/10/2017,Winter,2017,0,267.8556171,4
T32191,P00011,Blender,Home Decor,38.3052228,16,15/10/2017,Summer,2017,10,551.5952083,3
T59997,P00052,Science Textbook,Books,33.84935121,5,08/10/2016,Fall,2016,10,152.3220804,3
T79445,P00055,Science Textbook,Books,45.53043152,4,04/09/2022,Winter,2022,5,173.0156398,3
T57671,P00014,Water Filter Pitcher,Home Decor,48.3088103,4,09/10/2023,Fall,2023,5,183.5734791,4
T75020,P00021,Formal Suit,Clothing,53.72940145,16,21/01/2016,Winter,2016,20,687.7363386,1
T67492,P00045,Smart Thermostat,Electronics,38.40522634,12,16/03/2020,Fall,2020,0,460.8627161,1
T29748,P00032,Biography,Books,51.75524708,17,22/12/2016,Fall,2016,0,879.8392004,4
T31946,P00023,HD Webcam,Accessories,35.27370732,11,10/09/2015,Winter,2015,15,329.8091634,4
T51552,P00019,Shorts,Clothing,102.183139,16,27/02/2018,Spring,2018,5,1553.183713,3
T36926,P00038,Dress Shoes,Footwear,100.6600376,14,18/07/2017,Summer,2017,20,1127.392421,3
T13188,P00052,Leather Loafers,Footwear,184.4712895,5,27/11/2015,Fall,2015,0,922.3564475,4
T67944,P00003,Blender,Home Decor,22.03941406,11,14/06/2016,Winter,2016,5,230.3118769,3
T60304,P00021,Wireless Keyboard,Accessories,23.27235444,16,26/03/2022,Fall,2022,20,297.8861368,4
T83598,P00032,Hiking Boots,Footwear,228.8959868,19,16/06/2019,Spring,2019,0,4349.023749,4
T19114,P00042,Flip-Flops,Footwear,280.0360108,12,09/10/2019,Spring,2019,0,3360.43213,1
T28996,P00059,Leather Loafers,Footwear,154.9099914,19,21/06/2023,Spring,2023,15,2501.796361,2
T85726,P00047,Dress Shoes,Footwear,231.9748135,15,10/08/2021,Fall,2021,0,3479.622203,4
T83414,P00020,Microwave Oven,Home Decor,77.42696671,19,17/04/2016,Summer,2016,0,1471.112367,3
T56022,P00035,Raincoat,Clothing,166.3508212,16,08/07/2018,Spring,2018,0,2661.613139,2
T46355,P00042,Monitor Arm,Electronics,40.01646919,7,25/07/2019,Summer,2019,0,280.1152843,2
T77664,P00032,Flip-Flops,Footwear,71.37346025,3,10/03/2021,Fall,2021,0,214.1203808,3
T75464,P00020,Smartphone Case,Accessories,85.22499348,4,17/06/2015,Spring,2015,0,340.8999739,4
T41746,P00025,Laptop Stand,Accessories,61.45471904,7,10/01/2015,Winter,2015,0,430.1830333,1
T19759,P00047,Dress Shoes,Footwear,277.6578111,7,13/06/2020,Summer,2020,20,1554.883742,2
T61921,P00007,Sweatpants,Clothing,108.7153227,16,28/05/2023,Spring,2023,0,1739.445163,1
T12389,P00058,Gaming Mouse,Accessories,18.06463544,11,25/11/2021,Fall,2021,20,158.9687919,1
T63950,P00012,Raincoat,Clothing,56.54548189,16,22/12/2018,Spring,2018,0,904.7277102,2
T57857,P00021,Laptop Stand,Accessories,72.9169465,15,13/04/2021,Fall,2021,5,1039.066488,2
T72583,P00023,Science Textbook,Books,73.78208741,8,08/04/2023,Fall,2023,0,590.2566993,3
T83177,P00040,Coffee Maker,Home Decor,94.67714232,17,27/05/2023,Spring,2023,20,1287.609136,2
T83757,P00014,Fiction Novel,Books,61.77366901,4,04/01/2018,Winter,2018,0,247.094676,1
T79110,P00024,Sweatpants,Clothing,135.8205811,5,16/07/2019,Spring,2019,5,645.1477602,1
T33490,P00038,Mystery Novel,Books,96.39417284,1,19/07/2019,Winter,2019,0,96.39417284,2
T64567,P00007,T-Shirt,Clothing,171.99262,15,22/03/2023,Summer,2023,0,2579.8893,4
T52749,P00038,Denim Jeans,Clothing,100.7667996,5,15/08/2018,Fall,2018,0,503.833998,3
T73226,P00042,Cookbook,Books,35.30363531,7,11/02/2020,Fall,2020,0,247.1254472,1
T99521,P00048,Formal Suit,Clothing,49.28763524,5,17/12/2020,Summer,2020,20,197.150541,3
T26254,P00041,Dress Shoes,Footwear,132.0474523,11,12/05/2017,Summer,2017,0,1452.521975,2
T52485,P00013,Soundbar,Electronics,81.39186838,10,20/11/2015,Spring,2015,5,773.2227496,1
T24325,P00040,Children's Book,Books,72.01669007,12,13/10/2018,Fall,2018,20,691.3602247,3
T26876,P00019,Smartphone Case,Accessories,65.31811116,2,25/05/2016,Spring,2016,0,130.6362223,4
T19982,P00035,Sweatpants,Clothing,59.96562651,1,16/11/2017,Winter,2017,0,59.96562651,2
T32187,P00032,Running Shoes,Footwear,209.1044972,4,19/03/2021,Summer,2021,0,836.4179888,4
T35538,P00029,Travel Guide,Books,39.96125242,10,23/07/2019,Summer,2019,15,339.6706456,3
T46996,P00005,Toaster Oven,Home Decor,79.54807948,1,05/02/2016,Spring,2016,0,79.54807948,2
T27131,P00022,Bluetooth Speaker,Electronics,81.70756456,12,17/08/2018,Spring,2018,0,980.4907747,3
T19088,P00014,Casual Sneakers,Footwear,59.62177227,4,26/10/2015,Summer,2015,0,238.4870891,3
T57249,P00050,Sweatpants,Clothing,30.66842914,12,01/02/2021,Spring,2021,0,368.0211497,2
T34524,P00008,Travel Guide,Books,81.31707975,16,03/10/2015,Winter,2015,0,1301.073276,3
T96089,P00022,LED Desk Lamp,Home Decor,10.57394521,4,24/12/2020,Fall,2020,0,42.29578084,1
T73865,P00015,Dress Shoes,Footwear,225.8525731,6,17/02/2020,Spring,2020,0,1355.115439,2
T78476,P00009,Dish Drying Rack,Home Decor,44.89673755,12,13/11/2022,Summer,2022,0,538.7608506,4
T76169,P00040,Laptop Stand,Accessories,80.16776402,15,05/09/2021,Summer,2021,15,1022.138991,4
T48244,P00060,Laptop Stand,Accessories,22.60612049,11,13/01/2022,Spring,2022,20,198.9338603,1
T27522,P00053,HD Webcam,Accessories,96.99603491,7,25/10/2020,Spring,2020,0,678.9722444,3
T37002,P00054,Cordless Vacuum,Home Decor,33.46377751,3,03/05/2023,Fall,2023,15,85.33263265,2
T85350,P00030,Microwave Oven,Home Decor,13.60995824,2,05/03/2022,Summer,2022,0,27.21991648,1
T98241,P00057,Winter Jacket,Clothing,120.4397725,6,03/05/2017,Summer,2017,0,722.638635,4
T71189,P00035,HD Webcam,Accessories,47.45258335,8,17/08/2022,Fall,2022,0,379.6206668,3
T26292,P00043,Water Filter Pitcher,Home Decor,27.21929524,3,24/07/2019,Summer,2019,0,81.65788572,1
T66313,P00002,Water Filter Pitcher,Home Decor,52.40008182,15,26/08/2019,Fall,2019,20,628.8009818,3
T41976,P00038,4K TV,Electronics,50.51708434,9,21/06/2016,Summer,2016,0,454.6537591,3
T42210,P00021,Hoodie,Clothing,64.2770556,12,13/10/2015,Fall,2015,0,771.3246672,2
T99882,P00010,VR Headset,Electronics,50.94250228,4,26/11/2017,Summer,2017,0,203.7700091,4
T67619,P00009,Science Textbook,Books,48.86833507,13,23/02/2018,Winter,2018,0,635.2883559,2
T11408,P00026,Formal Suit,Clothing,154.3027232,18,26/10/2017,Summer,2017,0,2777.449018,3
T40105,P00012,Wireless Keyboard,Accessories,56.03175319,14,03/01/2022,Summer,2022,5,745.2223174,2
T26878,P00007,Smart Thermostat,Electronics,58.26776813,4,04/08/2017,Winter,2017,0,233.0710725,4
T89311,P00019,Hoodie,Clothing,107.4319214,11,20/04/2019,Spring,2019,20,945.4009083,2
T26101,P00002,Wireless Keyboard,Accessories,50.11235998,14,24/10/2015,Winter,2015,0,701.5730397,1
T53555,P00013,Cookbook,Books,93.30972187,18,13/10/2022,Winter,2022,0,1679.574994,3
T60151,P00059,Cutting Board,Home Decor,45.43348806,14,08/05/2016,Fall,2016,0,636.0688328,4
T40143,P00012,HD Webcam,Accessories,67.25303276,12,04/12/2020,Summer,2020,0,807.0363931,4
T53262,P00010,Sweatpants,Clothing,178.624633,16,18/03/2020,Winter,2020,5,2715.094422,1
T93279,P00059,Biography,Books,99.05875814,12,04/06/2022,Winter,2022,15,1010.399333,1
T31730,P00021,Mystery Novel,Books,24.5927691,12,07/09/2020,Fall,2020,0,295.1132292,2
T38176,P00009,Dress Shoes,Footwear,182.9272652,12,06/04/2017,Spring,2017,0,2195.127182,1
T95825,P00044,Flip-Flops,Footwear,129.9893456,9,09/05/2023,Winter,2023,20,935.9232883,3
T99082,P00015,Winter Jacket,Clothing,142.7295051,3,07/04/2019,Winter,2019,0,428.1885153,3
T69258,P00018,Raincoat,Clothing,173.3098806,14,08/02/2021,Winter,2021,20,1941.070663,4
T25779,P00014,LED Desk Lamp,Home Decor,39.85718425,13,09/12/2019,Spring,2019,0,518.1433953,4
T17711,P00057,Gaming Mouse,Accessories,33.95330238,9,17/01/2022,Fall,2022,10,275.0217493,2
T87120,P00054,Hiking Boots,Footwear,37.99143782,1,28/06/2018,Winter,2018,20,30.39315026,3
T13273,P00020,Fitness Tracker,Electronics,26.70532216,18,04/08/2023,Fall,2023,5,456.6610089,1
T32007,P00046,Soundbar,Electronics,66.37490162,4,13/10/2021,Winter,2021,0,265.4996065,4
T26473,P00015,Wireless Earbuds,Electronics,32.20348665,5,10/11/2022,Fall,2022,5,152.9665616,1
T52425,P00045,Travel Guide,Books,99.93004408,16,21/10/2018,Winter,2018,20,1279.104564,4
T20857,P00009,Flip-Flops,Footwear,182.7619506,2,16/01/2023,Summer,2023,0,365.5239012,4
T56111,P00001,Leather Loafers,Footwear,116.6758255,13,14/04/2019,Summer,2019,15,1289.267872,1
T52816,P00044,Mechanical Keyboard,Electronics,23.7776337,10,14/10/2017,Fall,2017,10,213.9987033,4
T37289,P00027,Flip-Flops,Footwear,259.6857486,18,25/03/2021,Winter,2021,0,4674.343475,2
T66950,P00015,Air Fryer,Home Decor,73.70786827,14,21/06/2021,Summer,2021,0,1031.910156,1
T49293,P00052,Soundbar,Electronics,51.56580631,1,25/05/2019,Spring,2019,0,51.56580631,4
T75642,P00034,Gaming Mouse,Accessories,56.02200782,5,14/05/2023,Winter,2023,0,280.1100391,1
T15580,P00016,HD Webcam,Accessories,77.76995279,6,19/09/2016,Spring,2016,0,466.6197167,4
T49015,P00040,Hiking Boots,Footwear,294.0182968,11,26/12/2023,Spring,2023,10,2910.781138,2
T82153,P00027,Laptop Stand,Accessories,91.31098925,16,05/06/2020,Fall,2020,0,1460.975828,1
T21025,P00028,Flip-Flops,Footwear,47.89949236,16,16/07/2018,Spring,2018,10,689.75269,4
T97579,P00027,Dress Shoes,Footwear,224.5866602,13,16/04/2016,Winter,2016,10,2627.663924,2
T10997,P00056,Self-Help Book,Books,91.79872986,14,15/09/2018,Winter,2018,0,1285.182218,2
T82976,P00060,Self-Help Book,Books,64.13411221,16,20/06/2023,Fall,2023,0,1026.145795,4
T20196,P00016,Travel Guide,Books,63.83060907,15,17/12/2020,Fall,2020,0,957.4591361,1
T34111,P00020,Casual Sneakers,Footwear,163.4082162,3,26/09/2015,Spring,2015,0,490.2246486,3
T17897,P00017,Cookbook,Books,91.10832171,18,07/01/2015,Summer,2015,0,1639.949791,3
T76612,P00041,USB Flash Drive,Accessories,81.71309068,13,12/01/2021,Summer,2021,0,1062.270179,4
T72233,P00035,HD Webcam,Accessories,98.60837132,15,25/02/2016,Summer,2016,20,1183.300456,3
T93251,P00046,External Hard Drive,Accessories,69.04412825,10,11/04/2022,Winter,2022,10,621.3971543,1
T29995,P00050,Raincoat,Clothing,165.812977,6,27/01/2016,Fall,2016,15,845.6461827,2
T33466,P00019,Casual Sneakers,Footwear,88.88491351,14,02/07/2016,Summer,2016,0,1244.388789,2
T30641,P00043,External Hard Drive,Accessories,70.86221309,5,09/07/2016,Spring,2016,15,301.1644056,3
T47010,P00007,Toaster Oven,Home Decor,38.56506163,7,04/03/2021,Summer,2021,0,269.9554314,1
T63276,P00054,Cordless Vacuum,Home Decor,33.46377751,3,25/07/2017,Spring,2017,0,100.3913325,3
T88118,P00052,Soundbar,Electronics,51.56580631,18,14/01/2015,Winter,2015,0,928.1845136,4
T48046,P00047,Hiking Boots,Footwear,223.3357521,16,05/02/2018,Summer,2018,5,3394.703432,3
T82725,P00049,Gaming Mouse,Accessories,14.38472544,19,17/06/2023,Fall,2023,10,245.978805,1
T71477,P00053,Cordless Vacuum,Home Decor,88.01054001,2,14/08/2015,Summer,2015,0,176.02108,4
T44678,P00004,Wireless Earbuds,Electronics,67.21649488,8,26/10/2019,Fall,2019,20,430.1855672,4
T26352,P00014,Wi-Fi Router,Electronics,32.24339053,17,12/07/2023,Spring,2023,20,438.5101112,1
T12853,P00014,Dress Shoes,Footwear,76.70694039,1,05/11/2017,Winter,2017,10,69.03624635,4
T94860,P00039,USB Flash Drive,Accessories,25.97015327,8,14/03/2015,Spring,2015,0,207.7612262,4
T56902,P00047,Biography,Books,66.19544168,16,25/04/2017,Summer,2017,15,900.2580068,1
T21573,P00010,Sweatpants,Clothing,178.624633,2,04/08/2018,Spring,2018,0,357.249266,4
T59223,P00023,Electric Kettle,Home Decor,14.69001957,18,05/01/2017,Winter,2017,0,264.4203523,2
T87228,P00014,Dish Drying Rack,Home Decor,30.4318743,2,13/04/2020,Summer,2020,15,51.73418631,3
T76330,P00059,Hiking Boots,Footwear,163.9907548,19,22/04/2020,Fall,2020,0,3115.824341,2
T23189,P00042,Cutting Board,Home Decor,34.81953529,15,15/12/2023,Spring,2023,10,470.0637264,2
T78731,P00023,Sweatpants,Clothing,71.83981639,16,17/03/2018,Fall,2018,0,1149.437062,4
T54528,P00050,E-Reader,Electronics,90.74199693,1,14/11/2023,Summer,2023,0,90.74199693,1
T46181,P00015,Wireless Earbuds,Electronics,32.20348665,8,02/07/2018,Winter,2018,20,206.1023146,2
T19808,P00030,4K TV,Electronics,73.97445281,3,09/07/2018,Winter,2018,0,221.9233584,2
T67797,P00037,Smart Thermostat,Electronics,95.47838152,14,15/07/2017,Winter,2017,0,1336.697341,2
T96540,P00049,Fiction Novel,Books,37.99181325,7,16/01/2016,Summer,2016,5,252.6455581,3
T23686,P00043,Water Filter Pitcher,Home Decor,27.21929524,7,09/06/2022,Fall,2022,0,190.5350667,1
T73308,P00052,Hoodie,Clothing,186.7327272,14,04/12/2018,Fall,2018,0,2614.258181,3
T96971,P00043,Air Fryer,Home Decor,50.21292288,13,12/05/2021,Spring,2021,5,620.1295976,4
T96067,P00055,Laptop Stand,Accessories,61.54911126,18,04/04/2023,Winter,2023,0,1107.884003,2
T58738,P00012,Formal Suit,Clothing,161.9690824,16,22/12/2019,Winter,2019,0,2591.505318,1
T20110,P00015,T-Shirt,Clothing,63.68488215,19,12/02/2021,Summer,2021,0,1210.012761,4
T27868,P00002,Self-Help Book,Books,84.29866224,2,08/02/2015,Winter,2015,0,168.5973245,1
T93749,P00013,Leather Loafers,Footwear,189.8888071,18,15/05/2017,Summer,2017,5,3247.098601,4
T81718,P00009,Leather Loafers,Footwear,56.43958004,12,10/07/2017,Spring,2017,0,677.2749605,4
T93468,P00051,Dress Shoes,Footwear,135.3452721,4,15/03/2017,Winter,2017,0,541.3810884,1
T97594,P00005,Toaster Oven,Home Decor,79.54807948,18,04/01/2019,Fall,2019,15,1217.085616,1
T58226,P00038,Hiking Boots,Footwear,69.09734579,19,21/05/2019,Spring,2019,0,1312.84957,3
T15967,P00038,Cordless Vacuum,Home Decor,69.46754994,5,16/10/2017,Fall,2017,20,277.8701998,3
T69201,P00014,Winter Jacket,Clothing,94.03118652,17,20/05/2022,Fall,2022,0,1598.530171,3
T92025,P00021,Wireless Keyboard,Accessories,24.66750389,1,05/06/2021,Summer,2021,10,22.2007535,3
T24568,P00025,HD Webcam,Accessories,57.32389506,8,13/08/2019,Winter,2019,0,458.5911605,2
T98290,P00007,LED Desk Lamp,Home Decor,82.4933524,5,12/01/2016,Summer,2016,0,412.466762,3
T16955,P00035,Blender,Home Decor,87.07035924,7,01/08/2016,Winter,2016,0,609.4925147,3
T25372,P00048,Self-Help Book,Books,25.02586051,9,06/03/2018,Winter,2018,0,225.2327446,3
T58481,P00014,Hiking Boots,Footwear,229.4310974,1,21/02/2016,Fall,2016,20,183.5448779,2
T84796,P00001,Leather Loafers,Footwear,116.6758255,4,17/11/2021,Fall,2021,0,466.703302,1
T10395,P00031,Dress Shoes,Footwear,294.6732844,12,03/04/2020,Winter,2020,0,3536.079413,2
T49386,P00045,Self-Help Book,Books,33.88652988,5,26/05/2017,Fall,2017,0,169.4326494,2
T63817,P00051,Wi-Fi Router,Electronics,88.48567623,1,21/10/2015,Fall,2015,15,75.2128248,2
T62979,P00037,Hiking Boots,Footwear,262.6911061,1,13/09/2018,Winter,2018,0,262.6911061,2
T77573,P00034,LED Desk Lamp,Home Decor,63.61189615,6,11/07/2020,Summer,2020,15,324.4206704,4
T73238,P00055,Raincoat,Clothing,76.66637063,17,04/07/2017,Spring,2017,0,1303.328301,2
T19522,P00052,Toaster Oven,Home Decor,80.3918552,2,06/03/2022,Winter,2022,10,144.7053394,2
T38522,P00025,Laptop Stand,Accessories,33.61133351,16,17/09/2016,Fall,2016,0,537.7813362,4
T55104,P00034,Soundbar,Electronics,54.58322716,1,21/12/2022,Spring,2022,0,54.58322716,1
T79070,P00008,Cutting Board,Home Decor,33.00793044,7,26/06/2015,Winter,2015,0,231.0555131,4
T18302,P00038,Hiking Boots,Footwear,69.09734579,13,28/02/2019,Spring,2019,0,898.2654953,3
T52269,P00025,USB Flash Drive,Accessories,17.23032415,6,14/02/2023,Summer,2023,10,93.04375041,2
T41821,P00001,Smartwatch,Electronics,56.85165436,4,26/09/2023,Spring,2023,20,181.925294,4
T80605,P00026,Electric Kettle,Home Decor,63.1122181,4,16/02/2022,Fall,2022,0,252.4488724,3
T16565,P00028,E-Reader,Electronics,61.53998531,6,05/03/2023,Fall,2023,5,350.7779163,2
T79001,P00051,Dress Shoes,Footwear,135.3452721,7,19/08/2021,Winter,2021,10,852.6752142,1
T97659,P00037,Gaming Mouse,Accessories,76.25313745,1,16/06/2018,Summer,2018,0,76.25313745,3
T78607,P00037,Dish Drying Rack,Home Decor,42.67929885,19,26/04/2016,Winter,2016,10,729.8160103,3
T91748,P00044,USB Flash Drive,Accessories,20.34574456,15,11/09/2020,Spring,2020,0,305.1861684,1
T21755,P00042,Leather Loafers,Footwear,122.1890052,9,07/05/2021,Winter,2021,15,934.7458898,4
T87810,P00038,Winter Jacket,Clothing,89.74122527,1,08/08/2023,Winter,2023,20,71.79298022,4
T79806,P00029,Science Textbook,Books,13.54234516,11,28/07/2016,Summer,2016,5,141.5175069,1
T64145,P00047,HD Webcam,Accessories,12.92015564,4,20/01/2018,Fall,2018,20,41.34449805,1
T64499,P00005,Sweatpants,Clothing,64.93098007,6,27/04/2021,Spring,2021,0,389.5858804,3
T98131,P00060,Mystery Novel,Books,40.88744186,11,06/09/2019,Fall,2019,15,382.2975814,1
T73001,P00007,Hoodie,Clothing,140.4762612,14,02/11/2023,Summer,2023,10,1770.000891,3
T93805,P00035,Microwave Oven,Home Decor,83.91626063,6,16/07/2018,Spring,2018,5,478.3226856,2
T97185,P00008,Cutting Board,Home Decor,59.92106729,14,25/11/2021,Winter,2021,0,838.8949421,2
T52477,P00057,Biography,Books,85.67503218,7,13/03/2021,Spring,2021,20,479.7801802,2
T63389,P00009,USB Flash Drive,Accessories,48.80659665,13,09/06/2020,Winter,2020,0,634.4857565,1
T35710,P00046,T-Shirt,Clothing,184.7001388,8,07/08/2023,Summer,2023,0,1477.60111,4
T43069,P00022,VR Headset,Electronics,45.61043429,2,19/07/2015,Spring,2015,0,91.22086858,3
T45247,P00041,HD Webcam,Accessories,31.84757842,17,22/03/2017,Summer,2017,0,541.4088331,3
T34644,P00043,Dress Shoes,Footwear,155.2116714,19,01/03/2023,Summer,2023,0,2949.021757,3
T45481,P00055,Cordless Vacuum,Home Decor,17.25917989,8,24/11/2015,Spring,2015,20,110.4587513,1
T57950,P00059,Wireless Keyboard,Accessories,89.88924956,16,17/04/2017,Spring,2017,0,1438.227993,3
T81062,P00008,Gaming Mouse,Accessories,42.13274887,17,08/06/2016,Spring,2016,0,716.2567308,1
T28615,P00056,Hiking Boots,Footwear,200.4529719,9,21/08/2023,Winter,2023,15,1533.465235,4
T29622,P00059,E-Reader,Electronics,13.81876635,17,26/09/2021,Winter,2021,0,234.919028,3
T27177,P00046,Gaming Mouse,Accessories,28.14579089,9,24/05/2015,Fall,2015,0,253.312118,1
T52082,P00055,USB Flash Drive,Accessories,37.28912232,4,06/11/2020,Fall,2020,0,149.1564893,2
T76332,P00036,Smart Thermostat,Electronics,36.87655934,6,06/05/2019,Spring,2019,15,188.0704526,4
T15285,P00015,Casual Sneakers,Footwear,182.3740719,19,09/01/2019,Summer,2019,20,2772.085893,1
T47822,P00039,External Hard Drive,Accessories,78.13864753,9,20/01/2018,Summer,2018,20,562.5982622,3
T64643,P00019,T-Shirt,Clothing,76.62656321,19,22/09/2021,Summer,2021,0,1455.904701,2
T41661,P00037,Smartphone Case,Accessories,94.7784597,7,27/11/2021,Summer,2021,0,663.4492179,3
T10981,P00027,Biography,Books,38.01995845,3,08/04/2016,Summer,2016,0,114.0598754,2
T94511,P00052,Hoodie,Clothing,186.7327272,15,09/04/2023,Spring,2023,0,2800.990908,4
T60807,P00046,Blender,Home Decor,90.87248624,4,08/02/2020,Spring,2020,20,290.791956,3
T23200,P00044,Running Shoes,Footwear,57.36834213,12,01/04/2020,Winter,2020,20,550.7360844,2
T11766,P00003,LED Desk Lamp,Home Decor,11.277127,17,12/10/2019,Summer,2019,0,191.711159,4
T54763,P00047,Portable Fan,Home Decor,20.92097412,9,03/05/2017,Summer,2017,15,160.045452,2
T89741,P00016,Hiking Boots,Footwear,235.0877708,4,02/04/2018,Spring,2018,0,940.3510832,2
T88766,P00044,Cutting Board,Home Decor,15.77420757,14,11/02/2016,Spring,2016,0,220.838906,4
T57475,P00052,Laptop Stand,Accessories,63.19427994,5,09/11/2017,Fall,2017,0,315.9713997,4
T31711,P00006,Mystery Novel,Books,85.22139948,4,03/09/2016,Spring,2016,0,340.8855979,4
T37086,P00015,Flip-Flops,Footwear,81.16626269,12,22/06/2015,Spring,2015,0,973.9951523,3
T13491,P00001,Biography,Books,42.85763898,9,20/02/2019,Summer,2019,20,308.5750007,1
T97893,P00015,Coffee Maker,Home Decor,75.59953369,8,01/02/2015,Spring,2015,0,604.7962695,4
T92938,P00045,Sweatpants,Clothing,59.0347692,19,12/09/2020,Summer,2020,0,1121.660615,1
T45950,P00049,Denim Jeans,Clothing,129.0402758,15,10/11/2021,Fall,2021,15,1645.263516,1
T99711,P00002,Raincoat,Clothing,138.258341,14,24/10/2018,Spring,2018,0,1935.616774,1
T63270,P00008,Self-Help Book,Books,20.03589139,10,16/07/2023,Winter,2023,0,200.3589139,2
T78358,P00006,Gaming Mouse,Accessories,80.34490443,17,24/11/2023,Summer,2023,0,1365.863375,4
T39672,P00012,Biography,Books,97.34997578,7,12/04/2017,Spring,2017,20,545.1598644,1
T69453,P00056,T-Shirt,Clothing,30.82520844,17,22/08/2021,Spring,2021,0,524.0285435,2
T52287,P00048,Raincoat,Clothing,107.4963326,10,24/02/2015,Summer,2015,0,1074.963326,2
T98941,P00035,4K TV,Electronics,89.49415125,12,24/05/2019,Summer,2019,0,1073.929815,4
T23117,P00003,Mechanical Keyboard,Electronics,29.51323533,18,04/10/2018,Winter,2018,0,531.2382359,3
T63233,P00024,Flip-Flops,Footwear,129.4752942,2,14/07/2017,Fall,2017,10,233.0555296,4
T93533,P00020,Cutting Board,Home Decor,36.59233086,6,09/11/2021,Winter,2021,0,219.5539852,2
T17802,P00007,Hoodie,Clothing,140.4762612,1,14/02/2018,Fall,2018,0,140.4762612,2
T48698,P00046,Formal Suit,Clothing,54.93371164,4,01/01/2022,Fall,2022,0,219.7348466,1
T94954,P00045,Toaster Oven,Home Decor,92.42719677,19,20/11/2022,Winter,2022,0,1756.116739,2
T83071,P00029,Raincoat,Clothing,131.971572,19,08/08/2022,Fall,2022,0,2507.459868,3
T15008,P00046,Water Filter Pitcher,Home Decor,85.11182785,10,10/06/2023,Winter,2023,0,851.1182785,4
T84855,P00036,Mystery Novel,Books,87.27809204,17,21/03/2019,Winter,2019,0,1483.727565,1
T36437,P00060,Travel Guide,Books,39.21428831,7,28/03/2015,Winter,2015,5,260.7750173,1
T21467,P00010,Portable Fan,Home Decor,25.51536305,16,25/11/2016,Winter,2016,5,387.8335184,3
T32940,P00034,Leather Loafers,Footwear,237.7591871,12,13/04/2020,Summer,2020,0,2853.110245,2
T82597,P00046,Wireless Earbuds,Electronics,77.47908025,14,10/06/2023,Summer,2023,0,1084.707124,1
T51277,P00034,Denim Jeans,Clothing,181.5698798,1,11/08/2019,Winter,2019,0,181.5698798,2
T99157,P00027,Microwave Oven,Home Decor,41.33147721,5,14/12/2021,Spring,2021,0,206.6573861,1
T53201,P00053,Flip-Flops,Footwear,290.735761,19,12/02/2021,Spring,2021,0,5523.979459,3
T84974,P00001,Self-Help Book,Books,85.42045684,5,03/03/2023,Summer,2023,10,384.3920558,4
T83667,P00007,Smartphone Case,Accessories,20.50353291,10,20/08/2019,Spring,2019,0,205.0353291,3
T19765,P00025,HD Webcam,Accessories,79.04377919,4,06/10/2023,Winter,2023,0,316.1751168,1
T49309,P00021,HD Webcam,Accessories,90.24159529,3,15/05/2017,Spring,2017,20,216.5798287,2
T14959,P00050,Toaster Oven,Home Decor,15.6040878,15,21/06/2021,Spring,2021,0,234.061317,4
T44094,P00001,Mystery Novel,Books,78.21964696,16,20/06/2019,Spring,2019,0,1251.514351,2
T32218,P00002,Running Shoes,Footwear,292.65105,5,14/09/2016,Winter,2016,0,1463.25525,4
T32455,P00047,Hiking Boots,Footwear,223.3357521,2,22/03/2018,Fall,2018,0,446.6715042,1
T77641,P00013,Monitor Arm,Electronics,87.24380937,18,19/02/2023,Spring,2023,10,1413.349712,4
T88930,P00022,LED Desk Lamp,Home Decor,10.57394521,2,12/07/2015,Winter,2015,20,16.91831234,3
T30773,P00020,Running Shoes,Footwear,69.86030257,4,14/06/2017,Spring,2017,0,279.4412103,1
T81745,P00007,Mystery Novel,Books,80.62429876,19,12/03/2022,Fall,2022,0,1531.861676,1
T94297,P00033,Smart Thermostat,Electronics,76.78637719,16,22/03/2016,Winter,2016,0,1228.582035,1
T62182,P00041,Wi-Fi Router,Electronics,55.46895571,19,25/07/2017,Winter,2017,0,1053.910158,2
T65412,P00059,Science Textbook,Books,70.18440158,5,04/06/2018,Summer,2018,0,350.9220079,4
T38669,P00014,Water Filter Pitcher,Home Decor,48.3088103,14,13/11/2021,Winter,2021,15,574.8748426,3
T42683,P00022,Soundbar,Electronics,85.34889193,18,12/12/2017,Fall,2017,0,1536.280055,2
T14642,P00015,Gaming Mouse,Accessories,96.38747529,16,12/02/2016,Winter,2016,10,1387.979644,2
T35727,P00036,Winter Jacket,Clothing,153.9704811,19,03/06/2015,Fall,2015,0,2925.439141,3
T80047,P00012,Cordless Vacuum,Home Decor,36.59579695,6,21/02/2021,Spring,2021,0,219.5747817,4
T47282,P00025,Casual Sneakers,Footwear,218.3544666,17,11/02/2021,Summer,2021,20,2969.620746,2
T25305,P00029,Raincoat,Clothing,135.1673511,11,28/04/2023,Winter,2023,20,1189.47269,3
T56666,P00044,Fiction Novel,Books,56.65193115,19,13/02/2016,Spring,2016,10,968.7480227,3
T30946,P00050,Bluetooth Speaker,Electronics,46.44572372,10,23/06/2016,Winter,2016,0,464.4572372,2
T31311,P00044,Leather Loafers,Footwear,167.244252,14,28/04/2018,Spring,2018,0,2341.419528,2
T37912,P00002,LED Desk Lamp,Home Decor,61.02890492,5,04/08/2022,Summer,2022,15,259.3728459,3
T87582,P00053,Biography,Books,96.88995882,7,09/09/2018,Summer,2018,0,678.2297117,3
T72866,P00049,Winter Jacket,Clothing,21.17644379,19,06/07/2017,Winter,2017,20,321.8819456,2
T81857,P00014,Flip-Flops,Footwear,148.2359865,18,03/03/2021,Fall,2021,0,2668.247757,2
T68582,P00001,Hiking Boots,Footwear,43.15176911,10,20/07/2019,Summer,2019,0,431.5176911,2
T14288,P00018,HD Webcam,Accessories,29.88218825,3,17/04/2018,Spring,2018,0,89.64656475,4
T82402,P00052,Wireless Earbuds,Electronics,21.56964381,19,07/06/2015,Winter,2015,0,409.8232324,3
T49423,P00041,Shorts,Clothing,48.08417183,12,14/12/2020,Summer,2020,20,461.6080496,2
T18512,P00012,USB Flash Drive,Accessories,80.44144845,7,02/09/2022,Fall,2022,10,506.7811252,1
T70067,P00037,Dress Shoes,Footwear,124.3997561,16,18/05/2015,Spring,2015,20,1592.316878,2
T82144,P00026,Wireless Keyboard,Accessories,90.48240294,2,05/08/2021,Summer,2021,10,162.8683253,3
T67396,P00047,Mechanical Keyboard,Electronics,71.18873328,5,15/06/2020,Spring,2020,5,338.1464831,1
T40802,P00038,Hiking Boots,Footwear,179.3448007,17,02/06/2021,Fall,2021,0,3048.861612,4
T60138,P00032,Smart Thermostat,Electronics,77.98492696,19,04/02/2018,Spring,2018,0,1481.713612,1
T37617,P00055,Formal Suit,Clothing,150.3681292,13,09/08/2017,Fall,2017,10,1759.307112,1
T56221,P00035,External Hard Drive,Accessories,86.7500809,13,17/08/2021,Fall,2021,10,1014.975947,1
T72014,P00052,Science Textbook,Books,19.67916358,14,24/03/2017,Spring,2017,15,234.1820466,3
T67290,P00008,Hiking Boots,Footwear,98.79104291,6,06/08/2018,Winter,2018,0,592.7462575,3
T64210,P00010,Soundbar,Electronics,94.04301475,16,16/01/2016,Winter,2016,0,1504.688236,4
T47996,P00015,Wireless Keyboard,Accessories,96.27199135,12,13/12/2023,Fall,2023,0,1155.263896,4
T19664,P00010,Flip-Flops,Footwear,85.13435901,19,28/05/2017,Spring,2017,0,1617.552821,1
T73165,P00017,Hiking Boots,Footwear,137.3509014,2,22/01/2020,Summer,2020,0,274.7018028,2
T50799,P00054,Sweatpants,Clothing,33.37533564,2,21/04/2020,Spring,2020,0,66.75067128,4
T35654,P00010,Travel Guide,Books,12.84379568,17,06/10/2021,Spring,2021,0,218.3445266,1
T26555,P00042,Toaster Oven,Home Decor,42.69312436,7,19/12/2023,Fall,2023,15,254.0240899,4
T43521,P00016,Travel Guide,Books,91.70509859,15,16/03/2016,Summer,2016,0,1375.576479,1
T13685,P00002,External Hard Drive,Accessories,86.34062193,14,15/07/2018,Fall,2018,15,1027.453401,2
T89424,P00002,Laptop Stand,Accessories,24.79593747,16,19/05/2015,Spring,2015,5,376.8982495,3
T11532,P00033,VR Headset,Electronics,12.48544515,10,12/07/2021,Spring,2021,0,124.8544515,4
T85188,P00034,Dress Shoes,Footwear,181.5108882,14,15/09/2020,Winter,2020,10,2287.037191,4
T59237,P00042,Flip-Flops,Footwear,280.0360108,19,08/08/2022,Spring,2022,0,5320.684205,2
T45572,P00016,Shorts,Clothing,143.0830746,1,08/05/2018,Summer,2018,0,143.0830746,4
T63533,P00020,Running Shoes,Footwear,170.7075959,15,24/02/2019,Fall,2019,0,2560.613939,1
T60513,P00008,Smartwatch,Electronics,92.80463562,16,06/05/2016,Fall,2016,20,1187.899336,4
T35511,P00028,Smartphone Case,Accessories,48.14609721,17,13/07/2019,Winter,2019,0,818.4836526,2
T93385,P00041,Hiking Boots,Footwear,183.3754586,6,18/01/2017,Summer,2017,5,1045.240114,2
T64812,P00020,Smartphone Case,Accessories,32.04616276,10,15/07/2020,Winter,2020,0,320.4616276,3
T11617,P00048,Smartphone Case,Accessories,10.37078357,5,15/03/2017,Summer,2017,0,51.85391785,2
T47850,P00008,Flip-Flops,Footwear,294.1334764,5,03/06/2017,Fall,2017,0,1470.667382,3
T22270,P00046,Fitness Tracker,Electronics,18.95249349,14,21/11/2020,Winter,2020,15,225.5346725,3
T29359,P00004,Wireless Earbuds,Electronics,67.21649488,7,07/08/2015,Winter,2015,20,376.4123713,1
T47690,P00005,Gaming Mouse,Accessories,39.51834027,19,05/08/2023,Summer,2023,15,638.2211954,4
T62236,P00045,Hiking Boots,Footwear,130.760543,13,12/07/2018,Spring,2018,0,1699.887059,4
T71339,P00044,Laptop Stand,Accessories,22.32770509,13,23/07/2021,Summer,2021,0,290.2601662,3
T27084,P00039,Cookbook,Books,30.62664198,18,14/02/2021,Fall,2021,0,551.2795556,4
T40932,P00035,Cutting Board,Home Decor,65.44793072,18,18/04/2021,Spring,2021,0,1178.062753,3
T42309,P00037,Fiction Novel,Books,39.67116164,9,13/07/2016,Summer,2016,15,303.4843865,1
T31695,P00016,T-Shirt,Clothing,151.208612,4,14/04/2016,Spring,2016,0,604.834448,3
T36015,P00015,Gaming Mouse,Accessories,96.38747529,17,10/09/2018,Summer,2018,0,1638.58708,2
T28318,P00039,4K TV,Electronics,76.5037774,8,10/08/2019,Summer,2019,15,520.2256863,1
T35444,P00055,Formal Suit,Clothing,150.3681292,8,17/11/2019,Spring,2019,5,1142.797782,3
T54109,P00056,Self-Help Book,Books,91.79872986,19,02/02/2023,Summer,2023,0,1744.175867,1
T69225,P00012,Flip-Flops,Footwear,152.8035851,16,01/03/2020,Winter,2020,15,2078.128757,1
T48805,P00049,Denim Jeans,Clothing,129.0402758,16,27/11/2016,Fall,2016,0,2064.644413,4
T23621,P00047,T-Shirt,Clothing,20.32260117,3,01/03/2018,Winter,2018,0,60.96780351,1
T27310,P00022,Wireless Earbuds,Electronics,87.078384,8,27/03/2018,Summer,2018,0,696.627072,3
T41509,P00055,Cookbook,Books,83.42164681,10,23/10/2022,Summer,2022,0,834.2164681,3
T31529,P00010,Soundbar,Electronics,94.04301475,14,01/06/2017,Winter,2017,20,1053.281765,1
T20707,P00035,Cookbook,Books,56.35764484,10,10/06/2016,Fall,2016,0,563.5764484,4
T16416,P00033,HD Webcam,Accessories,80.87108886,18,20/12/2017,Spring,2017,0,1455.679599,3
T14861,P00050,Laptop Stand,Accessories,43.1676526,1,26/03/2020,Fall,2020,0,43.1676526,1
T62221,P00060,E-Reader,Electronics,81.43818878,12,21/03/2016,Winter,2016,0,977.2582654,1
T30860,P00001,Self-Help Book,Books,21.32172932,15,23/04/2021,Summer,2021,10,287.8433458,4
T50078,P00027,Travel Guide,Books,78.36335945,8,24/07/2023,Spring,2023,15,532.8708443,3
T74409,P00049,HD Webcam,Accessories,13.53680499,7,09/07/2019,Spring,2019,15,80.54398969,2
T26746,P00008,VR Headset,Electronics,77.43899544,13,17/01/2023,Summer,2023,0,1006.706941,1
T31159,P00029,Running Shoes,Footwear,297.4450409,14,01/10/2019,Spring,2019,0,4164.230573,2
T17464,P00043,Mechanical Keyboard,Electronics,68.96228295,5,04/11/2018,Fall,2018,0,344.8114148,4
T25329,P00010,Gaming Mouse,Accessories,72.09216753,1,25/01/2016,Summer,2016,0,72.09216753,3
T61408,P00012,Cordless Vacuum,Home Decor,57.90671357,19,22/11/2019,Summer,2019,0,1100.227558,3
T60254,P00025,HD Webcam,Accessories,96.60418135,13,03/08/2022,Fall,2022,0,1255.854358,3
T70301,P00037,Dress Shoes,Footwear,124.3997561,7,23/10/2016,Fall,2016,0,870.7982927,4
T27032,P00019,Cutting Board,Home Decor,90.77272463,7,20/01/2016,Winter,2016,0,635.4090724,4
T66751,P00019,Toaster Oven,Home Decor,22.41758198,13,23/05/2015,Fall,2015,5,276.8571375,2
T37383,P00054,Raincoat,Clothing,42.5994163,15,09/12/2017,Spring,2017,0,638.9912445,4
T83844,P00026,Smart Thermostat,Electronics,82.73903029,15,17/12/2020,Summer,2020,0,1241.085454,2
T72969,P00024,Children's Book,Books,89.32580673,10,02/03/2018,Fall,2018,0,893.2580673,1
T97346,P00011,LED Desk Lamp,Home Decor,95.49786462,16,21/02/2023,Winter,2023,0,1527.965834,4
T88478,P00014,Hiking Boots,Footwear,92.20051011,1,21/06/2016,Fall,2016,20,73.76040809,4
T38410,P00007,Leather Loafers,Footwear,256.7987536,14,26/06/2020,Spring,2020,20,2876.14604,1
T37757,P00037,Cookbook,Books,12.10133447,6,02/02/2021,Winter,2021,0,72.60800682,4
T31007,P00047,HD Webcam,Accessories,12.92015564,5,23/04/2021,Fall,2021,15,54.91066147,3
T95687,P00035,VR Headset,Electronics,23.3764196,18,01/02/2016,Fall,2016,10,378.6979975,3
T27441,P00023,Flip-Flops,Footwear,258.1430998,10,12/01/2015,Fall,2015,0,2581.430998,1
T84967,P00026,Cordless Vacuum,Home Decor,59.6609903,4,10/06/2017,Summer,2017,5,226.7117631,4
T55489,P00018,Hiking Boots,Footwear,141.0688755,10,07/04/2023,Fall,2023,0,1410.688755,1
T89030,P00027,Wireless Keyboard,Accessories,38.23902787,6,04/03/2019,Summer,2019,15,195.0190421,4
T30551,P00001,External Hard Drive,Accessories,69.40270996,5,15/09/2021,Winter,2021,15,294.9615173,4
T37115,P00046,Water Filter Pitcher,Home Decor,85.11182785,6,19/09/2023,Winter,2023,15,434.070322,2
T33453,P00016,Blender,Home Decor,86.52779286,17,07/10/2019,Summer,2019,0,1470.972479,4
T19305,P00057,E-Reader,Electronics,62.52406961,14,20/02/2023,Spring,2023,0,875.3369745,2
T19879,P00014,Formal Suit,Clothing,34.41068938,14,15/02/2017,Fall,2017,0,481.7496513,3
T70558,P00049,Fiction Novel,Books,37.99181325,15,08/06/2019,Fall,2019,0,569.8771988,4
T24497,P00045,Smart Thermostat,Electronics,38.40522634,15,16/05/2021,Summer,2021,15,489.6666358,3
T31652,P00003,Hiking Boots,Footwear,32.90341667,5,09/11/2018,Summer,2018,20,131.6136667,3
T76775,P00021,Hoodie,Clothing,37.46737439,5,10/12/2020,Fall,2020,10,168.6031848,3
T70857,P00050,Wireless Earbuds,Electronics,41.46415592,1,08/07/2016,Fall,2016,0,41.46415592,4
T92055,P00055,Flip-Flops,Footwear,117.8771073,4,01/02/2021,Fall,2021,0,471.5084292,2
T25819,P00046,Microwave Oven,Home Decor,28.99832245,6,11/08/2021,Winter,2021,0,173.9899347,1
T26167,P00025,Formal Suit,Clothing,190.5459086,17,13/12/2020,Fall,2020,0,3239.280446,2
T23690,P00014,Flip-Flops,Footwear,148.2359865,7,15/10/2022,Fall,2022,0,1037.651906,1
T24708,P00042,Hoodie,Clothing,149.889861,18,04/02/2017,Winter,2017,0,2698.017498,2
T16563,P00019,Cookbook,Books,98.84773432,9,27/12/2019,Fall,2019,0,889.6296089,2
T14352,P00034,Microwave Oven,Home Decor,31.01439505,14,03/03/2015,Winter,2015,0,434.2015307,3
T66578,P00041,HD Webcam,Accessories,31.84757842,14,02/02/2015,Summer,2015,0,445.8660979,1
T18724,P00006,Gaming Mouse,Accessories,24.86260883,2,02/09/2022,Winter,2022,0,49.72521766,2
T78843,P00036,USB Flash Drive,Accessories,86.46643494,12,26/06/2023,Summer,2023,10,933.8374974,2
T90520,P00030,External Hard Drive,Accessories,24.68261292,5,16/05/2023,Spring,2023,10,111.0717581,4
T23986,P00058,Monitor Arm,Electronics,40.25093823,11,20/03/2021,Winter,2021,20,354.2082564,4
T89491,P00037,Water Filter Pitcher,Home Decor,18.4226807,15,10/06/2021,Winter,2021,0,276.3402105,4
T33707,P00038,Laptop Stand,Accessories,95.34939247,2,01/07/2022,Summer,2022,0,190.6987849,1
T28371,P00014,T-Shirt,Clothing,181.1053824,2,25/01/2023,Winter,2023,5,344.1002266,1
T25846,P00052,Wi-Fi Router,Electronics,94.36964761,10,21/02/2018,Summer,2018,0,943.6964761,2
T90337,P00022,Coffee Maker,Home Decor,15.56059098,18,21/05/2019,Fall,2019,0,280.0906376,1
T77507,P00016,Portable Fan,Home Decor,91.25561156,19,13/08/2023,Spring,2023,0,1733.85662,3
T22703,P00027,Science Textbook,Books,53.14796507,15,21/01/2022,Fall,2022,0,797.219476,3
T92632,P00009,Sweatpants,Clothing,156.4994676,4,13/12/2018,Winter,2018,10,563.3980834,3
T82042,P00006,Winter Jacket,Clothing,180.7471791,9,02/06/2020,Summer,2020,0,1626.724612,2
T54942,P00007,Smartphone Case,Accessories,20.50353291,16,07/08/2017,Spring,2017,5,311.6537002,4
T13956,P00028,Hiking Boots,Footwear,53.47184648,15,08/03/2016,Winter,2016,0,802.0776972,4
T90672,P00051,USB Flash Drive,Accessories,23.53584454,12,28/04/2015,Fall,2015,5,268.3086278,4
T25554,P00005,Soundbar,Electronics,39.61879831,4,17/01/2023,Summer,2023,20,126.7801546,3
T98534,P00020,Self-Help Book,Books,76.23773839,17,04/10/2016,Spring,2016,0,1296.041553,4
T86147,P00051,4K TV,Electronics,86.44003792,19,06/04/2022,Fall,2022,0,1642.36072,4
T68177,P00027,Cookbook,Books,48.669123,12,14/07/2021,Fall,2021,0,584.029476,3
T71196,P00003,Portable Fan,Home Decor,32.03015182,4,06/04/2018,Summer,2018,20,102.4964858,1
T26925,P00048,Air Fryer,Home Decor,55.99261588,7,14/07/2022,Summer,2022,15,333.1560645,2
T33057,P00029,LED Desk Lamp,Home Decor,98.94124269,7,07/10/2016,Winter,2016,0,692.5886988,2
T48734,P00044,External Hard Drive,Accessories,87.76478122,10,08/08/2023,Spring,2023,0,877.6478122,3
T77902,P00036,Children's Book,Books,53.9682058,15,20/03/2022,Spring,2022,15,688.094624,1
T17485,P00025,Coffee Maker,Home Decor,82.04586812,8,13/02/2018,Summer,2018,0,656.366945,2
T37799,P00003,Children's Book,Books,86.3143982,2,25/01/2023,Winter,2023,15,146.7344769,1
T30455,P00041,Formal Suit,Clothing,148.7264869,16,02/07/2022,Winter,2022,0,2379.62379,2
T73969,P00059,Cutting Board,Home Decor,45.43348806,1,27/12/2021,Fall,2021,15,38.61846485,1
T25648,P00006,Flip-Flops,Footwear,52.37230681,14,07/04/2018,Summer,2018,10,659.8910658,1
T31966,P00024,Science Textbook,Books,52.17544184,10,22/01/2018,Winter,2018,0,521.7544184,4
T62714,P00011,Soundbar,Electronics,44.91103284,17,09/07/2023,Winter,2023,0,763.4875583,3
T36283,P00058,Water Filter Pitcher,Home Decor,32.55507873,11,11/10/2021,Winter,2021,20,286.4846928,1
T62196,P00013,Children's Book,Books,20.65786246,19,19/03/2021,Spring,2021,10,353.2494481,3
T86907,P00003,Children's Book,Books,86.3143982,5,28/11/2019,Spring,2019,20,345.2575928,2
T88872,P00035,Running Shoes,Footwear,245.2715374,2,23/12/2019,Spring,2019,10,441.4887673,3
T16360,P00028,Coffee Maker,Home Decor,78.48888909,8,15/08/2015,Spring,2015,0,627.9111127,3
T81011,P00054,Gaming Mouse,Accessories,83.43324919,13,07/08/2022,Fall,2022,0,1084.632239,1
T18083,P00025,Children's Book,Books,48.78779723,1,27/12/2020,Spring,2020,0,48.78779723,4
T16613,P00031,Microwave Oven,Home Decor,56.7502964,13,27/08/2023,Fall,2023,0,737.7538532,1
T34883,P00022,Denim Jeans,Clothing,184.930332,3,02/05/2017,Winter,2017,15,471.5723466,2
T87891,P00021,Children's Book,Books,68.876907,5,27/12/2016,Summer,2016,15,292.7268548,1
T33088,P00042,Leather Loafers,Footwear,122.1890052,16,12/12/2022,Winter,2022,5,1857.272879,2
T18389,P00026,Leather Loafers,Footwear,47.22249147,19,04/09/2016,Fall,2016,0,897.2273379,2
T67114,P00030,Raincoat,Clothing,27.65593972,9,21/04/2019,Summer,2019,5,236.4582846,4
T69395,P00015,Wireless Keyboard,Accessories,48.66412728,6,23/12/2019,Winter,2019,10,262.7862873,3
T66550,P00001,Self-Help Book,Books,85.42045684,7,16/06/2016,Fall,2016,0,597.9431979,4
T48233,P00014,HD Webcam,Accessories,28.42658347,7,28/09/2020,Winter,2020,5,189.0367801,3
T53614,P00018,Hiking Boots,Footwear,186.9915314,15,09/09/2022,Fall,2022,20,2243.898377,1
T85656,P00048,External Hard Drive,Accessories,69.59110966,18,15/06/2015,Winter,2015,15,1064.743978,3
T13051,P00030,Microwave Oven,Home Decor,13.60995824,18,08/06/2016,Winter,2016,5,232.7302859,1
T26066,P00020,Running Shoes,Footwear,170.7075959,2,14/03/2020,Summer,2020,0,341.4151918,2
T60155,P00026,Leather Loafers,Footwear,47.22249147,12,01/08/2015,Summer,2015,0,566.6698976,2
T13970,P00029,USB Flash Drive,Accessories,72.58675262,2,07/02/2021,Summer,2021,5,137.91483,4
T83511,P00009,Winter Jacket,Clothing,24.01779824,3,16/01/2018,Winter,2018,15,61.24538551,3
T82123,P00011,HD Webcam,Accessories,95.16852511,9,20/10/2021,Spring,2021,0,856.516726,3
T97154,P00004,Dress Shoes,Footwear,221.2973787,5,26/06/2020,Summer,2020,0,1106.486894,1
T74480,P00056,Dress Shoes,Footwear,53.99837566,12,11/02/2015,Fall,2015,0,647.9805079,2
T77699,P00041,Wi-Fi Router,Electronics,55.46895571,19,07/03/2020,Summer,2020,0,1053.910158,4
T51862,P00038,Casual Sneakers,Footwear,244.7119409,13,09/08/2016,Spring,2016,10,2863.129709,1
T12164,P00052,Shorts,Clothing,166.5209239,3,02/08/2016,Summer,2016,0,499.5627717,1
T87714,P00027,Denim Jeans,Clothing,122.4287267,19,06/06/2023,Summer,2023,0,2326.145807,3
T18129,P00029,Leather Loafers,Footwear,277.7226306,18,26/04/2015,Winter,2015,0,4999.007351,2
T71102,P00051,Dish Drying Rack,Home Decor,31.77576186,19,01/04/2016,Winter,2016,0,603.7394753,4
T12953,P00037,Wi-Fi Router,Electronics,27.4888876,18,22/07/2021,Fall,2021,0,494.7999768,4
T19047,P00026,Dress Shoes,Footwear,157.3457663,6,11/06/2018,Winter,2018,15,802.4634081,3
T85681,P00019,Hiking Boots,Footwear,104.4622305,19,05/11/2018,Fall,2018,5,1885.543261,2
T76538,P00050,Casual Sneakers,Footwear,140.9205753,2,10/09/2018,Summer,2018,0,281.8411506,2
T93537,P00020,Shorts,Clothing,118.8865785,9,03/02/2015,Spring,2015,5,1016.480246,4
T46368,P00008,HD Webcam,Accessories,15.97386278,5,03/01/2019,Fall,2019,0,79.8693139,1
T43050,P00050,Laptop Stand,Accessories,10.22216527,7,08/01/2020,Summer,2020,0,71.55515689,2
T97409,P00013,Leather Loafers,Footwear,189.8888071,18,15/07/2016,Spring,2016,15,2905.298749,2
T22559,P00027,Biography,Books,38.01995845,12,14/03/2021,Fall,2021,15,387.8035762,1
T58503,P00058,4K TV,Electronics,90.24258803,6,25/04/2019,Spring,2019,0,541.4555282,3
T12674,P00007,Electric Kettle,Home Decor,23.7459155,1,23/10/2017,Fall,2017,0,23.7459155,1
T71572,P00005,Denim Jeans,Clothing,108.2067183,1,23/01/2017,Winter,2017,15,91.97571056,3
T40535,P00008,Coffee Maker,Home Decor,12.90642851,17,22/01/2020,Fall,2020,20,175.5274277,2
T76640,P00050,Shorts,Clothing,28.12346558,13,01/08/2022,Fall,2022,0,365.6050525,1
T19145,P00053,Portable Fan,Home Decor,74.33534781,19,02/09/2021,Summer,2021,0,1412.371608,3
T72126,P00051,Dish Drying Rack,Home Decor,31.77576186,10,09/08/2017,Spring,2017,0,317.7576186,2
T89031,P00029,Winter Jacket,Clothing,22.67592579,15,06/09/2015,Spring,2015,0,340.1388869,1
T68920,P00029,USB Flash Drive,Accessories,72.58675262,17,28/08/2015,Winter,2015,0,1233.974795,2
T32821,P00033,HD Webcam,Accessories,75.28298033,11,04/03/2023,Spring,2023,20,662.4902269,2
T60701,P00026,Leather Loafers,Footwear,253.0444352,4,08/02/2015,Fall,2015,0,1012.177741,4
T77442,P00009,Winter Jacket,Clothing,128.2847208,6,04/09/2023,Summer,2023,0,769.7083248,1
T25583,P00041,Coffee Maker,Home Decor,19.03563271,1,01/03/2023,Winter,2023,10,17.13206944,2
T41115,P00027,Biography,Books,38.01995845,4,14/06/2020,Fall,2020,0,152.0798338,1
T42046,P00006,T-Shirt,Clothing,160.3114442,12,20/07/2017,Spring,2017,0,1923.73733,2
T11130,P00016,Microwave Oven,Home Decor,88.37038309,9,22/08/2015,Fall,2015,20,636.2667582,3
T98114,P00007,Running Shoes,Footwear,150.75651,9,07/01/2022,Summer,2022,5,1288.96816,4
T79381,P00057,Monitor Arm,Electronics,57.70221731,7,20/04/2017,Fall,2017,0,403.9155212,2
T82799,P00008,Coffee Maker,Home Decor,12.90642851,11,17/03/2020,Winter,2020,0,141.9707136,1
T91227,P00036,Digital Camera,Electronics,79.41314979,15,26/08/2017,Spring,2017,0,1191.197247,3
T65723,P00011,Fiction Novel,Books,54.83324414,15,16/11/2022,Spring,2022,0,822.4986621,3
T87929,P00052,Laptop Stand,Accessories,55.27559649,5,04/09/2018,Fall,2018,10,248.7401842,2
T44889,P00002,Coffee Maker,Home Decor,86.99945414,15,16/05/2020,Summer,2020,0,1304.991812,1
T61030,P00009,Dress Shoes,Footwear,82.97465244,8,25/02/2021,Spring,2021,20,531.0377756,2
T41795,P00043,Portable Fan,Home Decor,91.06160935,18,23/03/2018,Winter,2018,5,1557.15352,3
T11783,P00048,LED Desk Lamp,Home Decor,21.95170435,1,12/06/2016,Fall,2016,0,21.95170435,1
T93514,P00038,Soundbar,Electronics,49.25878878,5,13/03/2021,Winter,2021,15,209.3498523,1
T79770,P00043,Dress Shoes,Footwear,221.5284485,5,27/01/2022,Winter,2022,0,1107.642243,2
T22197,P00007,Laptop Stand,Accessories,66.5546547,10,25/06/2017,Summer,2017,20,532.4372376,4
T60302,P00055,Leather Loafers,Footwear,46.68527965,11,26/08/2023,Fall,2023,0,513.5380761,4
T25636,P00014,Smart Thermostat,Electronics,36.60705866,9,01/08/2016,Summer,2016,0,329.4635279,4
T29929,P00055,Winter Jacket,Clothing,65.1052455,17,04/05/2017,Winter,2017,0,1106.789173,3
T40881,P00036,Smart Thermostat,Electronics,36.87655934,1,06/03/2018,Summer,2018,5,35.03273137,3
T23440,P00046,Microwave Oven,Home Decor,28.99832245,6,15/12/2023,Fall,2023,0,173.9899347,1
T36520,P00010,Cutting Board,Home Decor,33.86685158,8,16/04/2018,Summer,2018,0,270.9348126,3
T64818,P00039,Hiking Boots,Footwear,299.4556416,14,05/01/2022,Winter,2022,0,4192.378982,1
T21844,P00049,Electric Kettle,Home Decor,50.41879529,15,04/02/2016,Summer,2016,0,756.2819293,2
T27533,P00020,Smartphone Case,Accessories,32.04616276,12,20/05/2021,Fall,2021,0,384.5539531,4
T84385,P00006,Laptop Stand,Accessories,44.00193936,16,19/01/2016,Fall,2016,0,704.0310298,1
T50416,P00060,Winter Jacket,Clothing,25.70271083,6,25/05/2023,Winter,2023,15,131.0838252,4
T79336,P00060,Laptop Stand,Accessories,22.60612049,18,07/08/2022,Winter,2022,0,406.9101688,2
T40486,P00047,Shorts,Clothing,158.6584094,6,18/08/2022,Fall,2022,0,951.9504564,2
T45255,P00053,Travel Guide,Books,46.81062086,1,26/09/2015,Winter,2015,15,39.78902773,3
T33729,P00052,VR Headset,Electronics,37.89758281,15,04/02/2018,Fall,2018,0,568.4637422,1
T19820,P00038,HD Webcam,Accessories,21.13552794,15,01/04/2018,Spring,2018,10,285.3296272,3
T72325,P00060,Mystery Novel,Books,85.44695979,3,24/11/2019,Spring,2019,0,256.3408794,2
T40394,P00053,Flip-Flops,Footwear,212.9164776,12,04/07/2017,Winter,2017,5,2427.247845,2
T14789,P00021,Smartphone Case,Accessories,81.11112352,4,19/09/2016,Summer,2016,0,324.4444941,3
T58503,P00058,Fitness Tracker,Electronics,15.13157896,2,16/02/2020,Fall,2020,0,30.26315792,3
T39473,P00018,Hiking Boots,Footwear,141.0688755,5,26/03/2016,Fall,2016,0,705.3443775,4
T52381,P00032,Smart Thermostat,Electronics,77.98492696,18,23/08/2020,Winter,2020,0,1403.728685,1
T76909,P00015,Casual Sneakers,Footwear,182.3740719,5,16/12/2021,Spring,2021,5,866.2768415,4
T65476,P00032,VR Headset,Electronics,20.17874153,19,10/03/2020,Winter,2020,20,306.7168713,3
T40723,P00050,Digital Camera,Electronics,34.10868845,16,14/11/2021,Summer,2021,20,436.5912122,3
T46523,P00058,Soundbar,Electronics,95.87951352,5,27/03/2020,Winter,2020,0,479.3975676,2
T98271,P00058,4K TV,Electronics,91.49581732,4,09/07/2019,Winter,2019,20,292.7866154,2
T80227,P00046,Water Filter Pitcher,Home Decor,23.49249653,8,13/05/2018,Summer,2018,10,169.145975,4
T52844,P00056,Smart Thermostat,Electronics,33.62821259,6,28/06/2020,Winter,2020,0,201.7692755,1
T28302,P00039,Sweatpants,Clothing,186.1017212,8,23/04/2022,Winter,2022,0,1488.81377,3
T43290,P00060,Self-Help Book,Books,32.83738484,10,22/10/2018,Winter,2018,5,311.955156,1
T99907,P00043,Winter Jacket,Clothing,167.7323374,1,06/02/2017,Fall,2017,20,134.1858699,2
T36352,P00016,Hiking Boots,Footwear,235.0877708,15,17/05/2020,Spring,2020,0,3526.316562,1
T26025,P00017,Fitness Tracker,Electronics,79.1356444,11,09/03/2022,Summer,2022,0,870.4920884,4
T33733,P00041,Portable Fan,Home Decor,34.62682535,9,16/05/2017,Fall,2017,0,311.6414282,4
T96706,P00052,Digital Camera,Electronics,80.96016347,3,14/08/2019,Summer,2019,20,194.3043923,1
T68171,P00005,Children's Book,Books,59.09808489,7,18/10/2016,Fall,2016,5,393.0022645,4
T12056,P00001,HD Webcam,Accessories,51.68762902,6,03/03/2022,Fall,2022,0,310.1257741,2
T88978,P00035,Monitor Arm,Electronics,56.45015651,14,01/01/2015,Summer,2015,10,711.271972,3
T21251,P00055,Cordless Vacuum,Home Decor,17.25917989,10,25/06/2022,Fall,2022,20,138.0734391,2
T49095,P00011,HD Webcam,Accessories,46.59108174,12,09/08/2021,Winter,2021,5,531.1383318,4
T39767,P00039,Wireless Earbuds,Electronics,67.01758455,5,01/06/2023,Spring,2023,0,335.0879228,3
T66088,P00028,Gaming Mouse,Accessories,44.46526678,12,11/04/2018,Spring,2018,0,533.5832014,3
T33053,P00054,Casual Sneakers,Footwear,210.1010631,2,10/10/2023,Fall,2023,0,420.2021262,1
T36521,P00038,LED Desk Lamp,Home Decor,88.65094308,18,18/08/2019,Fall,2019,0,1595.716975,4
T18172,P00056,Hiking Boots,Footwear,85.43040207,1,24/07/2023,Spring,2023,20,68.34432166,3
T57594,P00011,Fiction Novel,Books,41.50901244,3,19/02/2018,Fall,2018,5,118.3006855,1
T47918,P00010,Fitness Tracker,Electronics,57.41127189,11,06/04/2020,Spring,2020,10,568.3715917,4
T36309,P00036,Flip-Flops,Footwear,180.3113098,4,05/09/2020,Fall,2020,0,721.2452392,3
T69790,P00056,Hiking Boots,Footwear,158.248976,14,21/05/2022,Fall,2022,10,1993.937098,3
T55013,P00046,Biography,Books,29.16464738,14,22/04/2015,Fall,2015,0,408.3050633,3
T59875,P00016,Wireless Keyboard,Accessories,79.06218949,4,02/09/2023,Spring,2023,5,300.4363201,1
T57177,P00008,USB Flash Drive,Accessories,52.22133171,16,25/03/2017,Fall,2017,0,835.5413074,1
T80207,P00044,Casual Sneakers,Footwear,206.2421039,18,11/03/2016,Summer,2016,0,3712.35787,3
T62508,P00015,Gaming Mouse,Accessories,96.38747529,10,15/10/2021,Summer,2021,20,771.0998023,3
T56110,P00007,Formal Suit,Clothing,189.4571927,4,05/09/2023,Winter,2023,0,757.8287708,1
T51495,P00055,Hoodie,Clothing,151.6796863,18,26/03/2019,Spring,2019,0,2730.234353,2
T86737,P00047,Hoodie,Clothing,88.87620409,9,02/07/2021,Fall,2021,0,799.8858368,3
T90901,P00040,Dress Shoes,Footwear,278.6186678,5,03/05/2022,Fall,2022,10,1253.784005,3
T69303,P00017,Wireless Keyboard,Accessories,87.02360707,17,17/10/2015,Spring,2015,0,1479.40132,4
T61524,P00052,Soundbar,Electronics,51.56580631,15,15/01/2018,Summer,2018,15,657.4640305,3
T15027,P00015,Biography,Books,22.3346834,8,14/04/2019,Winter,2019,0,178.6774672,1
T20977,P00045,Toaster Oven,Home Decor,92.42719677,19,21/05/2019,Winter,2019,5,1668.310902,3
T55489,P00049,Self-Help Book,Books,17.21729453,6,03/11/2015,Winter,2015,0,103.3037672,2
T47780,P00029,Raincoat,Clothing,191.0770094,15,21/07/2021,Summer,2021,5,2722.847384,4
T46641,P00036,Wireless Keyboard,Accessories,16.71161709,14,19/01/2015,Spring,2015,0,233.9626393,4
T99973,P00004,Running Shoes,Footwear,240.4411329,5,22/05/2020,Winter,2020,0,1202.205665,3
T41415,P00010,Mechanical Keyboard,Electronics,57.12088399,1,03/04/2021,Winter,2021,0,57.12088399,2
T51936,P00011,Raincoat,Clothing,74.46160869,6,22/11/2020,Winter,2020,10,402.0926869,2
T23317,P00060,Self-Help Book,Books,32.83738484,5,04/03/2019,Fall,2019,20,131.3495394,1
T81054,P00026,Sweatpants,Clothing,165.5060433,17,16/07/2020,Fall,2020,0,2813.602736,1
T70012,P00006,Mystery Novel,Books,29.86219296,6,20/02/2020,Spring,2020,5,170.2144999,3
T15691,P00025,Travel Guide,Books,13.85569216,3,28/03/2018,Summer,2018,5,39.48872266,3
T92032,P00002,E-Reader,Electronics,47.22655763,4,09/03/2015,Fall,2015,0,188.9062305,4
T94218,P00020,Fitness Tracker,Electronics,51.58196056,18,21/07/2015,Spring,2015,0,928.4752901,1
T37050,P00016,Smartwatch,Electronics,92.07857765,6,11/03/2015,Summer,2015,0,552.4714659,3
T87332,P00027,Monitor Arm,Electronics,66.93792727,19,18/07/2015,Fall,2015,0,1271.820618,4
T20715,P00016,Formal Suit,Clothing,136.5587067,9,14/11/2021,Winter,2021,0,1229.02836,2
T66143,P00034,Smart Thermostat,Electronics,95.2124771,12,20/01/2019,Spring,2019,5,1085.422239,2
T42264,P00043,External Hard Drive,Accessories,61.53538529,9,15/09/2016,Spring,2016,0,553.8184676,3
T18933,P00032,Flip-Flops,Footwear,71.37346025,17,11/01/2017,Summer,2017,0,1213.348824,4
T61319,P00028,Wireless Earbuds,Electronics,26.36399452,5,10/04/2017,Spring,2017,0,131.8199726,3
T43971,P00013,Biography,Books,79.49581159,10,25/05/2021,Fall,2021,15,675.7143985,4
T50154,P00039,Cookbook,Books,25.2948242,10,16/10/2023,Spring,2023,10,227.6534178,3
T23869,P00001,Flip-Flops,Footwear,65.87532781,14,05/06/2020,Spring,2020,20,737.8036715,3
T93611,P00025,Coffee Maker,Home Decor,32.05077957,17,15/04/2022,Fall,2022,0,544.8632527,3
T93324,P00035,Bluetooth Speaker,Electronics,18.09494841,5,27/08/2020,Spring,2020,0,90.47474205,4
T81988,P00016,Flip-Flops,Footwear,32.86203273,6,25/12/2023,Fall,2023,0,197.1721964,1
T12155,P00034,Soundbar,Electronics,33.56033344,4,13/11/2022,Fall,2022,0,134.2413338,1
T58974,P00009,Smartwatch,Electronics,60.53823128,17,15/10/2021,Fall,2021,15,874.777442,2
T62414,P00058,Hiking Boots,Footwear,195.8935137,14,20/02/2019,Summer,2019,0,2742.509192,2
T47083,P00001,Microwave Oven,Home Decor,72.33695345,9,01/01/2021,Spring,2021,20,520.8260648,4
T47586,P00039,Portable Fan,Home Decor,52.27767508,4,01/06/2020,Spring,2020,0,209.1107003,3
T47538,P00003,Running Shoes,Footwear,105.1219113,6,15/09/2022,Spring,2022,0,630.7314678,1
T27667,P00039,Dress Shoes,Footwear,34.44119986,1,01/03/2020,Fall,2020,20,27.55295989,2
T81031,P00057,Mystery Novel,Books,58.30195707,18,16/07/2023,Fall,2023,10,944.4917045,2
T80687,P00050,Digital Camera,Electronics,17.52648969,10,25/11/2017,Winter,2017,20,140.2119175,3
T13134,P00052,Biography,Books,68.87057358,14,25/09/2019,Fall,2019,15,819.5598256,2
T22938,P00047,Casual Sneakers,Footwear,225.9362768,11,18/10/2019,Fall,2019,0,2485.299045,2
T33461,P00025,Smartwatch,Electronics,22.17784624,1,02/10/2016,Winter,2016,5,21.06895393,1
T44961,P00026,Hoodie,Clothing,134.5048117,17,07/09/2015,Winter,2015,10,2057.923619,4
T61431,P00016,VR Headset,Electronics,86.81782988,11,23/04/2015,Fall,2015,5,907.2463222,2
T98636,P00051,Winter Jacket,Clothing,140.4836035,6,18/09/2015,Spring,2015,20,674.3212968,1
T55606,P00004,Digital Camera,Electronics,44.53665126,19,22/06/2017,Summer,2017,0,846.1963739,4
T24999,P00045,Digital Camera,Electronics,27.23007625,16,09/05/2018,Winter,2018,0,435.68122,4
T72878,P00032,Smart Thermostat,Electronics,52.54989811,18,21/10/2023,Spring,2023,10,851.3083494,3
T93171,P00031,Dress Shoes,Footwear,226.0546892,17,17/05/2022,Fall,2022,0,3842.929716,2
T23003,P00012,Cookbook,Books,24.7273398,3,10/02/2016,Fall,2016,15,63.05471649,3
T55389,P00009,Blender,Home Decor,92.56658125,6,28/02/2017,Fall,2017,0,555.3994875,2
T94930,P00025,Laptop Stand,Accessories,61.45471904,9,02/08/2017,Fall,2017,0,553.0924714,4
T56526,P00032,Toaster Oven,Home Decor,79.25897957,17,15/05/2020,Spring,2020,10,1212.662387,1
T14601,P00050,Gaming Mouse,Accessories,69.33718846,13,13/07/2017,Spring,2017,0,901.38345,1
T50854,P00017,Self-Help Book,Books,51.09460973,10,16/01/2022,Winter,2022,0,510.9460973,2
T69261,P00054,Flip-Flops,Footwear,170.7913381,2,03/10/2021,Summer,2021,20,273.266141,1
T55076,P00058,Fitness Tracker,Electronics,15.13157896,18,15/02/2018,Fall,2018,0,272.3684213,3
T60629,P00002,Soundbar,Electronics,69.58083087,5,02/02/2022,Spring,2022,5,330.5089466,4
T73411,P00048,Self-Help Book,Books,25.02586051,1,13/07/2022,Fall,2022,0,25.02586051,2
T32699,P00037,Biography,Books,90.03030419,17,16/07/2023,Summer,2023,20,1224.412137,4
T93845,P00013,E-Reader,Electronics,33.54841119,18,22/10/2020,Spring,2020,0,603.8714014,4
T60420,P00034,Microwave Oven,Home Decor,31.01439505,8,16/09/2018,Spring,2018,0,248.1151604,1
T19868,P00001,Toaster Oven,Home Decor,23.99648931,13,10/12/2016,Summer,2016,0,311.954361,3
T69204,P00018,Dish Drying Rack,Home Decor,43.0639198,5,24/09/2022,Summer,2022,5,204.5536191,1
T41236,P00006,Laptop Stand,Accessories,69.89613244,17,09/06/2020,Winter,2020,15,1009.999114,1
T11933,P00058,Shorts,Clothing,90.77061683,3,17/06/2020,Spring,2020,0,272.3118505,3
T49695,P00033,Shorts,Clothing,181.4074785,12,15/06/2023,Winter,2023,15,1850.356281,1
T93568,P00012,Fiction Novel,Books,14.79968134,3,03/01/2016,Summer,2016,0,44.39904402,1
T24937,P00044,Air Fryer,Home Decor,10.55261464,11,20/03/2021,Winter,2021,0,116.078761,4
T55217,P00043,Winter Jacket,Clothing,167.7323374,16,09/09/2023,Spring,2023,20,2146.973919,2
T64281,P00056,Fiction Novel,Books,72.53947949,17,15/02/2020,Winter,2020,5,1171.512594,4
T96569,P00050,Cordless Vacuum,Home Decor,84.54547407,19,09/10/2016,Fall,2016,0,1606.364007,3
T12589,P00018,Electric Kettle,Home Decor,73.66104633,6,20/07/2016,Spring,2016,5,419.8679641,2
T90459,P00014,Self-Help Book,Books,83.87486113,17,24/08/2016,Fall,2016,0,1425.872639,2
T37260,P00021,HD Webcam,Accessories,62.85878292,8,02/01/2017,Summer,2017,0,502.8702634,2
T81519,P00052,Leather Loafers,Footwear,184.4712895,7,27/06/2015,Fall,2015,10,1162.169124,3
T51911,P00028,Wireless Keyboard,Accessories,65.07225026,15,12/06/2020,Spring,2020,0,976.0837539,2
T45779,P00004,Smartphone Case,Accessories,10.0926384,14,08/09/2018,Fall,2018,0,141.2969376,2
T39485,P00035,VR Headset,Electronics,23.3764196,19,03/03/2020,Spring,2020,0,444.1519724,4
T82265,P00045,Leather Loafers,Footwear,192.1027554,15,09/08/2016,Spring,2016,5,2737.464264,3
T30115,P00020,Water Filter Pitcher,Home Decor,86.21196407,13,21/11/2020,Fall,2020,0,1120.755533,1
T97090,P00035,Travel Guide,Books,35.7177125,19,15/08/2022,Spring,2022,10,610.7728837,2
T97350,P00022,VR Headset,Electronics,45.61043429,14,26/07/2017,Winter,2017,0,638.5460801,4
T48062,P00036,Dish Drying Rack,Home Decor,38.37744102,6,25/10/2019,Winter,2019,0,230.2646461,4
T67467,P00053,Denim Jeans,Clothing,112.804587,11,02/04/2018,Winter,2018,0,1240.850457,1
T77628,P00042,Leather Loafers,Footwear,122.1890052,19,01/04/2019,Summer,2019,0,2321.591099,1
T89098,P00003,Gaming Mouse,Accessories,22.84127033,4,25/11/2023,Spring,2023,0,91.36508132,3
T30967,P00037,Dish Drying Rack,Home Decor,42.67929885,8,22/08/2016,Summer,2016,0,341.4343908,3
T93140,P00046,Denim Jeans,Clothing,100.7807539,16,13/10/2015,Spring,2015,0,1612.492062,2
T66588,P00050,USB Flash Drive,Accessories,71.83214543,8,09/09/2022,Fall,2022,20,459.7257308,3
T10570,P00010,Dress Shoes,Footwear,67.98651454,14,18/04/2015,Winter,2015,20,761.4489628,3
T57199,P00028,Formal Suit,Clothing,184.374419,5,20/09/2015,Fall,2015,20,737.497676,3
T68391,P00019,Smartwatch,Electronics,13.58862601,2,18/12/2019,Fall,2019,0,27.17725202,1
T57280,P00019,Fitness Tracker,Electronics,64.49528313,4,26/07/2022,Winter,2022,10,232.1830193,2
T13376,P00040,Dress Shoes,Footwear,278.6186678,2,23/01/2023,Summer,2023,15,473.6517353,1
T69834,P00002,Soundbar,Electronics,69.58083087,10,10/02/2016,Fall,2016,0,695.8083087,1
T69169,P00037,Laptop Stand,Accessories,87.6194329,10,16/12/2018,Winter,2018,5,832.3846126,2
T68185,P00025,Laptop Stand,Accessories,33.61133351,1,06/07/2021,Fall,2021,20,26.88906681,3
T67371,P00026,Soundbar,Electronics,50.59486052,10,09/07/2022,Summer,2022,0,505.9486052,3
T21301,P00039,Laptop Stand,Accessories,27.55355363,12,01/07/2018,Summer,2018,0,330.6426436,1
T32836,P00034,Smart Thermostat,Electronics,95.2124771,14,28/01/2017,Winter,2017,10,1199.677211,1
T14782,P00051,Shorts,Clothing,30.44307937,5,25/02/2019,Summer,2019,15,129.3830873,1
T88059,P00010,Flip-Flops,Footwear,85.13435901,4,27/02/2019,Spring,2019,10,306.4836924,1
T97508,P00045,Laptop Stand,Accessories,73.2078691,8,22/10/2023,Winter,2023,20,468.5303622,4
T61884,P00015,USB Flash Drive,Accessories,10.9421716,18,08/11/2015,Spring,2015,0,196.9590888,1
T17014,P00021,Mystery Novel,Books,24.5927691,6,25/11/2019,Fall,2019,0,147.5566146,4
T46881,P00017,Raincoat,Clothing,87.66043989,7,07/12/2019,Winter,2019,0,613.6230792,3
T88578,P00034,Gaming Mouse,Accessories,56.02200782,8,11/07/2020,Fall,2020,20,358.54085,4
T58017,P00003,T-Shirt,Clothing,180.2709663,14,15/03/2019,Fall,2019,0,2523.793528,1
T15272,P00015,Air Fryer,Home Decor,73.70786827,14,02/09/2018,Summer,2018,0,1031.910156,4
T74749,P00048,Casual Sneakers,Footwear,202.9903733,4,25/05/2015,Spring,2015,0,811.9614932,3
T17645,P00043,Portable Fan,Home Decor,91.06160935,14,06/02/2017,Winter,2017,0,1274.862531,4
T19278,P00047,Shorts,Clothing,128.9472484,9,19/06/2017,Winter,2017,15,986.4464503,2
T77092,P00004,Wireless Earbuds,Electronics,67.21649488,17,04/09/2021,Spring,2021,20,914.1443304,4
T68049,P00020,Mystery Novel,Books,53.08479096,9,24/02/2017,Fall,2017,0,477.7631186,4
T78908,P00011,Portable Fan,Home Decor,91.00121711,7,28/11/2016,Spring,2016,0,637.0085198,4
T80683,P00056,Fiction Novel,Books,53.33017694,2,27/09/2021,Winter,2021,20,85.3282831,2
T27507,P00037,Dress Shoes,Footwear,108.9379873,16,06/10/2017,Winter,2017,15,1481.556627,3
T47748,P00009,Blender,Home Decor,69.10825562,19,28/03/2018,Winter,2018,0,1313.056857,1
T69185,P00051,Science Textbook,Books,42.10899234,11,18/01/2019,Spring,2019,10,416.8790242,3
T40493,P00019,Fitness Tracker,Electronics,64.49528313,16,18/06/2023,Winter,2023,0,1031.92453,1
T64327,P00016,HD Webcam,Accessories,77.76995279,1,16/05/2018,Summer,2018,15,66.10445987,2
T56390,P00042,Children's Book,Books,59.98529611,1,18/12/2015,Winter,2015,0,59.98529611,3
T21093,P00053,Dress Shoes,Footwear,265.2645749,10,28/12/2017,Winter,2017,0,2652.645749,2
T94042,P00029,LED Desk Lamp,Home Decor,23.23270083,18,17/07/2021,Fall,2021,0,418.1886149,4
T33371,P00030,Casual Sneakers,Footwear,241.8698811,11,19/11/2021,Fall,2021,5,2527.540257,3
T85246,P00018,Hiking Boots,Footwear,146.1797639,6,02/03/2022,Fall,2022,5,833.2246542,1
T32184,P00042,Sweatpants,Clothing,62.22236358,14,18/04/2016,Winter,2016,0,871.1130901,4
T27238,P00016,Water Filter Pitcher,Home Decor,34.92678528,3,12/06/2021,Spring,2021,0,104.7803558,3
T75074,P00005,Gaming Mouse,Accessories,67.84233206,3,11/06/2020,Summer,2020,0,203.5269962,2
T16846,P00026,Denim Jeans,Clothing,87.69481371,8,08/01/2020,Winter,2020,0,701.5585097,3
T62268,P00051,Sweatpants,Clothing,27.91534781,3,02/03/2019,Fall,2019,0,83.74604343,4
T46884,P00032,E-Reader,Electronics,46.85690325,12,12/05/2016,Fall,2016,15,477.9404132,1
T46451,P00053,Laptop Stand,Accessories,17.1522553,9,07/06/2018,Spring,2018,0,154.3702977,4
T22552,P00009,T-Shirt,Clothing,76.23100867,8,08/07/2021,Summer,2021,15,518.370859,4
T60314,P00043,Science Textbook,Books,49.4388353,16,20/04/2022,Spring,2022,0,791.0213648,1
T19963,P00035,Sweatpants,Clothing,59.96562651,2,20/11/2020,Spring,2020,0,119.931253,2
T13236,P00009,Winter Jacket,Clothing,128.2847208,14,17/02/2017,Fall,2017,20,1436.788873,4
T31305,P00057,Winter Jacket,Clothing,120.4397725,4,24/09/2015,Fall,2015,0,481.75909,1
T37881,P00033,Self-Help Book,Books,98.76427726,7,11/11/2021,Winter,2021,0,691.3499408,4
T44189,P00040,Wireless Earbuds,Electronics,49.51019957,9,23/10/2016,Fall,2016,15,378.7530267,1
T69949,P00041,USB Flash Drive,Accessories,48.95136318,14,03/09/2021,Fall,2021,0,685.3190845,2
T52642,P00052,Smart Thermostat,Electronics,18.34694156,2,26/03/2023,Fall,2023,20,29.3551065,2
T47632,P00040,Wireless Keyboard,Accessories,81.54365657,16,18/05/2016,Spring,2016,0,1304.698505,3
T11316,P00019,Toaster Oven,Home Decor,22.41758198,6,02/10/2015,Winter,2015,15,114.3296681,3
T33102,P00029,Running Shoes,Footwear,297.4450409,1,05/11/2018,Spring,2018,0,297.4450409,3
T29693,P00016,Hoodie,Clothing,100.8662326,15,09/06/2021,Fall,2021,10,1361.69414,3
T78019,P00045,Shorts,Clothing,104.0182369,6,01/09/2018,Summer,2018,0,624.1094214,3
T90596,P00046,Soundbar,Electronics,25.83489496,16,17/10/2016,Fall,2016,0,413.3583194,4
T51965,P00030,Formal Suit,Clothing,72.35481305,14,24/09/2019,Summer,2019,20,810.3739062,1
T23580,P00051,Sweatpants,Clothing,56.15254104,2,11/02/2022,Summer,2022,10,101.0745739,1
T79585,P00026,Coffee Maker,Home Decor,89.33655316,12,06/10/2021,Fall,2021,5,1018.436706,4
T32449,P00004,Cordless Vacuum,Home Decor,83.70670312,1,06/03/2016,Spring,2016,0,83.70670312,3
T79428,P00042,Monitor Arm,Electronics,40.01646919,7,16/03/2015,Winter,2015,15,238.0979917,3
T43063,P00038,Soundbar,Electronics,49.25878878,10,24/09/2015,Winter,2015,0,492.5878878,4
T67995,P00007,Sweatpants,Clothing,108.7153227,13,07/12/2019,Fall,2019,0,1413.299195,2
T89845,P00008,Cutting Board,Home Decor,59.92106729,19,08/01/2016,Summer,2016,0,1138.500279,3
T84710,P00020,Hiking Boots,Footwear,157.4339725,18,18/06/2022,Summer,2022,10,2550.430355,1
T76003,P00048,Soundbar,Electronics,45.8707049,17,27/05/2015,Fall,2015,0,779.8019833,1
T38273,P00016,Microwave Oven,Home Decor,88.37038309,18,13/12/2021,Spring,2021,0,1590.666896,2
T35992,P00034,Electric Kettle,Home Decor,39.41045614,16,25/05/2017,Summer,2017,20,504.4538386,4
T33439,P00044,Leather Loafers,Footwear,167.244252,10,06/11/2019,Fall,2019,0,1672.44252,3
T51887,P00023,Children's Book,Books,30.8275384,4,26/06/2023,Winter,2023,0,123.3101536,2
T59531,P00007,Sweatpants,Clothing,108.7153227,16,04/09/2018,Fall,2018,0,1739.445163,3
T52427,P00034,Cookbook,Books,65.59355993,4,23/12/2020,Winter,2020,0,262.3742397,3
T91122,P00019,Hiking Boots,Footwear,192.164803,19,25/11/2021,Summer,2021,0,3651.131257,4
T68791,P00044,Monitor Arm,Electronics,63.93149726,19,07/02/2015,Winter,2015,10,1093.228603,2
T63046,P00025,Science Textbook,Books,16.68686844,7,15/09/2017,Summer,2017,10,105.1272712,2
T17139,P00005,Gaming Mouse,Accessories,39.51834027,1,20/01/2023,Spring,2023,0,39.51834027,2
T27465,P00026,Smartphone Case,Accessories,60.52100031,8,24/10/2022,Winter,2022,5,459.9596024,2
T97402,P00020,Mystery Novel,Books,53.08479096,13,15/08/2020,Spring,2020,5,655.5971684,3
T68581,P00015,Flip-Flops,Footwear,44.280193,11,01/04/2019,Fall,2019,0,487.082123,4
T99067,P00039,Cookbook,Books,30.62664198,8,06/12/2017,Spring,2017,0,245.0131358,4
T58061,P00001,Denim Jeans,Clothing,135.0826256,14,10/09/2020,Winter,2020,0,1891.156758,1
T66249,P00029,Leather Loafers,Footwear,277.7226306,1,16/02/2018,Summer,2018,0,277.7226306,4
T94347,P00015,Smartphone Case,Accessories,59.79137076,18,27/12/2023,Winter,2023,5,1022.43244,1
T61389,P00012,Wireless Keyboard,Accessories,56.03175319,19,02/03/2022,Summer,2022,15,904.912814,1
T16544,P00020,Hiking Boots,Footwear,271.1606074,3,17/04/2021,Spring,2021,0,813.4818222,4
T59294,P00006,Air Fryer,Home Decor,24.5010607,16,21/05/2019,Spring,2019,0,392.0169712,3
T18463,P00011,Fiction Novel,Books,92.82209012,5,16/05/2020,Summer,2020,0,464.1104506,2
T35407,P00044,Running Shoes,Footwear,242.4022619,9,06/02/2021,Summer,2021,5,2072.539339,4
T83098,P00051,Hoodie,Clothing,26.87549335,13,18/09/2018,Summer,2018,0,349.3814136,2
T93910,P00010,Mystery Novel,Books,31.91918913,13,14/02/2019,Fall,2019,0,414.9494587,2
T10637,P00043,Smart Thermostat,Electronics,74.38334857,1,28/11/2017,Winter,2017,10,66.94501371,4
T33641,P00046,Wireless Earbuds,Electronics,58.59197792,10,09/05/2017,Summer,2017,0,585.9197792,1
T52692,P00022,Raincoat,Clothing,31.91363872,10,01/12/2018,Summer,2018,20,255.3091098,2
T60546,P00030,LED Desk Lamp,Home Decor,15.27378723,2,03/12/2016,Spring,2016,10,27.49281701,1
T38887,P00053,Smartwatch,Electronics,64.49183742,14,11/01/2020,Spring,2020,0,902.8857239,3
T37341,P00017,Cookbook,Books,24.29804556,7,23/02/2022,Summer,2022,0,170.0863189,4
T88206,P00037,HD Webcam,Accessories,98.18275593,6,28/05/2017,Fall,2017,0,589.0965356,1
T52873,P00031,Biography,Books,65.6483772,3,22/12/2022,Summer,2022,5,187.097875,4
T32505,P00007,Laptop Stand,Accessories,66.5546547,12,13/07/2020,Winter,2020,20,638.9246851,1
T84310,P00035,Blender,Home Decor,87.07035924,15,10/09/2020,Spring,2020,0,1306.055389,3
T81333,P00060,E-Reader,Electronics,81.43818878,14,02/10/2022,Winter,2022,0,1140.134643,1
T47693,P00015,Formal Suit,Clothing,153.7469137,10,01/12/2017,Winter,2017,0,1537.469137,3
T85876,P00052,Wireless Earbuds,Electronics,21.56964381,5,09/06/2015,Spring,2015,0,107.8482191,2
T94716,P00012,Travel Guide,Books,83.19557919,9,26/10/2023,Summer,2023,0,748.7602127,4
T56380,P00025,Laptop Stand,Accessories,61.45471904,15,05/07/2015,Winter,2015,5,875.7297463,4
T38688,P00037,Children's Book,Books,97.38278097,5,22/07/2015,Winter,2015,0,486.9139049,2
T26983,P00034,Hoodie,Clothing,114.8964946,7,19/12/2016,Summer,2016,10,723.847916,2
T23105,P00005,Mystery Novel,Books,28.31981106,8,01/07/2023,Summer,2023,0,226.5584885,2
T68397,P00013,Soundbar,Electronics,81.39186838,3,09/04/2018,Spring,2018,0,244.1756051,4
T50955,P00049,Electric Kettle,Home Decor,50.41879529,19,15/08/2022,Spring,2022,0,957.9571105,4
T38774,P00011,Denim Jeans,Clothing,15.7909124,5,01/01/2018,Fall,2018,20,63.1636496,1
T48664,P00018,External Hard Drive,Accessories,53.97274473,19,14/12/2022,Winter,2022,0,1025.48215,4
T46498,P00012,Smartphone Case,Accessories,41.0446094,5,06/04/2017,Spring,2017,0,205.223047,3
T60325,P00021,Denim Jeans,Clothing,26.74559354,4,11/12/2019,Spring,2019,0,106.9823742,1
T60799,P00046,Fiction Novel,Books,66.54163833,6,11/10/2020,Summer,2020,0,399.24983,3
T50144,P00048,Winter Jacket,Clothing,28.68050763,4,23/04/2019,Spring,2019,10,103.2498275,1
T70304,P00011,Water Filter Pitcher,Home Decor,86.90545831,17,22/04/2019,Spring,2019,0,1477.392791,2
T70805,P00028,Denim Jeans,Clothing,117.1561955,4,22/06/2020,Fall,2020,15,398.3310647,2
T84676,P00047,Biography,Books,57.29893628,11,09/11/2019,Fall,2019,0,630.2882991,3
T55955,P00007,Electric Kettle,Home Decor,23.7459155,19,24/09/2022,Fall,2022,15,383.4965353,2
T79815,P00025,External Hard Drive,Accessories,20.44572856,19,15/03/2023,Summer,2023,5,369.0454005,3
T15432,P00045,Cutting Board,Home Decor,32.68873586,17,18/01/2017,Winter,2017,0,555.7085096,3
T82427,P00042,Leather Loafers,Footwear,237.4839021,12,24/05/2022,Summer,2022,0,2849.806825,2
T17466,P00014,Casual Sneakers,Footwear,59.62177227,7,24/05/2023,Fall,2023,0,417.3524059,4
T61052,P00038,Mystery Novel,Books,96.39417284,7,07/10/2023,Fall,2023,10,607.2832889,3
T82317,P00048,Laptop Stand,Accessories,87.1289369,17,07/11/2015,Fall,2015,0,1481.191927,3
T75836,P00005,Wireless Keyboard,Accessories,53.15895347,4,01/12/2017,Spring,2017,10,191.3722325,1
T84418,P00031,Wireless Keyboard,Accessories,92.50907524,14,22/12/2015,Fall,2015,5,1230.370701,3
T15037,P00033,Sweatpants,Clothing,93.36191687,11,18/07/2023,Winter,2023,0,1026.981086,4
T50443,P00051,Running Shoes,Footwear,94.98275738,11,19/03/2020,Winter,2020,0,1044.810331,1
T52690,P00026,Fiction Novel,Books,15.97677795,14,03/07/2015,Winter,2015,0,223.6748913,3
T93230,P00042,Toaster Oven,Home Decor,42.69312436,6,22/09/2015,Winter,2015,0,256.1587462,1
T55987,P00027,Dish Drying Rack,Home Decor,56.1194807,15,22/02/2019,Spring,2019,10,757.6129895,4
T14271,P00011,Travel Guide,Books,58.11514069,7,13/06/2022,Summer,2022,15,345.7850871,4
T27469,P00029,Casual Sneakers,Footwear,119.393665,7,08/03/2023,Winter,2023,0,835.755655,3
T17543,P00026,Portable Fan,Home Decor,43.45894457,3,26/12/2023,Winter,2023,15,110.8203087,1
T76968,P00039,Gaming Mouse,Accessories,54.48567803,6,12/08/2017,Spring,2017,20,261.5312545,4
T98794,P00021,Hiking Boots,Footwear,232.2112794,19,16/01/2018,Summer,2018,0,4412.014309,3
T19888,P00015,Biography,Books,22.3346834,13,22/12/2023,Summer,2023,0,290.3508842,1
T87763,P00053,Toaster Oven,Home Decor,62.08460699,11,15/11/2021,Winter,2021,10,614.6376092,1
T43367,P00043,Dress Shoes,Footwear,155.2116714,9,01/07/2017,Spring,2017,5,1327.05979,2
T64681,P00017,Fiction Novel,Books,94.3626405,3,12/09/2021,Summer,2021,0,283.0879215,3
T34154,P00017,Smartwatch,Electronics,98.54570545,5,01/10/2017,Spring,2017,5,468.0921009,2
T12988,P00028,Raincoat,Clothing,140.83281,18,22/09/2020,Summer,2020,0,2534.99058,1
T65773,P00030,Toaster Oven,Home Decor,95.04468158,9,12/01/2021,Fall,2021,0,855.4021342,2
T44477,P00040,Children's Book,Books,72.01669007,10,04/03/2018,Winter,2018,0,720.1669007,4
T42437,P00034,Soundbar,Electronics,54.58322716,17,19/07/2018,Fall,2018,0,927.9148617,4
T63942,P00018,HD Webcam,Accessories,29.88218825,1,12/05/2016,Spring,2016,0,29.88218825,2
T38975,P00050,External Hard Drive,Accessories,65.21958193,15,08/06/2018,Fall,2018,0,978.293729,3
T62540,P00009,Casual Sneakers,Footwear,170.2406672,10,04/01/2022,Spring,2022,0,1702.406672,4
T74930,P00004,Dress Shoes,Footwear,221.2973787,11,15/07/2016,Fall,2016,0,2434.271166,1
T97663,P00028,Hiking Boots,Footwear,53.47184648,19,12/12/2016,Summer,2016,20,812.7720665,1
T43762,P00020,Mystery Novel,Books,53.08479096,15,22/10/2018,Fall,2018,0,796.2718644,3
T65197,P00059,Water Filter Pitcher,Home Decor,37.05074966,11,05/07/2019,Summer,2019,10,366.8024216,2
T19895,P00032,Air Fryer,Home Decor,28.96902394,5,11/03/2016,Winter,2016,0,144.8451197,3
T37431,P00056,Smart Thermostat,Electronics,33.62821259,11,07/09/2022,Spring,2022,20,295.9282708,1
T94075,P00012,4K TV,Electronics,24.68178235,7,28/07/2018,Winter,2018,10,155.4952288,3
T97685,P00051,LED Desk Lamp,Home Decor,14.66209301,17,12/04/2021,Winter,2021,0,249.2555812,2
T75471,P00009,Dress Shoes,Footwear,182.9272652,8,18/11/2019,Fall,2019,5,1390.247216,2
T53308,P00042,Leather Loafers,Footwear,64.83433031,16,21/07/2018,Fall,2018,0,1037.349285,1
T96348,P00037,Denim Jeans,Clothing,100.103657,7,10/03/2020,Spring,2020,20,560.5804792,3
T46583,P00040,Dress Shoes,Footwear,177.1845037,19,12/07/2019,Fall,2019,0,3366.50557,1
T95096,P00051,Hiking Boots,Footwear,202.4486855,12,07/06/2016,Spring,2016,0,2429.384226,2
T59635,P00045,Casual Sneakers,Footwear,200.9413229,11,18/11/2017,Spring,2017,0,2210.354552,3
T46114,P00050,Self-Help Book,Books,28.28408394,16,03/05/2020,Fall,2020,15,384.6635416,3
T12315,P00023,Biography,Books,13.77422876,6,01/05/2015,Summer,2015,0,82.64537256,3
T58225,P00020,Formal Suit,Clothing,27.2944573,14,20/09/2019,Summer,2019,0,382.1224022,2
T54590,P00008,Biography,Books,57.04238229,16,27/02/2021,Summer,2021,0,912.6781166,1
T75211,P00046,T-Shirt,Clothing,184.7001388,3,19/09/2020,Fall,2020,0,554.1004164,2
T15972,P00016,Hoodie,Clothing,130.8301786,18,13/02/2017,Winter,2017,15,2001.701733,3
T62320,P00015,Microwave Oven,Home Decor,95.59386752,5,03/07/2018,Winter,2018,0,477.9693376,1
T10018,P00020,Microwave Oven,Home Decor,77.42696671,14,21/08/2019,Spring,2019,0,1083.977534,4
T22943,P00012,Water Filter Pitcher,Home Decor,91.83346375,19,05/05/2023,Fall,2023,0,1744.835811,4
T35280,P00009,Winter Jacket,Clothing,90.24700246,1,24/02/2021,Winter,2021,0,90.24700246,1
T57656,P00030,Laptop Stand,Accessories,42.41258795,19,08/07/2021,Summer,2021,20,644.6713368,1
T66831,P00004,Wireless Keyboard,Accessories,99.52836736,1,18/04/2016,Fall,2016,0,99.52836736,1
T21340,P00039,Cordless Vacuum,Home Decor,95.29276497,11,28/05/2020,Winter,2020,0,1048.220415,1
T40480,P00051,Wi-Fi Router,Electronics,88.48567623,11,22/12/2017,Fall,2017,0,973.3424385,1
T23740,P00007,Laptop Stand,Accessories,66.5546547,13,09/02/2015,Spring,2015,5,821.9499855,1
T64714,P00031,Water Filter Pitcher,Home Decor,94.29124824,16,02/06/2021,Fall,2021,0,1508.659972,2
T88283,P00039,Raincoat,Clothing,63.93550044,1,04/03/2022,Winter,2022,20,51.14840035,3
T12199,P00055,Leather Loafers,Footwear,46.68527965,16,22/12/2016,Fall,2016,0,746.9644744,1
T63095,P00045,Laptop Stand,Accessories,68.03630899,18,02/08/2023,Summer,2023,20,979.7228495,1
T91646,P00026,Wi-Fi Router,Electronics,17.33631355,16,14/01/2020,Fall,2020,20,221.9048134,1
T51098,P00033,Science Textbook,Books,28.42235466,13,01/08/2020,Spring,2020,0,369.4906106,1
T71417,P00031,Microwave Oven,Home Decor,56.7502964,4,22/05/2016,Fall,2016,0,227.0011856,2
T16518,P00012,HD Webcam,Accessories,67.25303276,4,25/02/2020,Fall,2020,0,269.012131,2
T60333,P00030,USB Flash Drive,Accessories,26.31816571,18,20/08/2017,Winter,2017,0,473.7269828,1
T54830,P00019,Hiking Boots,Footwear,104.4622305,16,25/04/2015,Winter,2015,0,1671.395688,3
T31601,P00049,Wireless Keyboard,Accessories,63.08577207,7,23/06/2021,Fall,2021,10,397.440364,2
T61901,P00020,Running Shoes,Footwear,89.45687056,15,13/04/2018,Fall,2018,0,1341.853058,1
T10189,P00060,Winter Jacket,Clothing,25.70271083,12,13/12/2017,Spring,2017,0,308.43253,1
T67558,P00018,Science Textbook,Books,69.53280496,9,17/05/2022,Fall,2022,15,531.9259579,3
T32875,P00050,Science Textbook,Books,89.06607746,13,12/06/2019,Spring,2019,0,1157.859007,2
T20101,P00005,Fitness Tracker,Electronics,53.14703634,2,21/08/2015,Spring,2015,0,106.2940727,2
T29215,P00034,Cutting Board,Home Decor,66.40925156,16,13/10/2021,Winter,2021,0,1062.548025,4
T20511,P00034,4K TV,Electronics,68.37073317,12,23/06/2023,Winter,2023,0,820.448798,2
T85756,P00040,Dress Shoes,Footwear,278.6186678,9,26/12/2022,Fall,2022,10,2256.811209,4
T51733,P00036,External Hard Drive,Accessories,48.21506747,16,10/10/2020,Fall,2020,0,771.4410795,4
T83644,P00039,Winter Jacket,Clothing,199.219373,4,10/02/2016,Summer,2016,5,757.0336174,2
T23049,P00022,Bluetooth Speaker,Electronics,81.70756456,1,04/04/2016,Spring,2016,15,69.45142988,3
T54859,P00011,Mystery Novel,Books,64.66922388,14,14/10/2022,Summer,2022,0,905.3691343,2
T83662,P00019,External Hard Drive,Accessories,40.37550206,19,07/02/2022,Spring,2022,0,767.1345391,3
T78831,P00002,Laptop Stand,Accessories,35.72262335,4,14/08/2019,Spring,2019,0,142.8904934,2
T25600,P00044,Leather Loafers,Footwear,167.244252,1,05/06/2023,Spring,2023,0,167.244252,4
T20913,P00020,Microwave Oven,Home Decor,42.69995431,13,11/06/2017,Winter,2017,0,555.099406,2
T72713,P00026,Cordless Vacuum,Home Decor,59.6609903,5,02/11/2015,Fall,2015,5,283.3897039,4
T64641,P00056,Casual Sneakers,Footwear,39.82592619,14,08/05/2023,Summer,2023,0,557.5629667,2
T19796,P00036,Dress Shoes,Footwear,88.74400738,2,09/05/2016,Summer,2016,0,177.4880148,2
T81404,P00054,Toaster Oven,Home Decor,56.05538719,6,18/06/2021,Winter,2021,0,336.3323231,1
T54470,P00003,Air Fryer,Home Decor,21.21505088,4,10/10/2019,Fall,2019,0,84.86020352,3
T41147,P00049,Formal Suit,Clothing,143.6523607,9,19/08/2022,Winter,2022,0,1292.871246,4
T47304,P00010,Smart Thermostat,Electronics,39.27027705,5,16/06/2018,Summer,2018,0,196.3513853,1
T29439,P00030,Running Shoes,Footwear,122.2417881,5,20/11/2020,Summer,2020,20,488.9671524,1
T80854,P00025,Travel Guide,Books,13.85569216,5,07/04/2016,Spring,2016,15,58.88669168,3
T30556,P00031,Digital Camera,Electronics,79.86795877,2,28/09/2023,Summer,2023,0,159.7359175,4
T46688,P00011,USB Flash Drive,Accessories,25.17725005,2,03/08/2022,Spring,2022,10,45.31905009,1
T52262,P00050,Bluetooth Speaker,Electronics,46.44572372,9,27/09/2019,Summer,2019,0,418.0115135,4
T27528,P00054,Hiking Boots,Footwear,37.99143782,11,21/04/2021,Fall,2021,20,334.3246528,3
T71321,P00028,Wi-Fi Router,Electronics,61.09850101,16,01/03/2020,Fall,2020,0,977.5760162,1
T78283,P00022,USB Flash Drive,Accessories,62.00123095,14,20/08/2020,Summer,2020,0,868.0172333,2
T12203,P00014,Dish Drying Rack,Home Decor,30.4318743,8,28/12/2021,Summer,2021,0,243.4549944,4
T78669,P00037,Dress Shoes,Footwear,108.9379873,16,12/12/2023,Winter,2023,10,1568.707017,4
T88337,P00008,Science Textbook,Books,40.64199334,9,26/08/2022,Winter,2022,15,310.9112491,2
T56529,P00017,Self-Help Book,Books,30.19405005,11,13/04/2021,Summer,2021,20,265.7076404,3
T98196,P00025,Dish Drying Rack,Home Decor,75.85804336,17,15/08/2017,Summer,2017,5,1225.1074,4
T68175,P00012,4K TV,Electronics,92.81733398,15,27/03/2019,Winter,2019,0,1392.26001,3
T59741,P00041,Smartphone Case,Accessories,66.06433522,19,08/09/2019,Winter,2019,15,1066.939014,1
T85828,P00026,Hoodie,Clothing,134.5048117,3,17/12/2023,Winter,2023,0,403.5144351,4
T63266,P00050,USB Flash Drive,Accessories,26.16786841,16,12/03/2016,Summer,2016,5,397.7515998,2
T62755,P00018,Hiking Boots,Footwear,141.0688755,7,17/08/2021,Summer,2021,10,888.7339157,1
T28254,P00007,Formal Suit,Clothing,190.7433239,4,24/01/2022,Summer,2022,0,762.9732956,4
T40688,P00023,T-Shirt,Clothing,142.9454661,14,09/04/2017,Fall,2017,0,2001.236525,4
T86133,P00050,Leather Loafers,Footwear,80.90914203,2,10/12/2017,Winter,2017,0,161.8182841,4
T91583,P00057,Gaming Mouse,Accessories,46.95756688,11,01/04/2020,Fall,2020,5,490.7065739,2
T90198,P00028,Wi-Fi Router,Electronics,62.92932687,14,20/05/2020,Summer,2020,0,881.0105762,3
T79843,P00043,Dress Shoes,Footwear,221.5284485,15,20/02/2021,Winter,2021,0,3322.926728,4
T13907,P00041,HD Webcam,Accessories,31.84757842,5,15/06/2022,Summer,2022,0,159.2378921,2
T71005,P00027,Toaster Oven,Home Decor,63.31955051,11,16/12/2020,Winter,2020,0,696.5150556,2
T52294,P00015,Flip-Flops,Footwear,205.6783431,4,22/02/2017,Summer,2017,15,699.3063665,4
T36297,P00032,Laptop Stand,Accessories,14.48644552,1,20/06/2015,Spring,2015,0,14.48644552,1
T20834,P00036,Coffee Maker,Home Decor,70.23937715,6,04/09/2018,Winter,2018,10,379.2926366,3
T22996,P00017,Sweatpants,Clothing,72.7086932,15,12/12/2016,Fall,2016,20,872.5043184,1
T21091,P00015,Wireless Keyboard,Accessories,96.27199135,5,03/07/2020,Spring,2020,5,457.2919589,1
T50972,P00011,Children's Book,Books,23.11237799,2,26/08/2015,Fall,2015,5,43.91351818,1
T52399,P00004,Hiking Boots,Footwear,298.7029359,11,21/06/2021,Summer,2021,0,3285.732295,4
T59962,P00004,Casual Sneakers,Footwear,237.4736318,1,08/07/2022,Summer,2022,0,237.4736318,4
T47429,P00020,Self-Help Book,Books,51.99745276,6,27/05/2020,Fall,2020,0,311.9847166,2
T29290,P00049,HD Webcam,Accessories,67.91819305,11,04/04/2020,Fall,2020,10,672.3901112,3
T37122,P00059,Leather Loafers,Footwear,154.9099914,5,01/09/2020,Summer,2020,10,697.0949613,3
T60216,P00030,Leather Loafers,Footwear,209.2046881,17,01/08/2018,Summer,2018,10,3200.831728,1
T32766,P00033,Wireless Keyboard,Accessories,67.68533716,18,18/02/2015,Fall,2015,0,1218.336069,1
T52850,P00034,Flip-Flops,Footwear,289.7989913,5,11/10/2018,Winter,2018,5,1376.545209,3
T55975,P00008,Biography,Books,17.79142558,1,07/10/2018,Fall,2018,15,15.12271174,1
T17081,P00014,Hiking Boots,Footwear,92.20051011,2,19/11/2023,Summer,2023,0,184.4010202,1
T93845,P00058,Fiction Novel,Books,95.52260742,7,03/06/2017,Summer,2017,0,668.6582519,4
T36691,P00031,Biography,Books,16.17582601,19,28/03/2018,Fall,2018,15,261.2395901,4
T19412,P00014,Casual Sneakers,Footwear,276.5568618,1,01/02/2021,Summer,2021,0,276.5568618,4
T90667,P00040,Sweatpants,Clothing,144.9614201,17,09/10/2015,Summer,2015,0,2464.344142,4
T54067,P00037,Running Shoes,Footwear,286.965512,14,16/12/2019,Spring,2019,20,3214.013734,3
T56205,P00034,Soundbar,Electronics,33.56033344,9,16/02/2022,Summer,2022,0,302.043001,1
T77394,P00028,Wireless Earbuds,Electronics,35.78913259,18,16/04/2022,Fall,2022,0,644.2043866,2
T85324,P00015,Smartphone Case,Accessories,59.79137076,3,24/02/2022,Spring,2022,0,179.3741123,2
T46492,P00014,Hoodie,Clothing,174.5036798,15,22/07/2019,Winter,2019,0,2617.555197,3
T98898,P00033,Denim Jeans,Clothing,44.96542771,11,06/01/2018,Spring,2018,10,445.1577343,1
T51341,P00050,E-Reader,Electronics,90.74199693,5,28/06/2016,Winter,2016,15,385.653487,1
T71289,P00042,Leather Loafers,Footwear,122.1890052,14,04/11/2020,Summer,2020,0,1710.646073,1
T22685,P00021,Winter Jacket,Clothing,191.9616306,8,01/07/2021,Winter,2021,10,1382.12374,4
T69615,P00034,Soundbar,Electronics,54.58322716,7,10/03/2022,Winter,2022,0,382.0825901,3
T70506,P00036,Blender,Home Decor,56.91581114,15,12/02/2016,Winter,2016,10,768.3634504,4
T26350,P00056,Wireless Earbuds,Electronics,35.35136503,12,05/01/2022,Spring,2022,10,381.7947423,2
T65214,P00051,Dress Shoes,Footwear,59.23699288,10,15/09/2020,Spring,2020,20,473.895943,3
T36447,P00015,Gaming Mouse,Accessories,96.38747529,13,01/01/2015,Fall,2015,0,1253.037179,2
T66485,P00029,Mechanical Keyboard,Electronics,84.22136958,19,13/03/2017,Spring,2017,0,1600.206022,1
T52710,P00013,Cookbook,Books,93.30972187,16,23/10/2021,Winter,2021,0,1492.95555,3
T81632,P00040,Casual Sneakers,Footwear,268.6223966,19,13/09/2022,Spring,2022,0,5103.825535,1
T93325,P00052,Toaster Oven,Home Decor,31.85396695,1,07/02/2021,Summer,2021,0,31.85396695,1
T34099,P00036,Hiking Boots,Footwear,28.94661014,3,25/09/2020,Fall,2020,15,73.81385586,1
T94131,P00051,Denim Jeans,Clothing,164.6169541,18,04/06/2022,Summer,2022,0,2963.105174,1
T60908,P00048,Air Fryer,Home Decor,11.97844361,19,23/09/2023,Winter,2023,0,227.5904286,4
T73518,P00017,Digital Camera,Electronics,59.82324481,14,17/11/2018,Fall,2018,0,837.5254273,2
T86377,P00059,Water Filter Pitcher,Home Decor,37.05074966,12,26/10/2018,Summer,2018,20,355.6871967,1
T34866,P00013,Wireless Earbuds,Electronics,55.15521821,16,14/08/2018,Summer,2018,15,750.1109677,3
T71922,P00001,Hoodie,Clothing,171.4722475,19,20/05/2021,Fall,2021,20,2606.378162,2
T85525,P00001,Raincoat,Clothing,59.0182437,16,15/06/2023,Winter,2023,0,944.2918992,3
T74527,P00024,Dish Drying Rack,Home Decor,15.15037667,16,20/05/2021,Summer,2021,10,218.165424,4
T90225,P00047,Hoodie,Clothing,88.87620409,13,23/05/2020,Winter,2020,10,1039.851588,2
T57059,P00013,VR Headset,Electronics,15.85353694,3,26/09/2016,Winter,2016,0,47.56061082,2
T62906,P00018,Shorts,Clothing,77.64051054,12,16/10/2019,Spring,2019,0,931.6861265,2
T96113,P00050,4K TV,Electronics,43.4759462,3,20/10/2020,Summer,2020,20,104.3422709,2
T98212,P00034,Raincoat,Clothing,118.6194527,18,28/01/2020,Summer,2020,5,2028.392641,1
T50576,P00052,Self-Help Book,Books,44.78883969,11,11/11/2016,Spring,2016,0,492.6772366,1
T56002,P00025,HD Webcam,Accessories,96.60418135,1,09/09/2021,Spring,2021,5,91.77397228,4
T77224,P00060,Mystery Novel,Books,40.88744186,14,20/04/2018,Summer,2018,20,457.9393488,3
T23219,P00038,Denim Jeans,Clothing,77.63075981,1,09/09/2018,Fall,2018,15,65.98614584,1
T46258,P00050,Raincoat,Clothing,135.212931,18,16/10/2016,Winter,2016,0,2433.832758,1
T61095,P00020,Hiking Boots,Footwear,43.83937154,4,17/04/2015,Winter,2015,0,175.3574862,2
T59681,P00059,Cutting Board,Home Decor,45.43348806,10,04/01/2021,Summer,2021,0,454.3348806,3
T36576,P00044,Smartphone Case,Accessories,15.80413275,12,25/06/2021,Summer,2021,20,151.7196744,3
T94879,P00042,Self-Help Book,Books,40.19910365,6,09/07/2015,Spring,2015,0,241.1946219,1
T82131,P00041,USB Flash Drive,Accessories,81.71309068,8,23/12/2022,Summer,2022,0,653.7047254,3
T32593,P00043,Water Filter Pitcher,Home Decor,74.89452264,7,15/08/2019,Spring,2019,0,524.2616585,3
T99125,P00056,Laptop Stand,Accessories,19.83395002,10,13/06/2020,Fall,2020,20,158.6716002,2
T27187,P00012,Travel Guide,Books,83.19557919,14,10/07/2021,Summer,2021,0,1164.738109,4
T35412,P00012,HD Webcam,Accessories,67.25303276,14,03/08/2015,Summer,2015,0,941.5424586,2
T79519,P00007,Running Shoes,Footwear,233.9909337,8,18/03/2022,Summer,2022,5,1778.331096,1
T90800,P00026,Wireless Keyboard,Accessories,90.48240294,3,18/05/2017,Summer,2017,0,271.4472088,1
T31323,P00054,Science Textbook,Books,33.82770116,6,11/09/2023,Summer,2023,5,192.8178966,1
T87585,P00002,Self-Help Book,Books,87.37334994,17,01/05/2019,Winter,2019,15,1262.544907,4
T99410,P00010,Cutting Board,Home Decor,15.37645652,9,10/11/2018,Spring,2018,0,138.3881087,3
T66202,P00042,Cutting Board,Home Decor,34.81953529,1,28/07/2021,Summer,2021,0,34.81953529,2
T37655,P00013,Cookbook,Books,93.30972187,7,22/11/2020,Spring,2020,0,653.1680531,1
T31553,P00002,T-Shirt,Clothing,169.9167459,15,23/03/2017,Winter,2017,0,2548.751189,2
T79235,P00054,Hiking Boots,Footwear,122.1270405,17,19/06/2016,Winter,2016,0,2076.159689,3
T82495,P00038,External Hard Drive,Accessories,70.0890794,12,12/11/2016,Fall,2016,0,841.0689528,2
T40568,P00001,Hiking Boots,Footwear,138.4326048,6,03/01/2015,Winter,2015,0,830.5956288,1
T12355,P00043,Portable Fan,Home Decor,91.06160935,19,28/11/2015,Winter,2015,10,1557.15352,2
T48842,P00034,Smartwatch,Electronics,77.23005275,16,13/04/2020,Spring,2020,0,1235.680844,2
T49056,P00030,Wireless Keyboard,Accessories,99.78551524,2,20/10/2017,Fall,2017,0,199.5710305,2
T25070,P00024,Leather Loafers,Footwear,163.384964,15,07/06/2015,Fall,2015,0,2450.77446,1
T49958,P00026,Mechanical Keyboard,Electronics,80.18952272,8,28/04/2018,Summer,2018,15,545.2887545,4
T85017,P00019,Blender,Home Decor,64.75629049,17,01/02/2021,Winter,2021,20,880.6855507,4
T43292,P00059,Cutting Board,Home Decor,85.01608898,19,02/01/2020,Fall,2020,10,1453.775122,4
T71377,P00028,Toaster Oven,Home Decor,38.84530543,18,25/08/2016,Winter,2016,5,664.2547229,2
T98520,P00023,Air Fryer,Home Decor,30.48058273,18,24/12/2023,Summer,2023,0,548.6504891,3
T31164,P00051,USB Flash Drive,Accessories,23.53584454,13,12/04/2023,Summer,2023,15,260.0710822,1
T25964,P00007,Smartphone Case,Accessories,20.50353291,19,22/09/2015,Spring,2015,0,389.5671253,2
T99142,P00033,Biography,Books,81.76678534,9,11/07/2015,Fall,2015,15,625.5159079,1
T88254,P00004,Hiking Boots,Footwear,298.7029359,17,11/12/2023,Fall,2023,0,5077.94991,2
T57953,P00008,Formal Suit,Clothing,137.7472466,9,09/11/2016,Summer,2016,20,991.7801755,1
T50517,P00042,Sweatpants,Clothing,62.22236358,18,04/01/2017,Summer,2017,10,1008.00229,4
T58575,P00016,Travel Guide,Books,91.70509859,9,16/12/2021,Summer,2021,0,825.3458873,2
T89015,P00021,Hoodie,Clothing,64.2770556,6,07/05/2018,Spring,2018,20,308.5298669,2
T29477,P00002,Wireless Keyboard,Accessories,50.11235998,3,23/12/2018,Winter,2018,0,150.3370799,1
T70878,P00050,Digital Camera,Electronics,34.10868845,6,26/08/2016,Winter,2016,0,204.6521307,3
T86982,P00050,Casual Sneakers,Footwear,295.4520597,11,12/12/2015,Fall,2015,20,2599.978125,1
T46397,P00043,Hiking Boots,Footwear,62.8106725,2,06/12/2019,Spring,2019,10,113.0592105,1
T29943,P00002,Cutting Board,Home Decor,69.41694501,14,23/09/2017,Fall,2017,0,971.8372301,3
T53341,P00001,Microwave Oven,Home Decor,72.33695345,1,24/02/2017,Summer,2017,0,72.33695345,1
T90598,P00028,Wireless Earbuds,Electronics,26.36399452,6,09/10/2016,Spring,2016,0,158.1839671,1
T27793,P00055,Flip-Flops,Footwear,50.19873183,4,02/05/2015,Summer,2015,0,200.7949273,4
T78096,P00041,Casual Sneakers,Footwear,190.7244839,19,02/09/2023,Fall,2023,0,3623.765194,1
T25615,P00001,Coffee Maker,Home Decor,51.37583182,10,19/10/2016,Fall,2016,0,513.7583182,1
T49931,P00042,Winter Jacket,Clothing,90.41472361,18,24/08/2022,Winter,2022,5,1546.091774,3
T21780,P00023,Laptop Stand,Accessories,65.83040249,18,06/09/2020,Summer,2020,0,1184.947245,3
T24244,P00036,Formal Suit,Clothing,105.8970895,4,26/09/2017,Summer,2017,20,338.8706864,1
T88636,P00052,Leather Loafers,Footwear,184.4712895,13,26/11/2018,Spring,2018,5,2278.220425,4
T99595,P00008,Coffee Maker,Home Decor,12.90642851,5,19/05/2020,Summer,2020,0,64.53214255,4
T59647,P00044,Fiction Novel,Books,56.65193115,1,10/03/2020,Fall,2020,10,50.98673804,4
T44001,P00024,Shorts,Clothing,160.9186536,17,18/12/2023,Summer,2023,20,2188.493689,1
T20022,P00017,Wireless Earbuds,Electronics,86.0620173,3,12/05/2017,Winter,2017,0,258.1860519,4
T78480,P00008,Travel Guide,Books,26.76089843,5,09/11/2016,Fall,2016,20,107.0435937,1
T11601,P00029,Digital Camera,Electronics,95.99159293,8,03/01/2022,Winter,2022,10,691.1394691,4
T81101,P00020,Leather Loafers,Footwear,102.9177133,19,10/11/2021,Winter,2021,0,1955.436553,2
T96849,P00002,External Hard Drive,Accessories,91.2590201,7,24/05/2023,Winter,2023,0,638.8131407,2
T40341,P00047,Smartwatch,Electronics,71.89124871,16,16/08/2019,Summer,2019,0,1150.259979,3
T14944,P00032,Hoodie,Clothing,177.2507092,9,03/11/2021,Spring,2021,5,1515.493564,1
T95807,P00051,HD Webcam,Accessories,43.63923293,6,24/12/2016,Fall,2016,0,261.8353976,3
T74766,P00045,Hoodie,Clothing,35.40310766,19,09/08/2021,Winter,2021,0,672.6590455,2
T48570,P00036,Science Textbook,Books,40.84606246,1,03/02/2020,Spring,2020,20,32.67684997,3
T57731,P00041,Soundbar,Electronics,69.0406938,14,15/09/2018,Fall,2018,0,966.5697132,4
T96424,P00027,Laptop Stand,Accessories,91.31098925,11,02/10/2018,Spring,2018,0,1004.420882,3
T89149,P00034,Digital Camera,Electronics,64.94703002,7,09/11/2023,Winter,2023,0,454.6292101,3
T17509,P00027,Monitor Arm,Electronics,70.71348122,10,23/08/2016,Summer,2016,0,707.1348122,1
T44407,P00023,Raincoat,Clothing,113.0672167,14,13/02/2016,Fall,2016,10,1424.64693,3
T16799,P00023,Flip-Flops,Footwear,258.1430998,3,20/09/2019,Fall,2019,0,774.4292994,1
T48872,P00028,Raincoat,Clothing,138.2534572,19,03/08/2023,Summer,2023,20,2101.452549,4
T17447,P00052,Dress Shoes,Footwear,220.1966744,16,19/11/2018,Winter,2018,5,3346.989451,2
T74388,P00024,Science Textbook,Books,52.17544184,14,07/06/2020,Spring,2020,5,693.9333765,1
T19741,P00031,Hoodie,Clothing,98.28957723,9,24/09/2015,Fall,2015,0,884.6061951,4
T27399,P00022,Denim Jeans,Clothing,184.930332,7,10/02/2016,Summer,2016,0,1294.512324,4
T59274,P00044,Mechanical Keyboard,Electronics,23.7776337,8,23/01/2017,Winter,2017,0,190.2210696,4
T58484,P00024,Laptop Stand,Accessories,84.04921914,2,27/08/2017,Summer,2017,15,142.8836725,1
T27085,P00020,VR Headset,Electronics,85.15849061,6,09/10/2015,Spring,2015,0,510.9509437,3
T67423,P00020,Running Shoes,Footwear,89.45687056,12,27/06/2023,Winter,2023,10,966.134202,3
T51705,P00044,Digital Camera,Electronics,97.56712404,18,22/01/2015,Winter,2015,0,1756.208233,3
T97787,P00048,Travel Guide,Books,71.54425939,6,24/02/2023,Summer,2023,15,364.8757229,1
T91132,P00052,Smartphone Case,Accessories,88.02491463,5,04/08/2020,Winter,2020,0,440.1245732,4
T30698,P00053,Sweatpants,Clothing,152.8085821,8,21/01/2018,Summer,2018,5,1161.345224,3
T39046,P00057,Biography,Books,57.88160372,13,14/04/2017,Fall,2017,0,752.4608484,1
T86902,P00055,Hoodie,Clothing,151.6796863,13,28/01/2015,Spring,2015,0,1971.835922,2
T95469,P00033,HD Webcam,Accessories,37.57152774,5,19/02/2018,Winter,2018,0,187.8576387,4
T54656,P00006,Shorts,Clothing,48.72411969,10,19/10/2023,Fall,2023,0,487.2411969,4
T70666,P00010,Mystery Novel,Books,64.02028698,18,28/12/2020,Spring,2020,20,921.8921325,4
T30615,P00030,Running Shoes,Footwear,122.2417881,8,12/10/2020,Fall,2020,0,977.9343048,2
T89475,P00042,Cutting Board,Home Decor,76.33759223,17,19/01/2018,Winter,2018,0,1297.739068,3
T97469,P00035,Sweatpants,Clothing,59.96562651,14,27/02/2015,Winter,2015,0,839.5187711,3
T96903,P00048,Casual Sneakers,Footwear,202.9903733,2,21/05/2019,Spring,2019,5,385.6817093,4
T85409,P00034,Formal Suit,Clothing,179.8008023,10,28/11/2023,Fall,2023,0,1798.008023,4
T60806,P00006,Dress Shoes,Footwear,33.19794878,1,07/02/2015,Spring,2015,0,33.19794878,4
T35110,P00037,Fiction Novel,Books,39.67116164,6,25/04/2018,Spring,2018,0,238.0269698,1
T17084,P00050,Self-Help Book,Books,42.20244259,5,06/01/2018,Fall,2018,20,168.8097704,4
T47471,P00033,Hoodie,Clothing,118.9415793,3,10/09/2019,Summer,2019,0,356.8247379,1
T64888,P00060,Shorts,Clothing,92.97110796,3,26/10/2018,Winter,2018,0,278.9133239,1
T70692,P00052,USB Flash Drive,Accessories,82.28728627,2,09/09/2018,Fall,2018,15,139.8883867,3
T96181,P00050,Water Filter Pitcher,Home Decor,64.06422793,18,22/10/2017,Spring,2017,0,1153.156103,2
T11745,P00025,Fiction Novel,Books,37.69786397,15,13/07/2019,Summer,2019,0,565.4679596,1
T86524,P00011,Cutting Board,Home Decor,91.45896591,4,02/08/2020,Fall,2020,0,365.8358636,1
T13841,P00028,Smartwatch,Electronics,46.40647679,5,12/05/2016,Winter,2016,10,208.8291456,4
T10553,P00022,External Hard Drive,Accessories,10.0257827,16,16/02/2020,Fall,2020,0,160.4125232,3
T85664,P00051,Dress Shoes,Footwear,59.23699288,6,05/06/2022,Winter,2022,5,337.6508594,2
T24342,P00032,LED Desk Lamp,Home Decor,49.08337842,13,17/01/2021,Spring,2021,0,638.0839195,3
T52481,P00015,USB Flash Drive,Accessories,10.9421716,16,14/06/2019,Summer,2019,5,166.3210083,1
T40384,P00027,Monitor Arm,Electronics,66.93792727,3,01/03/2021,Summer,2021,15,170.6917145,3
T71630,P00046,Hoodie,Clothing,85.38588128,14,02/04/2021,Summer,2021,0,1195.402338,1
T84102,P00060,Water Filter Pitcher,Home Decor,83.31208534,1,20/10/2020,Winter,2020,5,79.14648107,2
T15349,P00009,Cutting Board,Home Decor,24.56294461,17,09/09/2015,Winter,2015,5,396.6915555,3
T15493,P00001,Mystery Novel,Books,64.57524002,6,08/10/2016,Spring,2016,15,329.3337241,2
T55294,P00035,Gaming Mouse,Accessories,45.29134025,16,03/11/2020,Spring,2020,15,615.9622274,2
T13974,P00047,Shorts,Clothing,158.6584094,16,04/08/2021,Fall,2021,0,2538.53455,4
T45070,P00050,Laptop Stand,Accessories,43.1676526,7,28/02/2020,Winter,2020,0,302.1735682,1
T51482,P00019,Children's Book,Books,44.86283533,8,07/09/2019,Summer,2019,0,358.9026826,3
T22018,P00001,Hiking Boots,Footwear,138.4326048,18,16/09/2020,Winter,2020,10,2242.608198,1
T35120,P00023,Raincoat,Clothing,165.1372922,18,10/11/2023,Winter,2023,0,2972.47126,4
T64987,P00050,Self-Help Book,Books,42.20244259,3,02/09/2023,Summer,2023,20,101.2858622,3
T33178,P00049,Science Textbook,Books,29.82586243,19,15/12/2017,Fall,2017,0,566.6913862,2
T56475,P00009,Flip-Flops,Footwear,182.7619506,6,27/11/2019,Winter,2019,0,1096.571704,2
T27297,P00044,USB Flash Drive,Accessories,20.34574456,16,05/01/2019,Winter,2019,0,325.531913,1
T55813,P00051,Winter Jacket,Clothing,166.3795001,10,28/02/2019,Spring,2019,15,1414.225751,4
T23262,P00046,Fiction Novel,Books,66.54163833,3,27/11/2023,Fall,2023,15,169.6811777,1
T82242,P00049,Fiction Novel,Books,37.99181325,8,01/01/2021,Spring,2021,15,258.3443301,3
T33640,P00031,Denim Jeans,Clothing,64.5860987,3,23/10/2018,Fall,2018,0,193.7582961,4
T86510,P00022,Laptop Stand,Accessories,50.54986433,16,17/05/2018,Winter,2018,20,647.0382634,1
T77564,P00003,Blender,Home Decor,22.03941406,4,24/04/2017,Winter,2017,0,88.15765624,2
T28361,P00060,Portable Fan,Home Decor,36.63501987,19,10/07/2016,Winter,2016,0,696.0653775,1
T66724,P00027,Monitor Arm,Electronics,19.30065233,1,24/10/2021,Winter,2021,0,19.30065233,2
T17784,P00042,Portable Fan,Home Decor,61.41865922,9,26/06/2022,Summer,2022,0,552.767933,2
T36154,P00029,LED Desk Lamp,Home Decor,98.94124269,5,18/06/2017,Fall,2017,0,494.7062135,3
T78595,P00052,Biography,Books,12.3717621,10,13/06/2019,Spring,2019,0,123.717621,4
T71383,P00057,Monitor Arm,Electronics,57.70221731,13,02/11/2023,Spring,2023,20,600.10306,2
T62443,P00002,Hiking Boots,Footwear,36.34836571,1,08/05/2019,Winter,2019,0,36.34836571,1
T38281,P00047,Science Textbook,Books,20.31743287,17,28/04/2021,Spring,2021,0,345.3963588,3
T83185,P00010,Flip-Flops,Footwear,85.13435901,9,12/06/2020,Winter,2020,5,727.8987695,3
T20719,P00002,Travel Guide,Books,36.01911285,9,11/10/2023,Summer,2023,0,324.1720157,1
T15050,P00052,Blender,Home Decor,98.1901874,1,01/03/2016,Winter,2016,0,98.1901874,2
T26473,P00060,Winter Jacket,Clothing,25.70271083,8,15/02/2021,Winter,2021,20,164.4973493,3
T20296,P00007,Toaster Oven,Home Decor,90.02813486,14,20/03/2017,Winter,2017,0,1260.393888,4
T20244,P00026,Gaming Mouse,Accessories,63.67066886,4,10/12/2022,Spring,2022,0,254.6826754,2
T95017,P00040,Sweatpants,Clothing,22.02285178,13,17/01/2020,Spring,2020,20,229.0376585,2
T79157,P00060,Hoodie,Clothing,137.1122103,2,28/02/2017,Fall,2017,20,219.3795365,1
T67929,P00002,Flip-Flops,Footwear,85.91198997,4,09/06/2018,Winter,2018,0,343.6479599,3
T99102,P00050,Bluetooth Speaker,Electronics,97.58498119,8,05/05/2015,Spring,2015,20,624.5438796,4
T77462,P00056,External Hard Drive,Accessories,50.04439282,17,10/05/2020,Winter,2020,0,850.7546779,4
T84399,P00058,Bluetooth Speaker,Electronics,71.43147283,11,08/08/2019,Summer,2019,10,707.171581,1
T58601,P00020,Smartphone Case,Accessories,85.22499348,3,26/07/2015,Winter,2015,20,204.5399844,3
T52967,P00057,External Hard Drive,Accessories,12.88335401,6,13/03/2023,Spring,2023,10,69.57011165,4
T94528,P00008,Cutting Board,Home Decor,33.00793044,5,03/12/2022,Fall,2022,0,165.0396522,1
T68169,P00017,Raincoat,Clothing,23.08925365,11,04/11/2016,Fall,2016,0,253.9817902,2
T57136,P00011,Children's Book,Books,23.11237799,13,12/12/2019,Fall,2019,20,240.3687311,2
T86438,P00048,Smartphone Case,Accessories,77.38417873,19,07/02/2023,Winter,2023,10,1323.269456,4
T46507,P00008,HD Webcam,Accessories,64.11251777,16,22/07/2017,Spring,2017,5,974.5102701,1
T40755,P00002,Gaming Mouse,Accessories,80.49543937,19,16/01/2017,Summer,2017,0,1529.413348,3
T24102,P00030,External Hard Drive,Accessories,24.68261292,4,04/11/2015,Spring,2015,10,88.85740651,1
T84426,P00019,Fitness Tracker,Electronics,62.43555263,14,04/11/2021,Winter,2021,10,786.6879631,2
T42687,P00030,External Hard Drive,Accessories,24.68261292,5,12/04/2015,Spring,2015,5,117.2424114,4
T93517,P00038,Denim Jeans,Clothing,77.63075981,11,24/08/2019,Fall,2019,10,768.5445221,4
T61070,P00030,Wireless Keyboard,Accessories,43.1668083,13,18/07/2015,Winter,2015,0,561.1685079,2
T73211,P00049,Electric Kettle,Home Decor,50.41879529,3,22/01/2016,Fall,2016,20,121.0051087,2
T49435,P00009,Hiking Boots,Footwear,186.5122223,6,18/10/2021,Winter,2021,0,1119.073334,2
T99122,P00016,HD Webcam,Accessories,54.00953926,1,02/11/2016,Fall,2016,15,45.90810837,2
T76876,P00001,Blender,Home Decor,75.3162859,8,20/05/2015,Winter,2015,0,602.5302872,2
T95201,P00045,Smart Thermostat,Electronics,20.70780935,9,21/11/2015,Winter,2015,0,186.3702842,3
T21073,P00014,Casual Sneakers,Footwear,59.62177227,5,14/12/2023,Spring,2023,0,298.1088614,4
T12590,P00049,Raincoat,Clothing,49.80573735,10,09/11/2018,Summer,2018,0,498.0573735,2
T15293,P00012,E-Reader,Electronics,52.14303179,4,22/12/2019,Fall,2019,0,208.5721272,2
T40796,P00029,Winter Jacket,Clothing,34.08324224,11,08/12/2018,Summer,2018,15,318.6783149,4
T20937,P00043,Fiction Novel,Books,24.55366115,6,17/08/2020,Summer,2020,0,147.3219669,1
T91919,P00053,Travel Guide,Books,46.81062086,6,05/02/2015,Summer,2015,20,224.6909801,4
T30781,P00024,HD Webcam,Accessories,56.86893839,18,17/09/2020,Fall,2020,0,1023.640891,1
T64476,P00037,Cookbook,Books,12.10133447,9,25/12/2015,Spring,2015,10,98.02080921,1
T26585,P00018,Hiking Boots,Footwear,94.62994252,5,28/07/2020,Fall,2020,0,473.1497126,2
T97091,P00012,Wireless Keyboard,Accessories,56.03175319,13,24/05/2023,Fall,2023,0,728.4127915,2
T52083,P00015,Air Fryer,Home Decor,73.70786827,1,06/11/2017,Summer,2017,0,73.70786827,4
T40267,P00053,Casual Sneakers,Footwear,260.1280275,10,20/02/2015,Summer,2015,0,2601.280275,3
T32347,P00002,Self-Help Book,Books,87.37334994,14,12/12/2019,Fall,2019,15,1039.742864,1
T48585,P00032,Laptop Stand,Accessories,14.48644552,8,07/12/2017,Spring,2017,0,115.8915642,4
T85993,P00032,E-Reader,Electronics,46.85690325,17,03/07/2018,Summer,2018,0,796.5673553,3
T56266,P00052,Hoodie,Clothing,168.9268714,10,11/06/2017,Summer,2017,0,1689.268714,2
T92526,P00057,Biography,Books,85.67503218,8,23/11/2018,Winter,2018,0,685.4002574,4
T84383,P00044,Running Shoes,Footwear,242.4022619,3,28/10/2015,Fall,2015,5,690.8464464,2
T79086,P00046,Microwave Oven,Home Decor,17.65253947,14,21/04/2020,Fall,2020,0,247.1355526,4
T33039,P00057,Flip-Flops,Footwear,77.34925795,18,12/01/2016,Winter,2016,0,1392.286643,2
T33382,P00020,Casual Sneakers,Footwear,163.4082162,5,06/06/2015,Fall,2015,15,694.4849189,2
T23635,P00016,Formal Suit,Clothing,136.5587067,7,25/07/2022,Spring,2022,20,764.7287575,2
T94727,P00001,Smartwatch,Electronics,56.85165436,5,12/06/2018,Winter,2018,10,255.8324446,1
T16645,P00019,Hoodie,Clothing,107.4319214,4,17/07/2023,Summer,2023,10,386.754917,1
T19152,P00038,Winter Jacket,Clothing,89.74122527,3,21/03/2016,Fall,2016,5,255.762492,1
T37808,P00025,Laptop Stand,Accessories,43.71216462,11,15/11/2020,Summer,2020,0,480.8338108,3
T81449,P00056,Science Textbook,Books,35.01049581,12,15/07/2019,Spring,2019,15,357.1070573,1
T68587,P00008,Gaming Mouse,Accessories,42.13274887,12,10/08/2022,Winter,2022,0,505.5929864,4
T65584,P00041,Wireless Earbuds,Electronics,50.75844261,18,05/06/2020,Summer,2020,10,822.2867703,1
T80760,P00036,Smart Thermostat,Electronics,36.87655934,15,23/12/2021,Summer,2021,20,442.5187121,4
T91273,P00047,Smart Thermostat,Electronics,95.6014329,17,11/01/2023,Summer,2023,0,1625.224359,1
T20301,P00047,HD Webcam,Accessories,78.84453866,12,18/06/2020,Fall,2020,0,946.1344639,4
T75552,P00026,Sweatpants,Clothing,165.5060433,5,04/09/2023,Fall,2023,15,703.400684,3
T91129,P00038,Soundbar,Electronics,12.33333049,1,15/03/2018,Summer,2018,15,10.48333092,4
T72185,P00001,Self-Help Book,Books,21.32172932,17,09/11/2019,Summer,2019,0,362.4693984,4
T64215,P00002,External Hard Drive,Accessories,71.31864736,2,31/01/2023,Winter,2023,10,128.3735652,3
T59801,P00012,4K TV,Electronics,24.68178235,18,07/08/2022,Spring,2022,20,355.4176658,2
T45705,P00060,4K TV,Electronics,94.1578912,5,11/09/2022,Fall,2022,5,447.2499832,4
T39623,P00032,Children's Book,Books,78.63877804,3,07/08/2019,Summer,2019,5,224.1205174,2
T10761,P00054,Gaming Mouse,Accessories,83.43324919,11,25/04/2022,Spring,2022,5,871.877454,4
T69604,P00034,Dish Drying Rack,Home Decor,12.00959475,12,18/09/2018,Fall,2018,15,122.4978665,2
T47569,P00057,VR Headset,Electronics,73.89595947,10,01/01/2015,Spring,2015,5,702.011615,1
T98343,P00008,Cutting Board,Home Decor,59.92106729,6,23/09/2023,Fall,2023,5,341.5500836,2
T31065,P00043,Wi-Fi Router,Electronics,60.34657711,8,29/07/2021,Winter,2021,10,434.4953552,4
T47225,P00009,Travel Guide,Books,85.33623183,2,16/08/2022,Summer,2022,0,170.6724637,1
T90524,P00044,External Hard Drive,Accessories,70.22086152,5,02/04/2015,Winter,2015,5,333.5490922,3
T66685,P00006,VR Headset,Electronics,54.9355061,16,20/12/2020,Summer,2020,0,878.9680976,4
T68807,P00009,Wi-Fi Router,Electronics,76.50789363,14,09/09/2022,Winter,2022,20,856.8884087,4
T32245,P00001,Flip-Flops,Footwear,65.87532781,7,19/06/2022,Winter,2022,20,368.9018357,1
T91453,P00041,Children's Book,Books,45.17204981,9,04/01/2017,Fall,2017,0,406.5484483,3
T41192,P00051,Sweatpants,Clothing,51.36724008,11,15/03/2022,Winter,2022,10,508.5356768,4
T10552,P00050,LED Desk Lamp,Home Decor,54.44252446,1,06/01/2015,Spring,2015,0,54.44252446,4
T64020,P00002,Raincoat,Clothing,166.9320203,19,16/05/2022,Winter,2022,20,2537.366709,1
T91638,P00015,Wi-Fi Router,Electronics,39.71149191,19,01/08/2017,Winter,2017,10,679.0665117,1
T12840,P00047,Smart Thermostat,Electronics,76.97795724,5,13/06/2015,Winter,2015,15,327.1563183,4
T31961,P00017,E-Reader,Electronics,62.14886404,2,13/08/2020,Fall,2020,0,124.2977281,4
T86513,P00053,Cookbook,Books,91.03704743,6,17/09/2018,Winter,2018,5,518.9111704,2
T52039,P00029,Biography,Books,86.26080932,6,14/05/2016,Summer,2016,15,439.9301275,2
T42829,P00037,Dish Drying Rack,Home Decor,42.67929885,6,25/01/2023,Spring,2023,20,204.8606345,4
T31787,P00034,Dress Shoes,Footwear,181.5108882,11,28/05/2018,Summer,2018,15,1697.126805,1
T89804,P00052,Digital Camera,Electronics,80.96016347,5,09/12/2022,Winter,2022,5,384.5607765,2
T58036,P00033,Smart Thermostat,Electronics,86.70740737,12,31/01/2016,Fall,2016,20,832.3911108,3
T63303,P00049,HD Webcam,Accessories,67.91819305,11,17/12/2019,Summer,2019,15,635.035105,2
T68204,P00035,Running Shoes,Footwear,245.2715374,16,15/06/2016,Fall,2016,5,3728.127368,2
T26751,P00048,Formal Suit,Clothing,172.3163868,2,02/01/2015,Spring,2015,20,275.7062189,4
T29577,P00059,Air Fryer,Home Decor,81.79341062,6,29/09/2018,Summer,2018,5,466.2224405,4
T35273,P00019,Hiking Boots,Footwear,192.164803,17,03/06/2023,Spring,2023,15,2776.781403,3
T43072,P00035,Raincoat,Clothing,166.3508212,4,05/01/2019,Winter,2019,5,632.1331206,2
T53421,P00020,Hiking Boots,Footwear,43.83937154,14,03/07/2018,Winter,2018,15,521.6885213,1
T16555,P00034,Leather Loafers,Footwear,237.7591871,19,10/04/2019,Fall,2019,0,4517.424555,1
T41582,P00033,Wireless Earbuds,Electronics,22.33899521,8,08/09/2023,Summer,2023,20,142.9695693,1
T56215,P00055,Soundbar,Electronics,93.84429903,3,11/06/2015,Fall,2015,10,253.3796074,4
T43919,P00033,Winter Jacket,Clothing,197.8457656,8,18/03/2016,Winter,2016,5,1503.627819,3
T15724,P00037,Laptop Stand,Accessories,87.6194329,8,10/01/2019,Fall,2019,0,700.9554632,3
T36198,P00021,Mystery Novel,Books,56.78006377,3,24/04/2016,Fall,2016,20,136.272153,4
T55407,P00033,Smart Thermostat,Electronics,62.96966331,11,22/09/2021,Spring,2021,10,623.3996668,4
T42186,P00026,Formal Suit,Clothing,154.3027232,12,02/11/2022,Fall,2022,15,1573.887777,3
T59183,P00001,Microwave Oven,Home Decor,72.33695345,8,03/12/2022,Winter,2022,10,520.8260648,2
T11157,P00058,Hiking Boots,Footwear,195.8935137,6,18/12/2021,Summer,2021,5,1116.593028,1
T30641,P00030,Hoodie,Clothing,159.3132087,18,13/07/2019,Winter,2019,5,2724.255869,1
T79237,P00028,Dish Drying Rack,Home Decor,17.36409944,19,14/12/2016,Summer,2016,10,296.9261004,4
T72013,P00004,Casual Sneakers,Footwear,205.4641939,6,08/07/2016,Summer,2016,20,986.2281307,3
T55522,P00014,Winter Jacket,Clothing,69.84260459,13,02/08/2022,Spring,2022,20,726.3630877,3
T14941,P00017,Cookbook,Books,91.10832171,19,12/12/2023,Winter,2023,0,1731.058112,1
T37102,P00014,Blender,Home Decor,93.08533922,10,17/09/2016,Winter,2016,5,884.3107226,2
T52682,P00046,Raincoat,Clothing,150.6532343,6,07/11/2016,Summer,2016,20,723.1355246,3
T20644,P00001,Casual Sneakers,Footwear,263.118675,5,09/08/2023,Winter,2023,0,1315.593375,4
T94032,P00016,Hoodie,Clothing,122.4016245,9,29/05/2015,Fall,2015,10,991.4531585,2
T79203,P00010,VR Headset,Electronics,50.94250228,2,02/06/2021,Spring,2021,15,86.60225388,1
T38968,P00050,LED Desk Lamp,Home Decor,54.44252446,15,26/12/2017,Spring,2017,20,653.3102935,4
T69120,P00037,Water Filter Pitcher,Home Decor,18.4226807,6,25/05/2018,Winter,2018,10,99.48247578,4
T82766,P00040,Smartphone Case,Accessories,27.18728107,13,12/04/2021,Winter,2021,15,300.4194558,4
T74569,P00009,Winter Jacket,Clothing,90.24700246,5,14/02/2015,Spring,2015,15,383.5497605,1
T35101,P00023,Laptop Stand,Accessories,56.39217121,4,14/03/2017,Spring,2017,15,191.7333821,1
T74455,P00052,T-Shirt,Clothing,108.6365012,14,26/12/2023,Fall,2023,20,1216.728813,4
T81943,P00027,Formal Suit,Clothing,76.41843923,4,28/11/2016,Fall,2016,0,305.6737569,2
T17461,P00027,Travel Guide,Books,78.36335945,4,28/06/2021,Fall,2021,10,282.108094,4
T21436,P00008,Self-Help Book,Books,20.03589139,15,04/11/2019,Winter,2019,10,270.4845338,3
T76822,P00050,LED Desk Lamp,Home Decor,38.71627794,13,10/12/2023,Winter,2023,10,452.9804519,1
T62738,P00047,Cutting Board,Home Decor,24.22380878,5,20/11/2020,Fall,2020,20,96.89523512,4
T54690,P00024,Laptop Stand,Accessories,12.40520538,2,09/03/2016,Fall,2016,10,22.32936968,2
T92480,P00051,Running Shoes,Footwear,52.61812807,7,09/01/2017,Fall,2017,20,294.6615172,3
T60899,P00053,Flip-Flops,Footwear,290.735761,15,12/08/2020,Summer,2020,20,3488.829132,3
T65882,P00056,Casual Sneakers,Footwear,39.82592619,5,01/09/2023,Spring,2023,5,189.1731494,4
T61403,P00051,LED Desk Lamp,Home Decor,14.66209301,16,06/07/2022,Fall,2022,5,222.8638138,1
T39105,P00060,Shorts,Clothing,92.97110796,14,20/01/2018,Winter,2018,10,1171.43596,3
T59839,P00007,External Hard Drive,Accessories,64.42535077,9,22/03/2020,Spring,2020,20,463.8625255,1
T77778,P00019,Soundbar,Electronics,48.32036885,17,05/09/2021,Fall,2021,10,739.3016434,1
T17937,P00054,Monitor Arm,Electronics,89.33912538,16,09/09/2020,Fall,2020,0,1429.426006,3
T37350,P00013,Wireless Keyboard,Accessories,98.0260578,7,15/10/2015,Fall,2015,10,617.5641641,2
T63998,P00027,Dish Drying Rack,Home Decor,56.1194807,5,05/10/2022,Summer,2022,0,280.5974035,2
T68252,P00034,Cookbook,Books,65.59355993,8,24/02/2020,Fall,2020,20,419.7987836,3
T80814,P00013,Monitor Arm,Electronics,87.24380937,13,31/03/2022,Winter,2022,5,1077.461046,3
T41042,P00004,Dress Shoes,Footwear,221.2973787,3,05/09/2021,Fall,2021,20,531.1137089,1
T20998,P00051,Dress Shoes,Footwear,240.1240714,11,05/06/2016,Summer,2016,15,2245.160068,3
T93140,P00053,Leather Loafers,Footwear,52.64617647,10,17/09/2022,Spring,2022,20,421.1694118,2
T82227,P00014,Dress Shoes,Footwear,76.70694039,3,08/06/2019,Winter,2019,5,218.6147801,1
T82331,P00034,Hoodie,Clothing,114.8964946,14,26/06/2022,Spring,2022,0,1608.550924,1
T23844,P00025,HD Webcam,Accessories,96.60418135,6,25/05/2021,Summer,2021,15,492.6813249,2
T85951,P00033,Toaster Oven,Home Decor,25.07774395,1,14/05/2015,Summer,2015,10,22.56996956,4
T40218,P00034,External Hard Drive,Accessories,88.45380198,7,04/01/2016,Summer,2016,5,588.2177832,4
T51099,P00055,USB Flash Drive,Accessories,37.28912232,3,29/03/2020,Summer,2020,10,100.6806303,3
T96690,P00053,Biography,Books,68.72814684,6,11/09/2021,Summer,2021,5,391.750437,3
T54715,P00042,Flip-Flops,Footwear,280.0360108,1,06/03/2023,Fall,2023,10,252.0324097,3
T38811,P00048,Smartphone Case,Accessories,10.37078357,2,12/04/2019,Summer,2019,15,17.63033207,4
T17889,P00042,Running Shoes,Footwear,192.1233862,17,10/04/2017,Summer,2017,20,2612.878052,4
T47432,P00052,Soundbar,Electronics,51.56580631,13,18/12/2017,Summer,2017,0,670.355482,4
T76685,P00041,Self-Help Book,Books,75.87478496,14,19/12/2017,Spring,2017,15,902.909941,4
T64860,P00026,Shorts,Clothing,89.89395623,8,27/02/2020,Fall,2020,15,611.2789024,4
T70577,P00057,Water Filter Pitcher,Home Decor,92.42951809,4,30/05/2019,Fall,2019,5,351.2321687,1
T83500,P00035,Leather Loafers,Footwear,48.44108189,6,09/12/2019,Winter,2019,20,232.5171931,4
T22652,P00037,Laptop Stand,Accessories,87.6194329,8,05/04/2016,Winter,2016,15,595.8121437,1
T35068,P00058,Denim Jeans,Clothing,150.9663343,16,25/10/2021,Fall,2021,0,2415.461349,1
T57624,P00054,Flip-Flops,Footwear,227.9386073,9,20/05/2018,Winter,2018,5,1948.875092,1
T40208,P00025,Smartwatch,Electronics,22.17784624,1,21/03/2016,Spring,2016,10,19.96006162,4
T87130,P00049,Science Textbook,Books,29.82586243,18,11/12/2021,Winter,2021,15,456.3356952,2
T88672,P00050,Casual Sneakers,Footwear,140.9205753,4,20/03/2021,Summer,2021,5,535.4981861,4
T46420,P00030,USB Flash Drive,Accessories,51.78993874,11,06/06/2018,Spring,2018,20,455.7514609,4
T99148,P00031,Cookbook,Books,75.62500325,11,05/12/2019,Fall,2019,20,665.5000286,4
T45078,P00033,Flip-Flops,Footwear,247.8558183,7,15/08/2018,Summer,2018,15,1474.742119,2
T54624,P00003,T-Shirt,Clothing,180.2709663,11,25/10/2015,Winter,2015,0,1982.980629,1
T84570,P00038,Coffee Maker,Home Decor,48.34767373,3,02/06/2022,Winter,2022,5,137.7908701,2
T68081,P00043,Mystery Novel,Books,71.23740771,4,10/12/2020,Fall,2020,10,256.4546678,2
T83080,P00026,Cordless Vacuum,Home Decor,59.6609903,17,17/10/2021,Winter,2021,20,811.3894681,2
T29056,P00031,Biography,Books,65.6483772,8,26/10/2018,Fall,2018,10,472.6683158,3
T81802,P00023,Laptop Stand,Accessories,56.39217121,17,09/08/2022,Fall,2022,15,814.866874,3
T39396,P00015,Coffee Maker,Home Decor,75.59953369,8,25/06/2022,Spring,2022,15,514.0768291,2
T52343,P00028,Smartwatch,Electronics,46.40647679,4,15/09/2023,Spring,2023,0,185.6259072,2
T45715,P00044,External Hard Drive,Accessories,70.22086152,14,10/02/2021,Fall,2021,15,835.6282521,3
T46093,P00028,Gaming Mouse,Accessories,90.35841271,18,24/05/2018,Spring,2018,15,1382.483714,4
T77177,P00060,Mystery Novel,Books,85.44695979,15,13/12/2023,Fall,2023,20,1025.363517,3
T57121,P00046,Fitness Tracker,Electronics,15.33455081,4,09/09/2023,Fall,2023,10,55.20438292,3
T98982,P00015,Dish Drying Rack,Home Decor,21.89002612,19,10/01/2018,Fall,2018,0,415.9104963,2
T75208,P00003,Mechanical Keyboard,Electronics,49.92314197,16,05/12/2019,Fall,2019,20,639.0162172,1
T52865,P00033,Smartphone Case,Accessories,76.5791009,1,18/09/2016,Winter,2016,0,76.5791009,3
T85729,P00055,Flip-Flops,Footwear,50.19873183,10,27/12/2018,Fall,2018,15,426.6892206,3
T83821,P00019,Hiking Boots,Footwear,192.164803,8,17/02/2016,Summer,2016,20,1229.854739,2
T95802,P00040,Hiking Boots,Footwear,294.0182968,4,17/12/2016,Fall,2016,10,1058.465868,2
T25413,P00037,4K TV,Electronics,69.33827749,6,24/08/2019,Summer,2019,10,374.4266984,2
T98693,P00039,Winter Jacket,Clothing,135.815343,17,26/03/2018,Summer,2018,10,2077.974748,1
T41491,P00002,Toaster Oven,Home Decor,20.8472502,17,08/03/2015,Winter,2015,5,336.6830907,1
T69841,P00035,Winter Jacket,Clothing,174.9882533,6,24/01/2020,Winter,2020,0,1049.92952,1
T22178,P00027,Bluetooth Speaker,Electronics,79.70213764,1,12/11/2023,Summer,2023,5,75.71703076,1
T50666,P00039,USB Flash Drive,Accessories,25.97015327,18,04/01/2019,Fall,2019,15,397.343345,1
T45379,P00044,USB Flash Drive,Accessories,20.34574456,11,21/10/2016,Winter,2016,20,179.0425521,4
T52217,P00041,USB Flash Drive,Accessories,48.95136318,6,20/11/2021,Fall,2021,0,293.7081791,2
T23082,P00059,Biography,Books,99.05875814,18,13/12/2018,Fall,2018,10,1604.751882,2
T96353,P00001,Mystery Novel,Books,78.21964696,18,27/08/2018,Winter,2018,5,1337.555963,2
T97921,P00042,Cookbook,Books,35.30363531,7,29/11/2022,Summer,2022,0,247.1254472,2
T59374,P00043,Science Textbook,Books,49.4388353,17,03/10/2017,Summer,2017,10,756.4141801,2
T38692,P00028,Cordless Vacuum,Home Decor,28.18634509,8,03/03/2021,Fall,2021,5,214.2162227,3
T66517,P00014,Dish Drying Rack,Home Decor,30.4318743,3,17/12/2022,Winter,2022,15,77.60127946,3
T64291,P00010,Mystery Novel,Books,64.02028698,1,07/02/2017,Summer,2017,15,54.41724393,2
T28565,P00030,Fiction Novel,Books,15.48745476,15,13/10/2023,Summer,2023,10,209.0806393,4
T82448,P00009,Raincoat,Clothing,144.9391419,7,19/07/2018,Fall,2018,20,811.6591946,1
T46713,P00050,Digital Camera,Electronics,17.52648969,16,21/11/2016,Winter,2016,20,224.339068,4
T38559,P00050,Monitor Arm,Electronics,42.61299237,11,29/08/2023,Summer,2023,20,374.9943329,3
T73767,P00012,Cordless Vacuum,Home Decor,57.90671357,5,14/05/2017,Summer,2017,15,246.1035327,4
T26310,P00042,Gaming Mouse,Accessories,77.57475626,15,26/12/2018,Summer,2018,5,1105.440277,1
T89334,P00036,Flip-Flops,Footwear,180.3113098,6,02/05/2020,Winter,2020,15,919.58768,4
T64672,P00008,Science Textbook,Books,77.89193133,10,18/01/2018,Summer,2018,15,662.0814163,1
T95875,P00009,Sweatpants,Clothing,156.4994676,1,11/07/2017,Spring,2017,15,133.0245475,1
T40431,P00054,Formal Suit,Clothing,20.80524228,19,27/03/2019,Winter,2019,0,395.2996033,3
T24896,P00015,Dress Shoes,Footwear,66.71487349,13,25/04/2021,Fall,2021,0,867.2933554,3
T73075,P00004,Hiking Boots,Footwear,298.7029359,14,21/09/2017,Fall,2017,20,3345.472882,4
T87321,P00011,Hoodie,Clothing,89.63466447,17,30/03/2017,Fall,2017,15,1295.220902,1
T58230,P00012,4K TV,Electronics,92.81733398,7,21/11/2019,Summer,2019,5,617.235271,2
T65840,P00026,Gaming Mouse,Accessories,63.67066886,7,05/10/2016,Summer,2016,0,445.694682,1
T47433,P00021,Travel Guide,Books,22.77929853,17,20/01/2018,Fall,2018,5,367.8856713,4
T10194,P00045,Smart Thermostat,Electronics,20.70780935,15,20/12/2023,Fall,2023,5,295.0862832,1
T22948,P00020,Flip-Flops,Footwear,269.4675432,4,17/05/2015,Spring,2015,15,916.1896469,3
T74045,P00008,Microwave Oven,Home Decor,19.67602718,9,22/02/2016,Fall,2016,15,150.5216079,4
T80348,P00013,E-Reader,Electronics,33.54841119,5,11/07/2016,Fall,2016,5,159.3549532,4
T73788,P00045,Travel Guide,Books,99.93004408,5,16/05/2022,Fall,2022,10,449.6851984,2
T33892,P00006,Wireless Earbuds,Electronics,39.09880934,9,15/11/2022,Summer,2022,10,316.7003557,3
T87584,P00020,Formal Suit,Clothing,27.2944573,8,22/09/2019,Fall,2019,20,174.6845267,3
T31998,P00002,Raincoat,Clothing,74.70620204,11,08/04/2019,Winter,2019,15,698.5029891,1
T60664,P00030,Shorts,Clothing,160.7864835,3,22/03/2015,Fall,2015,5,458.241478,3
T96302,P00023,Leather Loafers,Footwear,168.0870986,11,31/12/2018,Spring,2018,15,1571.614372,3
T10203,P00056,External Hard Drive,Accessories,50.04439282,18,27/07/2022,Winter,2022,10,810.7191637,4
T53270,P00012,Smart Thermostat,Electronics,42.68721217,7,15/05/2021,Spring,2021,10,268.9294367,1
T23399,P00013,HD Webcam,Accessories,69.46669349,8,09/04/2017,Fall,2017,20,444.5868383,2
T21414,P00012,Smartwatch,Electronics,99.21662262,19,27/06/2021,Spring,2021,10,1696.604247,2
T45065,P00057,Water Filter Pitcher,Home Decor,92.42951809,14,12/06/2015,Winter,2015,0,1294.013253,4
T96117,P00020,Smartphone Case,Accessories,32.04616276,13,22/03/2016,Spring,2016,0,416.6001159,1
T45376,P00023,Raincoat,Clothing,165.1372922,15,20/07/2019,Winter,2019,10,2229.353445,1
T56217,P00001,Smartphone Case,Accessories,52.54737529,16,13/10/2020,Summer,2020,0,840.7580046,2
T25048,P00058,4K TV,Electronics,91.49581732,6,13/10/2021,Spring,2021,15,466.6286683,2
T59053,P00017,VR Headset,Electronics,87.53487606,3,17/11/2018,Winter,2018,15,223.213934,2
T40879,P00052,Self-Help Book,Books,38.30686909,13,09/05/2022,Winter,2022,0,497.9892982,1
T65669,P00017,Self-Help Book,Books,30.19405005,8,17/02/2019,Summer,2019,5,229.4747804,1
T57442,P00046,Smartphone Case,Accessories,26.93884388,2,17/02/2021,Winter,2021,15,45.7960346,1
T13856,P00039,Winter Jacket,Clothing,199.219373,14,07/11/2018,Winter,2018,10,2510.1641,3
T63828,P00057,Hiking Boots,Footwear,89.04701457,15,14/07/2023,Fall,2023,5,1268.919958,1
T21861,P00024,Fitness Tracker,Electronics,94.53657463,4,20/12/2015,Summer,2015,5,359.2389836,4
T76981,P00005,Biography,Books,34.14442096,18,23/02/2017,Spring,2017,5,583.8695984,2
T35561,P00026,Hoodie,Clothing,134.5048117,3,13/02/2015,Winter,2015,0,403.5144351,2
T65084,P00017,Wireless Earbuds,Electronics,51.0679121,10,09/01/2020,Winter,2020,10,459.6112089,2
T15934,P00007,Soundbar,Electronics,26.96699,17,30/08/2019,Summer,2019,0,458.43883,4
T25987,P00036,Children's Book,Books,53.9682058,7,01/06/2017,Spring,2017,20,302.2219525,1
T75907,P00014,Hiking Boots,Footwear,229.4310974,16,14/06/2020,Summer,2020,10,3303.807803,2
T35384,P00005,Sweatpants,Clothing,92.05888363,17,30/08/2019,Summer,2019,10,1408.50092,4
T75066,P00036,Portable Fan,Home Decor,77.63916767,18,12/05/2016,Spring,2016,15,1187.879265,4
T42476,P00055,Cookbook,Books,83.42164681,6,05/08/2023,Fall,2023,20,400.4239047,4
T74310,P00035,Winter Jacket,Clothing,174.9882533,8,19/03/2021,Winter,2021,0,1399.906026,3
T96825,P00030,Microwave Oven,Home Decor,13.60995824,13,18/05/2020,Summer,2020,0,176.9294571,2
T23311,P00002,Cutting Board,Home Decor,69.41694501,17,05/06/2021,Spring,2021,10,1062.079259,2
T53577,P00055,Casual Sneakers,Footwear,168.6917974,2,14/12/2022,Spring,2022,5,320.5144151,1
T79266,P00035,Mystery Novel,Books,24.11474101,9,16/05/2023,Winter,2023,20,173.6261353,2
T60703,P00007,Running Shoes,Footwear,208.2036521,8,01/11/2018,Spring,2018,15,1415.784834,3
T18491,P00018,Hiking Boots,Footwear,94.62994252,9,26/12/2022,Summer,2022,10,766.5025344,4
T41782,P00023,Science Textbook,Books,73.78208741,4,28/06/2016,Summer,2016,20,236.1026797,3
T33831,P00007,Smart Thermostat,Electronics,47.93594784,18,12/07/2023,Summer,2023,20,690.2776489,2
T36146,P00026,Laptop Stand,Accessories,23.01047683,14,15/06/2023,Fall,2023,0,322.1466756,4
T70574,P00035,4K TV,Electronics,89.49415125,17,28/01/2022,Fall,2022,15,1293.190486,4
T62242,P00021,Hiking Boots,Footwear,171.20718,16,19/03/2019,Winter,2019,10,2465.383392,2
T51780,P00034,Digital Camera,Electronics,64.94703002,13,22/02/2023,Winter,2023,15,717.6646817,2
T44917,P00050,USB Flash Drive,Accessories,68.497356,1,02/07/2016,Winter,2016,10,61.6476204,4
T76710,P00060,Travel Guide,Books,39.21428831,6,05/05/2018,Fall,2018,0,235.2857299,3
T56859,P00049,Denim Jeans,Clothing,129.0402758,8,13/06/2016,Spring,2016,5,980.7060961,4
T96865,P00048,T-Shirt,Clothing,58.30462595,5,24/01/2022,Summer,2022,10,262.3708168,2
T20511,P00046,Fiction Novel,Books,66.54163833,9,11/03/2017,Summer,2017,15,509.0435332,1
T78319,P00055,USB Flash Drive,Accessories,14.48310698,12,21/01/2017,Summer,2017,20,139.037827,2
T21995,P00031,Running Shoes,Footwear,180.0502594,13,22/12/2015,Spring,2015,5,2223.620704,4
T37605,P00042,Electric Kettle,Home Decor,78.27539356,13,18/10/2017,Fall,2017,10,915.8221047,4
T32327,P00043,Smart Thermostat,Electronics,74.38334857,2,24/05/2022,Winter,2022,15,126.4516926,2
T86566,P00051,Hiking Boots,Footwear,129.8274708,7,06/06/2019,Summer,2019,15,772.4734513,2
T93730,P00043,Smart Thermostat,Electronics,74.38334857,16,08/09/2023,Summer,2023,10,1071.120219,2
T50500,P00060,4K TV,Electronics,94.1578912,9,05/10/2018,Summer,2018,5,805.0499698,4
T54989,P00046,Winter Jacket,Clothing,41.60665736,10,01/05/2023,Fall,2023,5,395.2632449,3
T59994,P00023,Electric Kettle,Home Decor,14.69001957,6,02/05/2023,Winter,2023,0,88.14011742,2
T56756,P00037,Children's Book,Books,97.38278097,10,24/02/2022,Fall,2022,0,973.8278097,1
T95513,P00014,Smartwatch,Electronics,75.93002746,8,27/01/2023,Fall,2023,10,546.6961977,2
T92391,P00043,External Hard Drive,Accessories,61.53538529,14,17/12/2023,Winter,2023,5,818.4206244,2
T83470,P00027,Sweatpants,Clothing,174.9401318,19,21/12/2016,Spring,2016,0,3323.862504,1
T41334,P00029,Science Textbook,Books,13.0042633,15,27/07/2020,Summer,2020,5,185.310752,2
T78443,P00053,Leather Loafers,Footwear,52.64617647,1,10/03/2019,Fall,2019,20,42.11694118,2
T72652,P00018,Hiking Boots,Footwear,94.62994252,2,03/07/2015,Winter,2015,20,151.407908,4
T13886,P00056,Wireless Keyboard,Accessories,75.31579804,1,13/12/2017,Summer,2017,15,64.01842833,1
T59839,P00005,Wireless Keyboard,Accessories,11.62149829,10,09/01/2022,Spring,2022,5,110.4042338,1
T14629,P00052,Wi-Fi Router,Electronics,94.36964761,8,25/01/2016,Winter,2016,0,754.9571809,3
T16032,P00031,Raincoat,Clothing,114.570741,15,05/11/2019,Summer,2019,10,1546.705004,1
T44413,P00033,Sweatpants,Clothing,100.8275039,7,25/05/2017,Winter,2017,5,670.5029009,2
T30193,P00002,Wireless Keyboard,Accessories,74.08316249,14,27/04/2020,Fall,2020,0,1037.164275,1
T15417,P00056,External Hard Drive,Accessories,50.04439282,7,22/03/2023,Summer,2023,20,280.2485998,1
T36249,P00005,Sweatpants,Clothing,64.93098007,8,29/07/2017,Winter,2017,15,441.5306645,1
T28396,P00028,Raincoat,Clothing,142.4636251,6,18/04/2022,Spring,2022,0,854.7817506,4
T38548,P00057,Mystery Novel,Books,58.30195707,16,27/02/2021,Spring,2021,5,886.1897475,3
T40881,P00003,Casual Sneakers,Footwear,96.28775364,6,01/11/2022,Fall,2022,0,577.7265218,2
T81345,P00003,Portable Fan,Home Decor,32.03015182,2,20/09/2017,Spring,2017,10,57.65427328,2
T75718,P00046,Denim Jeans,Clothing,199.860527,5,15/06/2015,Spring,2015,15,849.4072398,4
T55333,P00053,Raincoat,Clothing,193.5894626,9,13/10/2018,Fall,2018,20,1393.844131,2
T17286,P00019,T-Shirt,Clothing,76.62656321,17,29/01/2023,Summer,2023,20,1042.12126,1
T76403,P00008,Mystery Novel,Books,81.97434321,15,03/04/2018,Winter,2018,20,983.6921185,1
T31511,P00034,4K TV,Electronics,25.2160355,19,10/03/2015,Fall,2015,15,407.2389733,1
T20314,P00056,Self-Help Book,Books,20.20006769,5,13/10/2019,Summer,2019,20,80.80027076,1
T75764,P00053,Sweatpants,Clothing,152.8085821,1,02/02/2023,Summer,2023,20,122.2468657,4
T13254,P00052,Dish Drying Rack,Home Decor,78.01373141,3,15/04/2016,Winter,2016,10,210.6370748,1
T37301,P00006,Shorts,Clothing,125.6008088,16,08/07/2018,Fall,2018,5,1909.132294,3
T77896,P00048,Microwave Oven,Home Decor,81.7323169,3,03/03/2018,Winter,2018,0,245.1969507,4
T62224,P00055,Gaming Mouse,Accessories,42.05064072,13,01/10/2019,Spring,2019,10,491.9924964,1
T92019,P00014,Casual Sneakers,Footwear,276.5568618,9,10/08/2018,Summer,2018,15,2115.659993,4
T97070,P00034,LED Desk Lamp,Home Decor,53.21864869,2,15/05/2017,Winter,2017,20,85.1498379,3
T54380,P00031,Travel Guide,Books,97.58182495,3,25/07/2018,Winter,2018,20,234.1963799,2
T94910,P00011,USB Flash Drive,Accessories,71.54624873,19,24/11/2017,Spring,2017,10,1223.440853,1
T65301,P00020,Wireless Keyboard,Accessories,23.66977618,10,29/01/2022,Fall,2022,0,236.6977618,2
T54476,P00002,Flip-Flops,Footwear,85.91198997,11,14/07/2021,Fall,2021,0,945.0318897,1
T83533,P00002,Sweatpants,Clothing,55.70233075,7,19/05/2017,Summer,2017,5,370.4204995,2
T73791,P00043,Mystery Novel,Books,71.23740771,2,09/06/2016,Spring,2016,20,113.9798523,4
T63426,P00031,Microwave Oven,Home Decor,56.7502964,1,08/05/2022,Summer,2022,15,48.23775194,1
T71829,P00002,Monitor Arm,Electronics,99.56631932,3,27/04/2020,Fall,2020,0,298.698958,2
T34955,P00036,Wireless Keyboard,Accessories,16.71161709,2,26/04/2020,Winter,2020,10,30.08091076,2
T31945,P00059,Bluetooth Speaker,Electronics,96.79930599,16,14/03/2019,Summer,2019,15,1316.470561,2
T64463,P00056,Wireless Keyboard,Accessories,75.31579804,8,19/10/2022,Fall,2022,20,482.0211075,1
T15249,P00024,Fitness Tracker,Electronics,94.53657463,5,05/02/2018,Fall,2018,15,401.7804422,1
T70751,P00030,USB Flash Drive,Accessories,26.31816571,12,29/07/2018,Winter,2018,20,252.6543908,1
T84563,P00015,Flip-Flops,Footwear,44.280193,6,18/05/2017,Summer,2017,15,225.8289843,3
T26126,P00058,Wireless Keyboard,Accessories,94.45716509,19,28/09/2019,Summer,2019,5,1704.95183,4
T41431,P00004,Dress Shoes,Footwear,221.2973787,14,11/02/2019,Spring,2019,10,2788.346972,1
T66037,P00025,USB Flash Drive,Accessories,17.23032415,1,02/10/2017,Fall,2017,5,16.36880794,1
T42398,P00055,Hoodie,Clothing,17.76185894,11,07/03/2021,Fall,2021,15,166.0733811,1
T37518,P00034,Leather Loafers,Footwear,44.18220846,3,11/03/2015,Fall,2015,15,112.6646316,3
T10139,P00025,Wi-Fi Router,Electronics,48.75035176,2,29/05/2020,Fall,2020,10,87.75063317,2
T99255,P00027,Flip-Flops,Footwear,259.6857486,2,17/10/2018,Summer,2018,5,493.4029223,4
T84741,P00002,Children's Book,Books,59.74766499,1,04/07/2018,Spring,2018,5,56.76028174,4
T79559,P00049,Electric Kettle,Home Decor,50.41879529,15,21/02/2015,Fall,2015,5,718.4678329,4
T23848,P00002,External Hard Drive,Accessories,71.31864736,6,01/09/2023,Summer,2023,5,406.51629,3
T59413,P00030,Laptop Stand,Accessories,42.41258795,1,10/11/2022,Fall,2022,10,38.17132916,1
T29565,P00013,HD Webcam,Accessories,69.46669349,10,09/10/2023,Winter,2023,5,659.9335882,4
T75351,P00004,Casual Sneakers,Footwear,265.3968385,7,26/11/2023,Summer,2023,0,1857.77787,1
T50855,P00026,Cutting Board,Home Decor,57.54912234,11,25/12/2023,Summer,2023,0,633.0403457,3
T61806,P00001,Denim Jeans,Clothing,135.0826256,17,06/04/2016,Fall,2016,20,1837.123708,4
T56434,P00033,Sweatpants,Clothing,93.36191687,19,02/05/2020,Fall,2020,0,1773.876421,4
T16804,P00017,External Hard Drive,Accessories,52.3190909,15,17/02/2018,Spring,2018,20,627.8290908,2
T80546,P00060,Travel Guide,Books,39.21428831,6,05/06/2021,Summer,2021,5,223.5214434,2
T24374,P00009,Dress Shoes,Footwear,182.9272652,6,09/01/2021,Summer,2021,5,1042.685412,2
T95338,P00059,Hoodie,Clothing,31.61658039,14,10/02/2015,Winter,2015,0,442.6321255,3
T95521,P00014,Dress Shoes,Footwear,76.70694039,7,21/07/2018,Spring,2018,20,429.5588662,4
T65823,P00020,Science Textbook,Books,58.21838196,18,15/04/2018,Winter,2018,15,890.741244,3
T30061,P00040,Wireless Earbuds,Electronics,39.98620552,9,26/10/2020,Fall,2020,20,287.9006797,1
T45998,P00006,Soundbar,Electronics,91.28894557,17,25/11/2021,Summer,2021,5,1474.316471,2
T78016,P00042,Monitor Arm,Electronics,40.01646919,8,16/06/2023,Spring,2023,0,320.1317535,2
T14264,P00029,Wi-Fi Router,Electronics,98.07367005,7,31/03/2020,Spring,2020,20,549.2125523,2
T20072,P00035,Air Fryer,Home Decor,14.19106704,14,07/06/2017,Summer,2017,0,198.6749386,2
T62168,P00034,Hiking Boots,Footwear,110.0758885,5,26/01/2015,Spring,2015,10,495.3414983,4
T63400,P00019,Shorts,Clothing,102.183139,14,07/01/2017,Spring,2017,5,1359.035749,2
T60366,P00018,Toaster Oven,Home Decor,25.25199267,8,17/03/2015,Winter,2015,10,181.8143472,3
T82285,P00041,Winter Jacket,Clothing,151.7650414,14,24/08/2015,Spring,2015,0,2124.71058,3
T33149,P00016,Microwave Oven,Home Decor,88.37038309,1,30/01/2019,Summer,2019,5,83.95186394,1
T10204,P00003,Smartphone Case,Accessories,95.34417848,3,14/10/2016,Winter,2016,0,286.0325354,4
T57473,P00018,Shorts,Clothing,77.64051054,1,25/07/2019,Fall,2019,10,69.87645949,4
T82012,P00005,Gaming Mouse,Accessories,39.51834027,14,31/12/2019,Fall,2019,15,470.2682492,4
T26276,P00002,T-Shirt,Clothing,169.9167459,14,17/07/2021,Summer,2021,10,2140.950998,4
T81606,P00056,Hiking Boots,Footwear,158.248976,1,23/09/2016,Winter,2016,15,134.5116296,1
T10973,P00046,Hoodie,Clothing,85.38588128,4,01/09/2018,Spring,2018,10,307.3891726,3
T30862,P00031,Dress Shoes,Footwear,226.0546892,19,20/11/2017,Summer,2017,20,3436.031276,1
T55755,P00009,Winter Jacket,Clothing,128.2847208,15,29/12/2021,Summer,2021,10,1731.843731,1
T83054,P00010,Travel Guide,Books,12.84379568,19,09/02/2022,Spring,2022,20,195.2256943,3
T17731,P00052,Science Textbook,Books,19.67916358,15,17/06/2022,Winter,2022,10,265.6687083,2
T40189,P00034,Self-Help Book,Books,84.20322396,13,24/06/2020,Fall,2020,20,875.7135292,3
T44094,P00050,Self-Help Book,Books,42.20244259,19,21/03/2016,Summer,2016,0,801.8464092,3
T21496,P00011,Flip-Flops,Footwear,92.91643319,8,27/06/2018,Fall,2018,20,594.6651724,4
T44105,P00022,Toaster Oven,Home Decor,51.46303943,13,30/09/2017,Summer,2017,20,535.2156101,2
T89760,P00051,Microwave Oven,Home Decor,34.95645072,17,10/01/2019,Fall,2019,20,475.4077298,1
T49360,P00022,External Hard Drive,Accessories,10.0257827,5,27/09/2023,Spring,2023,20,40.1031308,4
T18868,P00002,Laptop Stand,Accessories,35.72262335,1,15/01/2017,Winter,2017,10,32.15036102,1
T54736,P00024,Travel Guide,Books,87.74642647,1,01/08/2015,Summer,2015,0,87.74642647,1
T27221,P00011,Cutting Board,Home Decor,91.45896591,8,21/08/2019,Spring,2019,20,585.3373818,1
T76036,P00015,Bluetooth Speaker,Electronics,55.01523063,3,17/12/2023,Winter,2023,15,140.2888381,3
T48947,P00059,Water Filter Pitcher,Home Decor,26.0990865,19,11/08/2020,Fall,2020,10,446.2943792,4
T96793,P00015,Wi-Fi Router,Electronics,39.71149191,18,19/08/2019,Fall,2019,10,643.3261689,2
T32959,P00011,Toaster Oven,Home Decor,42.78964463,11,13/09/2019,Summer,2019,10,423.6174818,2
T37451,P00050,Children's Book,Books,27.77070923,13,28/10/2018,Fall,2018,0,361.01922,3
T81448,P00051,Denim Jeans,Clothing,164.6169541,7,06/03/2023,Spring,2023,15,979.4708769,2
T61489,P00017,Travel Guide,Books,20.94249764,14,02/05/2015,Summer,2015,20,234.5559736,2
T61382,P00018,Wi-Fi Router,Electronics,81.68226651,4,15/08/2018,Fall,2018,15,277.7197061,2
T88659,P00053,Flip-Flops,Footwear,290.735761,19,10/11/2021,Fall,2021,20,4419.183567,1
T58837,P00033,Toaster Oven,Home Decor,25.07774395,12,20/05/2021,Fall,2021,15,255.7929883,3
T40406,P00032,Smartphone Case,Accessories,51.32556475,1,19/07/2021,Winter,2021,0,51.32556475,1
T49190,P00036,Denim Jeans,Clothing,124.8585267,2,03/02/2022,Spring,2022,15,212.2594954,4
T38230,P00041,Wireless Keyboard,Accessories,69.49211891,19,27/05/2017,Summer,2017,20,1056.280207,1
T66977,P00012,4K TV,Electronics,24.68178235,10,22/07/2016,Spring,2016,15,209.79515,2
T33443,P00056,Cookbook,Books,49.81394509,15,01/12/2023,Fall,2023,20,597.7673411,4
T34210,P00043,Mechanical Keyboard,Electronics,68.96228295,12,21/07/2021,Winter,2021,20,662.0379163,4
T94009,P00056,Self-Help Book,Books,20.20006769,14,11/10/2023,Fall,2023,5,268.6609003,3
T38898,P00017,Hoodie,Clothing,197.580747,15,04/03/2019,Winter,2019,20,2370.968964,1
T55299,P00003,Fiction Novel,Books,40.83112222,12,19/06/2015,Spring,2015,15,416.4774466,1
T36327,P00023,Soundbar,Electronics,35.34433742,10,25/08/2017,Winter,2017,0,353.4433742,3
T66482,P00039,Smart Thermostat,Electronics,43.49416854,1,16/11/2018,Summer,2018,20,34.79533483,4
T74221,P00043,Cookbook,Books,20.28210677,9,18/12/2022,Summer,2022,20,146.0311687,2
T55332,P00030,LED Desk Lamp,Home Decor,15.27378723,1,02/06/2023,Summer,2023,0,15.27378723,1
T39801,P00019,Casual Sneakers,Footwear,88.88491351,7,07/03/2017,Summer,2017,5,591.0846748,1
T45594,P00032,Children's Book,Books,66.73910761,2,07/02/2023,Summer,2023,10,120.1303937,2
T99434,P00009,LED Desk Lamp,Home Decor,95.3419342,8,06/10/2023,Summer,2023,15,648.3251526,3
T42991,P00033,Self-Help Book,Books,64.98267198,15,21/11/2020,Fall,2020,15,828.5290677,2
T44771,P00050,Mystery Novel,Books,96.83739269,6,29/06/2018,Summer,2018,20,464.8194849,3
T89249,P00039,Soundbar,Electronics,17.62797821,16,01/07/2022,Summer,2022,20,225.6381211,3
T53919,P00040,Hiking Boots,Footwear,294.0182968,18,14/04/2023,Summer,2023,0,5292.329342,2
T22975,P00025,HD Webcam,Accessories,15.3017795,1,26/12/2022,Winter,2022,0,15.3017795,1
T55646,P00042,Cutting Board,Home Decor,76.33759223,5,30/03/2022,Summer,2022,20,305.3503689,3
T20445,P00041,Formal Suit,Clothing,66.95059577,16,09/03/2017,Summer,2017,20,856.9676259,2
T86608,P00016,HD Webcam,Accessories,77.76995279,3,03/02/2020,Fall,2020,15,198.3133796,1
T26539,P00043,Science Textbook,Books,49.4388353,7,28/11/2016,Summer,2016,10,311.4646624,4
T54634,P00050,Digital Camera,Electronics,34.10868845,19,11/12/2022,Fall,2022,15,550.8553185,1
T95203,P00026,Wi-Fi Router,Electronics,17.33631355,7,18/12/2022,Winter,2022,5,115.2864851,4
T79246,P00057,Toaster Oven,Home Decor,30.75836268,14,13/10/2023,Spring,2023,0,430.6170775,2
T29267,P00038,Gaming Mouse,Accessories,97.26937719,2,26/01/2022,Summer,2022,15,165.3579412,3
T41079,P00051,Sweatpants,Clothing,51.36724008,15,11/04/2022,Fall,2022,10,693.4577411,4
T13159,P00054,Running Shoes,Footwear,212.4670861,17,29/01/2019,Fall,2019,10,3250.746417,4
T32871,P00007,Toaster Oven,Home Decor,90.02813486,5,06/12/2020,Winter,2020,5,427.6336406,4
T20903,P00024,Water Filter Pitcher,Home Decor,57.06930492,18,19/10/2016,Summer,2016,20,821.7979908,3
T44688,P00016,HD Webcam,Accessories,54.00953926,13,03/11/2015,Fall,2015,0,702.1240104,1
T95275,P00031,LED Desk Lamp,Home Decor,56.06536277,2,09/02/2018,Summer,2018,5,106.5241893,4
T92770,P00033,USB Flash Drive,Accessories,58.04305428,9,13/05/2015,Fall,2015,10,470.1487397,3
T11073,P00039,Winter Jacket,Clothing,135.815343,1,15/01/2019,Spring,2019,0,135.815343,3
T88926,P00030,USB Flash Drive,Accessories,51.78993874,18,12/04/2022,Winter,2022,10,838.9970076,4
T36672,P00014,Digital Camera,Electronics,74.42089267,5,08/07/2015,Spring,2015,0,372.1044634,1
T82803,P00041,Children's Book,Books,45.17204981,4,11/03/2021,Fall,2021,15,153.5849694,3
T54120,P00014,Blender,Home Decor,93.08533922,5,20/01/2020,Winter,2020,5,442.1553613,1
T35633,P00038,External Hard Drive,Accessories,98.19741606,6,30/07/2020,Fall,2020,20,471.3475971,1
T13693,P00054,Monitor Arm,Electronics,89.33912538,8,14/05/2017,Spring,2017,0,714.713003,4
T25778,P00003,Digital Camera,Electronics,31.74741533,2,06/02/2022,Fall,2022,0,63.49483066,1
T73742,P00017,Laptop Stand,Accessories,44.58962996,6,15/06/2023,Fall,2023,20,214.0302238,4
T54350,P00037,Denim Jeans,Clothing,100.103657,11,06/12/2022,Summer,2022,5,1046.083216,2
T31897,P00026,T-Shirt,Clothing,34.5677818,17,07/12/2015,Fall,2015,20,470.1218325,3
T22259,P00054,Running Shoes,Footwear,212.4670861,9,02/10/2017,Winter,2017,0,1912.203775,3
T20575,P00012,Water Filter Pitcher,Home Decor,91.83346375,16,12/10/2019,Fall,2019,0,1469.33542,4
T48970,P00011,USB Flash Drive,Accessories,71.54624873,6,26/02/2015,Summer,2015,0,429.2774924,3
T69983,P00035,Cordless Vacuum,Home Decor,46.17965236,13,14/07/2016,Winter,2016,15,510.2851586,2
T98444,P00018,Leather Loafers,Footwear,67.61351406,10,25/05/2015,Winter,2015,10,608.5216265,2
T50224,P00046,Fitness Tracker,Electronics,18.95249349,3,23/03/2022,Spring,2022,5,54.01460645,2
T67332,P00052,Self-Help Book,Books,44.78883969,2,15/01/2015,Fall,2015,15,76.14102747,2
T39340,P00042,USB Flash Drive,Accessories,83.85940355,7,31/12/2015,Spring,2015,15,498.9634511,1
T91886,P00032,Flip-Flops,Footwear,48.74258965,17,26/01/2023,Fall,2023,0,828.6240241,4
T92012,P00052,Dress Shoes,Footwear,220.1966744,16,23/06/2022,Summer,2022,5,3346.989451,1
T24902,P00038,Hiking Boots,Footwear,179.3448007,4,20/02/2019,Fall,2019,5,681.5102427,3
T50782,P00060,Self-Help Book,Books,49.95991187,18,14/04/2016,Spring,2016,5,854.314493,4
T18418,P00025,Shorts,Clothing,63.83219922,12,03/06/2019,Spring,2019,15,651.088432,3
T58703,P00027,LED Desk Lamp,Home Decor,26.27785497,11,15/01/2021,Spring,2021,5,274.6035844,4
T82377,P00049,Fitness Tracker,Electronics,85.51617179,13,30/10/2023,Fall,2023,10,1000.53921,2
T24016,P00015,Formal Suit,Clothing,153.7469137,2,20/02/2023,Spring,2023,0,307.4938274,3
T66334,P00006,Microwave Oven,Home Decor,59.5785321,7,15/09/2023,Winter,2023,5,396.1972385,3
T77999,P00049,Denim Jeans,Clothing,129.0402758,14,06/04/2021,Summer,2021,15,1535.579282,3
T91286,P00044,4K TV,Electronics,99.5196069,8,14/08/2016,Winter,2016,10,716.5411697,4
T65234,P00038,Denim Jeans,Clothing,77.63075981,6,18/07/2016,Winter,2016,20,372.6276471,1
T25373,P00021,Formal Suit,Clothing,182.500196,16,07/02/2015,Summer,2015,0,2920.003136,3
T12444,P00043,Sweatpants,Clothing,121.1688855,5,07/09/2022,Winter,2022,0,605.8444275,2
T73363,P00053,Formal Suit,Clothing,74.03946501,12,07/01/2021,Fall,2021,0,888.4735801,4
T72375,P00016,Blender,Home Decor,86.52779286,1,29/12/2022,Summer,2022,10,77.87501357,1
T21604,P00015,Flip-Flops,Footwear,92.99404972,13,19/01/2017,Fall,2017,0,1208.922646,4
T57273,P00003,Sweatpants,Clothing,102.6195744,16,31/08/2019,Summer,2019,0,1641.91319,3
T14783,P00047,Cutting Board,Home Decor,24.22380878,11,23/09/2015,Fall,2015,5,253.1388018,2
T30917,P00025,USB Flash Drive,Accessories,17.23032415,19,14/03/2022,Fall,2022,20,261.9009271,3
T67544,P00008,Laptop Stand,Accessories,17.67247676,16,10/04/2019,Summer,2019,5,268.6216468,2
T34991,P00009,External Hard Drive,Accessories,25.01312562,19,23/02/2015,Fall,2015,10,427.7244481,3
T97129,P00049,Raincoat,Clothing,49.80573735,1,06/11/2015,Winter,2015,20,39.84458988,2
T82905,P00047,Cutting Board,Home Decor,24.22380878,4,04/11/2019,Winter,2019,20,77.5161881,4
T27495,P00036,Travel Guide,Books,76.11587743,8,06/12/2016,Fall,2016,15,517.5879665,4
T13252,P00023,Bluetooth Speaker,Electronics,43.12270474,13,28/04/2019,Winter,2019,15,476.5058874,1
T81099,P00034,4K TV,Electronics,25.2160355,13,22/04/2022,Spring,2022,5,311.4180384,3
T38847,P00043,Air Fryer,Home Decor,50.21292288,11,02/09/2023,Spring,2023,15,469.4908289,2
T98993,P00007,HD Webcam,Accessories,78.31498687,19,20/08/2021,Spring,2021,10,1339.186275,2
T33983,P00029,LED Desk Lamp,Home Decor,81.3802939,8,25/11/2021,Spring,2021,0,651.0423512,2
T88373,P00034,Hiking Boots,Footwear,110.0758885,1,06/07/2020,Spring,2020,5,104.5720941,2
T95791,P00016,Travel Guide,Books,63.83060907,3,31/03/2021,Spring,2021,20,153.1934618,4
T44033,P00044,Running Shoes,Footwear,242.4022619,16,25/09/2017,Winter,2017,10,3490.592571,2
T32361,P00007,Portable Fan,Home Decor,46.72905836,8,25/07/2015,Summer,2015,5,355.1408435,3
T26822,P00033,Self-Help Book,Books,64.98267198,16,25/07/2018,Spring,2018,0,1039.722752,1
T25972,P00048,Air Fryer,Home Decor,11.97844361,11,31/12/2016,Fall,2016,10,118.5865917,1
T99053,P00027,Cookbook,Books,48.669123,16,12/08/2018,Summer,2018,10,700.8353712,2
T87273,P00025,Formal Suit,Clothing,183.9468522,13,14/08/2016,Winter,2016,10,2152.178171,1
T79665,P00059,E-Reader,Electronics,49.24511475,10,25/08/2015,Winter,2015,0,492.4511475,4
T73313,P00058,Electric Kettle,Home Decor,50.11532969,10,05/06/2017,Winter,2017,20,400.9226375,3
T16342,P00040,Dress Shoes,Footwear,177.1845037,18,14/10/2016,Summer,2016,0,3189.321067,1
T85818,P00021,Wireless Keyboard,Accessories,24.66750389,2,03/02/2016,Fall,2016,20,39.46800622,3
T54817,P00056,Monitor Arm,Electronics,48.2475136,6,17/10/2018,Summer,2018,10,260.5365734,1
T40100,P00019,VR Headset,Electronics,55.27452332,18,29/01/2019,Winter,2019,0,994.9414198,3
T16783,P00029,Smartphone Case,Accessories,96.74012228,5,30/04/2017,Winter,2017,0,483.7006114,1
T38009,P00026,Formal Suit,Clothing,154.3027232,11,25/01/2020,Summer,2020,5,1612.463457,3
T70700,P00006,Casual Sneakers,Footwear,286.4270409,9,18/05/2016,Summer,2016,5,2448.9512,3
T74042,P00050,Leather Loafers,Footwear,80.90914203,16,05/03/2023,Spring,2023,20,1035.637018,1
T23436,P00051,Gaming Mouse,Accessories,38.30900451,2,26/04/2018,Winter,2018,0,76.61800902,3
T72812,P00011,Fiction Novel,Books,92.82209012,18,11/08/2019,Fall,2019,0,1670.797622,4
T52237,P00004,Casual Sneakers,Footwear,205.4641939,6,17/03/2018,Winter,2018,20,986.2281307,4
T78278,P00020,Fitness Tracker,Electronics,44.85009746,8,23/02/2015,Winter,2015,0,358.8007797,4
T10628,P00038,Travel Guide,Books,73.27571839,12,24/12/2022,Fall,2022,0,879.3086207,1
T44353,P00046,Gaming Mouse,Accessories,28.14579089,9,07/12/2023,Spring,2023,10,227.9809062,2
T17996,P00050,Casual Sneakers,Footwear,295.4520597,4,25/02/2015,Winter,2015,10,1063.627415,1
T13744,P00028,Wireless Keyboard,Accessories,82.06874079,9,02/06/2023,Fall,2023,0,738.6186671,1
T14272,P00054,Cordless Vacuum,Home Decor,33.46377751,17,15/06/2023,Fall,2023,5,540.4400068,4
T44155,P00010,Gaming Mouse,Accessories,72.09216753,1,28/12/2021,Winter,2021,10,64.88295078,2
T81381,P00025,Fiction Novel,Books,37.69786397,6,10/05/2021,Winter,2021,10,203.5684654,4
T45747,P00005,Gaming Mouse,Accessories,67.84233206,11,11/03/2018,Fall,2018,0,746.2656527,1
T42395,P00045,Cookbook,Books,33.04963544,10,30/01/2020,Winter,2020,15,280.9219012,4
T34183,P00045,HD Webcam,Accessories,28.59949065,5,02/01/2015,Fall,2015,10,128.6977079,1
T75528,P00007,Cordless Vacuum,Home Decor,49.42136586,13,24/01/2022,Spring,2022,20,513.9822049,2
T46998,P00049,Hiking Boots,Footwear,73.07217079,9,30/04/2022,Spring,2022,5,624.7670603,3
T23926,P00038,Mystery Novel,Books,96.39417284,2,08/11/2017,Fall,2017,20,154.2306765,2
T89979,P00027,Laptop Stand,Accessories,91.31098925,4,26/03/2019,Winter,2019,15,310.4573635,4
T32388,P00051,Sweatpants,Clothing,27.91534781,17,21/12/2017,Fall,2017,20,379.6487302,2
T24293,P00022,Denim Jeans,Clothing,173.0315582,11,06/08/2019,Winter,2019,15,1617.845069,4
T44663,P00044,Children's Book,Books,96.0579883,5,17/02/2019,Winter,2019,0,480.2899415,2
T37417,P00018,External Hard Drive,Accessories,53.97274473,4,27/07/2016,Winter,2016,0,215.8909789,2
T48424,P00052,Self-Help Book,Books,44.78883969,6,12/05/2023,Spring,2023,0,268.7330381,2
T15347,P00008,HD Webcam,Accessories,30.52789915,10,15/07/2019,Fall,2019,15,259.4871428,1
T11251,P00021,Winter Jacket,Clothing,80.65357754,18,29/09/2015,Spring,2015,0,1451.764396,2
T20476,P00059,Cookbook,Books,22.45645026,11,12/12/2023,Summer,2023,10,222.3188576,4
T18755,P00040,Fitness Tracker,Electronics,74.39999462,16,12/08/2018,Summer,2018,20,952.3199311,3
T61056,P00053,Digital Camera,Electronics,98.33533204,13,07/08/2018,Spring,2018,0,1278.359317,2
T36423,P00008,Travel Guide,Books,81.31707975,12,22/07/2018,Fall,2018,20,780.6439656,1
T58123,P00008,Travel Guide,Books,81.31707975,3,09/03/2020,Summer,2020,5,231.7536773,4
T17022,P00052,Wi-Fi Router,Electronics,94.36964761,10,25/08/2016,Winter,2016,15,802.1420047,4
T41196,P00015,Winter Jacket,Clothing,142.7295051,17,01/11/2021,Winter,2021,5,2305.081507,1
T17258,P00033,Wireless Earbuds,Electronics,22.33899521,5,10/02/2015,Winter,2015,0,111.6949761,1
T39179,P00043,Dish Drying Rack,Home Decor,69.92249144,12,30/09/2017,Fall,2017,10,755.1629076,1
T56471,P00045,Leather Loafers,Footwear,192.1027554,4,19/03/2017,Winter,2017,10,691.5699194,1
T79088,P00039,Soundbar,Electronics,17.62797821,9,03/07/2020,Summer,2020,5,150.7192137,3
T15087,P00055,Children's Book,Books,40.32358054,15,24/02/2015,Spring,2015,5,574.6110227,3
T79022,P00004,USB Flash Drive,Accessories,97.18295921,18,08/06/2016,Spring,2016,0,1749.293266,2
T52082,P00051,Winter Jacket,Clothing,165.8189775,7,23/05/2022,Summer,2022,0,1160.732842,4
T74848,P00017,Cookbook,Books,24.29804556,4,17/09/2015,Fall,2015,0,97.19218224,1
T10984,P00046,Microwave Oven,Home Decor,17.65253947,11,03/07/2016,Winter,2016,5,184.4690375,2
T43221,P00007,Mystery Novel,Books,80.62429876,4,15/05/2022,Fall,2022,5,306.3723353,4
T38446,P00045,Cutting Board,Home Decor,32.68873586,6,13/10/2018,Summer,2018,10,176.5191736,2
T11697,P00060,Denim Jeans,Clothing,41.69595925,2,21/08/2018,Spring,2018,5,79.22232257,2
T64149,P00008,Wireless Keyboard,Accessories,84.63075665,10,03/09/2022,Fall,2022,20,677.0460532,2
T79456,P00001,Microwave Oven,Home Decor,72.33695345,5,09/02/2023,Spring,2023,5,343.6005289,3
T53697,P00004,USB Flash Drive,Accessories,97.18295921,13,29/10/2015,Summer,2015,20,1010.702776,4
T32714,P00044,Flip-Flops,Footwear,129.9893456,12,04/01/2015,Winter,2015,20,1247.897718,1
T95480,P00027,Cookbook,Books,48.669123,10,19/10/2021,Winter,2021,20,389.352984,4
T32305,P00004,Casual Sneakers,Footwear,265.3968385,13,21/02/2018,Fall,2018,10,3105.14301,3
T58172,P00051,HD Webcam,Accessories,43.63923293,8,15/02/2021,Winter,2021,0,349.1138634,3
T89114,P00019,Smartphone Case,Accessories,65.31811116,3,07/11/2021,Fall,2021,0,195.9543335,1
T96089,P00003,LED Desk Lamp,Home Decor,36.54129278,1,23/10/2019,Winter,2019,15,31.06009886,2
T93177,P00021,E-Reader,Electronics,15.77495963,6,17/11/2019,Spring,2019,15,80.45229411,1
T83385,P00039,Laptop Stand,Accessories,33.05952389,13,02/01/2020,Fall,2020,10,386.7964295,4
T44411,P00006,Soundbar,Electronics,78.95553304,18,06/05/2020,Spring,2020,0,1421.199595,4
T52480,P00043,Smartphone Case,Accessories,25.51023509,13,12/01/2023,Summer,2023,15,281.8880977,3
T81209,P00059,Formal Suit,Clothing,40.16713795,9,28/01/2022,Winter,2022,10,325.3538174,3
T66943,P00046,Fitness Tracker,Electronics,18.95249349,19,28/05/2022,Winter,2022,10,324.0876387,1
T45595,P00028,Biography,Books,31.12638231,10,26/01/2023,Summer,2023,15,264.5742496,3
T29786,P00006,Casual Sneakers,Footwear,286.4270409,17,10/12/2015,Spring,2015,15,4138.870741,2
T53068,P00040,Smartphone Case,Accessories,27.18728107,19,24/01/2017,Spring,2017,0,516.5583403,2
T64939,P00010,Smartwatch,Electronics,29.22067076,19,26/03/2022,Fall,2022,20,444.1541956,3
T35061,P00024,Flip-Flops,Footwear,129.4752942,18,22/06/2019,Winter,2019,20,1864.444236,4
T53820,P00058,4K TV,Electronics,90.24258803,14,18/08/2020,Spring,2020,10,1137.056609,2
T99407,P00039,Winter Jacket,Clothing,199.219373,17,09/02/2018,Fall,2018,0,3386.729341,4
T94461,P00052,Laptop Stand,Accessories,55.27559649,14,02/11/2019,Summer,2019,10,696.4725158,3
T91719,P00017,E-Reader,Electronics,32.5946192,18,02/05/2015,Summer,2015,20,469.3625165,3
T11924,P00046,Biography,Books,29.16464738,13,18/05/2016,Winter,2016,15,322.2693535,3
T24468,P00054,Gaming Mouse,Accessories,83.43324919,13,10/12/2015,Summer,2015,15,921.9374035,3
T61597,P00020,Hiking Boots,Footwear,43.83937154,15,05/07/2015,Summer,2015,5,624.7110444,2
T26928,P00041,Self-Help Book,Books,75.87478496,4,01/05/2015,Fall,2015,10,273.1492259,3
T90563,P00056,Smartphone Case,Accessories,98.19264869,10,19/12/2015,Winter,2015,10,883.7338382,3
T28258,P00040,Laptop Stand,Accessories,80.16776402,5,30/07/2018,Winter,2018,5,380.7968791,4
T32905,P00016,Wireless Keyboard,Accessories,79.06218949,14,08/04/2016,Winter,2016,0,1106.870653,2
T78700,P00003,Mystery Novel,Books,77.47717228,2,03/07/2015,Fall,2015,0,154.9543446,1
T84079,P00045,HD Webcam,Accessories,28.59949065,15,24/06/2018,Summer,2018,20,343.1938878,3
T20648,P00054,Running Shoes,Footwear,212.4670861,17,17/02/2020,Spring,2020,0,3611.940464,4
T16157,P00027,Laptop Stand,Accessories,91.31098925,7,23/10/2016,Summer,2016,0,639.1769248,1
T17927,P00020,Coffee Maker,Home Decor,28.02015464,12,02/08/2021,Fall,2021,15,285.8055773,1
T98942,P00041,Smartwatch,Electronics,95.70465637,11,05/07/2018,Summer,2018,5,1000.113659,4
T98989,P00049,Coffee Maker,Home Decor,17.06665507,7,15/05/2015,Spring,2015,5,113.4932562,2
T69735,P00059,Air Fryer,Home Decor,34.47411051,14,04/03/2022,Fall,2022,0,482.6375471,1
T63789,P00037,Dress Shoes,Footwear,124.3997561,14,26/09/2021,Spring,2021,15,1480.357098,4
T33571,P00058,Travel Guide,Books,91.11393685,8,26/10/2018,Winter,2018,0,728.9114948,4
T39073,P00045,Laptop Stand,Accessories,68.03630899,13,29/07/2018,Winter,2018,20,707.5776135,3
T72265,P00055,Cookbook,Books,83.42164681,4,03/07/2016,Fall,2016,5,317.0022579,3
T35033,P00001,Coffee Maker,Home Decor,51.37583182,18,02/12/2015,Winter,2015,15,786.0502268,1
T44415,P00036,Denim Jeans,Clothing,87.62903917,13,08/12/2016,Fall,2016,0,1139.177509,1
T55366,P00052,USB Flash Drive,Accessories,82.28728627,17,08/05/2022,Winter,2022,0,1398.883867,3
T73148,P00060,Wireless Keyboard,Accessories,46.41326497,4,01/07/2017,Winter,2017,10,167.0877539,2
T50938,P00019,Water Filter Pitcher,Home Decor,90.7737868,6,20/07/2015,Summer,2015,20,435.7141766,1
T50466,P00018,Leather Loafers,Footwear,67.61351406,8,14/06/2021,Summer,2021,15,459.7718956,1
T41941,P00003,Running Shoes,Footwear,124.3945742,10,03/10/2016,Fall,2016,15,1057.353881,1
T83228,P00031,Laptop Stand,Accessories,95.30668658,4,09/07/2020,Fall,2020,0,381.2267463,1
T40799,P00010,Fiction Novel,Books,95.42602181,2,29/10/2019,Spring,2019,15,162.2242371,1
T75794,P00002,Running Shoes,Footwear,292.65105,13,02/12/2020,Fall,2020,0,3804.46365,3
T33532,P00052,Smartphone Case,Accessories,21.41123609,9,18/11/2021,Fall,2021,20,154.1608998,3
T45568,P00042,Electric Kettle,Home Decor,78.27539356,5,12/03/2015,Winter,2015,5,371.8081194,1
T93773,P00056,Science Textbook,Books,33.06183663,8,18/08/2021,Summer,2021,0,264.494693,3
T76879,P00011,Children's Book,Books,23.11237799,19,26/10/2015,Fall,2015,20,351.3081454,4
T57460,P00052,Dress Shoes,Footwear,131.4583682,9,03/10/2015,Fall,2015,0,1183.125314,2
T35007,P00036,Denim Jeans,Clothing,87.62903917,9,27/06/2016,Fall,2016,10,709.7952173,1
T83228,P00028,Smartphone Case,Accessories,79.69857237,18,03/08/2019,Fall,2019,10,1291.116872,1
T27818,P00014,Hiking Boots,Footwear,229.4310974,14,09/01/2020,Summer,2020,5,3051.433595,1
T12881,P00053,Toaster Oven,Home Decor,62.08460699,10,13/02/2016,Spring,2016,20,496.6768559,3
T45495,P00012,Gaming Mouse,Accessories,55.01431057,16,06/03/2021,Spring,2021,5,836.2175207,2
T58487,P00007,LED Desk Lamp,Home Decor,13.6546583,11,24/06/2016,Winter,2016,15,127.6710551,1
T96655,P00001,Raincoat,Clothing,75.82099944,13,10/05/2015,Fall,2015,10,887.1056934,4
T39963,P00057,Water Filter Pitcher,Home Decor,92.42951809,6,23/07/2023,Winter,2023,5,526.8482531,3
T22045,P00057,Running Shoes,Footwear,253.9831362,10,15/01/2023,Winter,2023,15,2158.856658,4
T76401,P00056,Smartphone Case,Accessories,98.19264869,18,07/07/2022,Spring,2022,15,1502.347525,1
T57224,P00028,Smartwatch,Electronics,46.40647679,3,11/12/2015,Winter,2015,10,125.2974873,4
T45633,P00054,Flip-Flops,Footwear,227.9386073,6,19/03/2023,Fall,2023,15,1162.486897,1
T44519,P00044,Smartphone Case,Accessories,15.80413275,6,07/01/2020,Winter,2020,15,80.60107703,4
T35156,P00016,Smartwatch,Electronics,92.07857765,5,18/05/2020,Fall,2020,20,368.3143106,4
T73423,P00026,T-Shirt,Clothing,34.5677818,5,02/06/2022,Summer,2022,20,138.2711272,3
T15511,P00025,Fiction Novel,Books,37.69786397,15,20/06/2023,Spring,2023,0,565.4679596,2
T68879,P00055,USB Flash Drive,Accessories,14.48310698,6,20/03/2016,Fall,2016,0,86.89864188,3
T64867,P00010,Sweatpants,Clothing,178.624633,12,25/09/2015,Fall,2015,0,2143.495596,2
T72971,P00051,Sweatpants,Clothing,27.91534781,19,02/03/2016,Spring,2016,15,450.8328671,2
T73605,P00038,Mystery Novel,Books,63.98466438,6,25/07/2016,Spring,2016,10,345.5171877,3
T26177,P00042,Raincoat,Clothing,197.9082298,19,13/11/2023,Summer,2023,20,3008.205093,4
T77399,P00009,Science Textbook,Books,48.86833507,19,17/08/2023,Summer,2023,0,928.4983663,3
T10080,P00044,Mechanical Keyboard,Electronics,23.7776337,13,03/09/2016,Summer,2016,10,278.1983143,2
T97095,P00044,Formal Suit,Clothing,179.4199929,1,15/06/2023,Winter,2023,5,170.4489933,2
T72500,P00003,External Hard Drive,Accessories,70.56840765,4,20/04/2017,Spring,2017,10,254.0462675,1
T49983,P00038,Hiking Boots,Footwear,73.71488433,1,02/07/2022,Fall,2022,15,62.65765168,4
T54705,P00023,Science Textbook,Books,28.18742165,3,15/02/2018,Summer,2018,5,80.3341517,1
T80563,P00051,Dress Shoes,Footwear,59.23699288,14,24/07/2016,Spring,2016,15,704.9202153,2
T42981,P00059,Biography,Books,99.05875814,7,30/07/2019,Fall,2019,15,589.3996109,3
T71128,P00047,Biography,Books,66.19544168,2,13/09/2022,Fall,2022,20,105.9127067,1
T37725,P00009,Science Textbook,Books,48.86833507,17,25/02/2016,Fall,2016,20,664.609357,4
T78019,P00051,Winter Jacket,Clothing,166.3795001,11,13/11/2023,Spring,2023,0,1830.174501,1
T45548,P00038,HD Webcam,Accessories,21.13552794,7,20/01/2020,Summer,2020,10,133.153826,1
T82853,P00007,Soundbar,Electronics,26.96699,14,21/12/2015,Winter,2015,15,320.907181,3
T86222,P00008,Flip-Flops,Footwear,294.1334764,8,08/08/2018,Spring,2018,10,2117.76103,3
T52856,P00015,Smartphone Case,Accessories,59.79137076,19,06/07/2016,Winter,2016,20,908.8288356,2
T76603,P00059,Portable Fan,Home Decor,17.78792759,7,16/09/2015,Summer,2015,0,124.5154931,2
T43343,P00011,Fiction Novel,Books,92.82209012,15,20/03/2022,Winter,2022,20,1113.865081,2
T73993,P00004,Wireless Keyboard,Accessories,99.52836736,2,16/10/2018,Winter,2018,20,159.2453878,4
T50467,P00043,Science Textbook,Books,72.22117072,11,02/11/2020,Summer,2020,15,675.2679462,4
T75826,P00029,Raincoat,Clothing,191.0770094,5,19/03/2018,Summer,2018,5,907.6157947,4
T57321,P00049,Sweatpants,Clothing,189.7352608,8,25/10/2022,Winter,2022,15,1290.199773,3
T91348,P00035,Laptop Stand,Accessories,44.94161056,14,04/02/2017,Winter,2017,5,597.7234204,3
T95793,P00019,T-Shirt,Clothing,100.0714209,16,02/04/2021,Summer,2021,15,1360.971324,2
T18104,P00030,Children's Book,Books,18.24001545,9,10/08/2019,Winter,2019,15,139.5361182,3
T69715,P00043,Laptop Stand,Accessories,37.36763457,5,06/04/2017,Summer,2017,15,158.8124469,2
T52931,P00019,Cutting Board,Home Decor,90.77272463,6,29/05/2018,Spring,2018,5,517.4045304,4
T92981,P00044,Biography,Books,39.60150892,17,25/04/2018,Winter,2018,10,605.9030865,3
T90587,P00015,Formal Suit,Clothing,153.7469137,11,21/02/2023,Winter,2023,5,1606.655248,3
T57680,P00038,Hiking Boots,Footwear,179.3448007,16,17/12/2021,Spring,2021,20,2295.613449,3
T83361,P00029,Smartphone Case,Accessories,96.74012228,8,10/06/2015,Fall,2015,0,773.9209782,1
T49552,P00026,Leather Loafers,Footwear,253.0444352,14,28/01/2018,Spring,2018,20,2834.097674,3
T94704,P00016,Blender,Home Decor,86.52779286,13,12/10/2016,Winter,2016,0,1124.861307,4
T20976,P00037,4K TV,Electronics,18.03576264,14,08/06/2018,Summer,2018,10,227.2506093,2
T49552,P00031,Denim Jeans,Clothing,64.5860987,3,20/08/2020,Winter,2020,15,164.6945517,3
T34080,P00004,Wireless Keyboard,Accessories,37.85580629,16,11/01/2022,Spring,2022,10,545.1236106,4
T23910,P00032,Flip-Flops,Footwear,71.37346025,12,20/01/2017,Summer,2017,0,856.481523,2
T90105,P00060,Laptop Stand,Accessories,84.78127031,1,22/12/2015,Winter,2015,0,84.78127031,3
T72558,P00024,4K TV,Electronics,88.920251,9,12/02/2022,Fall,2022,0,800.282259,4
T47201,P00044,Denim Jeans,Clothing,109.0266144,4,01/08/2022,Winter,2022,15,370.690489,1
T38258,P00046,Gaming Mouse,Accessories,36.10877021,14,30/01/2023,Spring,2023,0,505.5227829,4
T50663,P00009,T-Shirt,Clothing,76.23100867,9,30/12/2020,Spring,2020,10,617.4711702,4
T10302,P00052,Smart Thermostat,Electronics,18.34694156,10,06/12/2023,Fall,2023,20,146.7755325,3
T51439,P00013,Gaming Mouse,Accessories,92.95711101,7,08/12/2021,Spring,2021,10,585.6297994,1
T92514,P00035,Raincoat,Clothing,131.7459763,17,06/04/2020,Winter,2020,15,1903.729358,4
T35458,P00034,Leather Loafers,Footwear,237.7591871,1,05/06/2017,Summer,2017,20,190.2073497,4
T30671,P00005,Science Textbook,Books,48.37014149,13,21/02/2021,Fall,2021,15,534.4900635,4
T44580,P00031,Casual Sneakers,Footwear,203.0910069,1,15/09/2015,Summer,2015,5,192.9364566,4
T11592,P00034,Hoodie,Clothing,123.9720099,2,19/01/2021,Fall,2021,0,247.9440198,4
T40366,P00028,Denim Jeans,Clothing,38.95067287,8,06/06/2021,Fall,2021,10,280.4448447,1
T28220,P00023,Fiction Novel,Books,49.96347967,14,06/09/2022,Winter,2022,0,699.4887154,1
T23073,P00030,Digital Camera,Electronics,58.02300454,15,21/12/2020,Spring,2020,5,826.8278147,4
T57135,P00038,Denim Jeans,Clothing,100.7667996,3,15/07/2016,Summer,2016,20,241.840319,1
T41863,P00022,Portable Fan,Home Decor,77.28096108,17,26/05/2022,Fall,2022,15,1116.709888,1
T22822,P00007,Wi-Fi Router,Electronics,74.07210303,11,24/07/2019,Fall,2019,5,774.0534767,3
T45763,P00034,Formal Suit,Clothing,149.1778674,12,03/02/2023,Winter,2023,20,1432.107527,1
T22382,P00033,Cordless Vacuum,Home Decor,69.67259924,2,06/11/2021,Spring,2021,15,118.4434187,3
T75322,P00006,Winter Jacket,Clothing,180.7471791,11,15/05/2023,Spring,2023,10,1789.397073,3
T59044,P00030,Portable Fan,Home Decor,18.00417203,17,29/03/2016,Fall,2016,15,260.1602858,2
T48986,P00030,Portable Fan,Home Decor,18.00417203,15,20/12/2017,Fall,2017,20,216.0500644,1
T27502,P00029,Winter Jacket,Clothing,34.08324224,3,09/04/2021,Fall,2021,0,102.2497267,4
T94703,P00029,Fiction Novel,Books,98.45922625,14,21/08/2022,Spring,2022,10,1240.586251,1
T48751,P00021,Formal Suit,Clothing,182.500196,19,15/11/2022,Fall,2022,0,3467.503724,2
T78246,P00056,T-Shirt,Clothing,165.0663292,3,12/06/2023,Spring,2023,10,445.6790888,1
T72552,P00030,Raincoat,Clothing,27.65593972,14,15/09/2019,Spring,2019,0,387.1831561,3
T55947,P00041,Wireless Earbuds,Electronics,87.46477352,17,09/04/2017,Summer,2017,5,1412.556092,2
T91651,P00050,Leather Loafers,Footwear,26.27824645,15,15/01/2018,Spring,2018,15,335.0476422,3
T16913,P00010,Casual Sneakers,Footwear,254.6866562,19,15/10/2018,Summer,2018,10,4355.141821,1
T37396,P00019,Fitness Tracker,Electronics,62.43555263,8,18/09/2018,Spring,2018,10,449.5359789,4
T22621,P00048,Soundbar,Electronics,45.8707049,8,15/06/2022,Summer,2022,5,348.6173572,1
T43098,P00016,LED Desk Lamp,Home Decor,87.23047449,10,17/08/2022,Fall,2022,10,785.0742704,3
T42643,P00015,Flip-Flops,Footwear,92.99404972,16,06/10/2023,Fall,2023,20,1190.323836,3
T57604,P00055,USB Flash Drive,Accessories,14.48310698,15,16/09/2022,Fall,2022,15,184.659614,3
T96314,P00017,E-Reader,Electronics,32.5946192,8,27/11/2015,Spring,2015,10,234.6812582,1
T45064,P00002,Wireless Keyboard,Accessories,74.08316249,10,28/12/2016,Fall,2016,10,666.7484624,3
T21186,P00047,Running Shoes,Footwear,299.463206,16,14/08/2022,Summer,2022,0,4791.411296,3
T15547,P00028,Gaming Mouse,Accessories,90.35841271,4,30/04/2018,Summer,2018,0,361.4336508,3
T79356,P00041,Smartwatch,Electronics,95.70465637,17,29/11/2022,Fall,2022,5,1545.6302,3
T89492,P00031,Dress Shoes,Footwear,115.5771597,5,05/06/2018,Spring,2018,0,577.8857985,4
T78389,P00019,Shorts,Clothing,102.183139,6,05/02/2021,Fall,2021,0,613.098834,4
T15607,P00011,Fiction Novel,Books,54.83324414,9,05/06/2020,Winter,2020,0,493.4991973,3
T41248,P00055,Leather Loafers,Footwear,46.68527965,2,26/03/2015,Fall,2015,15,79.36497541,3
T86913,P00041,Hiking Boots,Footwear,183.3754586,15,03/05/2020,Spring,2020,5,2613.100285,4
T38436,P00041,Smartphone Case,Accessories,66.06433522,10,29/02/2020,Summer,2020,20,528.5146818,4
T38667,P00022,Fiction Novel,Books,71.54407247,1,11/06/2017,Fall,2017,0,71.54407247,1
T20488,P00045,Casual Sneakers,Footwear,200.9413229,18,26/09/2019,Fall,2019,10,3255.249431,3
T67638,P00025,Travel Guide,Books,13.85569216,9,14/12/2015,Fall,2015,5,118.466168,2
T96064,P00005,Wi-Fi Router,Electronics,91.32679543,7,05/03/2017,Spring,2017,20,511.4300544,3
T97132,P00024,Leather Loafers,Footwear,163.384964,14,21/03/2018,Summer,2018,5,2173.020021,3
T90639,P00030,T-Shirt,Clothing,150.17277,19,01/10/2020,Fall,2020,15,2425.290236,3
T63359,P00013,Wireless Earbuds,Electronics,89.05396777,5,13/11/2017,Fall,2017,5,423.0063469,1
T44862,P00042,Raincoat,Clothing,197.9082298,15,24/11/2015,Spring,2015,20,2374.898758,4
T92125,P00006,Air Fryer,Home Decor,24.5010607,14,16/02/2023,Winter,2023,15,291.5626223,1
T34051,P00016,Gaming Mouse,Accessories,38.89479568,13,11/08/2015,Summer,2015,10,455.0691095,1
T44496,P00042,USB Flash Drive,Accessories,76.84330943,12,21/04/2023,Winter,2023,20,737.6957705,2
T56977,P00053,HD Webcam,Accessories,44.47394316,7,14/12/2022,Fall,2022,20,249.0540817,3
T26645,P00056,Bluetooth Speaker,Electronics,47.20368663,13,09/03/2022,Winter,2022,20,490.918341,4
T78998,P00050,Toaster Oven,Home Decor,15.6040878,3,20/01/2016,Fall,2016,5,44.47165023,1
T19852,P00005,Smart Thermostat,Electronics,55.62936733,14,15/01/2016,Winter,2016,5,739.8705855,2
T47984,P00031,Laptop Stand,Accessories,39.1484755,4,24/04/2019,Winter,2019,5,148.7642069,3
T67657,P00023,Toaster Oven,Home Decor,29.24093143,18,31/10/2018,Fall,2018,10,473.7030892,4
T28355,P00029,USB Flash Drive,Accessories,72.58675262,15,15/05/2021,Fall,2021,5,1034.361225,2
T32374,P00040,Smartphone Case,Accessories,27.18728107,7,17/11/2021,Summer,2021,5,180.7954191,4
T35362,P00006,Dress Shoes,Footwear,201.2399038,7,03/04/2016,Spring,2016,15,1197.377428,4
T52289,P00048,Gaming Mouse,Accessories,87.22701311,12,09/05/2023,Winter,2023,0,1046.724157,3
T26967,P00042,Leather Loafers,Footwear,64.83433031,16,12/11/2017,Fall,2017,5,985.4818207,2
T62743,P00002,T-Shirt,Clothing,169.9167459,4,18/07/2020,Winter,2020,20,543.7335869,2
T92616,P00053,T-Shirt,Clothing,109.4290313,14,16/02/2023,Fall,2023,10,1378.805794,1
T88116,P00028,Denim Jeans,Clothing,38.95067287,1,04/07/2018,Winter,2018,0,38.95067287,4
T36091,P00030,Hoodie,Clothing,159.3132087,1,13/05/2020,Winter,2020,10,143.3818878,4
T45065,P00004,Denim Jeans,Clothing,174.3760902,10,06/07/2017,Winter,2017,0,1743.760902,3
T88567,P00058,Raincoat,Clothing,50.61564911,11,03/04/2017,Fall,2017,0,556.7721402,2
T20445,P00043,Children's Book,Books,64.7805111,10,29/05/2022,Summer,2022,15,550.6343444,1
T85765,P00042,Leather Loafers,Footwear,64.83433031,8,15/10/2019,Spring,2019,0,518.6746425,1
T26289,P00039,USB Flash Drive,Accessories,25.97015327,2,09/06/2020,Fall,2020,20,41.55224523,2
T49802,P00002,Flip-Flops,Footwear,85.91198997,12,20/08/2023,Winter,2023,20,824.7551037,4
T96618,P00024,Flip-Flops,Footwear,129.4752942,8,15/08/2020,Spring,2020,20,828.6418829,3
T55689,P00050,Laptop Stand,Accessories,43.1676526,17,05/06/2023,Winter,2023,0,733.8500942,2
T70164,P00024,Electric Kettle,Home Decor,83.35243938,7,17/12/2023,Spring,2023,15,495.9470143,2
T15962,P00052,Blender,Home Decor,98.1901874,11,22/04/2022,Winter,2022,5,1026.087458,4
T73043,P00036,Children's Book,Books,53.9682058,12,12/06/2020,Winter,2020,5,615.2375461,4
T18227,P00038,Hiking Boots,Footwear,73.71488433,3,05/07/2020,Fall,2020,10,199.0301877,4
T88217,P00047,Air Fryer,Home Decor,37.52483762,5,20/11/2020,Fall,2020,15,159.4805599,2
T64795,P00029,Running Shoes,Footwear,297.4450409,12,16/02/2023,Fall,2023,5,3390.873466,2
T17188,P00008,T-Shirt,Clothing,53.47118299,13,20/05/2018,Spring,2018,5,660.3691099,1
T22975,P00055,Children's Book,Books,40.32358054,13,16/12/2016,Summer,2016,10,471.7858923,3
T37299,P00058,Gaming Mouse,Accessories,18.06463544,18,17/04/2022,Fall,2022,0,325.1634379,2
T86559,P00022,Denim Jeans,Clothing,184.930332,7,12/12/2017,Winter,2017,15,1100.335475,3
T63919,P00005,Fitness Tracker,Electronics,81.93148812,13,17/05/2015,Summer,2015,20,852.0874764,4
T42375,P00007,Running Shoes,Footwear,233.9909337,8,02/04/2015,Spring,2015,5,1778.331096,1
T83825,P00017,Shorts,Clothing,198.3614131,3,22/02/2020,Spring,2020,20,476.0673914,2
T14343,P00057,Dress Shoes,Footwear,141.9032702,15,08/06/2021,Spring,2021,5,2022.1216,3
T88231,P00003,Smartphone Case,Accessories,67.08582232,9,24/11/2022,Spring,2022,10,543.3951608,2
T59009,P00015,Formal Suit,Clothing,153.7469137,8,22/02/2020,Fall,2020,20,983.9802477,4
T28087,P00035,Bluetooth Speaker,Electronics,18.09494841,1,24/01/2022,Spring,2022,15,15.38070615,2
T36648,P00023,E-Reader,Electronics,63.58045665,3,02/09/2015,Summer,2015,10,171.667233,3
T56207,P00013,Children's Book,Books,20.14147412,4,17/08/2021,Fall,2021,10,72.50930683,1
T53426,P00024,Electric Kettle,Home Decor,78.30638339,4,21/06/2016,Winter,2016,20,250.5804268,4
T55214,P00003,Air Fryer,Home Decor,21.21505088,10,21/03/2016,Winter,2016,20,169.720407,1
T14723,P00058,Monitor Arm,Electronics,60.54970032,16,11/07/2019,Fall,2019,5,920.3554449,1
T55577,P00012,Travel Guide,Books,83.19557919,8,19/07/2022,Spring,2022,20,532.4517068,4
T62419,P00032,Flip-Flops,Footwear,48.74258965,2,07/09/2021,Fall,2021,20,77.98814344,1
T58391,P00020,Raincoat,Clothing,143.134458,2,06/04/2018,Fall,2018,5,271.9554702,4
T94107,P00034,LED Desk Lamp,Home Decor,33.09064029,11,29/10/2017,Fall,2017,15,309.3974867,3
T51842,P00053,Soundbar,Electronics,25.66606453,4,07/11/2016,Summer,2016,15,87.2646194,1
T61767,P00031,Microwave Oven,Home Decor,42.24981646,10,17/06/2022,Summer,2022,20,337.9985317,4
T15555,P00043,Wi-Fi Router,Electronics,60.34657711,7,10/06/2017,Summer,2017,10,380.1834358,4
T51972,P00015,Microwave Oven,Home Decor,95.59386752,16,17/10/2022,Winter,2022,20,1223.601504,4
T56543,P00009,Coffee Maker,Home Decor,13.31666387,8,25/01/2020,Fall,2020,15,90.55331432,3
T67315,P00008,T-Shirt,Clothing,15.33854022,9,12/10/2023,Fall,2023,5,131.1445189,4
T28991,P00050,Dish Drying Rack,Home Decor,48.86035623,13,01/09/2015,Winter,2015,15,539.9069363,1
T49380,P00052,USB Flash Drive,Accessories,82.28728627,3,26/11/2021,Spring,2021,15,209.83258,3
T24094,P00011,USB Flash Drive,Accessories,51.47315182,12,16/04/2020,Fall,2020,0,617.6778218,3
T61680,P00022,VR Headset,Electronics,45.61043429,17,09/01/2016,Spring,2016,5,736.6085138,3
T78128,P00026,Denim Jeans,Clothing,115.4833279,2,21/02/2023,Winter,2023,0,230.9666558,3
T67306,P00052,Cookbook,Books,78.51823971,9,08/09/2021,Winter,2021,15,600.6645338,3
T50310,P00017,Raincoat,Clothing,23.08925365,18,24/09/2016,Summer,2016,0,415.6065657,4
T69902,P00034,Formal Suit,Clothing,179.8008023,12,18/08/2019,Spring,2019,10,1941.848665,3
T73524,P00016,Travel Guide,Books,63.83060907,8,11/06/2022,Fall,2022,10,459.5803853,2
T82735,P00025,Formal Suit,Clothing,190.5459086,1,12/01/2015,Fall,2015,20,152.4367269,4
T37226,P00010,Cutting Board,Home Decor,27.17034131,3,23/09/2019,Winter,2019,0,81.51102393,1
T64048,P00012,Children's Book,Books,71.4987618,15,06/09/2019,Spring,2019,5,1018.857356,2
T88723,P00042,Smart Thermostat,Electronics,13.27955375,14,22/08/2020,Summer,2020,5,176.6180649,4
T67939,P00001,External Hard Drive,Accessories,20.29786121,11,02/04/2019,Summer,2019,20,178.6211786,3
T15548,P00051,HD Webcam,Accessories,43.63923293,12,28/02/2022,Winter,2022,5,497.4872554,1
T49354,P00020,Running Shoes,Footwear,89.45687056,4,24/07/2016,Fall,2016,20,286.2619858,1
T35193,P00029,Fiction Novel,Books,98.45922625,12,04/09/2022,Fall,2022,0,1181.510715,3
T10100,P00021,Wi-Fi Router,Electronics,12.67374748,16,07/11/2023,Fall,2023,10,182.5019637,1
T97053,P00037,Smart Thermostat,Electronics,95.47838152,2,31/05/2019,Summer,2019,15,162.3132486,3
T86395,P00006,Fitness Tracker,Electronics,48.0092792,7,07/03/2020,Spring,2020,15,285.6552112,2
T30374,P00027,Hiking Boots,Footwear,74.12975398,18,14/02/2019,Spring,2019,10,1200.902014,1
T85823,P00046,Smartphone Case,Accessories,26.93884388,10,06/03/2016,Fall,2016,0,269.3884388,1
T87371,P00046,Fitness Tracker,Electronics,18.95249349,13,18/01/2020,Fall,2020,0,246.3824154,3
T45881,P00016,Flip-Flops,Footwear,32.86203273,15,02/05/2021,Fall,2021,20,394.3443928,2
T44243,P00012,USB Flash Drive,Accessories,78.85912152,4,03/08/2015,Spring,2015,20,252.3491889,2
T87309,P00014,Wi-Fi Router,Electronics,32.24339053,16,03/02/2023,Spring,2023,20,412.7153988,4
T91927,P00014,Smart Thermostat,Electronics,36.60705866,2,05/11/2016,Fall,2016,20,58.57129386,3
T68641,P00046,Denim Jeans,Clothing,100.7807539,6,01/11/2018,Winter,2018,20,483.7476187,3
T10431,P00056,HD Webcam,Accessories,93.34384911,18,22/11/2022,Fall,2022,20,1344.151427,4
T32411,P00029,Cookbook,Books,88.34882168,6,12/01/2023,Winter,2023,10,477.0836371,4
T28510,P00030,4K TV,Electronics,73.97445281,2,19/12/2018,Summer,2018,10,133.1540151,1
T88169,P00050,Raincoat,Clothing,108.5738553,5,13/06/2018,Spring,2018,5,515.7258127,3
T15505,P00046,Air Fryer,Home Decor,11.13578759,12,28/03/2023,Summer,2023,20,106.9035609,3
T68747,P00010,VR Headset,Electronics,50.94250228,9,11/04/2018,Winter,2018,10,412.6342685,3
T60996,P00015,Sweatpants,Clothing,178.6988958,1,15/06/2018,Summer,2018,20,142.9591166,1
T49873,P00009,Dress Shoes,Footwear,82.97465244,4,03/03/2016,Winter,2016,10,298.7087488,1
T32098,P00047,T-Shirt,Clothing,20.32260117,11,15/10/2023,Fall,2023,15,190.0163209,3
T81446,P00059,Hiking Boots,Footwear,163.9907548,19,05/10/2016,Winter,2016,10,2804.241907,4
T82571,P00038,Flip-Flops,Footwear,51.11881471,7,23/07/2015,Summer,2015,20,286.2653624,2
T63420,P00050,Mystery Novel,Books,96.83739269,15,30/09/2020,Winter,2020,5,1379.932846,3
T13157,P00032,Mystery Novel,Books,13.23852366,8,14/04/2016,Fall,2016,15,90.02196089,2
T45442,P00005,Flip-Flops,Footwear,165.2163053,7,06/05/2022,Winter,2022,20,925.2113097,4
T64383,P00042,Cutting Board,Home Decor,76.33759223,11,11/01/2015,Fall,2015,0,839.7135145,4
T11267,P00044,Biography,Books,39.60150892,17,03/11/2020,Winter,2020,5,639.5643691,3
T58026,P00044,Hoodie,Clothing,171.5041068,6,20/01/2019,Spring,2019,10,926.1221767,4
T49293,P00030,Microwave Oven,Home Decor,13.60995824,4,02/05/2020,Winter,2020,0,54.43983296,2
T85486,P00050,Mystery Novel,Books,96.83739269,3,03/01/2023,Fall,2023,20,232.4097425,2
T29048,P00015,Travel Guide,Books,66.03469497,3,16/02/2021,Summer,2021,5,188.1988807,4
T23771,P00033,HD Webcam,Accessories,75.28298033,14,26/03/2022,Winter,2022,0,1053.961725,4
T51017,P00027,Hiking Boots,Footwear,209.3533754,15,25/09/2022,Summer,2022,0,3140.300631,4
T49436,P00022,USB Flash Drive,Accessories,50.0323,16,26/09/2016,Fall,2016,5,760.49096,1
T77798,P00040,Dish Drying Rack,Home Decor,94.96599843,10,05/10/2021,Winter,2021,5,902.1769851,3
T74592,P00025,Formal Suit,Clothing,183.9468522,9,26/01/2019,Summer,2019,20,1324.417336,1
T28083,P00060,Wireless Keyboard,Accessories,46.41326497,6,23/04/2019,Fall,2019,10,250.6316308,4
T78937,P00055,Leather Loafers,Footwear,68.90169273,17,17/09/2017,Summer,2017,15,995.6294599,1
T16585,P00021,Wireless Keyboard,Accessories,23.27235444,13,13/05/2021,Summer,2021,20,242.0324862,2
T72100,P00026,Digital Camera,Electronics,92.22472215,9,12/08/2015,Summer,2015,10,747.0202494,2
T12100,P00034,Cookbook,Books,65.59355993,10,20/12/2020,Fall,2020,20,524.7484794,3
T49573,P00018,Electric Kettle,Home Decor,73.66104633,9,18/09/2017,Spring,2017,0,662.949417,4
T69714,P00036,Winter Jacket,Clothing,153.9704811,19,30/03/2023,Fall,2023,0,2925.439141,1
T14058,P00042,Flip-Flops,Footwear,280.0360108,8,09/04/2020,Fall,2020,5,2128.273682,2
T64181,P00017,Monitor Arm,Electronics,81.77631036,6,25/02/2023,Summer,2023,5,466.1249691,4
T45494,P00009,Blender,Home Decor,92.56658125,1,14/07/2017,Summer,2017,0,92.56658125,3
T60227,P00059,Portable Fan,Home Decor,17.78792759,14,15/09/2020,Summer,2020,10,224.1278876,4
T62567,P00052,Self-Help Book,Books,38.30686909,2,26/04/2023,Summer,2023,10,68.95236436,4
T73364,P00052,Smartphone Case,Accessories,88.02491463,6,29/10/2022,Fall,2022,0,528.1494878,4
T55996,P00016,Portable Fan,Home Decor,91.25561156,4,05/02/2023,Winter,2023,20,292.017957,4
T53908,P00017,Shorts,Clothing,198.3614131,12,15/05/2022,Summer,2022,15,2023.286414,3
T11365,P00046,T-Shirt,Clothing,184.7001388,17,12/10/2018,Summer,2018,20,2511.921888,1
T90407,P00027,Travel Guide,Books,78.36335945,18,28/12/2019,Spring,2019,20,1128.432376,1
T61765,P00050,Casual Sneakers,Footwear,295.4520597,9,24/03/2018,Summer,2018,0,2659.068537,2
T78510,P00011,Water Filter Pitcher,Home Decor,86.90545831,13,29/05/2018,Summer,2018,0,1129.770958,3
T22493,P00040,Coffee Maker,Home Decor,94.67714232,13,06/08/2023,Fall,2023,0,1230.80285,2
T27316,P00032,Laptop Stand,Accessories,74.66034936,7,26/08/2021,Spring,2021,10,470.360201,2
T32592,P00033,Wireless Earbuds,Electronics,22.33899521,18,11/12/2016,Spring,2016,0,402.1019138,2
T60283,P00037,Wireless Earbuds,Electronics,19.98385689,7,24/05/2022,Summer,2022,10,125.8982984,1
T26039,P00012,Cordless Vacuum,Home Decor,57.90671357,13,04/11/2019,Summer,2019,0,752.7872764,1
T63347,P00058,Water Filter Pitcher,Home Decor,32.55507873,11,18/11/2016,Summer,2016,20,286.4846928,3
T28457,P00011,Running Shoes,Footwear,244.2642274,4,13/02/2015,Summer,2015,15,830.4983732,4
T18169,P00033,Hoodie,Clothing,118.9415793,13,30/11/2020,Summer,2020,20,1236.992425,3
T46882,P00002,Fitness Tracker,Electronics,38.00135152,8,02/08/2017,Spring,2017,20,243.2086497,2
T51704,P00025,Dish Drying Rack,Home Decor,75.85804336,10,15/06/2017,Winter,2017,20,606.8643469,1
T39249,P00052,Leather Loafers,Footwear,184.4712895,11,21/04/2021,Winter,2021,0,2029.184185,3
T59919,P00007,Wireless Earbuds,Electronics,56.23725615,15,16/01/2016,Spring,2016,15,717.0250159,1
T37078,P00033,Toaster Oven,Home Decor,25.07774395,11,10/11/2022,Spring,2022,5,262.0624243,2
T98819,P00009,Flip-Flops,Footwear,182.7619506,3,20/01/2023,Winter,2023,15,466.042974,2
T46441,P00036,Hoodie,Clothing,36.42438941,12,19/07/2015,Spring,2015,0,437.0926729,3
T22648,P00028,E-Reader,Electronics,61.53998531,9,16/04/2016,Summer,2016,5,526.1668744,1
T94454,P00015,Dish Drying Rack,Home Decor,98.40157803,8,26/04/2023,Winter,2023,15,669.1307306,1
T62095,P00009,Winter Jacket,Clothing,128.2847208,18,06/07/2020,Fall,2020,5,2193.668726,4
T93854,P00046,Smartphone Case,Accessories,75.83034346,1,11/07/2020,Winter,2020,10,68.24730911,2
T58746,P00048,Cordless Vacuum,Home Decor,97.02897683,18,06/03/2019,Winter,2019,0,1746.521583,1
T80065,P00051,Microwave Oven,Home Decor,34.95645072,11,06/01/2018,Fall,2018,15,326.8428142,1
T19535,P00042,Running Shoes,Footwear,192.1233862,5,20/04/2016,Fall,2016,5,912.5860844,4
T95627,P00002,Coffee Maker,Home Decor,86.99945414,1,21/11/2016,Spring,2016,0,86.99945414,2
T22527,P00040,Laptop Stand,Accessories,80.16776402,6,17/02/2021,Summer,2021,15,408.8555965,4
T70728,P00043,Water Filter Pitcher,Home Decor,74.89452264,5,24/07/2017,Spring,2017,5,355.7489825,3
T94105,P00023,Science Textbook,Books,28.18742165,2,24/09/2017,Summer,2017,5,53.55610114,3
T41996,P00015,Travel Guide,Books,66.03469497,1,01/03/2015,Spring,2015,20,52.82775598,2
T78142,P00060,Laptop Stand,Accessories,22.60612049,1,22/10/2017,Fall,2017,20,18.08489639,1
T61649,P00009,Dish Drying Rack,Home Decor,44.89673755,12,16/11/2022,Winter,2022,10,484.8847655,2
T11583,P00014,Wi-Fi Router,Electronics,32.24339053,12,10/12/2018,Fall,2018,10,348.2286177,4
T78458,P00032,E-Reader,Electronics,46.85690325,9,05/06/2021,Summer,2021,15,358.4553099,1
T67442,P00012,Self-Help Book,Books,92.74791844,14,03/05/2019,Summer,2019,0,1298.470858,2
T71875,P00014,Hiking Boots,Footwear,229.4310974,5,01/06/2023,Summer,2023,0,1147.155487,3
T69549,P00060,Fiction Novel,Books,30.27958537,18,23/12/2018,Spring,2018,15,463.2776562,2
T78022,P00049,Denim Jeans,Clothing,129.0402758,12,08/08/2018,Summer,2018,20,1238.786648,1
T66102,P00030,Digital Camera,Electronics,58.02300454,14,24/08/2016,Winter,2016,20,649.8576508,2
T35069,P00034,Hoodie,Clothing,123.9720099,12,18/11/2016,Summer,2016,20,1190.131295,1
T98423,P00041,Self-Help Book,Books,75.87478496,4,09/08/2021,Summer,2021,0,303.4991398,4
T98615,P00044,Smartphone Case,Accessories,15.80413275,6,20/11/2015,Spring,2015,10,85.34231685,3
T32659,P00010,Cutting Board,Home Decor,27.17034131,2,25/01/2015,Summer,2015,20,43.4725461,3
T52302,P00007,Wireless Earbuds,Electronics,56.23725615,18,21/04/2022,Winter,2022,5,961.6570802,2
T94767,P00028,Raincoat,Clothing,55.51457618,8,26/10/2023,Winter,2023,10,399.7049485,3
T11150,P00035,Formal Suit,Clothing,39.67685202,13,15/04/2016,Summer,2016,20,412.639261,2
T51666,P00009,Dish Drying Rack,Home Decor,48.85365322,12,01/07/2019,Fall,2019,0,586.2438386,1
T37869,P00002,External Hard Drive,Accessories,86.34062193,13,28/06/2022,Spring,2022,15,954.0638723,1
T81485,P00035,Soundbar,Electronics,93.42193581,12,23/08/2022,Fall,2022,5,1065.010068,1
T71015,P00004,USB Flash Drive,Accessories,97.18295921,17,31/10/2022,Spring,2022,10,1486.899276,3
T61601,P00005,Biography,Books,34.14442096,4,24/02/2021,Winter,2021,20,109.2621471,1
T30210,P00021,HD Webcam,Accessories,90.24159529,18,28/11/2022,Summer,2022,10,1461.913844,4
T80279,P00042,Leather Loafers,Footwear,64.83433031,13,14/05/2019,Spring,2019,20,674.2770352,4
T34814,P00011,Mystery Novel,Books,64.66922388,11,19/06/2021,Summer,2021,20,569.0891701,4
T86231,P00044,Wi-Fi Router,Electronics,49.23542354,13,30/10/2016,Fall,2016,5,608.0574807,3
T95153,P00036,Science Textbook,Books,40.84606246,9,17/07/2019,Winter,2019,15,312.4723778,1
T87243,P00023,Laptop Stand,Accessories,65.83040249,19,14/12/2019,Spring,2019,15,1063.161,4
T72757,P00014,Fiction Novel,Books,61.77366901,1,15/06/2019,Fall,2019,10,55.59630211,3
T78312,P00020,Mechanical Keyboard,Electronics,33.28077163,2,29/03/2015,Spring,2015,20,53.24923461,3
T81066,P00036,Wireless Keyboard,Accessories,16.71161709,4,08/09/2023,Fall,2023,0,66.84646836,1
T91380,P00029,Fiction Novel,Books,98.45922625,19,24/04/2021,Spring,2021,20,1496.580239,1
T33135,P00011,Mystery Novel,Books,64.66922388,17,24/02/2016,Winter,2016,20,879.5014448,3
T84509,P00025,HD Webcam,Accessories,79.04377919,13,15/08/2015,Winter,2015,0,1027.569129,3
T42539,P00010,Gaming Mouse,Accessories,16.76155975,6,07/11/2019,Fall,2019,5,95.54089057,3
T30646,P00038,Hiking Boots,Footwear,253.0861976,11,03/12/2019,Summer,2019,5,2644.750765,4
T26579,P00025,Raincoat,Clothing,71.4973667,5,04/12/2023,Summer,2023,15,303.8638085,4
T73643,P00047,Mechanical Keyboard,Electronics,71.18873328,18,27/07/2022,Summer,2022,20,1025.117759,4
T99918,P00006,Air Fryer,Home Decor,24.5010607,14,01/09/2023,Summer,2023,10,308.7133648,3
T20201,P00050,Casual Sneakers,Footwear,295.4520597,11,16/03/2019,Fall,2019,10,2924.975391,4
T67761,P00022,LED Desk Lamp,Home Decor,10.57394521,9,16/06/2019,Fall,2019,0,95.16550689,4
T28027,P00045,Hiking Boots,Footwear,130.760543,12,19/04/2020,Summer,2020,20,1255.301213,1
T12217,P00015,Sweatpants,Clothing,178.6988958,9,08/10/2017,Summer,2017,20,1286.63205,1
T91241,P00025,Cordless Vacuum,Home Decor,69.29985392,8,07/06/2018,Summer,2018,15,471.2390067,2
T96148,P00042,USB Flash Drive,Accessories,83.85940355,6,10/04/2020,Winter,2020,20,402.525137,2
T30626,P00041,USB Flash Drive,Accessories,81.71309068,14,22/08/2020,Spring,2020,10,1029.584943,2
T23765,P00003,T-Shirt,Clothing,180.2709663,5,06/04/2016,Winter,2016,5,856.2870899,4
T41300,P00022,Self-Help Book,Books,45.60404274,4,31/12/2018,Fall,2018,10,164.1745539,4
T89778,P00020,Laptop Stand,Accessories,40.50331453,10,17/09/2017,Spring,2017,5,384.781488,2
T57728,P00051,4K TV,Electronics,86.44003792,2,24/01/2016,Winter,2016,5,164.236072,2
T85294,P00010,Self-Help Book,Books,93.38429947,14,25/06/2018,Winter,2018,5,1242.011183,2
T38171,P00049,Denim Jeans,Clothing,129.0402758,2,31/12/2017,Summer,2017,15,219.3684689,2
T21867,P00020,Fitness Tracker,Electronics,26.70532216,13,22/04/2018,Fall,2018,15,295.0938099,1
T45908,P00023,Laptop Stand,Accessories,65.83040249,6,07/09/2015,Summer,2015,20,315.985932,4
T69001,P00007,Toaster Oven,Home Decor,90.02813486,5,11/03/2018,Fall,2018,20,360.1125394,4
T86425,P00057,Biography,Books,85.67503218,8,29/09/2016,Winter,2016,5,651.1302446,3
T16883,P00054,LED Desk Lamp,Home Decor,90.71913656,14,01/08/2019,Summer,2019,20,1016.054329,3
T22894,P00060,4K TV,Electronics,94.1578912,3,01/06/2019,Winter,2019,10,254.2263062,1
T67678,P00042,Smart Thermostat,Electronics,13.27955375,15,19/12/2023,Winter,2023,0,199.1933063,4
T35659,P00043,Mystery Novel,Books,71.23740771,6,05/08/2015,Spring,2015,20,341.939557,3
T27559,P00029,Mechanical Keyboard,Electronics,84.22136958,4,15/02/2018,Spring,2018,0,336.8854783,1
T50988,P00050,Children's Book,Books,27.77070923,6,09/08/2017,Fall,2017,10,149.9618298,4
T76687,P00030,Shorts,Clothing,194.8175945,10,01/09/2017,Fall,2017,20,1558.540756,1
T14866,P00029,Running Shoes,Footwear,99.30630991,5,06/03/2017,Winter,2017,15,422.0518171,1
T50441,P00029,Casual Sneakers,Footwear,144.1009887,5,21/12/2015,Fall,2015,5,684.4796963,3
T39581,P00051,Dress Shoes,Footwear,135.3452721,6,04/02/2022,Summer,2022,20,649.6573061,1
T20972,P00005,Gaming Mouse,Accessories,67.84233206,7,28/01/2022,Winter,2022,0,474.8963244,4
T63386,P00034,Wireless Earbuds,Electronics,59.92351669,11,13/11/2023,Summer,2023,15,560.2848811,2
T67332,P00052,Dress Shoes,Footwear,220.1966744,2,02/09/2023,Winter,2023,0,440.3933488,2
T18250,P00050,Toaster Oven,Home Decor,15.6040878,16,06/07/2015,Winter,2015,10,224.6988643,4
T66917,P00030,Self-Help Book,Books,64.63000009,8,31/05/2020,Summer,2020,5,491.1880007,2
T97935,P00006,Laptop Stand,Accessories,69.89613244,9,21/02/2022,Summer,2022,0,629.065192,2
T38204,P00053,Denim Jeans,Clothing,112.804587,12,12/12/2022,Spring,2022,5,1285.972292,3
T45697,P00038,Mystery Novel,Books,63.98466438,9,12/05/2020,Summer,2020,20,460.6895835,2
T83265,P00011,USB Flash Drive,Accessories,99.50895029,4,22/07/2022,Summer,2022,15,338.330431,3
T73296,P00020,Running Shoes,Footwear,170.7075959,5,01/12/2017,Spring,2017,20,682.8303836,4
T50087,P00001,Running Shoes,Footwear,213.5615545,7,30/06/2019,Spring,2019,0,1494.930882,1
T39037,P00011,LED Desk Lamp,Home Decor,95.49786462,2,09/04/2015,Summer,2015,0,190.9957292,2
T44553,P00016,Travel Guide,Books,89.8758335,7,03/04/2019,Fall,2019,20,503.3046676,3
T79526,P00044,Biography,Books,45.86389202,7,29/05/2019,Winter,2019,5,304.9948819,2
T97158,P00045,Hiking Boots,Footwear,27.03459525,15,23/10/2015,Spring,2015,10,364.9670359,3
T76573,P00011,Raincoat,Clothing,74.46160869,11,28/09/2017,Winter,2017,10,737.169926,1
T11911,P00043,External Hard Drive,Accessories,61.53538529,14,13/10/2016,Spring,2016,15,732.271085,4
T60434,P00039,Blender,Home Decor,46.10486443,10,12/02/2020,Winter,2020,20,368.8389154,1
T35329,P00007,Toaster Oven,Home Decor,38.56506163,13,19/09/2020,Spring,2020,20,401.076641,1
T36515,P00047,Cutting Board,Home Decor,24.22380878,16,03/03/2021,Spring,2021,0,387.5809405,1
T43605,P00046,Laptop Stand,Accessories,49.03263253,7,03/10/2017,Fall,2017,0,343.2284277,3
T68328,P00049,Sweatpants,Clothing,194.3874254,9,15/08/2017,Spring,2017,20,1399.589463,2
T10270,P00059,Running Shoes,Footwear,32.3737944,15,30/11/2015,Fall,2015,0,485.606916,1
T43057,P00033,VR Headset,Electronics,12.48544515,1,23/12/2019,Summer,2019,5,11.86117289,4
T89965,P00052,Toaster Oven,Home Decor,17.73805572,4,30/04/2018,Winter,2018,15,60.30938945,3
T67047,P00052,Toaster Oven,Home Decor,31.85396695,11,17/10/2015,Winter,2015,0,350.3936365,3
T58999,P00058,Bluetooth Speaker,Electronics,71.43147283,10,17/08/2022,Summer,2022,0,714.3147283,4
T63625,P00052,Soundbar,Electronics,51.56580631,5,30/03/2021,Winter,2021,0,257.8290315,1
T55542,P00029,4K TV,Electronics,22.48641201,4,14/10/2019,Winter,2019,10,80.95108324,2
T68821,P00012,Leather Loafers,Footwear,253.5657735,8,12/03/2015,Summer,2015,5,1927.099879,4
T50315,P00051,Dress Shoes,Footwear,240.1240714,16,05/12/2017,Fall,2017,10,3457.786628,3
T27732,P00047,Smartwatch,Electronics,71.89124871,14,01/05/2022,Winter,2022,15,855.5058596,1
T34648,P00006,Formal Suit,Clothing,121.8439611,10,04/06/2023,Summer,2023,20,974.7516888,3
T10301,P00033,Hiking Boots,Footwear,254.5904892,11,02/04/2015,Summer,2015,0,2800.495381,1
T60387,P00050,Science Textbook,Books,89.06607746,14,17/07/2023,Fall,2023,0,1246.925084,3
T95951,P00002,Flip-Flops,Footwear,85.91198997,13,30/11/2023,Summer,2023,5,1061.013076,3
T55632,P00013,Dish Drying Rack,Home Decor,89.38836809,1,05/01/2022,Fall,2022,0,89.38836809,1
T49350,P00019,Formal Suit,Clothing,196.94492,8,31/07/2017,Fall,2017,5,1496.781392,2
T48293,P00041,Hiking Boots,Footwear,183.3754586,3,27/01/2015,Winter,2015,20,440.1011006,3
T16388,P00028,Toaster Oven,Home Decor,79.55932483,1,30/03/2022,Fall,2022,10,71.60339235,1
T29250,P00047,HD Webcam,Accessories,78.84453866,18,30/06/2018,Fall,2018,20,1135.361357,2
T43038,P00044,Soundbar,Electronics,29.91061556,3,24/02/2023,Summer,2023,5,85.24525435,2
T36555,P00012,Cordless Vacuum,Home Decor,36.59579695,2,16/03/2017,Spring,2017,0,73.1915939,1
T22448,P00003,Sweatpants,Clothing,102.6195744,17,11/02/2015,Spring,2015,5,1657.306127,2
T47171,P00032,LED Desk Lamp,Home Decor,53.73084088,14,31/03/2019,Winter,2019,5,714.6201837,3
T95139,P00022,Blender,Home Decor,11.4023616,4,22/08/2016,Winter,2016,5,43.32897408,3
T56571,P00036,Casual Sneakers,Footwear,271.6570206,3,02/12/2016,Spring,2016,10,733.4739556,2
T92392,P00015,Dress Shoes,Footwear,225.8525731,13,02/02/2022,Winter,2022,0,2936.08345,4
T45766,P00020,Microwave Oven,Home Decor,42.69995431,12,26/09/2016,Summer,2016,10,461.1595065,4
T91838,P00037,Dish Drying Rack,Home Decor,42.67929885,15,10/07/2018,Spring,2018,15,544.1610603,2
T31002,P00050,Wireless Keyboard,Accessories,67.56804494,17,04/08/2019,Spring,2019,5,1091.223926,3
T86022,P00016,T-Shirt,Clothing,151.208612,7,30/09/2022,Spring,2022,5,1005.53727,1
T61136,P00023,LED Desk Lamp,Home Decor,60.93007804,10,27/09/2022,Winter,2022,10,548.3707024,2
T82120,P00019,Formal Suit,Clothing,196.94492,14,02/01/2023,Spring,2023,10,2481.505992,4
T74779,P00012,Cookbook,Books,24.7273398,14,04/11/2021,Winter,2021,20,276.9462058,1
T38474,P00022,Casual Sneakers,Footwear,125.1461623,16,01/08/2020,Winter,2020,0,2002.338597,3
T40254,P00056,External Hard Drive,Accessories,53.57057779,18,01/04/2015,Summer,2015,15,819.6298402,3
T40883,P00045,Denim Jeans,Clothing,142.6537254,13,16/10/2017,Summer,2017,20,1483.598744,1
T46274,P00030,Portable Fan,Home Decor,22.33669984,6,02/03/2015,Summer,2015,10,120.6181791,1
T34203,P00056,Smart Thermostat,Electronics,33.62821259,8,10/05/2016,Fall,2016,0,269.0257007,4
T26622,P00046,Leather Loafers,Footwear,166.5547358,4,07/09/2017,Summer,2017,20,532.9751546,1
T69169,P00055,Children's Book,Books,40.32358054,4,20/06/2023,Fall,2023,15,137.1001738,4
T21401,P00041,Hoodie,Clothing,43.89634857,17,05/04/2017,Winter,2017,0,746.2379257,3
T11210,P00032,Biography,Books,51.75524708,14,31/01/2015,Summer,2015,5,688.3447862,3
T33977,P00022,External Hard Drive,Accessories,10.0257827,1,27/06/2020,Spring,2020,5,9.524493565,2
T38155,P00005,Soundbar,Electronics,39.61879831,10,07/07/2019,Fall,2019,5,376.3785839,4
T59993,P00018,Running Shoes,Footwear,154.8986206,16,21/03/2016,Fall,2016,15,2106.62124,1
T44847,P00013,Monitor Arm,Electronics,87.24380937,6,09/05/2015,Summer,2015,20,418.770285,1
T71311,P00014,Travel Guide,Books,21.94197506,15,15/06/2021,Spring,2021,0,329.1296259,1
T55209,P00057,External Hard Drive,Accessories,12.88335401,1,11/11/2016,Summer,2016,5,12.23918631,4
T58701,P00048,Raincoat,Clothing,107.4963326,5,29/11/2015,Winter,2015,20,429.9853304,2
T61195,P00015,Flip-Flops,Footwear,280.9721048,13,30/04/2020,Winter,2020,0,3652.637362,1
T91824,P00021,Mystery Novel,Books,56.78006377,14,13/11/2018,Spring,2018,15,675.6827589,1
T25129,P00056,Science Textbook,Books,35.01049581,18,19/03/2019,Winter,2019,0,630.1889246,3
T94421,P00044,4K TV,Electronics,99.5196069,13,15/08/2021,Spring,2021,10,1164.379401,1
T48590,P00029,Raincoat,Clothing,135.1673511,4,02/09/2019,Fall,2019,0,540.6694044,3
T68134,P00042,Children's Book,Books,59.98529611,18,11/11/2021,Spring,2021,20,863.788264,4
T73966,P00002,Raincoat,Clothing,138.258341,17,10/06/2021,Summer,2021,5,2232.872207,2
T18051,P00032,E-Reader,Electronics,46.85690325,12,15/12/2021,Winter,2021,15,477.9404132,4
T12486,P00055,Wireless Earbuds,Electronics,46.19430975,17,13/06/2015,Winter,2015,10,706.7729392,2
T73202,P00035,Bluetooth Speaker,Electronics,18.09494841,3,01/03/2022,Winter,2022,10,48.85636071,4
T63442,P00060,Winter Jacket,Clothing,153.5924769,5,23/07/2016,Spring,2016,5,729.5642653,3
T20836,P00056,USB Flash Drive,Accessories,51.17925062,19,30/07/2023,Fall,2023,15,826.5448975,1
T42405,P00039,Children's Book,Books,98.18208956,15,30/05/2017,Summer,2017,20,1178.185075,3
T31591,P00030,Hoodie,Clothing,159.3132087,13,05/11/2017,Spring,2017,10,1863.964542,1
T67701,P00034,Wi-Fi Router,Electronics,36.598889,10,22/05/2018,Fall,2018,0,365.98889,4
T62343,P00039,Water Filter Pitcher,Home Decor,22.27510357,5,19/12/2017,Summer,2017,0,111.3755179,3
T69351,P00001,Self-Help Book,Books,77.1305265,9,07/11/2016,Winter,2016,5,659.4660016,3
T13928,P00036,HD Webcam,Accessories,62.72939911,8,15/11/2018,Winter,2018,5,476.7434332,2
T52983,P00059,Cookbook,Books,22.45645026,6,13/06/2015,Summer,2015,20,107.7909612,4
T44323,P00049,Sweatpants,Clothing,194.3874254,6,14/12/2019,Spring,2019,15,991.3758695,4
T61390,P00050,E-Reader,Electronics,90.74199693,12,24/07/2020,Fall,2020,0,1088.903963,3
T86256,P00034,Gaming Mouse,Accessories,56.02200782,2,27/11/2022,Summer,2022,5,106.4418149,2
T70566,P00057,Smartwatch,Electronics,80.32910633,16,12/01/2015,Winter,2015,5,1221.002416,2
T76687,P00012,Self-Help Book,Books,92.74791844,6,12/09/2023,Winter,2023,0,556.4875106,2
T33223,P00021,Hoodie,Clothing,37.46737439,14,07/06/2015,Summer,2015,5,498.3160794,3
T57886,P00020,Smartphone Case,Accessories,32.04616276,5,26/06/2021,Fall,2021,15,136.1961917,3
T28494,P00015,Sweatpants,Clothing,178.6988958,2,11/08/2018,Spring,2018,0,357.3977916,2
T23775,P00020,Microwave Oven,Home Decor,42.69995431,12,12/04/2019,Winter,2019,5,486.7794791,4
T26550,P00023,Electric Kettle,Home Decor,14.69001957,17,03/05/2018,Winter,2018,20,199.7842662,3
T73359,P00009,Laptop Stand,Accessories,75.96727009,3,09/12/2015,Fall,2015,10,205.1116292,3
T46021,P00055,Leather Loafers,Footwear,46.68527965,15,24/05/2015,Winter,2015,15,595.2373155,3
T76134,P00038,Blender,Home Decor,93.34384716,5,23/10/2021,Summer,2021,20,373.3753886,1
T57481,P00044,External Hard Drive,Accessories,70.22086152,7,24/02/2020,Winter,2020,20,393.2368245,3
T43038,P00044,Biography,Books,45.86389202,6,21/01/2021,Summer,2021,10,247.6650169,3
T56778,P00046,Denim Jeans,Clothing,199.860527,4,04/07/2020,Spring,2020,10,719.4978972,4
T39360,P00032,Air Fryer,Home Decor,28.96902394,19,11/08/2015,Summer,2015,0,550.4114549,3
T45002,P00027,Monitor Arm,Electronics,19.30065233,11,26/09/2016,Winter,2016,15,180.4610993,3
T56142,P00045,Cookbook,Books,71.57479484,7,07/10/2023,Winter,2023,15,425.8700293,1
T78750,P00008,VR Headset,Electronics,77.43899544,8,25/11/2016,Fall,2016,5,588.5363653,3
T51885,P00036,Mystery Novel,Books,87.27809204,4,01/09/2018,Fall,2018,10,314.2011313,3
T45822,P00015,Travel Guide,Books,66.03469497,9,06/07/2022,Spring,2022,0,594.3122547,2
T69398,P00026,Gaming Mouse,Accessories,63.67066886,7,12/11/2021,Spring,2021,5,423.4099479,3
T74784,P00010,Mystery Novel,Books,31.91918913,14,25/12/2019,Fall,2019,15,379.8383506,2
T68244,P00039,Dress Shoes,Footwear,34.44119986,13,31/10/2016,Spring,2016,5,425.3488183,2
T65424,P00054,Sweatpants,Clothing,33.37533564,9,09/03/2023,Winter,2023,15,255.3213176,2
T98624,P00059,Cutting Board,Home Decor,85.01608898,13,09/05/2022,Spring,2022,15,939.4277832,1
T95495,P00056,Leather Loafers,Footwear,88.57308958,17,07/11/2015,Winter,2015,15,1279.881144,3
T49517,P00038,Fiction Novel,Books,36.33849681,17,23/12/2017,Winter,2017,0,617.7544458,4
T29378,P00015,Hoodie,Clothing,61.38541584,3,13/06/2017,Winter,2017,5,174.9484351,3
T72721,P00048,4K TV,Electronics,30.68817709,13,28/12/2015,Fall,2015,20,319.1570417,3
T83362,P00027,Flip-Flops,Footwear,259.6857486,19,21/06/2020,Spring,2020,20,3947.223379,2
T21654,P00022,Raincoat,Clothing,31.91363872,3,09/07/2016,Summer,2016,5,90.95387035,2
T67474,P00045,T-Shirt,Clothing,82.29588767,12,17/12/2017,Fall,2017,0,987.550652,1
T76528,P00035,Shorts,Clothing,75.94888565,17,21/08/2015,Fall,2015,15,1097.461398,3
T12359,P00059,Water Filter Pitcher,Home Decor,33.27364348,5,05/01/2022,Fall,2022,0,166.3682174,3
T64249,P00029,LED Desk Lamp,Home Decor,81.3802939,7,10/07/2023,Fall,2023,0,569.6620573,1
T54646,P00056,Running Shoes,Footwear,205.6062255,15,07/11/2018,Fall,2018,20,2467.274706,3
T92206,P00019,Self-Help Book,Books,35.73646115,1,08/02/2022,Fall,2022,20,28.58916892,3
T25006,P00007,Leather Loafers,Footwear,256.7987536,3,15/05/2020,Winter,2020,10,693.3566347,1
T73806,P00059,Toaster Oven,Home Decor,28.4464917,13,13/09/2017,Summer,2017,0,369.8043921,3
T97696,P00051,Shorts,Clothing,30.44307937,13,09/06/2020,Summer,2020,15,336.396027,2
T72900,P00004,Wireless Keyboard,Accessories,37.85580629,7,23/10/2015,Spring,2015,0,264.990644,1
T30831,P00022,External Hard Drive,Accessories,10.0257827,15,17/04/2018,Spring,2018,10,135.3480665,4
T23208,P00044,Hoodie,Clothing,171.5041068,7,11/12/2018,Spring,2018,10,1080.475873,4
T30058,P00028,Toaster Oven,Home Decor,38.84530543,19,19/04/2021,Spring,2021,0,738.0608032,1
T23123,P00007,Smart Thermostat,Electronics,58.26776813,15,03/08/2018,Summer,2018,20,699.2132176,4
T86475,P00034,4K TV,Electronics,25.2160355,9,12/06/2019,Fall,2019,0,226.9443195,2
T23862,P00055,Dish Drying Rack,Home Decor,85.1921777,4,24/01/2018,Spring,2018,20,272.6149686,4
T87503,P00007,Portable Fan,Home Decor,71.75612066,18,18/06/2022,Winter,2022,10,1162.449155,1
T59668,P00008,VR Headset,Electronics,77.43899544,7,15/10/2016,Fall,2016,0,542.0729681,4
T55968,P00051,HD Webcam,Accessories,43.63923293,1,04/05/2020,Winter,2020,20,34.91138634,3
T52454,P00037,4K TV,Electronics,27.17643998,18,02/08/2021,Spring,2021,15,415.7995317,2
T93292,P00049,Science Textbook,Books,30.26768754,10,11/02/2019,Summer,2019,10,272.4091879,4
T92013,P00049,Science Textbook,Books,30.26768754,10,17/11/2018,Winter,2018,0,302.6768754,3
T41166,P00001,Coffee Maker,Home Decor,51.37583182,2,25/06/2023,Spring,2023,20,82.20133091,4
T46853,P00013,HD Webcam,Accessories,69.46669349,6,26/06/2016,Summer,2016,0,416.8001609,3
T30442,P00020,Smartphone Case,Accessories,85.22499348,6,24/12/2017,Fall,2017,20,409.0799687,2
T83778,P00035,Mystery Novel,Books,24.11474101,4,02/04/2020,Summer,2020,10,86.81306764,3
T92591,P00010,Hiking Boots,Footwear,36.87106643,16,21/02/2018,Winter,2018,0,589.9370629,1
T98658,P00051,Dish Drying Rack,Home Decor,31.77576186,13,14/10/2016,Fall,2016,0,413.0849042,4
T47814,P00012,4K TV,Electronics,24.68178235,12,15/12/2018,Winter,2018,15,251.75418,3
T27619,P00017,Coffee Maker,Home Decor,23.94079169,16,20/08/2021,Spring,2021,20,306.4421336,4
T89337,P00020,Raincoat,Clothing,143.134458,13,03/10/2017,Fall,2017,0,1860.747954,2
T65869,P00020,Leather Loafers,Footwear,62.20779486,18,28/01/2015,Spring,2015,5,1063.753292,3
T66509,P00060,Cordless Vacuum,Home Decor,22.88373606,3,01/07/2016,Summer,2016,10,61.78608736,2
T85340,P00013,Smartphone Case,Accessories,88.58904937,14,28/06/2016,Fall,2016,5,1178.234357,1
T28590,P00058,Fitness Tracker,Electronics,15.13157896,12,30/12/2016,Spring,2016,15,154.3421054,3
T58369,P00004,E-Reader,Electronics,21.66728519,11,07/08/2019,Winter,2019,10,214.5061234,4
T72566,P00007,Running Shoes,Footwear,150.75651,3,19/07/2017,Summer,2017,15,384.4291005,2
T55973,P00045,Hiking Boots,Footwear,27.03459525,6,07/10/2022,Fall,2022,10,145.9868144,2
T51724,P00001,Denim Jeans,Clothing,158.1095944,9,01/12/2015,Fall,2015,5,1351.837032,3
T66949,P00022,Blender,Home Decor,11.4023616,11,20/03/2022,Winter,2022,20,100.3407821,2
T13479,P00022,LED Desk Lamp,Home Decor,10.57394521,1,18/02/2023,Fall,2023,20,8.459156168,3
T75587,P00030,Hoodie,Clothing,159.3132087,11,12/01/2019,Fall,2019,5,1664.823031,1
T54144,P00050,Self-Help Book,Books,42.20244259,3,17/10/2016,Spring,2016,10,113.946595,2
T84893,P00042,Dress Shoes,Footwear,267.8430972,2,15/08/2017,Fall,2017,0,535.6861944,3
T61555,P00039,External Hard Drive,Accessories,78.13864753,15,19/07/2017,Fall,2017,5,1113.475727,2
T91260,P00044,Running Shoes,Footwear,242.4022619,13,29/12/2021,Winter,2021,0,3151.229405,4
T33190,P00048,4K TV,Electronics,30.68817709,7,22/02/2023,Summer,2023,0,214.8172396,2
T98720,P00015,Sweatpants,Clothing,178.6988958,12,07/10/2018,Winter,2018,10,1929.948075,4
T56965,P00056,Dish Drying Rack,Home Decor,78.78585087,6,01/09/2020,Fall,2020,5,449.07935,1
T94306,P00022,Blender,Home Decor,11.4023616,15,29/11/2018,Summer,2018,10,153.9318816,3
T84203,P00056,Self-Help Book,Books,20.20006769,9,23/04/2021,Winter,2021,5,172.7105787,4
T65827,P00044,Formal Suit,Clothing,179.4199929,13,18/01/2021,Fall,2021,5,2215.836912,3
T44977,P00022,Casual Sneakers,Footwear,250.0430423,6,28/09/2023,Winter,2023,20,1200.206603,1
T50978,P00005,Sweatpants,Clothing,64.93098007,11,04/08/2023,Summer,2023,15,607.1046637,3
T40583,P00051,Toaster Oven,Home Decor,18.44185015,4,13/05/2020,Winter,2020,10,66.39066054,1
T91545,P00057,USB Flash Drive,Accessories,41.91964766,8,21/11/2020,Summer,2020,0,335.3571813,2
T52173,P00011,Cutting Board,Home Decor,91.45896591,17,27/09/2021,Fall,2021,20,1243.841936,2
T93570,P00050,Hoodie,Clothing,44.64691488,1,27/03/2017,Summer,2017,15,37.94987765,2
T39666,P00050,Self-Help Book,Books,28.28408394,18,25/08/2017,Winter,2017,0,509.1135109,2
T76032,P00002,Running Shoes,Footwear,292.65105,18,13/01/2016,Fall,2016,15,4477.561065,1
T19811,P00043,Smart Thermostat,Electronics,74.38334857,19,13/02/2015,Summer,2015,0,1413.283623,3
T59093,P00010,Self-Help Book,Books,44.75762388,12,18/07/2016,Winter,2016,10,483.3823379,1
T31899,P00033,Dress Shoes,Footwear,229.9297894,4,29/12/2017,Spring,2017,0,919.7191576,2
T19461,P00006,T-Shirt,Clothing,160.3114442,2,27/04/2019,Spring,2019,10,288.5605996,3
T86174,P00047,Monitor Arm,Electronics,13.56988687,3,21/04/2017,Spring,2017,10,36.63869455,3
T22844,P00025,USB Flash Drive,Accessories,82.33966458,1,22/03/2022,Winter,2022,15,69.98871489,1
T50813,P00059,Formal Suit,Clothing,40.16713795,16,08/09/2020,Summer,2020,15,546.2730761,4
T78490,P00026,Blender,Home Decor,36.56482708,16,27/01/2023,Spring,2023,5,555.7853716,3
T44880,P00002,Sweatpants,Clothing,55.70233075,1,06/04/2019,Spring,2019,10,50.13209768,4
T86450,P00018,Cutting Board,Home Decor,16.7714657,3,07/04/2022,Summer,2022,10,45.28295739,4
T50060,P00029,Digital Camera,Electronics,95.99159293,6,05/12/2015,Spring,2015,10,518.3546018,1
T76741,P00035,HD Webcam,Accessories,13.60545069,6,23/02/2016,Summer,2016,5,77.55106893,4
T75126,P00028,Wireless Keyboard,Accessories,65.07225026,12,27/02/2016,Spring,2016,0,780.8670031,2
T94475,P00041,Gaming Mouse,Accessories,33.76142939,11,15/09/2022,Summer,2022,0,371.3757233,4
T44364,P00008,Children's Book,Books,15.11577556,10,02/12/2018,Summer,2018,15,128.4840923,2
T29785,P00056,Smartphone Case,Accessories,98.19264869,18,30/06/2020,Summer,2020,20,1413.974141,4
T64289,P00007,Fiction Novel,Books,62.70770914,19,05/06/2020,Summer,2020,20,953.1571789,3
T46694,P00021,E-Reader,Electronics,15.77495963,5,25/04/2015,Spring,2015,0,78.87479815,1
T13678,P00018,Hiking Boots,Footwear,146.1797639,18,14/10/2021,Summer,2021,10,2368.112175,1
T49591,P00002,Raincoat,Clothing,74.70620204,12,16/01/2017,Spring,2017,5,851.6507033,1
T43208,P00050,Sweatpants,Clothing,30.66842914,10,25/05/2019,Winter,2019,5,291.3500768,3
T13731,P00036,Wireless Keyboard,Accessories,16.71161709,9,28/02/2016,Winter,2016,5,142.8843261,1
T79910,P00023,Science Textbook,Books,73.78208741,14,30/04/2016,Summer,2016,10,929.6543014,3
T14949,P00001,Smartphone Case,Accessories,52.54737529,3,02/11/2022,Winter,2022,15,133.995807,4
T38327,P00036,Winter Jacket,Clothing,74.65715588,15,27/02/2021,Summer,2021,5,1063.864471,1
T48368,P00006,Soundbar,Electronics,91.28894557,16,16/12/2022,Winter,2022,15,1241.52966,4
T40963,P00034,Water Filter Pitcher,Home Decor,70.79655879,4,24/07/2017,Winter,2017,10,254.8676116,2
T44258,P00011,Cutting Board,Home Decor,91.45896591,4,09/06/2018,Summer,2018,10,329.2522773,2
T84656,P00002,Blender,Home Decor,19.91224258,16,20/03/2017,Summer,2017,20,254.876705,4
T35514,P00012,Biography,Books,77.25720284,4,07/12/2019,Summer,2019,0,309.0288114,2
T22170,P00035,HD Webcam,Accessories,98.60837132,16,29/08/2017,Fall,2017,20,1262.187153,4
T46449,P00015,Laptop Stand,Accessories,54.05199911,17,23/05/2019,Summer,2019,0,918.8839849,2
T50097,P00020,Leather Loafers,Footwear,62.20779486,1,16/07/2021,Fall,2021,15,52.87662563,2
T92233,P00029,Wi-Fi Router,Electronics,98.07367005,10,09/10/2021,Spring,2021,20,784.5893604,3
T89738,P00025,HD Webcam,Accessories,87.95038404,8,04/03/2015,Summer,2015,15,598.0626115,1
T51621,P00037,4K TV,Electronics,27.17643998,3,14/02/2021,Fall,2021,5,77.45285394,2
T85688,P00026,Cutting Board,Home Decor,57.54912234,18,28/05/2017,Summer,2017,15,880.5015718,3
T70426,P00059,Water Filter Pitcher,Home Decor,37.05074966,12,13/10/2023,Fall,2023,5,422.3785461,3
T85382,P00054,Casual Sneakers,Footwear,210.1010631,15,07/09/2020,Fall,2020,0,3151.515947,3
T27461,P00059,Denim Jeans,Clothing,127.2744061,2,03/07/2018,Fall,2018,20,203.6390498,1
T73475,P00008,Mystery Novel,Books,81.97434321,4,01/12/2016,Summer,2016,5,311.5025042,3
T75332,P00017,Digital Camera,Electronics,59.82324481,1,07/01/2016,Fall,2016,10,53.84092033,3
T62297,P00016,Travel Guide,Books,91.70509859,11,02/04/2018,Fall,2018,10,907.880476,4
T82881,P00047,Winter Jacket,Clothing,36.75759741,5,19/04/2017,Fall,2017,5,174.5985877,1
T76809,P00012,Hiking Boots,Footwear,285.8603634,3,18/01/2015,Fall,2015,20,686.0648722,1
T64226,P00028,Wireless Keyboard,Accessories,82.06874079,5,09/11/2022,Summer,2022,10,369.3093336,4
T10692,P00044,Soundbar,Electronics,29.91061556,12,14/05/2020,Summer,2020,0,358.9273867,3
T42906,P00046,Microwave Oven,Home Decor,17.65253947,8,21/05/2020,Winter,2020,20,112.9762526,3
T20702,P00054,Formal Suit,Clothing,20.80524228,2,13/05/2022,Fall,2022,0,41.61048456,4
T91629,P00047,Monitor Arm,Electronics,13.56988687,9,26/03/2018,Winter,2018,15,103.8096346,1
T39976,P00003,Children's Book,Books,86.3143982,15,11/11/2017,Spring,2017,10,1165.244376,4
T81088,P00054,Formal Suit,Clothing,20.80524228,8,22/11/2019,Fall,2019,15,141.4756475,2
T87815,P00043,Hiking Boots,Footwear,62.8106725,6,11/03/2019,Spring,2019,10,339.1776315,3
T61747,P00007,Smartphone Case,Accessories,20.50353291,11,20/10/2016,Spring,2016,5,214.2619189,1
T12090,P00007,Running Shoes,Footwear,208.2036521,4,11/04/2015,Fall,2015,5,791.173878,4
T20529,P00017,Wireless Earbuds,Electronics,51.0679121,7,18/06/2019,Winter,2019,5,339.6016155,4
T95680,P00045,Casual Sneakers,Footwear,200.9413229,17,31/07/2023,Fall,2023,20,2732.801991,3
T73229,P00060,Mystery Novel,Books,85.44695979,10,25/12/2016,Winter,2016,10,769.0226381,4
T54489,P00056,Denim Jeans,Clothing,25.38062353,7,10/10/2016,Winter,2016,0,177.6643647,4
T62877,P00004,Wireless Keyboard,Accessories,20.75332855,8,30/07/2015,Spring,2015,10,149.4239656,1
T56452,P00043,External Hard Drive,Accessories,27.53236718,14,08/07/2019,Winter,2019,20,308.3625124,1
T21851,P00017,Wireless Keyboard,Accessories,87.02360707,3,14/03/2017,Spring,2017,20,208.856657,4
T91343,P00001,Denim Jeans,Clothing,135.0826256,3,19/09/2019,Spring,2019,10,364.7230891,1
T55240,P00001,Raincoat,Clothing,59.0182437,9,20/12/2016,Winter,2016,15,451.4895643,2
T71647,P00019,Hiking Boots,Footwear,75.66301082,1,29/11/2016,Spring,2016,10,68.09670974,2
T42691,P00051,Sweatpants,Clothing,56.15254104,16,02/06/2020,Summer,2020,0,898.4406566,2
T10468,P00041,Formal Suit,Clothing,148.7264869,1,22/12/2018,Winter,2018,5,141.2901626,2
T97917,P00021,Gaming Mouse,Accessories,82.58919471,1,06/09/2019,Summer,2019,5,78.45973497,1
T20598,P00008,Electric Kettle,Home Decor,95.74283253,18,20/03/2023,Summer,2023,10,1551.033887,3
T95592,P00001,Smartphone Case,Accessories,52.54737529,3,30/06/2019,Fall,2019,15,133.995807,4
T59003,P00020,Mystery Novel,Books,53.08479096,1,19/03/2022,Fall,2022,5,50.43055141,2
T74866,P00019,Laptop Stand,Accessories,39.39089095,8,11/12/2020,Winter,2020,10,283.6144148,3
T21104,P00007,Science Textbook,Books,15.05754431,11,29/05/2015,Summer,2015,10,149.0696887,1
T96579,P00031,Biography,Books,65.6483772,12,22/09/2022,Spring,2022,10,709.0024738,2
T85239,P00021,Flip-Flops,Footwear,202.7217598,13,26/01/2018,Fall,2018,5,2503.613734,3
T29016,P00010,Cutting Board,Home Decor,33.86685158,8,01/05/2018,Summer,2018,5,257.388072,4
T96313,P00045,Cookbook,Books,71.57479484,17,02/01/2017,Winter,2017,15,1034.255785,4
T40298,P00025,Laptop Stand,Accessories,33.61133351,7,15/05/2019,Summer,2019,10,211.7514011,1
T63991,P00024,Children's Book,Books,89.32580673,17,05/09/2017,Winter,2017,5,1442.611779,3
T75231,P00011,Hoodie,Clothing,89.63466447,12,11/04/2017,Spring,2017,15,914.2735776,3
T51719,P00003,Mechanical Keyboard,Electronics,49.92314197,12,29/01/2021,Spring,2021,15,509.2160481,2
T42410,P00053,Winter Jacket,Clothing,156.1445168,11,10/01/2016,Spring,2016,0,1717.589685,3
T24537,P00014,Sweatpants,Clothing,85.02273326,12,09/09/2018,Summer,2018,0,1020.272799,1
T64487,P00026,Hoodie,Clothing,134.5048117,6,23/08/2019,Summer,2019,10,726.3259832,4
T47160,P00031,Air Fryer,Home Decor,42.12950747,7,18/02/2020,Fall,2020,20,235.9252418,1
T71559,P00052,Self-Help Book,Books,44.78883969,4,16/08/2021,Spring,2021,10,161.2398229,3
T96223,P00011,USB Flash Drive,Accessories,99.50895029,1,25/05/2018,Spring,2018,5,94.53350278,4
T17120,P00056,Hiking Boots,Footwear,158.248976,1,30/12/2018,Summer,2018,20,126.5991808,4
T39052,P00010,Cookbook,Books,91.06114483,18,30/03/2019,Winter,2019,0,1639.100607,1
T24021,P00011,HD Webcam,Accessories,95.16852511,7,23/05/2018,Summer,2018,20,532.9437406,2
T38948,P00031,Raincoat,Clothing,114.570741,19,04/06/2017,Summer,2017,5,2068.001875,3
T97031,P00057,E-Reader,Electronics,62.52406961,14,19/04/2023,Summer,2023,0,875.3369745,4
T47279,P00048,4K TV,Electronics,30.68817709,2,20/08/2022,Fall,2022,10,55.23871876,1
T82582,P00056,T-Shirt,Clothing,165.0663292,13,18/03/2019,Fall,2019,20,1716.689824,1
T62991,P00004,Wireless Keyboard,Accessories,99.52836736,6,05/04/2017,Fall,2017,0,597.1702042,3
T91488,P00053,Laptop Stand,Accessories,36.90424512,3,27/04/2019,Winter,2019,10,99.64146182,3
T81716,P00013,Casual Sneakers,Footwear,43.5099443,14,26/05/2017,Winter,2017,15,517.7683372,1
T57582,P00005,Smartwatch,Electronics,89.64052935,9,17/04/2021,Summer,2021,20,645.4118113,4
T40941,P00008,Formal Suit,Clothing,137.7472466,6,19/11/2018,Winter,2018,0,826.4834796,3
T83643,P00046,T-Shirt,Clothing,184.7001388,15,23/05/2022,Fall,2022,10,2493.451874,4
T59532,P00019,Hiking Boots,Footwear,110.9536435,10,07/03/2018,Fall,2018,5,1054.059613,2
T58366,P00043,Laptop Stand,Accessories,37.36763457,17,07/07/2020,Winter,2020,15,539.9623195,1
T56233,P00046,Fiction Novel,Books,66.54163833,17,25/12/2018,Summer,2018,0,1131.207852,1
T90847,P00013,Wireless Earbuds,Electronics,89.05396777,5,21/09/2016,Winter,2016,0,445.2698389,1
T11063,P00050,Formal Suit,Clothing,41.95547171,17,03/12/2016,Summer,2016,5,677.5808681,4
T47226,P00033,HD Webcam,Accessories,75.28298033,13,07/05/2023,Fall,2023,10,880.8108699,2
T26171,P00033,HD Webcam,Accessories,75.28298033,7,20/05/2020,Winter,2020,5,500.6318192,2
T31615,P00035,Running Shoes,Footwear,245.2715374,17,10/08/2023,Summer,2023,0,4169.616136,4
T44063,P00050,Sweatpants,Clothing,30.66842914,16,03/02/2023,Summer,2023,5,466.1601229,2
T63985,P00037,Smartphone Case,Accessories,94.7784597,12,05/06/2020,Fall,2020,10,1023.607365,1
T96973,P00050,Mystery Novel,Books,27.45821909,10,08/10/2019,Fall,2019,20,219.6657527,1
T87787,P00053,External Hard Drive,Accessories,40.92313796,11,13/04/2023,Winter,2023,15,382.6313399,4
T94114,P00035,Raincoat,Clothing,125.738088,15,14/03/2015,Fall,2015,10,1697.464188,1
T11675,P00031,Air Fryer,Home Decor,42.12950747,7,24/12/2023,Fall,2023,10,265.4158971,4
T88766,P00007,Running Shoes,Footwear,41.34657428,2,28/05/2017,Winter,2017,10,74.4238337,4
T72308,P00012,Flip-Flops,Footwear,152.8035851,14,15/02/2020,Summer,2020,5,2032.287682,3
T80468,P00037,4K TV,Electronics,69.33827749,11,04/04/2021,Winter,2021,0,762.7210524,1
T91143,P00010,Flip-Flops,Footwear,85.13435901,16,07/10/2016,Spring,2016,15,1157.827283,3
T36157,P00057,HD Webcam,Accessories,25.71745426,8,29/11/2016,Fall,2016,20,164.5917073,3
T20064,P00026,Cutting Board,Home Decor,57.54912234,8,16/01/2016,Spring,2016,20,368.314383,1
T47050,P00024,Raincoat,Clothing,76.43979713,8,30/05/2016,Fall,2016,10,550.3665393,4
T40548,P00039,Laptop Stand,Accessories,27.55355363,8,04/06/2015,Summer,2015,10,198.3855861,4
T15402,P00048,Casual Sneakers,Footwear,275.9206735,16,19/07/2021,Winter,2021,5,4193.994237,3
T55443,P00001,Denim Jeans,Clothing,135.0826256,10,30/04/2015,Fall,2015,0,1350.826256,4
T99538,P00042,Blender,Home Decor,90.0349938,3,09/01/2018,Summer,2018,10,243.0944833,4
T23657,P00048,Wireless Earbuds,Electronics,89.29087023,13,15/02/2019,Spring,2019,10,1044.703182,1
T21966,P00008,HD Webcam,Accessories,64.11251777,16,07/08/2022,Spring,2022,0,1025.800284,1
T79981,P00025,Cordless Vacuum,Home Decor,69.29985392,9,20/09/2015,Spring,2015,5,592.513751,4
T75931,P00038,Hiking Boots,Footwear,73.71488433,13,22/03/2015,Summer,2015,10,862.4641467,1
T31104,P00036,Hiking Boots,Footwear,28.94661014,15,03/03/2020,Spring,2020,15,369.0692793,1
T93145,P00014,Sweatpants,Clothing,85.02273326,5,02/07/2022,Winter,2022,0,425.1136663,3
T19520,P00012,Water Filter Pitcher,Home Decor,91.83346375,3,17/06/2022,Fall,2022,5,261.7253717,1
T52048,P00052,Hoodie,Clothing,186.7327272,19,25/01/2019,Summer,2019,5,3370.525726,2
T50330,P00034,Formal Suit,Clothing,179.8008023,3,01/04/2016,Summer,2016,15,458.4920459,1
T95786,P00032,Soundbar,Electronics,26.74810554,5,02/07/2020,Spring,2020,0,133.7405277,3
T22911,P00038,Denim Jeans,Clothing,141.44243,13,13/08/2016,Fall,2016,0,1838.75159,1
T97012,P00027,Blender,Home Decor,37.43750717,3,20/09/2016,Fall,2016,0,112.3125215,1
T47965,P00053,HD Webcam,Accessories,44.47394316,9,27/05/2022,Spring,2022,20,320.2123908,1
T41406,P00055,Casual Sneakers,Footwear,272.8830061,2,20/05/2018,Summer,2018,15,463.9011104,1
T18222,P00043,Water Filter Pitcher,Home Decor,27.21929524,15,16/08/2020,Spring,2020,10,367.4604857,1
T31576,P00050,Science Textbook,Books,89.06607746,16,22/11/2015,Summer,2015,0,1425.057239,2
T65652,P00044,Blender,Home Decor,41.94309439,17,01/01/2016,Spring,2016,15,606.0777139,3
T78557,P00056,Raincoat,Clothing,90.56852826,19,18/04/2017,Summer,2017,5,1634.761935,2
T34941,P00026,Hoodie,Clothing,117.0335105,13,09/05/2017,Winter,2017,15,1293.220291,3
T15293,P00043,Dish Drying Rack,Home Decor,69.92249144,19,06/02/2021,Winter,2021,0,1328.527337,2
T16366,P00001,Raincoat,Clothing,75.82099944,14,03/08/2017,Spring,2017,5,1008.419293,3
T47953,P00050,LED Desk Lamp,Home Decor,54.44252446,15,06/04/2019,Fall,2019,15,694.1421869,3
T69860,P00059,Hoodie,Clothing,31.61658039,2,08/02/2021,Winter,2021,0,63.23316078,3
T95631,P00039,Raincoat,Clothing,110.854774,3,06/07/2019,Spring,2019,20,266.0514576,4
T95246,P00020,Water Filter Pitcher,Home Decor,89.07226414,17,02/09/2015,Fall,2015,10,1362.805641,4
T45768,P00052,Blender,Home Decor,91.51701721,9,29/11/2015,Summer,2015,0,823.6531549,2
T42485,P00026,Running Shoes,Footwear,224.143711,13,20/01/2021,Fall,2021,15,2476.788007,2
T46397,P00008,Winter Jacket,Clothing,35.85514844,19,13/08/2017,Fall,2017,10,613.1230383,4
T14502,P00008,Children's Book,Books,15.11577556,7,23/08/2022,Spring,2022,20,84.64834314,1
T71641,P00036,Denim Jeans,Clothing,124.8585267,13,18/09/2023,Winter,2023,5,1542.002805,3
T24129,P00058,Hiking Boots,Footwear,195.8935137,10,05/11/2020,Spring,2020,15,1665.094866,2
T46096,P00022,Self-Help Book,Books,45.60404274,14,02/03/2019,Summer,2019,0,638.4565984,4
T67438,P00059,Bluetooth Speaker,Electronics,96.79930599,15,15/12/2023,Winter,2023,10,1306.790631,4
T70050,P00053,Cookbook,Books,91.03704743,10,29/06/2018,Spring,2018,5,864.8519506,4
T65414,P00052,VR Headset,Electronics,37.89758281,5,27/06/2017,Winter,2017,15,161.0647269,1
T96739,P00048,Cordless Vacuum,Home Decor,97.02897683,1,20/10/2021,Winter,2021,0,97.02897683,1
T39682,P00059,Microwave Oven,Home Decor,61.14446689,16,17/01/2022,Fall,2022,5,929.3958967,1
T49188,P00033,Sweatpants,Clothing,100.8275039,9,20/01/2022,Fall,2022,20,725.9580281,3
T28138,P00051,Sweatpants,Clothing,27.91534781,10,01/07/2019,Winter,2019,10,251.2381303,1
T38700,P00002,Fitness Tracker,Electronics,36.85914444,5,04/03/2019,Summer,2019,20,147.4365778,3
T63288,P00004,Cordless Vacuum,Home Decor,83.70670312,1,24/01/2021,Summer,2021,0,83.70670312,4
T98630,P00044,Flip-Flops,Footwear,171.1391911,19,09/07/2019,Summer,2019,15,2763.897936,4
T27844,P00052,Flip-Flops,Footwear,198.9012913,18,19/08/2016,Spring,2016,5,3401.212081,1
T41813,P00001,Flip-Flops,Footwear,145.7368966,11,21/01/2018,Spring,2018,5,1522.950569,4
T29794,P00009,Fiction Novel,Books,52.20420156,17,23/02/2017,Fall,2017,10,798.7242839,3
T83367,P00059,Biography,Books,99.05875814,18,31/10/2023,Spring,2023,5,1693.904764,2
T88361,P00042,Leather Loafers,Footwear,64.83433031,12,14/04/2017,Summer,2017,20,622.409571,1
T31608,P00042,Sweatpants,Clothing,62.22236358,16,13/04/2019,Winter,2019,5,945.7799264,1
T40902,P00039,Laptop Stand,Accessories,27.55355363,15,22/11/2021,Spring,2021,10,371.972974,2
T14282,P00020,Formal Suit,Clothing,27.2944573,15,18/05/2018,Summer,2018,0,409.4168595,2
T22475,P00007,Laptop Stand,Accessories,66.5546547,11,19/12/2021,Fall,2021,15,622.2860214,1
T63086,P00045,Hoodie,Clothing,92.52518436,4,12/04/2019,Fall,2019,0,370.1007374,4
T40196,P00028,Raincoat,Clothing,142.4636251,19,13/05/2015,Spring,2015,10,2436.127989,3
T32951,P00031,Denim Jeans,Clothing,64.5860987,4,14/09/2019,Winter,2019,15,219.5927356,3
T53250,P00046,Hoodie,Clothing,85.38588128,3,11/06/2017,Winter,2017,15,217.7339973,2
T19009,P00029,Smartwatch,Electronics,57.71474595,13,17/04/2018,Summer,2018,15,637.7479427,2
T97421,P00012,Water Filter Pitcher,Home Decor,91.83346375,4,17/09/2021,Summer,2021,10,330.6004695,4
T38842,P00038,LED Desk Lamp,Home Decor,88.65094308,19,16/09/2021,Fall,2021,5,1600.149523,3
T33491,P00046,Wireless Earbuds,Electronics,77.47908025,1,07/08/2015,Fall,2015,15,65.85721821,2
T13156,P00018,Hiking Boots,Footwear,94.62994252,17,27/02/2015,Summer,2015,10,1447.838121,2
T36308,P00018,Running Shoes,Footwear,154.8986206,10,30/09/2021,Fall,2021,15,1316.638275,2
T51831,P00007,External Hard Drive,Accessories,64.42535077,10,17/12/2016,Winter,2016,10,579.8281569,2
T36683,P00050,Casual Sneakers,Footwear,140.9205753,15,18/10/2016,Summer,2016,0,2113.80863,3
T31589,P00035,Raincoat,Clothing,131.7459763,14,23/10/2016,Winter,2016,5,1752.221485,2
T48870,P00029,Smartwatch,Electronics,57.71474595,2,21/02/2017,Summer,2017,15,98.11506812,3
T39064,P00016,Digital Camera,Electronics,19.49044908,5,24/10/2017,Fall,2017,15,82.83440859,4
T83919,P00043,External Hard Drive,Accessories,61.53538529,1,05/08/2020,Spring,2020,0,61.53538529,2
T24236,P00033,USB Flash Drive,Accessories,58.04305428,4,28/10/2023,Fall,2023,20,185.7377737,4
T90094,P00030,USB Flash Drive,Accessories,26.31816571,11,16/03/2019,Winter,2019,10,260.5498405,4
T99198,P00001,Biography,Books,84.46088425,10,10/04/2019,Summer,2019,5,802.3784004,4
T23010,P00013,Soundbar,Electronics,11.41480093,15,10/11/2015,Winter,2015,5,162.6609133,2
T19736,P00054,Wireless Keyboard,Accessories,41.57544083,5,27/12/2022,Fall,2022,10,187.0894837,2
T73828,P00048,Microwave Oven,Home Decor,97.96920982,18,27/02/2021,Spring,2021,0,1763.445777,2
T59557,P00059,Toaster Oven,Home Decor,31.00893661,16,06/06/2020,Winter,2020,10,446.5286872,4
T65894,P00026,Leather Loafers,Footwear,47.22249147,8,29/03/2023,Fall,2023,15,321.112942,4
T34999,P00044,4K TV,Electronics,99.5196069,6,28/12/2018,Summer,2018,15,507.5499952,3
T13469,P00037,Hiking Boots,Footwear,262.6911061,11,10/11/2019,Summer,2019,0,2889.602167,2
T21193,P00011,Raincoat,Clothing,74.46160869,19,10/05/2017,Summer,2017,5,1344.032037,4
T80155,P00048,Air Fryer,Home Decor,11.97844361,3,23/03/2020,Spring,2020,20,28.74826466,1
T50136,P00005,Soundbar,Electronics,39.61879831,11,04/06/2019,Summer,2019,10,392.2261033,2
T90558,P00014,Self-Help Book,Books,83.87486113,18,30/05/2023,Fall,2023,20,1207.798,1
T90424,P00007,Toaster Oven,Home Decor,38.56506163,8,29/03/2022,Summer,2022,10,277.6684437,1
T18907,P00029,Biography,Books,86.26080932,6,21/07/2015,Summer,2015,0,517.5648559,4
T27830,P00035,Mystery Novel,Books,24.11474101,19,05/01/2021,Winter,2021,0,458.1800792,4
T35036,P00021,Children's Book,Books,26.38983361,2,12/05/2015,Spring,2015,5,50.14068386,1
T63634,P00016,Gaming Mouse,Accessories,38.89479568,11,17/08/2021,Fall,2021,20,342.274202,4
T14022,P00048,Casual Sneakers,Footwear,275.9206735,17,04/11/2019,Fall,2019,15,3987.053732,4
T57781,P00009,Winter Jacket,Clothing,90.24700246,4,06/05/2019,Summer,2019,0,360.9880098,1
T32905,P00015,Flip-Flops,Footwear,280.9721048,17,19/05/2020,Fall,2020,15,4060.046914,3
T30749,P00058,Shorts,Clothing,81.90126498,12,25/09/2017,Fall,2017,15,835.3929028,4
T92910,P00020,Mechanical Keyboard,Electronics,33.28077163,9,28/12/2023,Fall,2023,5,284.5505974,1
T48411,P00031,Raincoat,Clothing,114.570741,13,05/02/2020,Spring,2020,20,1191.535706,3
T91749,P00059,E-Reader,Electronics,13.81876635,16,27/01/2016,Summer,2016,0,221.1002616,4
T47719,P00004,Hoodie,Clothing,124.2246029,4,25/08/2017,Winter,2017,5,472.053491,1
T76290,P00051,Gaming Mouse,Accessories,38.30900451,18,23/03/2021,Fall,2021,20,551.6496649,1
T98808,P00054,Running Shoes,Footwear,212.4670861,6,15/07/2023,Summer,2023,10,1147.322265,3
T34283,P00023,Children's Book,Books,55.18518822,12,02/08/2020,Spring,2020,0,662.2222586,4
T99290,P00051,Denim Jeans,Clothing,23.35429297,18,24/07/2020,Fall,2020,5,399.3584098,3
T54927,P00041,Smartphone Case,Accessories,27.99137312,9,25/03/2021,Summer,2021,20,201.5378865,2
T93372,P00008,Fitness Tracker,Electronics,49.2231557,15,23/12/2022,Fall,2022,10,664.512602,2
T22475,P00039,Smartwatch,Electronics,56.56088853,1,24/03/2015,Summer,2015,15,48.07675525,2
T50481,P00010,Cookbook,Books,91.06114483,11,10/07/2019,Winter,2019,0,1001.672593,3
T28011,P00050,Science Textbook,Books,89.06607746,12,04/10/2018,Fall,2018,0,1068.79293,4
T45311,P00015,Toaster Oven,Home Decor,57.63145029,2,24/03/2018,Winter,2018,15,97.97346549,1
T50146,P00022,External Hard Drive,Accessories,31.75118341,14,07/10/2018,Spring,2018,20,355.6132542,4
T35340,P00040,Casual Sneakers,Footwear,268.6223966,12,04/12/2018,Fall,2018,15,2739.948445,4
T51710,P00025,Leather Loafers,Footwear,63.30158011,15,25/11/2018,Spring,2018,5,902.0475166,1
T82578,P00033,Leather Loafers,Footwear,135.0947425,8,20/10/2017,Fall,2017,15,918.644249,1
T70345,P00019,Fiction Novel,Books,77.10480356,17,20/03/2018,Winter,2018,20,1048.625328,2
T87074,P00014,Formal Suit,Clothing,34.41068938,18,28/03/2019,Summer,2019,5,588.4227884,3
T99580,P00040,Wireless Earbuds,Electronics,49.51019957,16,17/05/2023,Winter,2023,5,752.5550335,3
T43816,P00037,Dress Shoes,Footwear,124.3997561,15,02/03/2021,Spring,2021,20,1492.797073,3
T50818,P00026,Soundbar,Electronics,50.59486052,9,12/04/2023,Summer,2023,0,455.3537447,2
T65668,P00021,Mystery Novel,Books,56.78006377,8,20/04/2021,Winter,2021,5,431.5284847,1
T19987,P00006,Flip-Flops,Footwear,52.37230681,19,12/12/2022,Summer,2022,5,945.3201379,4
T59898,P00030,Wireless Keyboard,Accessories,99.78551524,8,27/03/2023,Spring,2023,10,718.4557097,1
T52675,P00019,Hiking Boots,Footwear,110.9536435,7,11/07/2019,Spring,2019,10,699.0079541,4
T90434,P00020,Mechanical Keyboard,Electronics,33.28077163,3,02/09/2022,Fall,2022,20,79.87385191,3
T69969,P00050,Raincoat,Clothing,165.812977,19,25/11/2023,Summer,2023,5,2992.924235,3
T95598,P00006,Casual Sneakers,Footwear,113.0473799,2,04/07/2020,Winter,2020,5,214.7900218,3
T81361,P00030,Shorts,Clothing,88.17469213,4,31/08/2020,Spring,2020,20,282.1590148,2
T47149,P00029,Hiking Boots,Footwear,208.8670879,8,03/02/2016,Fall,2016,10,1503.843033,4
T32578,P00025,Cookbook,Books,68.88114971,10,27/07/2023,Fall,2023,5,654.3709222,3
T57680,P00034,Sweatpants,Clothing,70.34554037,8,22/06/2021,Fall,2021,0,562.764323,1
T49040,P00031,Shorts,Clothing,189.9239354,18,08/04/2019,Fall,2019,0,3418.630837,1
T43497,P00059,Water Filter Pitcher,Home Decor,33.27364348,12,30/12/2021,Summer,2021,10,359.3553496,2
T55714,P00031,Laptop Stand,Accessories,40.04574671,10,17/03/2015,Spring,2015,0,400.4574671,3
T25711,P00023,Science Textbook,Books,28.18742165,18,15/05/2018,Winter,2018,15,431.2675512,4
T86875,P00051,Dress Shoes,Footwear,240.1240714,6,02/07/2015,Winter,2015,0,1440.744428,1
T24125,P00051,Gaming Mouse,Accessories,38.30900451,8,07/02/2017,Spring,2017,15,260.5012307,2
T20887,P00060,T-Shirt,Clothing,25.38783399,2,04/01/2017,Fall,2017,15,43.15931778,3
T88839,P00011,Raincoat,Clothing,74.46160869,1,03/04/2018,Fall,2018,20,59.56928695,3
T79363,P00038,Fiction Novel,Books,36.33849681,1,21/02/2018,Spring,2018,20,29.07079745,4
T63780,P00012,Cookbook,Books,24.7273398,9,08/10/2018,Fall,2018,15,189.1641495,4
T62974,P00027,Bluetooth Speaker,Electronics,79.70213764,14,20/01/2016,Fall,2016,5,1060.038431,2
T87727,P00015,Mechanical Keyboard,Electronics,60.46165737,17,11/10/2016,Winter,2016,5,976.4557665,4
T20779,P00008,Bluetooth Speaker,Electronics,11.35204068,15,02/08/2019,Spring,2019,5,161.7665797,3
T56761,P00030,Running Shoes,Footwear,122.2417881,2,08/07/2022,Fall,2022,20,195.586861,1
T76743,P00059,Hiking Boots,Footwear,163.9907548,3,04/09/2023,Winter,2023,20,393.5778115,3
T68165,P00025,Shorts,Clothing,63.83219922,9,09/06/2018,Summer,2018,5,545.7653033,3
T46432,P00030,Digital Camera,Electronics,58.02300454,11,29/09/2021,Fall,2021,5,606.3403974,4
T93890,P00053,Leather Loafers,Footwear,52.64617647,14,28/03/2017,Spring,2017,0,737.0464706,3
T35347,P00012,Smartwatch,Electronics,99.21662262,17,04/01/2022,Fall,2022,15,1433.680197,1
T82541,P00039,4K TV,Electronics,76.5037774,10,30/03/2020,Fall,2020,0,765.037774,2
T30700,P00035,Dish Drying Rack,Home Decor,84.37270086,14,05/06/2015,Spring,2015,20,944.9742496,3
T62047,P00058,Fiction Novel,Books,95.52260742,15,12/04/2023,Winter,2023,15,1217.913245,1
T56349,P00022,VR Headset,Electronics,45.61043429,10,06/03/2019,Winter,2019,5,433.2991258,3
T19030,P00023,E-Reader,Electronics,63.58045665,13,10/07/2015,Summer,2015,5,785.2186396,4
T93125,P00032,LED Desk Lamp,Home Decor,53.73084088,19,18/03/2015,Summer,2015,5,969.8416779,3
T77685,P00023,Children's Book,Books,30.8275384,17,11/12/2022,Spring,2022,20,419.2545222,2
T84930,P00042,Gaming Mouse,Accessories,77.57475626,15,05/04/2022,Spring,2022,5,1105.440277,3
T36484,P00029,Science Textbook,Books,13.0042633,10,03/03/2023,Summer,2023,15,110.5362381,1
T87780,P00022,VR Headset,Electronics,45.61043429,3,26/12/2023,Fall,2023,20,109.4650423,1
T43036,P00025,Laptop Stand,Accessories,61.45471904,12,22/12/2020,Winter,2020,15,626.8381342,2
T14428,P00045,Hoodie,Clothing,92.52518436,2,27/06/2019,Fall,2019,10,166.5453318,1
T41558,P00046,HD Webcam,Accessories,44.80437945,3,19/11/2021,Winter,2021,5,127.6924814,2
T42846,P00025,Cordless Vacuum,Home Decor,69.29985392,8,18/09/2019,Winter,2019,5,526.6788898,1
T67846,P00013,Travel Guide,Books,66.54600951,17,11/10/2022,Summer,2022,15,961.5898374,4
T12546,P00016,Portable Fan,Home Decor,91.25561156,15,23/12/2015,Winter,2015,10,1231.950756,2
T47152,P00009,Blender,Home Decor,92.56658125,18,22/09/2023,Summer,2023,5,1582.888539,1
T15937,P00053,Cordless Vacuum,Home Decor,88.01054001,8,30/01/2023,Spring,2023,10,633.6758881,3
T19991,P00046,Sweatpants,Clothing,40.03043294,15,17/01/2022,Fall,2022,15,510.38802,4
T76769,P00012,Smart Thermostat,Electronics,42.68721217,3,15/09/2015,Winter,2015,20,102.4493092,4
T12253,P00021,HD Webcam,Accessories,62.85878292,9,02/02/2021,Fall,2021,20,452.583237,2
T18101,P00012,Biography,Books,77.25720284,11,25/02/2015,Summer,2015,5,807.3377697,4
T50157,P00041,Self-Help Book,Books,75.87478496,14,24/12/2023,Winter,2023,10,956.0222905,3
T39353,P00051,Science Textbook,Books,42.10899234,1,07/09/2016,Spring,2016,0,42.10899234,1
T65042,P00059,Running Shoes,Footwear,32.3737944,11,02/12/2018,Fall,2018,10,320.5005646,2
T47197,P00043,Science Textbook,Books,49.4388353,15,22/10/2017,Summer,2017,0,741.5825295,4
T95777,P00002,E-Reader,Electronics,47.22655763,2,27/08/2022,Spring,2022,0,94.45311526,4
T41143,P00023,Laptop Stand,Accessories,56.39217121,7,09/08/2019,Winter,2019,0,394.7451985,1
T87859,P00008,Portable Fan,Home Decor,23.6116225,3,11/08/2020,Spring,2020,20,56.667894,1
T23332,P00002,Smartphone Case,Accessories,48.72570636,6,25/07/2019,Winter,2019,15,248.5011024,2
T85619,P00019,Cutting Board,Home Decor,56.04968776,18,14/04/2020,Summer,2020,10,908.0049417,4
T12218,P00046,Air Fryer,Home Decor,11.13578759,17,06/02/2020,Fall,2020,10,170.3775501,3
T85947,P00048,Shorts,Clothing,49.74398361,18,20/07/2019,Summer,2019,15,761.0829492,4
T62733,P00020,Fitness Tracker,Electronics,51.58196056,3,02/10/2020,Summer,2020,0,154.7458817,2
T37119,P00028,E-Reader,Electronics,61.53998531,5,12/10/2015,Fall,2015,15,261.5449376,1
T89466,P00026,Denim Jeans,Clothing,87.69481371,3,02/05/2018,Summer,2018,0,263.0844411,2
T97500,P00011,Cutting Board,Home Decor,55.50216866,7,08/02/2018,Spring,2018,10,349.6636626,3
T45665,P00017,Formal Suit,Clothing,184.6136565,15,22/05/2016,Fall,2016,20,2215.363878,4
T63728,P00040,Laptop Stand,Accessories,80.16776402,18,07/01/2017,Summer,2017,10,1298.717777,1
T83487,P00059,Monitor Arm,Electronics,94.79109824,16,27/09/2017,Summer,2017,5,1440.824693,1
T83473,P00033,Smart Thermostat,Electronics,86.70740737,11,16/03/2018,Summer,2018,20,763.0251849,1
T42755,P00019,Flip-Flops,Footwear,227.5534451,18,24/03/2022,Spring,2022,15,3481.56771,3
T36822,P00039,External Hard Drive,Accessories,14.60435628,6,21/02/2015,Summer,2015,0,87.62613768,4
T76948,P00048,Soundbar,Electronics,45.8707049,2,22/06/2021,Fall,2021,15,77.98019833,1
T67539,P00046,Fiction Novel,Books,66.54163833,3,29/07/2020,Spring,2020,20,159.699932,2
T44098,P00047,Science Textbook,Books,47.25185711,10,17/09/2022,Fall,2022,20,378.0148569,3
T17812,P00058,Microwave Oven,Home Decor,35.45396304,9,03/02/2017,Fall,2017,0,319.0856674,2
T94282,P00042,Cookbook,Books,35.30363531,1,13/12/2022,Spring,2022,15,30.00809001,1
T53688,P00047,Science Textbook,Books,47.25185711,16,24/02/2021,Summer,2021,0,756.0297138,1
T62083,P00020,VR Headset,Electronics,85.15849061,15,14/10/2017,Fall,2017,0,1277.377359,3
T49583,P00017,Smartphone Case,Accessories,43.41571808,4,03/10/2023,Fall,2023,0,173.6628723,1
T48011,P00060,E-Reader,Electronics,81.43818878,2,10/10/2023,Spring,2023,0,162.8763776,3
T57922,P00048,Raincoat,Clothing,107.4963326,15,22/07/2018,Spring,2018,10,1451.20049,4
T61012,P00042,Blender,Home Decor,90.0349938,1,04/03/2016,Spring,2016,15,76.52974473,4
T26665,P00039,Portable Fan,Home Decor,52.27767508,12,28/05/2022,Summer,2022,15,533.2322858,2
T27885,P00016,Digital Camera,Electronics,59.44107105,19,24/10/2020,Fall,2020,15,959.9732975,1
T59764,P00040,Science Textbook,Books,70.43057372,15,16/09/2021,Spring,2021,10,950.8127452,4
T40042,P00048,Children's Book,Books,67.74129871,16,21/03/2021,Winter,2021,20,867.0886235,4
T69887,P00003,Children's Book,Books,86.3143982,17,12/04/2018,Fall,2018,15,1247.243054,4
T40602,P00032,Smart Thermostat,Electronics,77.98492696,2,22/02/2018,Winter,2018,20,124.7758831,4
T85491,P00030,Casual Sneakers,Footwear,241.8698811,1,11/06/2018,Summer,2018,0,241.8698811,3
T42362,P00006,External Hard Drive,Accessories,19.35439863,16,26/04/2019,Fall,2019,15,263.2198214,4
T75592,P00023,Shorts,Clothing,79.71360829,2,09/05/2018,Spring,2018,10,143.4844949,1
T22889,P00041,HD Webcam,Accessories,31.84757842,13,14/03/2015,Spring,2015,0,414.0185195,2
T84231,P00035,Raincoat,Clothing,166.3508212,6,25/04/2020,Winter,2020,20,798.4839418,2
T39460,P00030,Children's Book,Books,18.24001545,10,22/06/2018,Spring,2018,0,182.4001545,3
T54023,P00050,Gaming Mouse,Accessories,69.33718846,2,09/12/2016,Winter,2016,10,124.8069392,4
T17308,P00047,Cutting Board,Home Decor,24.22380878,2,14/11/2016,Summer,2016,10,43.6028558,4
T56395,P00049,Denim Jeans,Clothing,129.0402758,6,17/07/2023,Fall,2023,0,774.2416548,1
T84332,P00025,HD Webcam,Accessories,96.60418135,7,17/10/2021,Fall,2021,5,642.417806,2
T71094,P00046,Formal Suit,Clothing,54.93371164,9,02/03/2023,Winter,2023,10,444.9630643,3
T39870,P00010,Wi-Fi Router,Electronics,30.79698604,11,27/05/2022,Spring,2022,10,304.8901618,1
T97188,P00046,Microwave Oven,Home Decor,28.99832245,5,22/11/2019,Summer,2019,20,115.9932898,4
T98693,P00014,Fiction Novel,Books,61.77366901,1,21/01/2022,Fall,2022,10,55.59630211,2
T10996,P00039,Soundbar,Electronics,70.10937447,10,12/04/2018,Fall,2018,20,560.8749958,1
T87459,P00050,Running Shoes,Footwear,294.9580537,17,26/05/2019,Winter,2019,20,4011.42953,3
T75936,P00006,Wireless Earbuds,Electronics,39.09880934,15,28/09/2019,Fall,2019,15,498.5098191,4
T27628,P00056,HD Webcam,Accessories,93.34384911,2,17/09/2023,Winter,2023,0,186.6876982,1
T28624,P00008,Gaming Mouse,Accessories,42.13274887,16,26/12/2017,Winter,2017,10,606.7115837,3
T90206,P00014,Hiking Boots,Footwear,92.20051011,4,12/05/2021,Fall,2021,20,295.0416324,3
T42614,P00010,Microwave Oven,Home Decor,93.66987397,13,14/10/2015,Summer,2015,0,1217.708362,1
T40859,P00008,USB Flash Drive,Accessories,52.22133171,7,19/11/2015,Winter,2015,5,347.2718559,3
T21514,P00012,Gaming Mouse,Accessories,76.75748245,6,25/03/2023,Summer,2023,15,391.4631605,1
T42215,P00047,Casual Sneakers,Footwear,225.9362768,5,20/08/2021,Summer,2021,15,960.2291764,4
T27166,P00016,Coffee Maker,Home Decor,24.25844345,12,09/02/2015,Fall,2015,5,276.5462553,1
T82994,P00019,Leather Loafers,Footwear,247.9204632,19,04/09/2020,Summer,2020,20,3768.391041,2
T29308,P00060,Dress Shoes,Footwear,165.9841546,19,19/05/2023,Summer,2023,10,2838.329044,4
T71609,P00043,Smart Thermostat,Electronics,74.38334857,16,12/09/2022,Summer,2022,20,952.1068617,3
T49371,P00040,Dress Shoes,Footwear,177.1845037,5,28/07/2018,Summer,2018,15,753.0341407,2
T87209,P00008,Children's Book,Books,15.11577556,3,23/01/2017,Summer,2017,0,45.34732668,2
T68800,P00014,Gaming Mouse,Accessories,87.5472961,11,28/03/2023,Winter,2023,15,818.5672185,4
T85796,P00049,Self-Help Book,Books,17.21729453,16,01/08/2018,Fall,2018,15,234.1552056,2
T79571,P00012,Smartphone Case,Accessories,41.0446094,15,25/07/2019,Spring,2019,5,584.8856839,2
T33092,P00042,Winter Jacket,Clothing,90.41472361,17,30/12/2022,Spring,2022,20,1229.640241,2
T90101,P00038,Fitness Tracker,Electronics,85.19832652,13,08/08/2017,Winter,2017,0,1107.578245,4
T56252,P00009,Wi-Fi Router,Electronics,76.50789363,12,15/12/2023,Fall,2023,20,734.4757788,3
T26535,P00017,Water Filter Pitcher,Home Decor,10.18101379,18,22/04/2023,Fall,2023,0,183.2582482,2
T10361,P00059,Cutting Board,Home Decor,85.01608898,4,19/11/2017,Fall,2017,5,323.0611381,3
T11868,P00046,Denim Jeans,Clothing,100.7807539,6,30/11/2017,Winter,2017,10,544.2160711,3
T86437,P00003,Casual Sneakers,Footwear,96.28775364,12,18/09/2019,Fall,2019,5,1097.680391,3
T32845,P00057,Dress Shoes,Footwear,141.9032702,10,07/06/2018,Winter,2018,20,1135.226162,4
T77045,P00037,Portable Fan,Home Decor,20.695365,3,10/10/2023,Fall,2023,5,58.98179025,2
T71878,P00014,Shorts,Clothing,196.4130722,10,01/02/2023,Fall,2023,20,1571.304578,1
T84561,P00029,Dress Shoes,Footwear,124.8735377,9,01/08/2022,Winter,2022,20,899.0894714,4
T88182,P00032,Portable Fan,Home Decor,63.58220018,4,23/12/2023,Fall,2023,5,241.6123607,2
T16303,P00035,Monitor Arm,Electronics,34.81931896,19,27/03/2018,Winter,2018,20,529.2536482,4
T43161,P00003,Mechanical Keyboard,Electronics,29.51323533,17,21/06/2022,Spring,2022,20,401.3800005,3
T31477,P00035,External Hard Drive,Accessories,86.7500809,12,12/01/2018,Fall,2018,0,1041.000971,3
T19460,P00025,Electric Kettle,Home Decor,17.80959539,6,19/12/2021,Fall,2021,20,85.48605787,2
T71168,P00030,Hoodie,Clothing,159.3132087,14,04/02/2022,Spring,2022,15,1895.827184,4
T90622,P00012,Flip-Flops,Footwear,152.8035851,18,24/07/2022,Spring,2022,15,2337.894852,4
T30121,P00053,Dish Drying Rack,Home Decor,98.99231727,13,24/10/2021,Fall,2021,15,1093.865106,1
T78232,P00042,Science Textbook,Books,22.10207975,15,22/04/2019,Winter,2019,0,331.5311963,3
T93549,P00034,Formal Suit,Clothing,149.1778674,2,01/01/2018,Spring,2018,10,268.5201613,3
T86438,P00003,Children's Book,Books,86.3143982,17,09/07/2019,Winter,2019,5,1393.977531,4
T66528,P00011,USB Flash Drive,Accessories,71.54624873,18,14/04/2021,Spring,2021,20,1030.265982,3
T20754,P00052,Smartphone Case,Accessories,21.41123609,12,12/01/2019,Summer,2019,20,205.5478665,3
T76428,P00025,Travel Guide,Books,13.85569216,18,08/11/2015,Fall,2015,20,199.5219671,3
T68985,P00004,Running Shoes,Footwear,240.4411329,2,09/03/2019,Fall,2019,20,384.7058126,3
T74574,P00006,Air Fryer,Home Decor,24.5010607,6,05/10/2016,Spring,2016,10,132.3057278,3
T64810,P00028,Mystery Novel,Books,91.33592821,7,25/10/2017,Fall,2017,15,543.4487728,2
T99525,P00010,Portable Fan,Home Decor,70.36262145,9,17/01/2022,Fall,2022,0,633.2635931,1
T83663,P00006,HD Webcam,Accessories,71.38744328,7,10/04/2017,Spring,2017,10,449.7408927,3
T43269,P00014,Digital Camera,Electronics,74.42089267,17,17/02/2015,Spring,2015,15,1075.381899,3
T72309,P00025,Laptop Stand,Accessories,43.71216462,6,02/11/2017,Fall,2017,10,236.0456889,1
T45699,P00048,Laptop Stand,Accessories,87.1289369,14,22/12/2016,Winter,2016,0,1219.805117,4
T69558,P00008,Science Textbook,Books,79.94292117,7,22/05/2015,Winter,2015,10,503.6404034,3
T42274,P00050,Shorts,Clothing,28.12346558,9,10/06/2023,Summer,2023,0,253.1111902,1
T50483,P00052,Hoodie,Clothing,186.7327272,4,28/01/2016,Winter,2016,15,634.8912725,1
T33427,P00053,Soundbar,Electronics,25.66606453,8,15/09/2019,Spring,2019,5,195.0620904,2
T37398,P00021,4K TV,Electronics,14.91184828,5,01/03/2015,Spring,2015,0,74.5592414,2
T91777,P00036,Hoodie,Clothing,36.42438941,14,17/04/2023,Winter,2023,10,458.9473066,3
T52317,P00007,LED Desk Lamp,Home Decor,82.4933524,12,06/09/2016,Summer,2016,0,989.9202288,3
T81893,P00035,Raincoat,Clothing,166.3508212,19,10/12/2017,Fall,2017,15,2686.565762,1
T87071,P00056,Hiking Boots,Footwear,200.4529719,12,21/04/2020,Spring,2020,5,2285.16388,2
T61077,P00041,Mystery Novel,Books,43.44238894,14,29/12/2023,Winter,2023,20,486.5547561,4
T61829,P00018,Wireless Earbuds,Electronics,31.52287203,18,07/09/2023,Fall,2023,20,453.9293572,1
T83408,P00054,Cordless Vacuum,Home Decor,33.46377751,14,08/06/2015,Spring,2015,0,468.4928851,3
T95782,P00027,Monitor Arm,Electronics,19.30065233,9,23/07/2016,Winter,2016,15,147.6499903,3
T55587,P00008,Cutting Board,Home Decor,59.92106729,15,23/03/2016,Fall,2016,15,763.9936079,2
T74457,P00026,Dress Shoes,Footwear,157.3457663,4,25/01/2021,Spring,2021,5,597.9139119,3
T53937,P00047,Casual Sneakers,Footwear,225.9362768,13,06/07/2019,Spring,2019,10,2643.454439,2
T41669,P00036,HD Webcam,Accessories,67.4990565,7,06/09/2020,Spring,2020,5,448.8687257,1
T36472,P00021,E-Reader,Electronics,15.77495963,4,05/03/2018,Spring,2018,20,50.47987082,2
T19262,P00006,4K TV,Electronics,47.3946801,10,10/08/2015,Summer,2015,10,426.5521209,3
T29351,P00030,4K TV,Electronics,73.97445281,15,08/09/2023,Winter,2023,0,1109.616792,3
T72453,P00037,Wi-Fi Router,Electronics,27.4888876,15,25/01/2019,Summer,2019,20,329.8666512,4
T48323,P00031,Running Shoes,Footwear,217.0822227,11,31/07/2018,Fall,2018,5,2268.509227,2
T63274,P00009,Sweatpants,Clothing,156.4994676,17,05/09/2020,Summer,2020,20,2128.392759,3
T48691,P00036,External Hard Drive,Accessories,48.21506747,15,14/12/2017,Winter,2017,5,687.0647114,3
T29347,P00019,Fitness Tracker,Electronics,62.43555263,19,02/05/2021,Winter,2021,5,1126.961725,3
T61028,P00007,Raincoat,Clothing,94.69431736,2,13/01/2017,Summer,2017,15,160.9803395,2
T28158,P00005,Children's Book,Books,59.09808489,6,30/07/2022,Summer,2022,5,336.8590839,2
T14403,P00036,Flip-Flops,Footwear,180.3113098,19,22/07/2017,Winter,2017,20,2740.731909,2
T29250,P00034,Wireless Earbuds,Electronics,59.92351669,16,08/01/2015,Fall,2015,10,862.8986403,3
T22509,P00029,Raincoat,Clothing,131.971572,2,04/03/2015,Fall,2015,0,263.943144,3
T64667,P00037,Fiction Novel,Books,39.67116164,11,30/09/2015,Summer,2015,15,370.9253613,2
T90088,P00028,Running Shoes,Footwear,90.08838214,9,26/05/2023,Fall,2023,0,810.7954393,2
T87782,P00032,Soundbar,Electronics,26.74810554,7,10/09/2023,Summer,2023,20,149.789391,1
T13914,P00037,Gaming Mouse,Accessories,76.25313745,12,14/11/2017,Spring,2017,0,915.0376494,4
T75273,P00005,Mystery Novel,Books,28.31981106,13,06/10/2018,Spring,2018,15,312.9339122,1
T73556,P00025,USB Flash Drive,Accessories,17.23032415,11,22/12/2021,Winter,2021,0,189.5335657,4
T61153,P00033,Toaster Oven,Home Decor,17.2196019,4,14/05/2016,Spring,2016,0,68.8784076,1
T27147,P00044,4K TV,Electronics,99.5196069,5,21/09/2021,Spring,2021,5,472.7181328,4
T59990,P00011,Flip-Flops,Footwear,92.91643319,6,31/01/2016,Spring,2016,20,445.9988793,3
T42710,P00050,Wireless Keyboard,Accessories,50.12991599,5,14/04/2018,Winter,2018,20,200.519664,2
T16712,P00028,Toaster Oven,Home Decor,38.84530543,16,26/11/2018,Winter,2018,10,559.3723982,4
T49818,P00029,Travel Guide,Books,42.48993277,4,15/12/2018,Summer,2018,20,135.9677849,1
T37702,P00046,Soundbar,Electronics,57.137891,1,12/02/2022,Summer,2022,20,45.7103128,4
T46620,P00050,Raincoat,Clothing,108.5738553,14,10/09/2018,Summer,2018,10,1368.030577,3
T81163,P00001,Flip-Flops,Footwear,145.7368966,14,22/11/2021,Winter,2021,0,2040.316552,2
T30686,P00045,Science Textbook,Books,40.23599867,17,22/12/2016,Summer,2016,5,649.8113785,1
T12035,P00004,Casual Sneakers,Footwear,205.4641939,4,15/08/2015,Fall,2015,0,821.8567756,1
T35323,P00017,Self-Help Book,Books,51.09460973,15,17/05/2018,Spring,2018,15,651.4562741,4
T94341,P00011,Portable Fan,Home Decor,91.00121711,1,16/05/2016,Winter,2016,5,86.45115625,3
T20031,P00048,Microwave Oven,Home Decor,97.96920982,3,27/12/2016,Spring,2016,10,264.5168665,2
T80035,P00025,Coffee Maker,Home Decor,82.04586812,14,07/07/2016,Summer,2016,20,918.9137229,3
T65998,P00014,Smartphone Case,Accessories,29.71714021,1,24/01/2021,Spring,2021,15,25.25956918,4
T34140,P00015,USB Flash Drive,Accessories,34.49395136,2,03/06/2019,Fall,2019,10,62.08911245,1
T79824,P00007,Running Shoes,Footwear,150.75651,7,04/01/2023,Winter,2023,0,1055.29557,4
T71397,P00031,Air Fryer,Home Decor,42.12950747,15,15/09/2019,Winter,2019,20,505.5540896,4
T30738,P00016,Hoodie,Clothing,100.8662326,15,13/07/2019,Winter,2019,5,1437.343815,2
T28787,P00055,Smartphone Case,Accessories,73.24655396,17,28/05/2022,Winter,2022,0,1245.191417,4
T48879,P00034,Raincoat,Clothing,118.6194527,13,18/09/2019,Summer,2019,5,1464.950241,4
T40161,P00026,Blender,Home Decor,36.56482708,5,13/01/2016,Summer,2016,5,173.6829286,3
T86383,P00009,Mystery Novel,Books,81.62011015,15,04/03/2015,Fall,2015,0,1224.301652,1
T36331,P00017,Travel Guide,Books,28.98249005,19,18/06/2023,Fall,2023,5,523.1339454,2
T70441,P00047,Hoodie,Clothing,88.87620409,18,02/09/2017,Fall,2017,10,1439.794506,1
T82709,P00052,VR Headset,Electronics,37.89758281,11,15/11/2015,Fall,2015,5,396.0297404,3
T45921,P00008,Sweatpants,Clothing,155.8681428,19,13/01/2015,Summer,2015,0,2961.494713,2
T76033,P00010,Cutting Board,Home Decor,15.37645652,6,26/01/2015,Fall,2015,5,87.64580216,4
T14183,P00021,Gaming Mouse,Accessories,82.58919471,7,27/12/2016,Spring,2016,0,578.124363,2
T25930,P00010,Mystery Novel,Books,31.91918913,11,17/08/2022,Winter,2022,0,351.1110804,2
T89661,P00044,Flip-Flops,Footwear,171.1391911,13,12/01/2023,Summer,2023,10,2002.328536,4
T88552,P00025,Raincoat,Clothing,51.06155616,13,23/06/2023,Summer,2023,15,564.2301956,2
T36650,P00057,HD Webcam,Accessories,25.71745426,12,24/04/2022,Fall,2022,5,293.1789786,2
T88225,P00041,Electric Kettle,Home Decor,64.68741952,16,20/08/2023,Fall,2023,0,1034.998712,3
T38181,P00041,Wireless Earbuds,Electronics,87.46477352,2,22/08/2015,Summer,2015,20,139.9436376,1
T32769,P00032,Children's Book,Books,78.63877804,3,25/07/2016,Winter,2016,10,212.3247007,2
T37069,P00017,Hiking Boots,Footwear,137.3509014,13,15/05/2015,Fall,2015,10,1607.005546,2
T56041,P00050,Gaming Mouse,Accessories,69.33718846,11,28/08/2015,Fall,2015,5,724.5736194,2
T91648,P00006,HD Webcam,Accessories,71.38744328,9,12/11/2019,Spring,2019,0,642.4869895,1
T55060,P00050,Bluetooth Speaker,Electronics,46.44572372,14,16/04/2015,Spring,2015,10,585.2161189,1
T25452,P00026,Electric Kettle,Home Decor,63.1122181,19,11/04/2022,Spring,2022,20,959.3057151,4
T51206,P00053,Portable Fan,Home Decor,74.33534781,11,14/03/2020,Spring,2020,5,776.8043846,3
T17660,P00022,Leather Loafers,Footwear,220.3197356,14,31/03/2018,Fall,2018,20,2467.581039,2
T63571,P00040,Shorts,Clothing,147.7612534,12,11/03/2022,Summer,2022,0,1773.135041,3
T93724,P00010,USB Flash Drive,Accessories,50.45795614,6,05/05/2021,Spring,2021,0,302.7477368,3
T28024,P00034,Science Textbook,Books,60.97204337,10,29/08/2023,Winter,2023,10,548.7483903,3
T98395,P00041,Mystery Novel,Books,43.44238894,3,15/11/2018,Winter,2018,20,104.2617335,3
T70843,P00059,E-Reader,Electronics,49.24511475,18,18/02/2019,Winter,2019,0,886.4120655,3
T96123,P00045,Laptop Stand,Accessories,73.2078691,6,30/07/2020,Winter,2020,20,351.3977717,4
T96638,P00042,Blender,Home Decor,90.0349938,4,10/12/2018,Spring,2018,5,342.1329764,4
T20165,P00029,LED Desk Lamp,Home Decor,98.94124269,4,10/07/2023,Spring,2023,5,375.9767222,1
T52751,P00001,Self-Help Book,Books,77.1305265,7,15/12/2021,Summer,2021,15,458.9266327,3
T11431,P00036,Coffee Maker,Home Decor,70.23937715,17,26/05/2019,Winter,2019,5,1134.365941,4
T69788,P00054,Flip-Flops,Footwear,170.7913381,4,24/03/2016,Fall,2016,0,683.1653524,2
T97163,P00039,Laptop Stand,Accessories,33.05952389,19,04/12/2017,Summer,2017,10,565.3178585,1
T49746,P00015,Science Textbook,Books,89.93447488,1,10/09/2016,Spring,2016,0,89.93447488,2
T81767,P00017,Formal Suit,Clothing,74.17234118,14,17/08/2021,Spring,2021,20,830.7302212,2
T78354,P00033,USB Flash Drive,Accessories,58.04305428,17,22/10/2020,Summer,2020,10,888.0587305,2
T25486,P00046,External Hard Drive,Accessories,82.25635807,1,05/06/2017,Winter,2017,0,82.25635807,4
T82861,P00035,4K TV,Electronics,20.47062009,19,18/12/2017,Spring,2017,20,311.1534254,1
T67931,P00029,USB Flash Drive,Accessories,72.58675262,19,15/10/2015,Spring,2015,0,1379.1483,2
T74316,P00046,Air Fryer,Home Decor,11.13578759,4,25/01/2018,Fall,2018,15,37.86167781,1
T87284,P00012,Fiction Novel,Books,14.79968134,3,13/12/2019,Summer,2019,20,35.51923522,1
T13992,P00053,Raincoat,Clothing,97.72499047,10,25/04/2016,Fall,2016,15,830.662419,1
T16059,P00015,Wireless Keyboard,Accessories,96.27199135,9,27/02/2019,Winter,2019,20,693.1583377,2
T99341,P00009,Cutting Board,Home Decor,24.56294461,6,20/12/2020,Summer,2020,15,125.2710175,2
T53809,P00028,T-Shirt,Clothing,128.6730543,11,11/08/2023,Summer,2023,10,1273.863238,3
T97011,P00030,Shorts,Clothing,194.8175945,12,09/07/2022,Fall,2022,0,2337.811134,1
T58224,P00049,Cutting Board,Home Decor,22.40903973,16,01/03/2021,Summer,2021,0,358.5446357,4
T32264,P00033,VR Headset,Electronics,12.48544515,12,15/04/2021,Summer,2021,10,134.8428076,1
T52998,P00035,Raincoat,Clothing,125.738088,4,13/01/2023,Spring,2023,20,402.3618816,4
T67691,P00012,Smartphone Case,Accessories,79.40322857,19,10/03/2017,Winter,2017,10,1357.795209,3
T92084,P00015,Flip-Flops,Footwear,280.9721048,17,08/09/2021,Winter,2021,10,4298.873203,3
T26971,P00056,Science Textbook,Books,35.01049581,15,12/05/2015,Winter,2015,20,420.1259497,3
T45589,P00030,LED Desk Lamp,Home Decor,15.27378723,15,10/05/2018,Summer,2018,15,194.7407872,2
T15928,P00035,Running Shoes,Footwear,245.2715374,2,24/08/2018,Fall,2018,15,416.9616136,3
T66178,P00052,Cookbook,Books,78.51823971,12,09/07/2018,Summer,2018,0,942.2188765,3
T58414,P00028,Denim Jeans,Clothing,38.95067287,8,04/09/2015,Winter,2015,10,280.4448447,1
T26265,P00032,LED Desk Lamp,Home Decor,49.08337842,15,05/08/2017,Summer,2017,5,699.4381425,4
T71975,P00033,Wireless Keyboard,Accessories,67.68533716,14,28/05/2023,Spring,2023,15,805.4555122,1
T53681,P00024,Water Filter Pitcher,Home Decor,33.02378229,10,22/02/2017,Spring,2017,20,264.1902583,2
T48384,P00008,Self-Help Book,Books,20.03589139,2,13/11/2018,Spring,2018,0,40.07178278,2
T48304,P00012,Winter Jacket,Clothing,155.9412896,4,30/03/2017,Spring,2017,10,561.3886426,3
T28892,P00038,Denim Jeans,Clothing,77.63075981,3,06/05/2019,Summer,2019,5,221.2476655,1
T56077,P00060,Sweatpants,Clothing,93.99792604,14,05/08/2016,Winter,2016,20,1052.776772,3
T47586,P00029,Smartwatch,Electronics,57.71474595,10,15/06/2021,Fall,2021,0,577.1474595,2
T10892,P00026,Science Textbook,Books,91.99191689,8,27/03/2016,Summer,2016,15,625.5450349,4
T63070,P00029,Running Shoes,Footwear,99.30630991,4,10/10/2019,Summer,2019,0,397.2252396,3
T12894,P00018,Shorts,Clothing,77.64051054,16,10/03/2020,Winter,2020,20,993.7985349,4
T29132,P00014,Raincoat,Clothing,149.5271394,7,22/01/2018,Winter,2018,15,889.6864794,2
T12107,P00005,Science Textbook,Books,48.37014149,11,27/10/2021,Fall,2021,5,505.4679786,1
T58892,P00056,Denim Jeans,Clothing,25.38062353,19,25/08/2018,Winter,2018,0,482.2318471,2
T96795,P00042,Travel Guide,Books,35.97940545,15,03/10/2022,Spring,2022,15,458.7374195,2
T84884,P00049,Cutting Board,Home Decor,22.40903973,15,13/04/2023,Spring,2023,15,285.7152566,4
T89943,P00004,Dress Shoes,Footwear,221.2973787,16,08/12/2023,Summer,2023,15,3009.64435,4
T81028,P00049,Coffee Maker,Home Decor,17.06665507,14,28/12/2016,Summer,2016,15,203.0931953,1
T56299,P00022,Cookbook,Books,72.40521078,1,25/03/2016,Fall,2016,0,72.40521078,2
T84559,P00033,Cordless Vacuum,Home Decor,69.67259924,16,02/04/2016,Spring,2016,15,947.5473497,4
T97030,P00056,Science Textbook,Books,35.01049581,13,16/06/2021,Winter,2021,15,386.8659787,3
T34948,P00057,Gaming Mouse,Accessories,46.95756688,5,04/12/2020,Summer,2020,10,211.309051,4
T10980,P00025,Hoodie,Clothing,173.6261333,10,04/03/2017,Spring,2017,5,1649.448266,2
T58707,P00001,Raincoat,Clothing,59.0182437,7,24/02/2019,Fall,2019,15,351.15855,1
T98457,P00034,Microwave Oven,Home Decor,31.01439505,10,15/12/2019,Spring,2019,0,310.1439505,4
T75581,P00048,Smartphone Case,Accessories,77.38417873,2,13/07/2019,Spring,2019,10,139.2915217,1
T19621,P00029,LED Desk Lamp,Home Decor,23.23270083,5,21/04/2018,Summer,2018,0,116.1635042,1
T41956,P00056,Dress Shoes,Footwear,213.1381668,18,29/01/2020,Summer,2020,20,3069.189602,1
T63412,P00013,Wireless Earbuds,Electronics,89.05396777,9,13/02/2022,Fall,2022,10,721.3371389,4
T25250,P00031,Dress Shoes,Footwear,115.5771597,12,28/10/2018,Spring,2018,15,1178.887029,3
T83952,P00040,Dish Drying Rack,Home Decor,94.96599843,12,25/10/2019,Fall,2019,5,1082.612382,4
T57821,P00036,Flip-Flops,Footwear,180.3113098,5,29/06/2022,Fall,2022,0,901.556549,3
T93175,P00050,Toaster Oven,Home Decor,15.6040878,3,15/07/2022,Summer,2022,10,42.13103706,3
T79977,P00048,Running Shoes,Footwear,221.9379989,10,29/10/2015,Fall,2015,0,2219.379989,3
T65736,P00034,Denim Jeans,Clothing,181.5698798,18,24/08/2015,Fall,2015,0,3268.257836,2
T36074,P00014,Hiking Boots,Footwear,229.4310974,17,19/01/2023,Fall,2023,20,3120.262925,3
T53266,P00017,Coffee Maker,Home Decor,23.94079169,1,27/08/2016,Spring,2016,0,23.94079169,2
T25485,P00050,Monitor Arm,Electronics,42.61299237,12,18/10/2015,Fall,2015,10,460.2203176,4
T35062,P00008,Fitness Tracker,Electronics,49.2231557,11,21/03/2021,Summer,2021,5,514.3819771,2
T11589,P00008,HD Webcam,Accessories,30.52789915,17,02/03/2020,Fall,2020,10,467.076857,2
T68259,P00028,Gaming Mouse,Accessories,44.46526678,6,24/12/2022,Summer,2022,10,240.1124406,1
T73402,P00028,Winter Jacket,Clothing,119.7564106,17,09/09/2016,Fall,2016,10,1832.273082,3
T89311,P00037,Water Filter Pitcher,Home Decor,18.4226807,6,29/07/2018,Summer,2018,20,88.42886736,3
T36297,P00036,Denim Jeans,Clothing,124.8585267,14,21/02/2018,Winter,2018,20,1398.415499,4
T19967,P00034,Microwave Oven,Home Decor,31.01439505,19,15/12/2017,Spring,2017,10,530.3461554,2
T36696,P00024,Laptop Stand,Accessories,84.04921914,8,18/05/2023,Fall,2023,15,571.5346902,4
T99002,P00046,Winter Jacket,Clothing,41.60665736,15,13/07/2016,Summer,2016,0,624.0998604,4
T72201,P00038,Hiking Boots,Footwear,69.09734579,8,10/08/2023,Spring,2023,0,552.7787663,2
T61219,P00002,Cutting Board,Home Decor,69.41694501,13,08/07/2019,Fall,2019,0,902.4202851,4
T22464,P00057,Monitor Arm,Electronics,57.70221731,12,07/07/2016,Fall,2016,5,657.8052773,2
T73805,P00009,Formal Suit,Clothing,72.18984407,5,12/11/2023,Fall,2023,10,324.8542983,1
T62089,P00054,Sweatpants,Clothing,33.37533564,16,25/01/2020,Summer,2020,15,453.9045647,3
T97592,P00013,Casual Sneakers,Footwear,43.5099443,8,25/09/2019,Fall,2019,15,295.8676212,1
T75373,P00031,LED Desk Lamp,Home Decor,54.66673825,11,16/05/2021,Winter,2021,5,571.2674147,3
T28601,P00005,Soundbar,Electronics,39.61879831,12,05/11/2020,Fall,2020,5,451.6543007,2
T60214,P00020,Running Shoes,Footwear,89.45687056,9,07/10/2017,Spring,2017,5,764.8562433,3
T35686,P00025,Winter Jacket,Clothing,146.9448946,16,09/05/2017,Spring,2017,0,2351.118314,1
T45063,P00018,Winter Jacket,Clothing,51.19483311,13,20/04/2017,Summer,2017,20,532.4262643,2
T54881,P00037,4K TV,Electronics,18.03576264,1,30/10/2015,Winter,2015,15,15.33039824,1
T30249,P00047,Mechanical Keyboard,Electronics,71.18873328,14,24/05/2019,Summer,2019,5,946.8101526,2
T37352,P00044,Dress Shoes,Footwear,172.9037206,6,20/11/2017,Spring,2017,15,881.8089751,2
T34673,P00017,Travel Guide,Books,20.94249764,18,30/04/2017,Spring,2017,15,320.4202139,3
T59702,P00003,Digital Camera,Electronics,31.74741533,5,07/02/2015,Winter,2015,15,134.9265152,4
T75087,P00038,Hiking Boots,Footwear,179.3448007,12,31/07/2016,Summer,2016,0,2152.137608,4
T14972,P00013,Coffee Maker,Home Decor,86.70779469,17,30/11/2018,Fall,2018,0,1474.03251,2
T61695,P00056,Self-Help Book,Books,91.79872986,3,20/06/2016,Fall,2016,10,247.8565706,3
T68929,P00002,Raincoat,Clothing,166.9320203,4,29/04/2016,Summer,2016,15,567.568869,4
T54328,P00050,Sweatpants,Clothing,30.66842914,7,18/02/2016,Spring,2016,20,171.7432032,2
T83040,P00010,Mystery Novel,Books,31.91918913,17,23/04/2020,Spring,2020,15,461.2322829,3
T27959,P00006,External Hard Drive,Accessories,19.35439863,16,20/08/2019,Winter,2019,0,309.6703781,2
T30734,P00019,Smartwatch,Electronics,13.58862601,1,16/05/2020,Fall,2020,15,11.55033211,3
T89487,P00015,Biography,Books,22.3346834,5,05/10/2018,Fall,2018,0,111.673417,2
T35671,P00010,Gaming Mouse,Accessories,50.72566028,4,20/12/2021,Winter,2021,15,172.467245,2
T16214,P00030,Microwave Oven,Home Decor,70.28487571,18,07/02/2021,Winter,2021,15,1075.358598,1
T33915,P00011,HD Webcam,Accessories,95.16852511,7,11/09/2023,Fall,2023,15,566.2527244,2
T50025,P00007,HD Webcam,Accessories,78.31498687,4,25/02/2018,Summer,2018,20,250.607958,4
T44709,P00002,Hiking Boots,Footwear,36.34836571,13,24/09/2022,Spring,2022,0,472.5287542,1
T59627,P00038,Dish Drying Rack,Home Decor,84.72024876,9,30/11/2015,Winter,2015,5,724.3581269,4
T75262,P00015,Science Textbook,Books,89.93447488,7,05/04/2016,Summer,2016,20,503.6330593,3
T89685,P00003,Portable Fan,Home Decor,13.63023888,18,09/11/2016,Winter,2016,15,208.5426549,2
T99601,P00049,Formal Suit,Clothing,143.6523607,8,07/06/2017,Fall,2017,10,1034.296997,2
T51963,P00017,Smartphone Case,Accessories,43.41571808,11,27/05/2019,Winter,2019,15,405.936964,1
T70200,P00043,Running Shoes,Footwear,107.5500557,11,03/09/2021,Summer,2021,20,946.4404902,2
T44166,P00015,Dress Shoes,Footwear,225.8525731,7,22/04/2016,Spring,2016,10,1422.871211,1
T69428,P00011,HD Webcam,Accessories,46.59108174,15,22/10/2018,Spring,2018,20,559.0929809,1
T78600,P00046,Cookbook,Books,89.65547886,1,13/10/2018,Spring,2018,10,80.68993097,4
T94928,P00006,Soundbar,Electronics,78.95553304,11,06/11/2015,Winter,2015,5,825.0853203,2
T61216,P00057,Mystery Novel,Books,58.30195707,2,20/06/2020,Fall,2020,15,99.11332702,3
T34809,P00039,USB Flash Drive,Accessories,25.97015327,2,19/10/2018,Spring,2018,20,41.55224523,3
T23989,P00044,Running Shoes,Footwear,57.36834213,8,14/06/2019,Spring,2019,20,367.1573896,3
T72232,P00026,Blender,Home Decor,36.56482708,2,11/10/2017,Winter,2017,5,69.47317145,2
T64200,P00017,Smartphone Case,Accessories,43.41571808,15,06/10/2022,Spring,2022,20,520.988617,1
T84506,P00015,Laptop Stand,Accessories,61.53706981,7,21/04/2018,Summer,2018,10,387.6835398,3
T91108,P00033,Hoodie,Clothing,118.9415793,15,20/06/2017,Winter,2017,10,1605.711321,4
T94978,P00050,External Hard Drive,Accessories,65.21958193,11,15/10/2017,Winter,2017,10,645.6738611,3
T17880,P00051,Smartphone Case,Accessories,79.04830456,1,30/03/2017,Winter,2017,20,63.23864365,2
T37109,P00060,Laptop Stand,Accessories,84.78127031,17,15/03/2022,Winter,2022,10,1297.153436,2
T73659,P00040,Casual Sneakers,Footwear,268.6223966,19,23/04/2019,Spring,2019,5,4848.634259,2
T32055,P00050,LED Desk Lamp,Home Decor,38.71627794,13,06/09/2018,Summer,2018,10,452.9804519,1
T43795,P00030,Raincoat,Clothing,27.65593972,16,16/01/2016,Winter,2016,5,420.3702837,4
T55318,P00011,Toaster Oven,Home Decor,42.78964463,6,08/08/2017,Winter,2017,5,243.9009744,3
T46158,P00024,Fitness Tracker,Electronics,94.53657463,17,01/09/2021,Winter,2021,15,1366.053503,4
T46520,P00039,Winter Jacket,Clothing,135.815343,11,19/10/2021,Spring,2021,5,1419.270334,4
T88550,P00052,Smart Thermostat,Electronics,18.34694156,19,13/08/2021,Winter,2021,15,296.3031062,4
T75250,P00032,Gaming Mouse,Accessories,81.09789221,11,20/08/2016,Winter,2016,20,713.6614514,2
T64331,P00060,Winter Jacket,Clothing,153.5924769,3,07/04/2017,Winter,2017,0,460.7774307,2
T24328,P00032,Soundbar,Electronics,26.74810554,18,23/10/2022,Winter,2022,0,481.4658997,4
T62235,P00034,Science Textbook,Books,60.97204337,6,21/08/2016,Winter,2016,10,329.2490342,4
T63644,P00051,Smartphone Case,Accessories,79.04830456,7,05/01/2021,Summer,2021,0,553.3381319,4
T49310,P00060,Hoodie,Clothing,137.1122103,4,08/03/2018,Winter,2018,5,521.0263991,1
T54939,P00015,Microwave Oven,Home Decor,95.59386752,17,18/08/2015,Summer,2015,5,1543.84096,4
T93423,P00038,External Hard Drive,Accessories,70.0890794,19,30/10/2018,Winter,2018,20,1065.354007,2
T11696,P00041,Hiking Boots,Footwear,28.16827831,17,14/02/2020,Winter,2020,15,407.0316216,3
T36760,P00048,Winter Jacket,Clothing,28.68050763,18,10/03/2019,Winter,2019,15,438.8117667,4
T15984,P00056,Laptop Stand,Accessories,19.83395002,9,27/12/2016,Spring,2016,5,169.5802727,1
T11999,P00021,Wireless Keyboard,Accessories,23.27235444,9,26/03/2016,Summer,2016,5,198.9786305,4
T16392,P00038,Casual Sneakers,Footwear,100.7879696,19,02/04/2015,Summer,2015,15,1627.725709,3
T47513,P00051,Sweatpants,Clothing,56.15254104,10,19/12/2015,Fall,2015,0,561.5254104,3
T12160,P00037,Cookbook,Books,76.98744691,18,05/06/2018,Spring,2018,20,1108.619236,4
T83786,P00012,Cordless Vacuum,Home Decor,36.59579695,4,18/10/2023,Summer,2023,15,124.4257096,1
T64365,P00044,USB Flash Drive,Accessories,20.34574456,19,01/05/2022,Spring,2022,10,347.912232,4
T34378,P00018,Toaster Oven,Home Decor,25.25199267,2,24/02/2021,Spring,2021,20,40.40318827,4
T22493,P00052,USB Flash Drive,Accessories,72.3810891,14,29/06/2017,Winter,2017,10,912.0017227,2
T77263,P00012,HD Webcam,Accessories,67.25303276,6,19/10/2021,Spring,2021,5,383.3422867,3
T50381,P00028,Coffee Maker,Home Decor,37.36671299,15,28/02/2018,Summer,2018,0,560.5006949,1
T57423,P00048,Science Textbook,Books,79.61524926,12,04/05/2015,Summer,2015,15,812.0755425,4
T39501,P00049,Leather Loafers,Footwear,206.9178025,14,25/07/2017,Winter,2017,5,2752.006773,1
T33054,P00034,4K TV,Electronics,68.37073317,16,05/01/2017,Summer,2017,10,984.5385576,3
T41273,P00039,Winter Jacket,Clothing,135.815343,4,22/06/2017,Winter,2017,20,434.6090976,4
T36864,P00008,Smartwatch,Electronics,92.80463562,7,20/11/2019,Summer,2019,15,552.1875819,1
T62624,P00032,Smartphone Case,Accessories,51.32556475,18,06/02/2019,Winter,2019,5,877.6671572,4
T10150,P00025,Laptop Stand,Accessories,61.45471904,3,04/07/2022,Winter,2022,15,156.7095336,3
T42437,P00001,Flip-Flops,Footwear,65.87532781,8,20/10/2021,Winter,2021,15,447.9522291,1
T55031,P00046,Microwave Oven,Home Decor,17.65253947,2,21/04/2015,Fall,2015,0,35.30507894,2
T39624,P00051,Winter Jacket,Clothing,165.8189775,9,10/02/2017,Fall,2017,10,1343.133718,4
T45002,P00057,HD Webcam,Accessories,67.23074055,5,14/11/2015,Winter,2015,20,268.9229622,3
T56768,P00018,Hiking Boots,Footwear,186.9915314,6,18/07/2022,Summer,2022,10,1009.75427,3
T95962,P00033,LED Desk Lamp,Home Decor,16.93290233,14,23/03/2021,Summer,2021,5,225.207601,4
T43333,P00013,Cookbook,Books,93.30972187,13,17/08/2016,Winter,2016,15,1031.072427,2
T77928,P00039,Blender,Home Decor,62.35975538,13,20/10/2018,Spring,2018,0,810.6768199,3
T55508,P00008,T-Shirt,Clothing,15.33854022,5,02/05/2018,Spring,2018,0,76.6927011,3
T58074,P00012,Denim Jeans,Clothing,34.62939831,5,28/03/2017,Fall,2017,5,164.489642,3
T39044,P00022,Digital Camera,Electronics,28.98012744,14,26/07/2020,Winter,2020,20,324.5774273,1
T94166,P00028,Denim Jeans,Clothing,38.95067287,12,30/05/2021,Summer,2021,0,467.4080744,3
T67713,P00058,Electric Kettle,Home Decor,50.11532969,2,23/04/2023,Spring,2023,15,85.19606047,2
T59055,P00052,Dish Drying Rack,Home Decor,78.01373141,12,18/06/2017,Winter,2017,10,842.5482992,4
T83294,P00026,Smartphone Case,Accessories,60.52100031,5,22/07/2018,Spring,2018,5,287.4747515,2
T90863,P00034,Leather Loafers,Footwear,44.18220846,12,22/02/2016,Spring,2016,0,530.1865015,1
T83290,P00034,Cutting Board,Home Decor,34.17518735,5,24/12/2019,Summer,2019,0,170.8759368,3
T21923,P00006,Sweatpants,Clothing,178.6454029,7,21/11/2018,Fall,2018,0,1250.51782,1
T14239,P00055,Cookbook,Books,83.42164681,2,22/03/2019,Fall,2019,20,133.4746349,3
T15065,P00047,Monitor Arm,Electronics,13.56988687,4,05/10/2018,Summer,2018,0,54.27954748,3
T22178,P00021,Hiking Boots,Footwear,171.20718,7,28/09/2023,Winter,2023,0,1198.45026,3
T35293,P00002,External Hard Drive,Accessories,91.2590201,17,12/08/2018,Fall,2018,15,1318.69284,1
T64489,P00038,Casual Sneakers,Footwear,244.7119409,18,16/08/2019,Fall,2019,0,4404.814936,2
T84340,P00041,Self-Help Book,Books,75.87478496,8,23/02/2015,Fall,2015,15,515.9485377,2
T97218,P00006,Sweatpants,Clothing,183.6616206,12,12/08/2016,Fall,2016,10,1983.545502,4
T79447,P00043,Water Filter Pitcher,Home Decor,74.89452264,19,15/09/2016,Fall,2016,10,1280.696337,3
T49155,P00056,Smart Thermostat,Electronics,33.62821259,18,23/07/2018,Fall,2018,20,484.2462613,2
T23917,P00032,Laptop Stand,Accessories,14.48644552,11,18/08/2021,Winter,2021,15,135.4482656,1
T52418,P00049,Denim Jeans,Clothing,129.0402758,17,21/06/2015,Winter,2015,5,2084.000454,3
T56268,P00059,Wireless Keyboard,Accessories,89.88924956,10,11/06/2016,Spring,2016,20,719.1139965,3
T24705,P00051,Gaming Mouse,Accessories,68.14632333,11,22/03/2020,Spring,2020,15,637.1681231,2
T65715,P00024,Children's Book,Books,89.32580673,6,19/07/2018,Winter,2018,0,535.9548404,3
T62689,P00006,Travel Guide,Books,72.3170763,7,24/10/2021,Spring,2021,15,430.286604,3
T28667,P00053,Water Filter Pitcher,Home Decor,18.44445759,14,18/12/2021,Fall,2021,0,258.2224063,1
T66860,P00060,Self-Help Book,Books,64.13411221,10,25/10/2019,Fall,2019,15,545.1399538,4
T35316,P00053,Coffee Maker,Home Decor,90.23669345,13,04/05/2017,Summer,2017,5,1114.423164,4
T63421,P00035,Cordless Vacuum,Home Decor,46.17965236,13,23/05/2015,Fall,2015,10,540.3019326,4
T53359,P00028,Hiking Boots,Footwear,53.47184648,14,04/03/2021,Winter,2021,20,598.8846806,3
T99961,P00033,Wireless Earbuds,Electronics,22.33899521,4,29/09/2021,Spring,2021,10,80.42038276,2
T21329,P00017,Laptop Stand,Accessories,44.58962996,3,12/11/2023,Fall,2023,10,120.3920009,2
T68147,P00010,Cutting Board,Home Decor,15.37645652,15,03/07/2019,Summer,2019,10,207.582163,2
T71021,P00015,T-Shirt,Clothing,63.68488215,16,19/09/2016,Fall,2016,20,815.1664915,3
T47999,P00054,LED Desk Lamp,Home Decor,90.71913656,14,26/09/2019,Winter,2019,15,1079.557725,2
T62855,P00052,Dish Drying Rack,Home Decor,78.01373141,17,26/02/2022,Winter,2022,15,1127.298419,2
T63498,P00016,Cordless Vacuum,Home Decor,98.70948617,2,05/01/2016,Spring,2016,5,187.5480237,1
T93797,P00029,Science Textbook,Books,13.54234516,8,03/01/2017,Winter,2017,15,92.08794709,1
T81005,P00031,Laptop Stand,Accessories,40.04574671,3,14/05/2015,Spring,2015,0,120.1372401,2
T48238,P00010,Self-Help Book,Books,79.38240814,9,08/05/2023,Fall,2023,10,642.9975059,4
T88124,P00020,Coffee Maker,Home Decor,85.94730892,10,01/09/2015,Summer,2015,0,859.4730892,3
T29980,P00052,USB Flash Drive,Accessories,96.13506668,17,22/09/2019,Spring,2019,0,1634.296134,1
T39819,P00009,External Hard Drive,Accessories,25.01312562,17,03/05/2019,Spring,2019,15,361.4396652,3
T35169,P00047,HD Webcam,Accessories,78.84453866,1,25/03/2017,Fall,2017,20,63.07563093,4
T40247,P00044,4K TV,Electronics,99.5196069,11,24/06/2021,Summer,2021,5,1039.979892,1
T59113,P00031,Formal Suit,Clothing,100.8203938,16,28/04/2018,Summer,2018,5,1532.469986,1
T73952,P00019,Soundbar,Electronics,48.32036885,12,12/08/2021,Summer,2021,0,579.8444262,3
T12437,P00015,Sweatpants,Clothing,178.6988958,6,14/01/2018,Summer,2018,15,911.3643686,4
T70570,P00001,Children's Book,Books,99.97253482,6,15/09/2016,Spring,2016,15,509.8599276,2
T16233,P00023,Flip-Flops,Footwear,258.1430998,4,03/08/2017,Summer,2017,0,1032.572399,4
T54778,P00046,Sweatpants,Clothing,40.03043294,18,08/12/2017,Summer,2017,15,612.465624,1
T34504,P00060,Laptop Stand,Accessories,22.60612049,6,01/02/2018,Fall,2018,20,108.5093784,4
T75720,P00020,Mystery Novel,Books,53.08479096,16,18/08/2015,Summer,2015,20,679.4853243,3
T17674,P00034,Running Shoes,Footwear,89.6813731,9,17/10/2017,Summer,2017,10,726.4191221,4
T89484,P00001,Mechanical Keyboard,Electronics,80.36681855,15,11/04/2015,Fall,2015,20,964.4018226,4
T38912,P00010,Laptop Stand,Accessories,96.98179936,9,14/03/2019,Summer,2019,0,872.8361942,3
T86621,P00027,Toaster Oven,Home Decor,63.31955051,15,29/05/2022,Winter,2022,15,807.324269,3
T66959,P00012,Raincoat,Clothing,56.54548189,16,27/12/2017,Winter,2017,0,904.7277102,4
T88875,P00040,HD Webcam,Accessories,92.14824088,8,10/10/2018,Summer,2018,20,589.7487416,3
T33591,P00050,LED Desk Lamp,Home Decor,38.71627794,14,03/09/2015,Winter,2015,0,542.0278912,1
T20328,P00001,Biography,Books,42.85763898,6,05/05/2022,Winter,2022,15,218.5739588,4
T23072,P00035,Casual Sneakers,Footwear,99.73119135,14,25/02/2021,Fall,2021,10,1256.613011,1
T31984,P00021,Hiking Boots,Footwear,171.20718,7,23/11/2018,Fall,2018,10,1078.605234,4
T43991,P00011,Cutting Board,Home Decor,91.45896591,13,04/12/2016,Winter,2016,15,1010.621573,2
T43514,P00017,Monitor Arm,Electronics,81.77631036,7,18/09/2021,Fall,2021,20,457.947338,3
T80943,P00013,Leather Loafers,Footwear,189.8888071,5,26/08/2017,Summer,2017,0,949.4440355,2
T42385,P00047,Cutting Board,Home Decor,24.22380878,19,29/04/2017,Winter,2017,20,368.2018935,1
T98264,P00054,Winter Jacket,Clothing,107.3139186,1,17/02/2023,Fall,2023,5,101.9482227,1
T45074,P00015,T-Shirt,Clothing,63.68488215,5,13/03/2023,Winter,2023,0,318.4244108,1
T77151,P00026,Gaming Mouse,Accessories,63.67066886,11,05/10/2023,Fall,2023,20,560.301886,3
T53345,P00019,Children's Book,Books,44.86283533,7,11/11/2020,Fall,2020,20,251.2318778,4
T13445,P00044,Mechanical Keyboard,Electronics,23.7776337,1,11/05/2020,Spring,2020,10,21.39987033,2
T74110,P00039,Smartwatch,Electronics,56.56088853,16,30/06/2019,Fall,2019,10,814.4767948,2
T56122,P00032,LED Desk Lamp,Home Decor,53.73084088,5,04/01/2023,Fall,2023,20,214.9233635,2
T22413,P00058,Wireless Keyboard,Accessories,68.51613,2,29/03/2021,Summer,2021,5,130.180647,2
T60402,P00018,Cutting Board,Home Decor,16.7714657,8,25/04/2023,Summer,2023,0,134.1717256,3
T26590,P00048,Gaming Mouse,Accessories,87.22701311,7,23/05/2017,Summer,2017,10,549.5301826,2
T95811,P00012,4K TV,Electronics,24.68178235,14,19/04/2020,Summer,2020,10,310.9904576,3
T48813,P00008,HD Webcam,Accessories,30.52789915,3,07/04/2019,Winter,2019,20,73.26695796,4
T97807,P00044,Monitor Arm,Electronics,63.93149726,19,15/03/2020,Summer,2020,10,1093.228603,4
T70467,P00002,External Hard Drive,Accessories,71.31864736,16,06/04/2019,Winter,2019,15,969.9336041,3
T89099,P00029,Travel Guide,Books,39.96125242,10,10/07/2023,Winter,2023,0,399.6125242,2
T21963,P00009,Flip-Flops,Footwear,182.7619506,11,27/10/2023,Spring,2023,5,1909.862384,1
T54339,P00039,Smartwatch,Electronics,56.56088853,4,02/04/2020,Fall,2020,15,192.307021,4
T95773,P00001,Microwave Oven,Home Decor,72.33695345,3,18/11/2019,Fall,2019,0,217.0108603,1
T99175,P00036,External Hard Drive,Accessories,48.21506747,15,10/08/2023,Fall,2023,15,614.7421102,3
T69914,P00002,Raincoat,Clothing,138.258341,16,03/04/2020,Spring,2020,10,1990.92011,2
T22299,P00016,Water Filter Pitcher,Home Decor,34.92678528,17,16/08/2018,Summer,2018,15,504.6920473,2
T98463,P00002,Raincoat,Clothing,74.70620204,6,30/03/2018,Winter,2018,5,425.8253516,1
T95673,P00027,Laptop Stand,Accessories,62.82625916,17,02/04/2017,Summer,2017,20,854.4371246,3
T62020,P00010,Gaming Mouse,Accessories,50.72566028,6,08/04/2021,Winter,2021,15,258.7008674,4
T19099,P00005,Dish Drying Rack,Home Decor,38.61666351,18,16/12/2016,Fall,2016,20,556.0799545,1
T23116,P00024,Children's Book,Books,89.32580673,3,02/02/2020,Winter,2020,5,254.5785492,4
T30612,P00026,Digital Camera,Electronics,92.22472215,1,21/02/2023,Summer,2023,10,83.00224994,1
T65834,P00040,Dress Shoes,Footwear,177.1845037,2,09/09/2019,Summer,2019,20,283.4952059,3
T88400,P00016,Flip-Flops,Footwear,32.86203273,9,23/08/2017,Winter,2017,15,251.3945504,4
T95511,P00053,Soundbar,Electronics,25.66606453,4,16/07/2023,Winter,2023,5,97.53104521,1
T84602,P00026,Casual Sneakers,Footwear,261.0423488,4,09/02/2022,Fall,2022,20,835.3355162,2
T22224,P00012,Smart Thermostat,Electronics,42.68721217,15,27/05/2020,Summer,2020,10,576.2773643,2
T62112,P00026,Hoodie,Clothing,117.0335105,9,21/11/2015,Spring,2015,20,842.6412756,1
T58461,P00019,Soundbar,Electronics,48.32036885,4,07/01/2020,Spring,2020,0,193.2814754,2
T72492,P00059,Portable Fan,Home Decor,17.78792759,11,08/11/2015,Fall,2015,0,195.6672035,1
T22718,P00045,Winter Jacket,Clothing,192.0505694,5,17/09/2018,Fall,2018,10,864.2275623,2
T11846,P00026,Formal Suit,Clothing,154.3027232,1,04/03/2020,Fall,2020,10,138.8724509,3
T27143,P00050,Water Filter Pitcher,Home Decor,64.06422793,1,03/11/2018,Fall,2018,0,64.06422793,3
T88689,P00029,Running Shoes,Footwear,297.4450409,14,05/12/2017,Summer,2017,10,3747.807515,1
T95991,P00010,Gaming Mouse,Accessories,50.72566028,3,01/11/2022,Summer,2022,20,121.7415847,3
T12403,P00004,4K TV,Electronics,69.46618309,19,09/10/2020,Summer,2020,15,1121.878857,2
T19383,P00025,Leather Loafers,Footwear,163.4721378,5,20/10/2018,Spring,2018,0,817.360689,4
T96939,P00057,Running Shoes,Footwear,253.9831362,8,28/02/2016,Spring,2016,10,1828.678581,3
T87519,P00058,Portable Fan,Home Decor,69.18552544,12,20/08/2015,Summer,2015,5,788.71499,1
T49666,P00033,USB Flash Drive,Accessories,58.04305428,18,15/07/2015,Summer,2015,0,1044.774977,3
T65160,P00052,Laptop Stand,Accessories,63.19427994,17,03/01/2020,Fall,2020,15,913.1573451,4
T23106,P00051,LED Desk Lamp,Home Decor,14.66209301,11,25/01/2022,Winter,2022,20,129.0264185,1
T13630,P00019,Cutting Board,Home Decor,56.04968776,9,02/10/2023,Fall,2023,0,504.4471898,4
T28102,P00017,Cookbook,Books,30.05204837,6,18/12/2019,Fall,2019,15,153.2654467,1
T52321,P00030,Microwave Oven,Home Decor,70.28487571,3,17/04/2016,Winter,2016,20,168.6837017,2
T29607,P00033,Digital Camera,Electronics,29.32468548,10,23/04/2019,Summer,2019,20,234.5974838,3
T50070,P00004,Cordless Vacuum,Home Decor,83.70670312,1,27/01/2018,Summer,2018,0,83.70670312,4
T66006,P00005,Wireless Keyboard,Accessories,11.62149829,18,12/01/2021,Fall,2021,20,167.3495754,4
T21634,P00001,Denim Jeans,Clothing,158.1095944,15,02/11/2021,Spring,2021,15,2015.897329,3
T44086,P00048,Air Fryer,Home Decor,11.97844361,16,02/05/2023,Spring,2023,0,191.6550978,1
T76916,P00037,Toaster Oven,Home Decor,21.81613547,15,25/04/2021,Winter,2021,20,261.7936256,1
T11834,P00032,Children's Book,Books,66.73910761,5,24/12/2021,Fall,2021,15,283.6412073,4
T80666,P00017,Monitor Arm,Electronics,81.77631036,18,26/07/2019,Spring,2019,0,1471.973586,4
T25304,P00028,Toaster Oven,Home Decor,38.84530543,16,19/01/2015,Winter,2015,20,497.2199095,1
T54564,P00021,HD Webcam,Accessories,90.24159529,17,27/06/2015,Summer,2015,15,1303.991052,4
T82007,P00040,Dish Drying Rack,Home Decor,94.96599843,18,27/08/2015,Spring,2015,10,1538.449175,4
T71569,P00055,Dish Drying Rack,Home Decor,22.26009467,14,04/06/2016,Winter,2016,20,249.3130603,1
T70443,P00028,Wireless Earbuds,Electronics,26.36399452,19,30/12/2023,Summer,2023,10,450.8243063,1
T86984,P00013,Travel Guide,Books,49.19138963,1,05/11/2022,Spring,2022,0,49.19138963,1
T89830,P00007,Leather Loafers,Footwear,256.7987536,12,31/12/2016,Fall,2016,0,3081.585043,4
T39914,P00033,Sweatpants,Clothing,93.36191687,18,28/04/2021,Spring,2021,10,1512.463053,2
T86430,P00008,Biography,Books,57.04238229,11,01/06/2022,Spring,2022,10,564.7195847,3
T53086,P00012,4K TV,Electronics,24.68178235,6,07/08/2017,Winter,2017,20,118.4725553,1
T26278,P00041,Wireless Earbuds,Electronics,87.46477352,14,30/08/2022,Summer,2022,0,1224.506829,3
T45488,P00020,Fitness Tracker,Electronics,44.85009746,11,10/05/2016,Fall,2016,20,394.6808576,2
T60810,P00050,4K TV,Electronics,43.4759462,7,21/05/2021,Fall,2021,0,304.3316234,1
T46643,P00040,Wireless Keyboard,Accessories,81.54365657,1,09/11/2018,Fall,2018,10,73.38929091,2
T82525,P00059,T-Shirt,Clothing,157.9930651,17,02/09/2017,Spring,2017,15,2282.999791,3
T94983,P00034,E-Reader,Electronics,67.1067059,14,08/05/2018,Fall,2018,5,892.5191885,4
T36382,P00011,Flip-Flops,Footwear,92.91643319,15,08/11/2021,Summer,2021,0,1393.746498,4
T26458,P00023,Sweatpants,Clothing,103.7846077,17,10/05/2019,Fall,2019,5,1676.121414,2
T19883,P00006,Gaming Mouse,Accessories,15.00458628,16,19/06/2021,Summer,2021,15,204.0623734,2
T64652,P00033,Casual Sneakers,Footwear,188.4811313,15,03/06/2015,Spring,2015,10,2544.495273,2
T23555,P00022,Fiction Novel,Books,71.54407247,15,24/04/2020,Summer,2020,15,912.186924,3
T41775,P00036,Winter Jacket,Clothing,153.9704811,4,07/06/2020,Winter,2020,15,523.4996357,2
T18061,P00053,Dress Shoes,Footwear,265.2645749,10,08/01/2022,Spring,2022,0,2652.645749,1
T56872,P00056,Science Textbook,Books,35.01049581,9,09/06/2018,Spring,2018,20,252.0755698,4
T64932,P00013,Children's Book,Books,20.65786246,2,31/01/2023,Fall,2023,5,39.24993867,1
T53449,P00036,Travel Guide,Books,76.11587743,4,21/05/2023,Summer,2023,15,258.7939833,1
T29390,P00052,Science Textbook,Books,33.84935121,4,15/06/2019,Fall,2019,20,108.3179239,4
T24161,P00017,Smartwatch,Electronics,98.54570545,7,16/07/2021,Spring,2021,15,586.3469474,2
T35630,P00026,VR Headset,Electronics,38.90251364,17,18/07/2015,Summer,2015,20,529.0741855,4
T19674,P00008,Science Textbook,Books,77.89193133,2,05/06/2020,Spring,2020,0,155.7838627,4
T63910,P00010,Mystery Novel,Books,31.91918913,3,12/04/2015,Winter,2015,15,81.39393228,1
T79278,P00006,HD Webcam,Accessories,71.38744328,19,10/03/2023,Fall,2023,0,1356.361422,1
T62260,P00007,Cookbook,Books,91.31852668,13,10/04/2018,Spring,2018,5,1127.783804,1
T50639,P00042,Gaming Mouse,Accessories,77.57475626,9,09/05/2017,Fall,2017,20,558.5382451,1
T26016,P00048,Laptop Stand,Accessories,87.1289369,11,17/07/2016,Summer,2016,5,910.4973906,1
T25945,P00014,Water Filter Pitcher,Home Decor,48.3088103,11,26/09/2023,Fall,2023,0,531.3969133,2
T37165,P00053,Casual Sneakers,Footwear,260.1280275,6,04/09/2021,Spring,2021,15,1326.65294,4
T39517,P00048,Air Fryer,Home Decor,11.97844361,8,08/05/2018,Winter,2018,10,86.24479399,4
T87806,P00058,Soundbar,Electronics,25.70194159,7,30/09/2019,Spring,2019,20,143.9308729,1
T31441,P00004,Casual Sneakers,Footwear,237.4736318,13,02/02/2020,Summer,2020,5,2932.799353,2
T51757,P00014,Dress Shoes,Footwear,76.70694039,6,04/04/2018,Summer,2018,10,414.2174781,4
T51528,P00035,HD Webcam,Accessories,13.60545069,9,19/03/2016,Spring,2016,10,110.2041506,3
T72418,P00045,Denim Jeans,Clothing,142.6537254,4,21/05/2017,Summer,2017,15,485.0226664,1
T78795,P00023,Laptop Stand,Accessories,56.39217121,7,30/04/2015,Winter,2015,5,375.0079385,2
T71914,P00029,Leather Loafers,Footwear,277.7226306,19,17/02/2022,Fall,2022,20,4221.383985,4
T86263,P00047,Shorts,Clothing,128.9472484,1,15/09/2015,Spring,2015,20,103.1577987,3
T19825,P00032,Biography,Books,51.75524708,10,07/03/2015,Fall,2015,10,465.7972237,1
T19456,P00002,Children's Book,Books,59.74766499,18,27/11/2020,Spring,2020,20,860.3663759,4
T37552,P00056,Fiction Novel,Books,53.33017694,8,10/08/2019,Spring,2019,20,341.3131324,3
T13784,P00043,Mystery Novel,Books,71.23740771,15,17/12/2019,Fall,2019,0,1068.561116,3
T12614,P00033,Toaster Oven,Home Decor,25.07774395,17,27/02/2015,Summer,2015,0,426.3216472,3
T57745,P00053,Dish Drying Rack,Home Decor,98.99231727,14,17/02/2018,Summer,2018,20,1108.713953,3
T80371,P00043,Wi-Fi Router,Electronics,60.34657711,4,02/04/2018,Winter,2018,0,241.3863084,2
T68033,P00013,Casual Sneakers,Footwear,43.5099443,8,29/03/2018,Summer,2018,0,348.0795544,2
T45448,P00053,External Hard Drive,Accessories,40.92313796,16,10/09/2023,Summer,2023,10,589.2931866,3
T79070,P00054,Hiking Boots,Footwear,37.99143782,9,28/11/2018,Fall,2018,15,290.6344993,2
T78578,P00059,Smartphone Case,Accessories,88.97458056,16,20/02/2017,Spring,2017,5,1352.413625,2
T84274,P00026,Formal Suit,Clothing,154.3027232,19,31/01/2017,Winter,2017,20,2345.401393,3
T21746,P00022,Laptop Stand,Accessories,50.54986433,19,12/04/2018,Summer,2018,5,912.4250512,3
T62011,P00016,Portable Fan,Home Decor,38.26168874,1,26/12/2016,Summer,2016,15,32.52243543,4
T45637,P00023,Children's Book,Books,55.18518822,3,14/08/2017,Winter,2017,0,165.5555647,3
T94850,P00037,Portable Fan,Home Decor,20.695365,11,18/01/2019,Fall,2019,15,193.5016627,1
T39945,P00040,Toaster Oven,Home Decor,33.51171978,5,05/08/2020,Summer,2020,15,142.4248091,1
T91521,P00009,Blender,Home Decor,69.10825562,5,02/09/2021,Winter,2021,5,328.2642142,2
T94351,P00014,Casual Sneakers,Footwear,59.62177227,6,24/04/2021,Winter,2021,15,304.0710386,3
T39199,P00022,USB Flash Drive,Accessories,62.00123095,5,18/11/2017,Fall,2017,20,248.0049238,1
T15582,P00002,E-Reader,Electronics,47.22655763,11,28/11/2018,Summer,2018,0,519.4921339,2
T47252,P00053,Bluetooth Speaker,Electronics,48.86042447,8,10/01/2020,Spring,2020,5,371.339226,2
T34582,P00029,LED Desk Lamp,Home Decor,23.23270083,17,05/10/2019,Spring,2019,15,335.712527,2
T57557,P00002,Self-Help Book,Books,87.37334994,17,28/09/2022,Fall,2022,20,1188.277559,4
T13139,P00049,Sweatpants,Clothing,189.7352608,10,04/07/2019,Summer,2019,5,1802.484978,3
T64205,P00030,Shorts,Clothing,88.17469213,3,15/12/2018,Spring,2018,15,224.8454649,1
T95395,P00042,Blender,Home Decor,90.0349938,18,24/04/2020,Winter,2020,0,1620.629888,2
T80594,P00035,Digital Camera,Electronics,23.64478903,16,29/09/2021,Winter,2021,5,359.4007933,2
T80813,P00028,Smartphone Case,Accessories,79.69857237,3,22/02/2018,Spring,2018,10,215.1861454,3
T91739,P00051,HD Webcam,Accessories,28.03303853,12,01/07/2022,Winter,2022,20,269.1171699,3
T32928,P00035,Formal Suit,Clothing,16.66561974,14,06/01/2020,Summer,2020,10,209.9868087,4
T54261,P00013,HD Webcam,Accessories,10.02996711,6,24/04/2016,Fall,2016,15,51.15283226,3
T73115,P00008,Smartphone Case,Accessories,17.63182146,1,25/05/2021,Winter,2021,5,16.75023039,4
T64347,P00048,Cordless Vacuum,Home Decor,97.02897683,7,20/04/2018,Spring,2018,15,577.3224121,1
T57573,P00046,Wireless Earbuds,Electronics,77.47908025,13,10/05/2018,Summer,2018,5,956.8666411,4
T47466,P00010,Flip-Flops,Footwear,159.1518338,3,11/02/2023,Winter,2023,5,453.5827263,2
T90344,P00043,Running Shoes,Footwear,137.0697663,5,29/10/2016,Winter,2016,15,582.5465068,4
T78090,P00034,Flip-Flops,Footwear,78.1182034,15,09/11/2022,Fall,2022,15,996.0070933,1
T57862,P00004,Smartphone Case,Accessories,10.0926384,11,27/04/2023,Fall,2023,0,111.0190224,4
T26347,P00059,Science Textbook,Books,70.18440158,7,27/09/2019,Fall,2019,20,393.0326488,1
T47488,P00048,Self-Help Book,Books,25.02586051,16,12/02/2023,Spring,2023,15,340.3517029,2
T26065,P00052,VR Headset,Electronics,37.89758281,14,04/02/2019,Fall,2019,10,477.5095434,4
T24126,P00001,Dish Drying Rack,Home Decor,17.59469932,3,02/04/2017,Spring,2017,0,52.78409796,3
T53568,P00040,Dress Shoes,Footwear,122.1265902,14,07/01/2019,Winter,2019,0,1709.772263,3
T15283,P00035,Monitor Arm,Electronics,34.81931896,4,02/03/2017,Winter,2017,15,118.3856845,2
T22805,P00017,Science Textbook,Books,63.86928562,16,04/11/2018,Winter,2018,5,970.8131414,2
T65736,P00040,Wireless Keyboard,Accessories,81.54365657,9,21/05/2020,Spring,2020,20,587.1143273,4
T92474,P00052,Hoodie,Clothing,168.9268714,7,12/02/2015,Winter,2015,20,945.9904798,4
T15660,P00037,Cookbook,Books,30.71571705,7,24/07/2023,Summer,2023,20,172.0080155,2
T95105,P00053,HD Webcam,Accessories,44.47394316,4,22/06/2015,Fall,2015,20,142.3166181,3
T21503,P00047,Science Textbook,Books,20.31743287,11,29/04/2015,Spring,2015,15,189.9679973,3
T47793,P00022,Self-Help Book,Books,45.60404274,18,11/10/2018,Winter,2018,15,697.7418539,1
T90847,P00003,E-Reader,Electronics,89.37637088,9,25/10/2022,Summer,2022,0,804.3873379,4
T26787,P00018,Cutting Board,Home Decor,16.7714657,10,16/12/2020,Summer,2020,0,167.714657,1
T55644,P00053,Winter Jacket,Clothing,156.1445168,16,31/07/2023,Summer,2023,10,2248.481042,2
T72289,P00041,Wi-Fi Router,Electronics,45.6132839,5,23/05/2022,Summer,2022,5,216.6630985,1
T56447,P00019,Hiking Boots,Footwear,75.66301082,8,21/07/2021,Fall,2021,5,575.0388822,4
T73792,P00057,E-Reader,Electronics,62.52406961,11,25/04/2020,Winter,2020,5,653.3765274,4
T54372,P00026,Formal Suit,Clothing,154.3027232,19,27/10/2016,Summer,2016,10,2638.576567,1
T97026,P00009,Laptop Stand,Accessories,75.96727009,8,13/06/2015,Spring,2015,0,607.7381607,3
T90363,P00009,Travel Guide,Books,34.44693594,18,10/11/2019,Winter,2019,0,620.0448469,1
T74535,P00018,Hiking Boots,Footwear,186.9915314,11,25/04/2023,Spring,2023,10,1851.216161,1
T79947,P00051,Sweatpants,Clothing,183.616087,7,01/03/2016,Spring,2016,20,1028.250087,2
T71451,P00041,Fiction Novel,Books,23.44415308,1,23/08/2017,Spring,2017,10,21.09973777,4
T49725,P00034,Smart Thermostat,Electronics,95.2124771,15,15/07/2019,Summer,2019,5,1356.777799,4
T21942,P00040,Shorts,Clothing,147.7612534,11,26/09/2023,Fall,2023,20,1300.29903,4
T42371,P00014,Winter Jacket,Clothing,99.6297377,7,05/07/2019,Winter,2019,0,697.4081639,1
T49923,P00032,Soundbar,Electronics,26.74810554,14,19/05/2023,Spring,2023,15,318.3024559,2
T21382,P00055,Formal Suit,Clothing,150.3681292,12,02/04/2016,Summer,2016,10,1623.975795,3
T59811,P00001,Denim Jeans,Clothing,158.1095944,14,04/11/2023,Winter,2023,15,1881.504173,4
T36427,P00010,Cutting Board,Home Decor,15.37645652,12,02/09/2023,Spring,2023,20,147.6139826,1
T14653,P00059,T-Shirt,Clothing,180.9006088,19,19/11/2019,Winter,2019,10,3093.40041,4
T83699,P00038,Mystery Novel,Books,96.39417284,6,18/08/2022,Winter,2022,0,578.365037,1
T67885,P00019,Blender,Home Decor,64.75629049,9,09/08/2022,Spring,2022,10,524.525953,1
T71158,P00014,Hoodie,Clothing,174.5036798,13,05/06/2020,Fall,2020,15,1928.265662,3
T24081,P00002,Water Filter Pitcher,Home Decor,52.40008182,10,31/05/2016,Fall,2016,15,445.4006955,3
T96707,P00004,Dress Shoes,Footwear,31.66211216,10,09/02/2017,Fall,2017,0,316.6211216,1
T36000,P00012,Cordless Vacuum,Home Decor,57.90671357,17,11/01/2021,Summer,2021,20,787.5313046,1
T93226,P00011,Casual Sneakers,Footwear,152.6304683,18,30/07/2018,Fall,2018,10,2472.613586,2
T97768,P00041,Formal Suit,Clothing,66.95059577,12,01/08/2015,Spring,2015,5,763.2367918,3
T59815,P00004,Denim Jeans,Clothing,174.3760902,6,28/05/2023,Fall,2023,10,941.6308871,4
T88506,P00034,Children's Book,Books,32.18460287,1,03/11/2016,Summer,2016,15,27.35691244,2
T74680,P00050,Monitor Arm,Electronics,42.61299237,13,05/12/2020,Winter,2020,10,498.5720107,3
T99776,P00028,Biography,Books,31.12638231,6,16/03/2016,Spring,2016,0,186.7582939,2
T53290,P00005,Smart Thermostat,Electronics,55.62936733,18,11/02/2017,Summer,2017,15,851.1293201,3
T57925,P00052,Mechanical Keyboard,Electronics,10.12795048,6,08/09/2022,Winter,2022,0,60.76770288,1
T49145,P00056,Hiking Boots,Footwear,200.4529719,13,13/01/2023,Winter,2023,5,2475.594203,3
T40334,P00058,Raincoat,Clothing,50.61564911,10,15/03/2022,Summer,2022,20,404.9251929,4
T88293,P00015,Denim Jeans,Clothing,180.2941771,4,16/09/2020,Fall,2020,0,721.1767084,3
T30846,P00018,Leather Loafers,Footwear,67.61351406,11,12/03/2016,Winter,2016,0,743.7486547,2
T41654,P00016,External Hard Drive,Accessories,97.27927419,5,29/07/2015,Summer,2015,0,486.396371,2
T63409,P00046,Blender,Home Decor,30.03263534,15,24/10/2020,Winter,2020,0,450.4895301,2
T11723,P00041,Children's Book,Books,45.17204981,17,01/10/2017,Fall,2017,0,767.9248468,1
T64860,P00029,Biography,Books,86.26080932,1,01/03/2022,Summer,2022,5,81.94776885,4
T17053,P00028,Hiking Boots,Footwear,53.47184648,17,28/03/2015,Summer,2015,10,818.1192511,4
T61175,P00030,External Hard Drive,Accessories,10.35656508,11,07/07/2016,Summer,2016,0,113.9222159,1
T50200,P00015,Blender,Home Decor,63.94380491,11,22/02/2020,Spring,2020,5,668.2127613,3
T58099,P00013,Children's Book,Books,20.14147412,16,26/02/2022,Winter,2022,15,273.924048,1
T58968,P00027,Travel Guide,Books,24.73212555,5,15/06/2016,Summer,2016,10,111.294565,3
T98972,P00044,Biography,Books,45.86389202,8,30/01/2020,Summer,2020,15,311.8744657,4
T31454,P00023,LED Desk Lamp,Home Decor,60.93007804,4,09/09/2016,Summer,2016,10,219.3482809,1
T86231,P00018,Raincoat,Clothing,124.0081031,19,29/03/2020,Fall,2020,5,2238.346261,4
T65594,P00050,Children's Book,Books,32.6487534,11,04/07/2015,Spring,2015,0,359.1362874,1
T43522,P00007,Running Shoes,Footwear,233.9909337,10,25/05/2015,Winter,2015,0,2339.909337,3
T75771,P00046,Air Fryer,Home Decor,11.13578759,10,18/06/2015,Summer,2015,15,94.65419452,3
T51067,P00012,E-Reader,Electronics,52.14303179,12,20/10/2016,Winter,2016,10,563.1447433,3
T76060,P00004,Hoodie,Clothing,124.2246029,12,08/02/2021,Summer,2021,5,1416.160473,2
T78127,P00059,T-Shirt,Clothing,157.9930651,6,26/10/2020,Summer,2020,0,947.9583906,2
T37822,P00041,Coffee Maker,Home Decor,19.03563271,16,03/06/2023,Summer,2023,0,304.5701234,2
T14883,P00050,Laptop Stand,Accessories,10.22216527,16,30/05/2018,Summer,2018,5,155.3769121,3
T81994,P00053,HD Webcam,Accessories,96.99603491,8,28/11/2016,Winter,2016,15,659.5730374,4
T24264,P00017,Hiking Boots,Footwear,137.3509014,17,02/10/2018,Winter,2018,15,1984.720525,2
T80309,P00055,Leather Loafers,Footwear,46.68527965,1,11/12/2015,Fall,2015,0,46.68527965,3
T21734,P00019,Hiking Boots,Footwear,192.164803,6,24/03/2016,Winter,2016,10,1037.689936,1
T49344,P00030,T-Shirt,Clothing,67.83794911,10,22/12/2021,Summer,2021,15,576.6225674,2
T15018,P00057,Biography,Books,57.88160372,5,30/07/2017,Summer,2017,0,289.4080186,1
T74806,P00049,Running Shoes,Footwear,69.46127026,7,02/03/2016,Summer,2016,15,413.294558,1
T83855,P00015,4K TV,Electronics,39.96463244,3,28/05/2022,Fall,2022,20,95.91511786,1
T22039,P00042,Science Textbook,Books,22.10207975,8,03/08/2022,Summer,2022,20,141.4533104,4
T95284,P00024,T-Shirt,Clothing,139.3646208,14,22/01/2015,Spring,2015,20,1560.883753,4
